frame_index,timestamp_s,state,detected,selected_x_px,selected_y_px,truth_x_px,truth_y_px,truth_visible,centroid_error_px,pointing_offset_px,centroid_error_urad,pointing_offset_urad,pan_rate_deg_s,tilt_rate_deg_s,processing_time_ms,source_fps
1,0.03333333333333333,acquire,1,321.2922124806601,240.76874677668903,321.333330108342,240.60951791240961,1,0.16445209188666174,1.4660427222149748,17.943239109364633,159.98052068750766,0.0675665600825156,0.04019584708612755,20.12412199837854,30.0
2,0.06666666666666667,acquire,1,322.2471775402138,240.89159756219402,322.3062858796851,241.00462259141864,1,0.12754784602760794,2.5155955775966063,13.917021807722852,274.5126276463106,0.12215975039385243,0.049355150828573405,20.53401800003485,30.0
3,0.1,track,1,322.96778468753183,241.40299724742584,322.98803926986477,241.3508068879728,1,0.05598286992750867,3.279185558465507,6.108321107435732,357.8382009761351,0.16812330940167403,0.07939133082653367,20.452541999475216,30.0
4,0.13333333333333333,track,1,323.3957235508715,241.48469801378192,323.4245956301165,241.53669208592976,1,0.05947251885069753,3.7535686748442965,6.489199008236853,409.6049820699665,0.20167504623569912,0.0888927984055825,8.118228999592247,30.0
5,0.16666666666666666,track,1,323.657587153166,241.69051732899686,323.68213199716024,241.67176128157223,1,0.030890753983951993,4.043869660000838,3.370806514329669,441.28356676345584,0.22842359110826374,0.1053483193310871,8.841054999720654,30.0
6,0.19999999999999998,track,1,323.82711013492315,241.63748561865913,323.7969127143732,241.71889082864857,1,0.08682564380005996,4.16786898083194,9.47357567363008,454.8149432498294,0.25170188442807,0.10914504795442842,7.564651999928174,30.0
7,0.2333333333333333,track,1,323.7887223411849,241.77567043948198,323.7874264443566,241.74555893463378,1,0.030139377445681348,4.170320738946989,3.2884480583994806,455.08207555279824,0.2649565838371446,0.12290284245672964,9.136170001511346,30.0
8,0.26666666666666666,track,1,323.7576578453845,241.61043967493228,323.70711301063955,241.69860457568996,1,0.10162593195145933,4.0777376544118,11.088689418696088,444.979173355759,0.2785021266115366,0.12126215197035672,7.224369001050945,30.0
9,0.3,track,1,323.5162994716379,241.57292393579903,323.554401906577,241.66011768031024,1,0.09515537100014429,3.922978922446187,10.382507369495267,428.0908555261926,0.280759996696497,0.12564183437840323,7.358917999226833,30.0
10,0.3333333333333333,track,1,323.46614189121,241.4931880108992,323.38947471339577,241.59795428469954,1,0.1298222950036188,3.747265233305345,14.165528891905021,408.9160894082041,0.29186526128237633,0.1275203234543709,5.82363800094754,30.0
11,0.36666666666666664,track,1,323.1504461506537,241.53828595144222,323.16512598983445,241.52541879674163,1,0.019520792721140708,3.5135345504175994,2.1300887517311695,383.4100420534654,0.2884015011731869,0.1354926782859805,7.132345001082285,30.0
12,0.39999999999999997,track,1,322.89057102214997,241.36740499898394,322.959037866484,241.40997532970584,1,0.08062221673229898,3.2777943080164715,8.797656174050676,357.6854062000206,0.28611430765620327,0.13208334134204122,8.382525000342866,30.0
13,0.4333333333333333,track,1,322.85043532338307,241.25601160862357,322.7649159901581,241.31229099292761,1,0.10237639109133233,3.060533953863427,11.171468934349456,333.9772006618912,0.29380679531900694,0.13090741680910295,7.913818999440991,30.0
14,0.4666666666666666,track,1,322.50632511068943,241.3293274298967,322.5295160665721,241.22041903136062,1,0.11135016706967554,2.8085359430054755,12.149287843372786,306.47794229366633,0.28475803459677707,0.13877416917508723,6.796654999561724,30.0
15,0.49999999999999994,track,1,322.28750753163285,241.0983129142398,322.34210542943606,241.08609663934772,1,0.055947902702143684,2.5816784758362674,6.10539729271545,281.7230016534063,0.2803382626224413,0.13067396334915415,6.842009999672882,30.0
16,0.5333333333333333,track,1,322.1612739112739,240.86630036630038,322.17797681834725,240.9944457604164,1,0.12922936639112106,2.3942651047175505,14.099999844915333,261.2719194328397,0.27933247135571226,0.12134159526305868,7.593433001602534,30.0
17,0.5666666666666667,track,1,321.99806517311606,240.92769857433808,322.0189030199946,240.95200279053404,1,0.032014227890620174,2.232101860876389,3.4932715131917234,243.5756024754639,0.2753429870311914,0.1262529206712844,7.23353200010024,30.0
18,0.6,track,1,321.84404995355555,240.86716895448447,321.8807777523058,240.88276626109268,1,0.03990247078149905,2.077643190081486,4.354334599687901,226.720530001115,0.27068675733633674,0.12473830165969296,6.703377999656368,30.0
19,0.6333333333333333,track,1,321.7344564781388,240.7723626153229,321.76713768364607,240.8209728071787,1,0.05857484055178746,1.9485307139198131,6.39133757251805,212.63138719302853,0.2673367292930149,0.12098630779742851,6.035202999555622,30.0
20,0.6666666666666666,track,1,321.6244559585492,240.77243523316062,321.6709971033149,240.77852006303226,1,0.04693722734319841,1.8434545852367918,5.122122308746605,201.16503450962017,0.2632128624440908,0.12170121911045187,6.983962999584037,30.0
21,0.7,track,1,321.59887525562374,240.7482617586912,321.5964638550472,240.73154954164386,1,0.01688529097700053,1.7560927003867195,1.842327074984098,191.63192529886547,0.2628013164724739,0.12100473411891656,7.25277500168886,30.0
22,0.7333333333333333,track,1,321.4893166700262,240.69995968554727,321.5237196032133,240.68755373814952,1,0.036571427955599,1.6716613209797775,3.9908632901796275,182.41857420618888,0.25766862498351994,0.11885435955642627,7.8493300006812206,30.0
23,0.7666666666666666,track,1,321.545118949959,240.59290401968826,321.47792450551196,240.65425182138893,1,0.09098706577336332,1.6162630632986423,9.92837982150541,176.37345457027612,0.26069391849222,0.11334425071393354,6.864299000881147,30.0
24,0.7999999999999999,track,1,321.46523178807945,240.7522764900662,321.4155500297336,240.64952751029193,1,0.11412988196344777,1.5574555766713918,12.452903151490668,169.95582911365588,0.2567665342887244,0.12140980755090411,6.905492999067064,30.0
25,0.8333333333333333,track,1,321.33628683288686,240.5674840304966,321.37365785123734,240.60094243767094,1,0.050160323196694584,1.4993557635397525,5.473432851777868,163.61612983522485,0.24995180215038515,0.11198944882936246,7.651969001017278,30.0
26,0.8666666666666666,track,1,321.42288816957296,240.58880651561032,321.3676278933008,240.6017200519609,1,0.056749075364764257,1.4941462697695178,6.19282217410925,163.04760288548013,0.25402177862786973,0.11270273711076552,9.510346999377361,30.0
27,0.8999999999999999,track,1,321.30566233766234,240.67958441558443,321.33938911794075,240.5977795189749,1,0.08848466995612111,1.4667322736491413,9.65463521098056,160.0559593707143,0.24780155723042502,0.11719523385189609,6.202725999173708,30.0
28,0.9333333333333332,track,1,321.35188989317993,240.58350451930977,321.3438033290804,240.56893039647684,1,0.016667260581300955,1.4592769385153967,1.8186076506872855,159.24280126897744,0.2498720249474537,0.11228869152537295,8.52414800101542,30.0
29,0.9666666666666666,track,1,321.3577727645611,240.6429450369155,321.3366342742688,240.56526628410973,1,0.08050356768056151,1.4512467588598932,8.783691307271999,158.36652036486478,0.25010948648595904,0.11524332430952246,8.289446001072065,30.0
30,0.9999999999999999,track,1,321.3529162248144,240.60965005302228,321.3276387504643,240.54482636297416,1,0.06957773710731271,1.4350820246683007,7.591666203293982,156.60276349994191,0.2500330332043762,0.11365552512978577,17.930219000845682,30.0
31,1.0333333333333332,track,1,321.31608169740235,240.45260757485624,321.31847174217523,240.5318024443161,1,0.07923092617646077,1.4216826561139355,8.644729693579157,155.14067871624292,0.24850238690988863,0.08184426782201629,7.662160000108997,30.0
32,1.0666666666666667,track,1,321.2989975450082,240.72135842880525,321.31686972601074,240.6873518733397,1,0.03841693205369153,1.4854623768602144,4.191756114160868,162.0984833305765,0.24802287457185643,0.11759603827977325,7.510887000535149,30.0
33,1.1,track,1,321.4577773144287,240.6905754795663,321.3172074434283,240.65110413356626,1,0.14600642379063145,1.4693440855599347,15.933094674157946,160.34010887235604,0.25698989821699353,0.11669969424541667,6.517731999338139,30.0
34,1.1333333333333335,track,1,321.2481218274112,240.61299492385785,321.2690841673732,240.61848153230085,1,0.02166846946347763,1.4117698217749655,2.364596834782814,154.05751986207628,0.24743354072970614,0.11338842606802468,7.461358000000473,30.0
35,1.166666666666667,track,1,321.22300281011644,240.557205941389,321.27127207131684,240.60232942872221,1,0.06607609769004778,1.4067456841999009,7.210115173420825,153.50950190288924,0.24690534727580923,0.11100895431522334,9.581304000676027,30.0
36,1.2000000000000004,track,1,321.2784573916649,240.55546340452003,321.2756017640338,240.59764407470436,1,0.042277222547931405,1.4086654323988355,4.612787155611517,153.71908327198423,0.2506872309983375,0.11133527861637643,9.873372000583913,30.0
37,1.2333333333333338,track,1,321.3675291730086,240.48878741755453,321.25906699400207,240.58996046180357,1,0.1483240680316814,1.3904326815336614,16.184881745418455,151.72945334054222,0.2566149983865678,0.08273278854597714,9.116179000557167,30.0
38,1.2666666666666673,track,1,321.06365716663197,240.7958185978781,321.21020388516695,240.7335315768637,1,0.1592344614090178,1.4151544148711537,17.376370663224396,154.42475220756435,0.24235432221683667,0.1229969044554843,8.501045000230079,30.0
39,1.3000000000000007,track,1,321.16642813330606,240.64731138826414,321.23666498369084,240.6610349065146,1,0.07156500614927479,1.402250844006821,7.809652174503374,153.01794970280187,0.24836638066860967,0.1167328289910029,8.517041000231984,30.0
40,1.3333333333333341,track,1,321.2424211070874,240.5936885669943,321.23030989607764,240.6205869335713,1,0.029499212813799233,1.3779661035402913,3.218696730220125,150.3684422549028,0.253462598065619,0.11498896082175292,7.879299999331124,30.0
41,1.3666666666666676,track,1,321.1258384222645,240.5645209730704,321.19600397668387,240.58804609354274,1,0.07400429933602005,1.3327504343929173,8.075751905582123,145.43456222437737,0.24881693266533425,0.11436923449329225,8.448333999695024,30.0
42,1.400000000000001,track,1,321.17395291959645,240.5814735554876,321.18568481368175,240.55738325192033,1,0.026795150023694467,1.31016203841998,2.923665022654617,142.96998246178964,0.2524537974868879,0.11608788290654198,10.545968998485478,30.0
43,1.4333333333333345,track,1,321.0910672260309,240.54169651079505,321.1551598039416,240.51609344823987,1,0.06901721057423903,1.2652061570979456,7.531484738830159,138.0645799993659,0.2494369464382605,0.11490677488989888,10.825602999830153,30.0
44,1.466666666666668,track,1,321.09376303712975,240.55517313308303,321.13989633523465,240.4796085064197,1,0.08853414028951383,1.236684266299016,9.66024981287506,134.95253575301564,0.25062763713307623,0.11637472902826256,11.45249699948181,30.0
45,1.5000000000000013,track,1,321.2386617856416,240.36872076469393,321.1174351000816,240.433766638007,1,0.1375749792910415,1.198672056545182,15.012603706782304,130.80492517030726,0.259349579122245,0.08806720671471271,7.753446998322033,30.0
46,1.5333333333333348,track,1,320.9102948784273,240.53854112778066,321.047590352362,240.53733701580973,1,0.1373007539986583,1.177360019246996,14.983274540887942,128.47748576242282,0.24375691630783908,0.11498955936956275,8.016309000595356,30.0
47,1.5666666666666682,track,1,321.0299359231077,240.4962955546656,321.06002092438666,240.49572702902105,1,0.030090372602606375,1.1702092323339433,3.2836840119516686,127.6978224104844,0.2504363410308907,0.08745984783055663,8.008808999875328,30.0
48,1.6000000000000016,track,1,321.0307676581826,240.61208218337933,321.03592330216475,240.59931450159297,1,0.013769326892354007,1.196793616204375,1.5023812449941132,130.59715919454956,0.2512993788632114,0.11824473209326967,7.64238900046621,30.0
49,1.633333333333335,track,1,320.9987105732989,240.63439793691728,321.0062991817849,240.53705516531863,1,0.09763811838242421,1.1406429300427172,10.653111799039916,124.47049719854097,0.25041911891817814,0.12037990131558104,10.142762999748811,30.0
50,1.6666666666666685,track,1,321.07844150475404,240.49534931789995,320.98042713080144,240.46171450622342,1,0.10362489111132984,1.0837055153816864,11.308103494975317,118.25815415078033,0.2552836362440469,0.08825541706586515,10.98581199948967,30.0
51,1.700000000000002,track,1,321.0151356993737,240.52202505219208,320.9276493301909,240.55597778028937,1,0.09384376664454018,1.0815010734988184,10.240688321067767,118.0158607927922,0.2529271472086924,0.11435127710903012,8.200551999834715,30.0
52,1.7333333333333354,track,1,320.85696215874356,240.67787498682407,320.8864588209242,240.50930368898344,1,0.1711325087044316,1.0223499835215153,18.672025363787927,111.56147853923011,0.24532989326191634,0.12316462111238771,7.411619999402319,30.0
53,1.7666666666666688,track,1,320.900166216497,240.44670683565343,320.88478737047217,240.41383295768242,1,0.03629326050257966,0.9767837057461747,3.960011686317641,106.59046953045561,0.2476354655473473,0.08889317132156317,10.426408998682746,30.0
54,1.8000000000000023,track,1,320.9364720394737,240.52025082236844,320.8698009413788,240.4993185638191,1,0.06987985953875932,1.0029320544273181,7.625685994076744,109.44254985472523,0.24968850408240292,0.11486924558474312,8.633113000541925,30.0
55,1.8333333333333357,track,1,320.8760036589084,240.48328082122168,320.84282743087874,240.44440789556052,1,0.05110544448232061,0.9528150166103533,5.576430911944355,103.97420897010659,0.24675436084394553,0.08821490998407497,6.661905999862938,30.0
56,1.8666666666666691,track,1,320.6447312738045,240.4609606432501,320.830446207387,240.5297640964468,1,0.198050376741243,0.9850334518418981,21.612259778649925,107.48861723923176,0.2345010923796626,0.08688853483188523,7.887657999162911,30.0
57,1.9000000000000026,track,1,320.70796092288504,240.54167532737478,320.8823403530623,240.62027244470755,1,0.1912738678491548,1.0785464312238116,20.872594093021018,117.6920530374133,0.2367660206155604,0.1138657380748109,8.183919999282807,30.0
58,1.933333333333336,track,1,320.90576404727346,240.67074434998963,320.92106058206514,240.56494836775414,1,0.10689608895467292,1.0805180489294195,11.663261536055138,117.90840031765202,0.24630197292633993,0.1212444482449657,8.156841999152675,30.0
59,1.9666666666666694,track,1,321.01099239778097,240.50287651530718,320.90780921177225,240.4682851209227,1,0.10882708504950768,1.0214736998357499,11.875803919165229,111.46660921620898,0.25177040668610534,0.1135615822020094,6.967156999962754,30.0
60,2.0000000000000027,track,1,320.9230611617662,240.4148140559369,320.86426080305296,240.41057918491992,1,0.05895266166457547,0.956829139806712,6.433344995097045,104.4128630163201,0.24754881687609154,0.08775059296713783,19.26348399865674,30.0
61,2.033333333333336,track,1,320.80585594776574,240.47673944093043,320.84207662663925,240.48848207481592,1,0.03807659423618743,0.9735028415719252,4.155129621129831,106.23108378494646,0.24146584895643594,0.08641976778570097,6.768711000404437,30.0
62,2.066666666666669,track,1,320.9092301409026,240.62619971411067,320.85116519417807,240.57140122602777,1,0.07983991692313719,1.0251739115321983,8.711993253873102,111.86839025257278,0.24653092787850828,0.11784219853541886,6.9958369986125035,30.0
63,2.1000000000000023,track,1,320.8265349479499,240.56384108774165,320.8320514345521,240.4846210381204,1,0.07941188756368184,0.9628951865749037,8.66448012089928,105.07352124782072,0.24221965994194072,0.1154706624415881,7.319063999602804,30.0
64,2.1333333333333355,track,1,320.9460809826168,240.50660976371395,320.83472372696133,240.40834455478443,1,0.14851427430750355,0.9292518365730085,16.205715964844604,101.40336029834259,0.24824059607101084,0.11315804396695006,8.887861000403063,30.0
65,2.1666666666666687,track,1,320.8254901960784,240.36150670794632,320.80405819653197,240.3422262270633,1,0.0288282421878233,0.873858325988955,3.1457010985785625,95.35929123188824,0.24210677878643894,0.08707245429864847,8.08882000092126,30.0
66,2.200000000000002,track,1,320.83341741499345,240.42387246493794,320.8048614260738,240.41302403930695,1,0.030547223144685304,0.9046495300540168,3.333464419269408,98.71839739516713,0.24226433121081917,0.0856449103521019,9.871281999949133,30.0
67,2.233333333333335,track,1,320.6624731182796,240.22247311827957,320.8035606931437,240.48919734709852,1,0.30174081265235836,0.9407570525772487,32.92361811616545,102.65744094174654,0.23303312466982304,0.08409008575236178,8.096458001091378,30.0
68,2.2666666666666684,track,1,320.84102827763496,240.58077120822622,320.8502106465676,240.57139404327404,1,0.013124295095550584,1.02437751645861,1.4320902931137844,111.78147707865081,0.24148326896291258,0.11295313969616588,6.7146859983040486,30.0
69,2.3000000000000016,track,1,320.7719987904445,240.54702146960992,320.85049203485096,240.49735463666775,1,0.09288694048118333,0.9852402427630709,10.135995553057203,107.51184033433398,0.23759095583618628,0.111779401163965,7.141957999920123,30.0
70,2.333333333333335,track,1,320.7946272941659,240.44970778222086,320.87021260273696,240.42724468172287,1,0.07885258242928875,0.9694369458725524,8.604853481063008,105.78848522580319,0.23825604573456316,0.08367974931290922,6.709351999234059,30.0
71,2.366666666666668,track,1,320.90758579169176,240.46758980533815,320.88504752508265,240.50463851266068,1,0.04336565664224686,1.0188077100784585,4.731767558150852,111.1749923842991,0.24378142999669328,0.08226686954826937,10.55163900127809,30.0
72,2.4000000000000012,track,1,320.8835787997195,240.49914838192566,320.8690565756972,240.58717627859755,1,0.08921774253493897,1.0488256832811595,9.734415822897581,114.44924798627643,0.2425862809444499,0.08084526161483563,10.554216998571064,30.0
73,2.4333333333333345,track,1,320.9532242941973,240.68955099489528,320.858063962369,240.6748742688328,1,0.09628548718050461,1.0916634290150908,10.5073417866467,119.12230352013898,0.24628340754816028,0.11557947498054555,7.3509979993104935,30.0
74,2.4666666666666677,track,1,320.7805242699093,240.55616465663311,320.8259589316772,240.5748713160806,1,0.04913499361602883,1.0063226057629502,5.361836128456705,109.8110038024138,0.2375449000970938,0.10974600362775278,7.271352998941438,30.0
75,2.500000000000001,track,1,320.84714736092747,240.5409335909692,320.8390462688949,240.50349842747573,1,0.03830168609737698,0.9785240455997863,4.1790538212301325,106.77876385808824,0.24072254041673335,0.10968155512509682,9.70523500109266,30.0
76,2.533333333333334,track,1,320.8666394779772,240.41741435562807,320.8337546100645,240.42995764718717,1,0.035195861983637645,0.9380886568861767,3.8407463353420974,102.36735770604555,0.24167852258379008,0.0820599366835285,7.873958000345738,30.0
77,2.5666666666666673,track,1,320.7397933594142,240.5145952452603,320.8219142435962,240.50119086005657,1,0.08320767489556681,0.9626709209436909,9.080195652238425,105.04871748359098,0.23500536488549953,0.10772239682799925,6.87708300029044,30.0
78,2.6000000000000005,track,1,320.8396598846037,240.42342342342343,320.84419538141265,240.4329867729814,1,0.010584346275130583,0.9487588669284124,1.154874615699868,103.53175957120214,0.2397502727681311,0.08131699818518413,7.665707000342081,30.0
79,2.6333333333333337,track,1,320.73044622078316,240.4486491955884,320.83968316103756,240.50301124142015,1,0.12201615115695305,0.9788197586507263,13.314835980003409,106.81104549118109,0.2338820624919925,0.07999867488172661,11.526128999321372,30.0
80,2.666666666666667,track,1,320.8654486726557,240.56303623700416,320.8649623881879,240.57743728976493,1,0.014409260675074167,1.0399969983566262,1.5721660135347661,113.48595394225161,0.2404309658165328,0.10813408426388693,6.970587999603595,30.0
81,2.7,track,1,320.94974772956607,240.46740665993946,320.8537899877165,240.4991492558679,1,0.10107166080137905,0.9889930852935191,11.02949456053503,107.92136170019482,0.2448701062510101,0.07936095337418461,7.115219999832334,30.0
82,2.7333333333333334,track,1,320.8254425689584,240.65448744339233,320.8173995812101,240.57163042101706,1,0.0832464762546404,0.9974484515976796,9.08287206823119,108.84260598493299,0.23870084985004025,0.11237204674552942,5.936684001426329,30.0
83,2.7666666666666666,track,1,320.81758024691356,240.38133333333332,320.81235086035326,240.46533614499913,1,0.08416542551166074,0.9361899637142751,9.183128046558103,102.15949423178101,0.2381822376846503,0.07918049497418876,7.479117999537266,30.0
84,2.8,track,1,320.74036613735205,240.42914938808536,320.80848865377106,240.53331858210026,1,0.12446645421547231,0.9685466500329164,13.581009873228705,105.68928561207974,0.23396595610470172,0.07790023582294323,6.177973000376369,30.0
85,2.833333333333333,track,1,320.84965473948523,240.7164678803097,320.82551548581114,240.6053557112109,1,0.11370407947729941,1.0236851832519898,12.406124731424972,111.70516309771543,0.23924281242390197,0.11417086918581879,6.624969999393215,30.0
86,2.8666666666666663,track,1,320.8216468151217,240.43148627654065,320.8127829316693,240.48114780611354,1,0.050446367058261485,0.9445206749144235,5.504132729535493,103.0683353461284,0.2377251268225048,0.07801632871022635,6.558252000104403,30.0
87,2.8999999999999995,track,1,320.83260405006615,240.50371425663985,320.80651021570065,240.54693432377167,1,0.050486259465050504,0.9744721045515291,5.508716728542522,106.33565693602235,0.23815766675117486,0.10316348405317123,7.971447001182241,30.0
88,2.9333333333333327,track,1,320.7666565870376,240.48341901018043,320.796277826244,240.47574491391356,1,0.030599175898034053,0.9275729619186434,3.3391712948874788,101.21889667744738,0.23458269760777498,0.07738121701055782,8.69498900101462,30.0
89,2.966666666666666,track,1,320.6446839991545,240.56700486155148,320.8034408601693,240.53917535591563,1,0.16117761104821896,0.9675883836716609,17.588801053207106,105.58458092693631,0.22777026934474065,0.10585144910064267,8.920795000449289,30.0
90,2.999999999999999,track,1,320.76816823007937,240.4223275950933,320.84524750551805,240.44785134856193,1,0.08119529969942271,0.9565637333671053,8.860476613227206,104.38325014997372,0.2333589135169563,0.07697659620344695,20.93052799864381,30.0
91,3.0333333333333323,track,1,320.750773993808,240.54767801857585,320.8555404732217,240.50758587505493,1,0.11217573347582821,0.9947828516192379,12.241168633233324,108.55304669320427,0.23200767425151742,0.10442720782436457,6.280811001488473,30.0
92,3.0666666666666655,track,1,320.9125190065889,240.39858084135835,320.8713142636491,240.41794915860623,1,0.045529798525283015,0.9663695179474582,4.968388892994497,105.4538908845201,0.240041129634453,0.07647415755181017,6.373666999934358,30.0
93,3.0999999999999988,track,1,320.85122963262825,240.5950814694869,320.84249898575536,240.4744002689131,1,0.12099659650897619,0.9668816660499938,13.20170955751435,105.508771551977,0.23702747266706736,0.10641139759347086,6.745304001015029,30.0
94,3.133333333333332,track,1,320.85044080604536,240.3133921074727,320.82799441113093,240.36816403776334,1,0.0591929471509543,0.9061564454145097,6.458589559401896,98.883599387103,0.2370042065513469,0.07612021048797185,7.055625999782933,30.0
95,3.166666666666665,track,1,320.7853547814073,240.51731964867264,320.81183365319566,240.42043196550185,1,0.10044079749478252,0.914241170631012,10.959030550402662,99.76501560709019,0.23361591010153807,0.10193931163709874,8.097850999547518,30.0
96,3.1999999999999984,track,1,320.85543278084714,240.34898710865562,320.81194543086303,240.3319225806472,1,0.046715604724659174,0.8771704408168611,5.097831744176777,95.72089714137807,0.23709683918773133,0.07541186906611161,7.075351999446866,30.0
97,3.2333333333333316,track,1,320.76676503510737,240.39045486923783,320.79167579117075,240.38179102744516,1,0.026374380035509362,0.8789282945516423,2.878112420341089,95.91194655680582,0.23250704041255613,0.0741018585365186,7.524303000536747,30.0
98,3.266666666666665,track,1,320.83239938869076,240.55068772287314,320.79405055897155,240.43551809280848,1,0.1213864754824971,0.9056446871519557,13.244471280424998,98.82659151487003,0.23569173736651633,0.10162055609440276,8.339161000549211,30.0
99,3.299999999999998,track,1,320.77655565739894,240.3730522456462,320.77758772659126,240.33932460632263,1,0.03374342633992252,0.8484007667378556,3.6816785756672776,92.5811410918955,0.23274145461381912,0.07346222164797654,7.255242000610451,30.0
100,3.3333333333333313,track,1,320.86123236219674,240.40686224748757,320.77498918223205,240.39012886116052,1,0.08785153560634737,0.8676455272097598,9.586948163132538,94.68050173167245,0.2369731911119462,0.07217822480144988,7.844906000173069,30.0
101,3.3666666666666645,track,1,320.79534109816973,240.4366680532446,320.74793284680254,240.44457536387335,1,0.04806316530435763,0.8700866609075673,5.244983217098206,94.94589269837729,0.2336285598585367,0.07088751649238823,6.6715979992295615,30.0
102,3.3999999999999977,track,1,320.6590861233944,240.49357759528323,320.7368080659646,240.50267440210314,1,0.07825249038343629,0.8919460076710237,8.539470606052046,97.33025759989943,0.2263040207951447,0.0696374382832859,7.22965299974021,30.0
103,3.433333333333331,track,1,320.8346487766377,240.50986582478293,320.76282309335943,240.56418396273102,1,0.0900521453855533,0.9487900798202562,9.826521327752774,103.53249123060694,0.23482938834949552,0.0950931033074748,8.45208300052036,30.0
104,3.466666666666664,track,1,320.71823260538343,240.49405789740985,320.74142720027385,240.48664828496953,1,0.024349365261665302,0.8868713810749016,2.657139284326484,96.77679210853638,0.22867226045809877,0.06907656364658749,6.790216999434051,30.0
105,3.4999999999999973,track,1,320.7716153312865,240.42378924433,320.750909163856,240.54456085409606,1,0.12253377940446904,0.9275834712718758,13.369484209611837,101.21857530249116,0.23099457815127267,0.0679513089832384,8.037695999519201,30.0
106,3.5333333333333306,track,1,320.7722329505031,240.68462242097775,320.7460274375376,240.60514340236318,1,0.08368777276114343,0.9606016213720301,9.131165155068166,104.8205669547347,0.23075132342570978,0.10272275531717603,7.161036000979948,30.0
107,3.5666666666666638,track,1,320.94634750309535,240.49174576970697,320.74044726614034,240.47692230341,1,0.20643314349006492,0.8807479988195207,22.527492308214555,96.10873368786251,0.23967086654082817,0.06833433493884998,7.181540999226854,30.0
108,3.599999999999997,track,1,320.64710804309175,240.3663842694279,320.6852826154002,240.52872582013697,1,0.1667695327617078,0.8655421745063764,18.196060685927062,94.44810603222386,0.22441472431975962,0.06733198594697327,5.804378999528126,30.0
109,3.63333333333333,track,1,320.6975835475578,240.66457583547557,320.70945272388485,240.5824707418094,1,0.08295856648118317,0.9179299169825714,9.051476696069207,100.16413988960383,0.22637438935538304,0.10113302904159802,5.9688050005206605,30.0
110,3.6666666666666634,track,1,320.77713355711523,240.51012104567184,320.7211222324793,240.45251501158668,1,0.0803475180107942,0.8513442957389149,8.767314898142267,92.900327758511,0.23003078286246534,0.0944630067025908,8.186171999113867,30.0
111,3.6999999999999966,track,1,320.65252016129034,240.2430443548387,320.71122423199404,240.35468054508738,1,0.12613011888689776,0.7947566905908923,13.762335801517546,86.72666454533834,0.22324415284683435,0.06856528034057731,11.243179000302916,30.0
112,3.73333333333333,track,1,320.680123891915,240.5080636548115,320.73543718720134,240.39149153080461,1,0.1290295343357957,0.8331467307805762,14.078615219403035,90.91557195159116,0.22395996964864753,0.09414023945246236,7.215396999527002,30.0
113,3.766666666666663,track,1,320.6915126839962,240.2468942478338,320.75373041797593,240.2884036150142,1,0.07479354240365002,0.8070230406471872,8.16157826240636,88.06633056816983,0.22391665911327308,0.06825314071297,6.381342000167933,30.0
114,3.7999999999999963,track,1,320.7607237243342,240.29426712746493,320.77013500352314,240.3198579448499,1,0.027266501616509297,0.8339166796120487,2.975056636759457,91.00078301974744,0.226969839333625,0.06709950895731873,7.247690999065526,30.0
115,3.8333333333333295,track,1,320.77663265306126,240.30316326530613,320.7681187573137,240.3539197394573,1,0.051465581596432136,0.845733768578885,5.615334312008595,92.28985814844759,0.22752608919226674,0.06588332048781483,7.0897299992793705,30.0
116,3.8666666666666627,track,1,320.74567510548525,240.3087552742616,320.76098110312705,240.39089988350293,1,0.0835584250163836,0.85550859623914,9.116947524278068,93.35596803953216,0.22571538013382822,0.06463697750247926,6.683694000457763,30.0
117,3.899999999999996,track,1,320.79518689196107,240.4868407578085,320.7613283149758,240.430936657051,1,0.06535802718083362,0.8748298152064699,7.131424267574799,95.46378946250084,0.22805177569303842,0.0634594001462903,5.134626999279135,30.0
118,3.933333333333329,track,1,320.8642724840502,240.4648075735748,320.74702502621176,240.47364097448826,1,0.11757974035215099,0.8845236924474491,12.831158921805974,96.52085511565798,0.23165856864734083,0.062337948636372674,5.3896749996056315,30.0
119,3.9666666666666623,track,1,320.63381858902574,240.50605721266416,320.71127834048525,240.51869137210247,1,0.07848334269692059,0.880316770905219,8.564643983668073,96.06075611995655,0.2198011955612762,0.08775104722540951,9.887377998893498,30.0
120,3.9999999999999956,track,1,320.6424800745265,240.52272021529862,320.7365463984672,240.42454833450938,1,0.13596393447316343,0.8501422736399664,14.836016267649871,92.76970726774275,0.21961500334825187,0.08942478318517891,23.321750999457436,30.0
121,4.033333333333329,track,1,320.7691450567261,240.32202188006482,320.7605655229079,240.3178000931589,1,0.009562002155228245,0.8242917043425475,1.0434403147073952,89.95043754812208,0.22564309526225668,0.06297273508660767,7.803105001585209,30.0
122,4.066666666666662,track,1,320.7775501843507,240.37587054485866,320.75017551840597,240.34842934066387,1,0.03876070204787596,0.8271434663050427,4.229477944989651,90.26117258713403,0.22595936941462075,0.06202232850676544,6.090476999816019,30.0
123,4.099999999999995,track,1,320.81384550443227,240.39309835373575,320.7358220990873,240.38040604801563,1,0.07904901268277896,0.8283374450500648,8.626373993282566,90.39092674368669,0.22781099915223368,0.06105363778210424,7.063557999572367,30.0
124,4.133333333333328,track,1,320.59930788590606,240.48584312080538,320.70929942093426,240.41380667243538,1,0.13148151075958717,0.8211830677076332,14.347470420042315,89.60953199498981,0.21661550791642484,0.060126541934799625,5.755348000093363,30.0
125,4.166666666666662,track,1,321.0014954069643,240.44274727622303,320.74017488153186,240.44838853360625,1,0.2613814086677731,0.8653965173955003,28.523872102825244,94.43396931165896,0.237052690798529,0.059215001014152356,6.575703000635258,30.0
126,4.199999999999995,track,1,320.4978563212381,240.54323956917284,320.6597236715188,240.48404804940492,1,0.17235044270130576,0.8182529174374866,18.807762116612956,89.2882627676157,0.18538491538982008,0.0867746034017867,7.273957999132108,30.0
127,4.233333333333328,track,1,320.95555325321175,240.3195192706175,320.8524883881703,240.36891871932676,1,0.11429204669964532,0.9288904528709869,12.471980178257505,101.36456198957302,0.23264375350830435,0.0593987132912251,7.965238999531721,30.0
128,4.266666666666661,track,1,320.70757976021133,240.3578540946962,320.7908432797717,240.39596965467263,1,0.09157297418943049,0.8844348820470782,9.992813200082976,96.5126443297105,0.22028172959054423,0.05852015171011081,6.678322000880144,30.0
129,4.2999999999999945,track,1,320.89620535714283,240.32731331168833,320.79274916523514,240.42386180993958,1,0.14150899674089326,0.8989494273351882,15.441231709218838,98.09614108376675,0.22998179630383686,0.05759637635488405,6.741944000168587,30.0
130,4.333333333333328,track,1,320.8030107526882,240.41172043010752,320.74052448378393,240.45281658841145,1,0.0747892240160043,0.8679973351480064,8.161115845124334,94.71771412517357,0.22563423056449666,0.056680013496698566,6.934867000381928,30.0
131,4.366666666666661,track,1,320.73571209487784,240.61098047234435,320.7090728992059,240.4827749442402,1,0.13094389708006074,0.8578205075506239,14.287132605620364,93.6064551900987,0.22230461433787918,0.08782223987462165,6.680083999526687,30.0
132,4.399999999999994,track,1,320.6168243311972,240.38368426406265,320.6929483398385,240.34273844774975,1,0.08643740258213575,0.7730763515014772,9.432313144166615,84.36086829284764,0.21598930430134403,0.057228260638153804,6.855775000076392,30.0
133,4.433333333333327,track,1,320.68260869565216,240.35005055611728,320.70805753368586,240.361947801699,1,0.02809248671258516,0.7952054339376923,3.065562412541814,86.77550943981362,0.21886904961802645,0.056425128107090376,5.635845998767763,30.0
134,4.466666666666661,track,1,320.7003573251659,240.33129147524247,320.7053432487394,240.3814996574813,1,0.05045513846585445,0.8019046621641344,5.505069109727502,87.50625391712536,0.21944446319409142,0.05557154212019224,6.06245100061642,30.0
135,4.499999999999994,track,1,320.6788814859681,240.37462144155057,320.6970783532629,240.4016444961162,1,0.0325786963735868,0.8045101191707602,3.554793765440101,87.7902117013548,0.21800895394474978,0.054702852038084955,5.998823999107117,30.0
136,4.533333333333327,track,1,320.6855130784708,240.46680080482898,320.69397090398775,240.42244449854525,1,0.04515547275370922,0.8124376714140695,4.926854326847147,88.65495359991378,0.2179574194161423,0.053872250620300814,6.734354999935022,30.0
137,4.56666666666666,track,1,320.51926280716367,240.44200333194502,320.68862287366096,240.44367838190578,1,0.16936834980697466,0.8191776173087337,18.482728021982805,89.39006596917142,0.20881220652093851,0.053063835874211665,6.559154999195016,30.0
138,4.599999999999993,track,1,320.76186075169437,240.55576093653727,320.7295170879993,240.46520990592762,1,0.09615405205029039,0.8652256574190008,10.491387914694133,94.41497838373523,0.22050436454982963,0.08138693070006447,5.346864998500678,30.0
139,4.633333333333327,track,1,320.56788443420913,240.2637914791165,320.70550414658555,240.33165334121213,1,0.15344190288723686,0.779570419902257,16.744134377778238,85.06975967956735,0.2101764656805257,0.053493051207409305,5.2307039986772,30.0
140,4.66666666666666,track,1,320.7336495761001,240.38150989099717,320.73400763437917,240.34281510647475,1,0.03869644111501357,0.8101169079547675,4.222091594444957,88.40314156196415,0.21803169785274135,0.05272448562532281,6.9749229987792205,30.0
141,4.699999999999993,track,1,320.7015774760383,240.44798322683707,320.7180341712301,240.35400965158647,1,0.0954036459576648,0.8005597444728718,10.409356651340197,87.35997052580834,0.21614512620005394,0.05196102899117624,6.522237999888603,30.0
142,4.733333333333326,track,1,320.7397989949749,240.30281407035176,320.7095234004182,240.36519275559658,1,0.06933766652139198,0.797990729571001,7.565550996034308,87.07941532087763,0.2178732830645671,0.05114796216986426,6.9437100009963615,30.0
143,4.7666666666666595,track,1,320.646933560477,240.41897359454856,320.68918016378393,240.37661226996966,1,0.05982689454628051,0.7853700402007592,6.5281718933471256,85.7018909404104,0.21288577336490036,0.05034869599144436,6.072815000152332,30.0
144,4.799999999999993,track,1,320.6061241610738,240.41411493288592,320.69280478156134,240.3881780930767,1,0.09047789579445283,0.7941414844339235,9.873473681017817,86.65891851796376,0.21027729237617981,0.04956743540557833,6.743746998836286,30.0
145,4.833333333333326,track,1,320.5384222358471,240.44972409564684,320.7076925707165,240.39977793584967,1,0.17648531141509197,0.8128045107155691,19.25910973376258,88.69543250768992,0.20607291288654986,0.0488212417413893,6.268854000154533,30.0
146,4.866666666666659,track,1,320.68377907572494,240.56706629777642,320.7423384984518,240.41120875536535,1,0.16649558407512818,0.8486218750260643,18.166400752065645,92.60403757466493,0.21280640446879312,0.07781302325226068,6.530394000947126,30.0
147,4.899999999999992,track,1,320.6922762148338,240.29851662404093,320.73839079959293,240.2638522388488,1,0.05769033305724997,0.7841166857483806,6.295192275942783,85.56689652713911,0.2129357947250599,0.04945657816721292,7.437611000568722,30.0
148,4.933333333333326,track,1,320.6608504858427,240.19391913070734,320.7310549340059,240.2635500580509,1,0.09887937390895038,0.7771099984127067,10.78949825922462,84.8022633787524,0.2110388987346634,0.048690814772519776,6.460599999627448,30.0
149,4.966666666666659,track,1,320.66171567141555,240.22946347377993,320.7311213869564,240.26313661651193,1,0.07714294453275312,0.7770324069267371,8.418124168872602,84.7938012839259,0.21074824551094,0.04785067872395117,7.158013000662322,30.0
150,4.999999999999992,track,1,320.75908300071643,240.24112168662367,320.73000719503125,240.262993517812,1,0.036383780394192565,0.775935625685867,3.9702124732592297,84.67411183338463,0.21557656027490993,0.046965565571990914,18.30066999900737,30.0
151,5.033333333333325,track,1,320.8314200680272,240.34513180272108,320.700394899937,240.26334583367338,1,0.15445562277282573,0.7482673612893342,16.854501101428657,81.65467722930369,0.21953272306023985,0.046102969875861904,5.863304000740754,30.0
152,5.066666666666658,track,1,320.59270425082906,240.25494925133154,320.6469197230665,240.26405891010586,1,0.05497547919676292,0.6987361705956945,5.999302054264384,76.24932909508087,0.20745344252898995,0.04522575913168082,5.917231001149048,30.0
153,5.099999999999992,track,1,320.6031761885737,240.3075309628446,320.65508781305266,240.26519637925594,1,0.06698532468885263,0.7067313226259163,7.309415632584089,77.12182465581888,0.20754014580887759,0.04436866053242498,6.464960000812425,30.0
154,5.133333333333325,track,1,320.7261093045211,240.2137836987307,320.65999774751776,240.2666369085216,1,0.08464159588883063,0.7118231997585359,9.236077478076998,77.67748092012737,0.21356638618413717,0.043494349921864475,5.737366998801008,30.0
155,5.166666666666658,track,1,320.49092367866814,240.26737538862702,320.6299558604744,240.2684584752301,1,0.13903640046549656,0.6847732026510094,15.172681308918479,74.7254808179254,0.17554735084733655,0.04263865786789943,7.9327629991894355,30.0
156,5.199999999999991,track,1,320.81012008621576,240.28451195730267,320.79985419504965,240.27054820891226,1,0.017331323969771006,0.844371403284213,1.8911041584686632,92.14237811208146,0.2153511690319555,0.04180701455770699,6.368305999785662,30.0
157,5.2333333333333245,track,1,320.8093288054335,240.30842988413903,320.7546214794984,240.27276452745423,1,0.06530627212163309,0.8024051749320017,7.126326119342737,87.5625955152844,0.21564176721866604,0.04101233003980155,7.484862000637804,30.0
158,5.266666666666658,track,1,320.57128120486897,240.39921600990303,320.704978875453,240.27489724527686,1,0.18256566587879458,0.7566793972983241,19.9212751524383,82.57252148694333,0.20351410870066147,0.04030798658878011,6.422483000278589,30.0
159,5.299999999999991,track,1,320.6878455815824,240.3176837237358,320.7171411151544,240.27645172222265,1,0.05057970181850122,0.7685811172314541,5.518979580391003,83.87133365297535,0.20912683761478418,0.03964361952200769,6.266940999921644,30.0
160,5.333333333333324,track,1,320.7114744171965,240.29639721465335,320.69647687051906,240.27720218140348,1,0.024359304337462293,0.7496139543410842,2.657974247148805,81.80143685249578,0.21031792652723283,0.039005512062344025,6.309013000645791,30.0
161,5.366666666666657,track,1,320.6658134534658,240.18972048735537,320.666552335078,240.2769962544371,1,0.08727889473258779,0.7218164173597846,9.52282630692583,78.76789029959826,0.2079801529911102,0.038352812635339725,6.037600998752168,30.0
162,5.399999999999991,track,1,320.58011444921317,240.17116288575517,320.6461722642796,240.27589970107806,1,0.12382824966594172,0.7026088813694065,13.511337040241731,76.67178213119952,0.20336461690391897,0.03768393891668262,8.162402000380098,30.0
163,5.433333333333324,track,1,320.6892907945539,240.23999187157082,320.6474689232148,240.27398697392027,1,0.05389560191758,0.7030539583893168,5.881071211726743,76.72038257954777,0.20865302113181747,0.03703207541640852,6.789070999730029,30.0
164,5.466666666666657,track,1,320.62320287539933,240.30381389776358,320.6176055376807,240.2711557959633,1,0.033134299490620224,0.6745087589189063,3.615235695663501,73.6052757962498,0.20514789195209274,0.036422022640367875,8.570026000597863,30.0
165,5.49999999999999,track,1,320.64909407308835,240.28518783908282,320.6034652362159,240.26717187597387,1,0.049056759789792515,0.6599629555001859,5.353308512910478,72.01794645997002,0.20622212945067503,0.03585309185685893,6.164034000903484,30.0
166,5.5333333333333234,track,1,320.6094438184984,240.19246133360647,320.58060905668344,240.26180485174223,1,0.07509971369032185,0.6369055323190453,8.194194809153348,69.5017602336041,0.2039425654323278,0.03527442587475609,6.685528998787049,30.0
167,5.566666666666657,track,1,320.4983673469388,240.36030612244897,320.56690831066385,240.25509585583927,1,0.12556696981470128,0.6216582086372776,13.701087523766,67.83791638581515,0.17166423951143644,0.03477443055262611,6.704295999952592,30.0
168,5.59999999999999,track,1,320.71981181390487,240.17354939884996,320.72234080869794,240.24661477997802,1,0.07310913577694708,0.7632791714792133,7.976793732063967,83.29312928435787,0.20678562390904104,0.0342491681199157,7.357754999247845,30.0
169,5.633333333333323,track,1,320.70345383143695,240.216292417682,320.68742588660916,240.23648610831424,1,0.025781391676023203,0.7269663190313611,2.813149541888434,79.33045532263428,0.20595512478565456,0.03373103642724973,6.77521100078593,30.0
170,5.666666666666656,track,1,320.659739201304,240.2130195599022,320.6538914247212,240.2246617947294,1,0.013028358405172902,0.6914093702973559,1.4215491292100753,75.45029404466082,0.20368503748076375,0.033219075624369536,6.331742999464041,30.0
171,5.6999999999999895,track,1,320.64810414298995,240.2913524124393,320.6293997724597,240.21109917114995,1,0.08240410314042887,0.663857615481294,8.991029754109084,72.44375647922824,0.20296559361635527,0.032743889358159944,8.662246998937917,30.0
172,5.733333333333323,track,1,320.5732868995186,240.24828433883027,320.60566542173706,240.19559260946244,1,0.06184486271973729,0.6364645095873404,6.748098519678621,69.45455409457858,0.19888078606384796,0.03229126781441123,7.427553000525222,30.0
173,5.766666666666656,track,1,320.6743663123467,240.21392068683565,320.6006216138469,240.17801252719119,1,0.08202241453334566,0.6264461531983766,8.95058825776882,68.36146158832982,0.20376299353881439,0.031842524424394086,7.508083999709925,30.0
174,5.799999999999989,track,1,320.5500914448283,240.172525909368,320.56642894851575,240.158329264058,1,0.021643908260647014,0.5881410626489271,2.3617629058868794,64.18148092163518,0.19718675215333578,0.031381583246575764,6.18575100088492,30.0
175,5.833333333333322,track,1,320.5678350515464,240.24288659793814,320.56418387801364,240.13659915915787,1,0.10635013263102328,0.5804849511340864,11.603653370466784,63.34619258936502,0.19759237703814325,0.030942624828674044,7.228201000543777,30.0
176,5.866666666666656,track,1,320.49342105263156,240.01295230263156,320.5566345526072,240.11269651685643,1,0.11808833494679302,0.5679282789822861,12.885039238675782,61.976105279349774,0.1674034865068547,0.03044154860177298,7.043527999485377,30.0
177,5.899999999999989,track,1,320.6731736767961,240.09156771986315,320.7069365371401,240.0869444399027,1,0.03407793209982051,0.7122630154469938,3.718824099547089,77.72720829906277,0.20014203623341772,0.029910981521014717,7.168479000029038,30.0
178,5.933333333333322,track,1,320.66130024610334,240.0180475799836,320.67946167866376,240.05949228310874,1,0.04524932098692068,0.6820612175765896,4.9372046041386985,74.4314697058033,0.19944730689496204,0.029329987619615906,6.120272000771365,30.0
179,5.966666666666655,track,1,320.63051508311105,239.9934332033655,320.65250570664193,240.03060132272776,1,0.04318630130266398,0.653222885509208,4.71218845894114,71.28449023440254,0.19776909454592634,0.028716024599615052,8.22182500087365,30.0
180,5.9999999999999885,track,1,320.6463005659191,240.07797107524627,320.63129881782174,240.00043999066565,1,0.07896911752212041,0.631298971149896,8.61621825559242,68.8920181722592,0.1984631697256507,0.028112952650258562,17.068122999262414,30.0
181,6.033333333333322,track,1,320.6804764370792,240.0414293112377,320.60317381253503,239.96894306164472,1,0.10597146852560872,0.6039728317963075,11.563429536144962,65.9099565489776,0.2002231843670827,0.027509214371374706,7.178175999797531,30.0
182,6.066666666666655,track,1,320.5502634779084,239.93078638021888,320.56243072748066,239.93610721409573,1,0.013279805544459459,0.5660482411464886,1.4491493569008786,61.771235505861725,0.19348739979794993,0.02686315997074277,6.520666000142228,30.0
183,6.099999999999988,track,1,320.57029983792546,239.8864465153971,320.55436558583847,239.9021515233144,1,0.022372922546104432,0.5629347450208798,2.4412851217585776,61.43127774831186,0.19413967809606394,0.026171107275100254,7.133193999834475,30.0
184,6.133333333333321,track,1,320.4351045732012,239.8589012308616,320.5395605268177,239.86731496787752,1,0.10479426137199198,0.555635563880798,11.435912631317287,60.63445237155029,0.16394172753579772,0.025452545163370265,6.39604999923904,30.0
185,6.1666666666666545,track,1,320.61136478944695,239.85053272450534,320.68253529282424,239.83173285106568,1,0.07361165527498992,0.7029710231305105,8.032955721101944,76.71262191594911,0.19353143570342748,0.02471185335798492,7.278742999915266,30.0
186,6.199999999999988,track,1,320.65251556281254,239.75497499744873,320.6644076066775,239.7955173833857,1,0.042250512005747774,0.6951622891874809,4.6099340614665385,75.86008961412074,0.1954680521286986,0.023933065700953392,5.92664100076945,30.0
187,6.233333333333321,track,1,320.6139448786508,239.77457836281366,320.63264590812855,239.75886619426842,1,0.024425411847545646,0.6770423600768235,2.665285739167839,73.88220965331142,0.19343011928428203,0.02313735159097791,7.62063700130966,30.0
188,6.266666666666654,track,1,320.533672949567,239.83097300050943,320.6084331250431,239.72186427608972,1,0.13226412053809714,0.6689920392387596,14.431894229699099,73.00312189768411,0.18907453864807924,0.022374274062517244,7.944710998344817,30.0
189,6.299999999999987,track,1,320.7697439419209,239.6084567840675,320.60411542558745,239.6843325517534,1,0.18218105704148682,0.6816167437168917,19.88033283354615,74.38023045396422,0.20108075077630436,0.021548430641892786,9.038411999426899,30.0
190,6.333333333333321,track,1,320.347311827957,239.7398924731183,320.53241534335507,239.64660102435732,1,0.2072838773871177,0.6390281166155282,22.61953707234855,69.7316888486232,0.1612202206997977,0.020748879657780942,7.235727998704533,30.0
191,6.366666666666654,track,1,320.69397737694896,239.6398654845613,320.66994098038094,239.60852498652503,1,0.039496521076389256,0.775934019984309,4.309670432242432,84.67183456881573,0.19525439506741377,0.019942586593430407,7.394266000119387,30.0
192,6.399999999999987,track,1,320.6039393939394,239.50050505050504,320.6225727720564,239.57013618250744,1,0.07208118564498103,0.7565578352613026,7.864727888137623,82.55645530731432,0.19072775201523537,0.019084348556123218,7.058633000269765,30.0
193,6.43333333333332,track,1,320.56703967446595,239.60996948118006,320.59595398607394,239.53170770643237,1,0.08343226475663854,0.757930620658807,9.103322435545909,82.70538906346883,0.1886873568770484,0.01825574117005412,7.121057000404107,30.0
194,6.4666666666666535,track,1,320.4738552137273,239.4868514570007,320.5768102575812,239.49307785044334,1,0.10314314824680822,0.7679063347583701,11.255736733995848,83.79313413018212,0.15876644947510773,-0.009416568941637685,6.2941510004748125,30.0
195,6.499999999999987,track,1,320.8132931142085,239.56958602038694,320.71382332545204,239.5974096195862,1,0.1032879061054624,0.8195259326959382,11.271395648345322,89.4289017090562,0.1991293618195544,0.014798786068398958,6.25332200070261,30.0
196,6.53333333333332,track,1,320.62249693502247,239.5667143440948,320.6321318741593,239.56796565880995,1,0.009715855118673351,0.7656659704438245,1.0602629215878763,83.55041141945973,0.18985299035964084,0.014010511476955255,8.148106999215088,30.0
197,6.566666666666653,track,1,320.6054428807947,239.54501241721854,320.5964645236386,239.5380957868599,1,0.011333608107797056,0.7544040231043115,1.2367253578005235,82.3206671790153,0.1890332863875579,0.013291851284381132,7.234468999740784,30.0
198,6.599999999999986,track,1,320.5334825971911,239.3854060655404,320.5617048703341,239.5074261232512,1,0.12524133177632815,0.7470886061320837,13.664955359270413,81.5215409233377,0.18525966841310668,-0.019550938711237968,7.497225000406615,30.0
199,6.6333333333333195,track,1,320.5739368720187,239.51456409215467,320.5435929955768,239.6472830255002,1,0.13614354963015138,0.6479989266506712,14.85448243694764,70.71071695983143,0.18711061213410318,0.009792850446438921,6.10081700142473,30.0
200,6.666666666666653,track,1,320.5163699611213,239.62257008389605,320.5121171607848,239.62600267241305,1,0.005465251561404865,0.6341435069544169,0.5963668972244526,69.19815656090006,0.18394964735280506,0.009276369027894986,6.88235499910661,30.0
201,6.699999999999986,track,1,320.528229960849,239.61013805893262,320.4939935191139,239.60283804386745,1,0.03500605894170209,0.6338510994907215,3.820090818775682,69.16569824122504,0.1842077286872516,0.008874362819518526,7.529120000981493,30.0
202,6.733333333333319,track,1,320.4543960558751,239.59387838948234,320.470973183307,239.57717707816164,1,0.023531573549690692,0.6329257165152001,2.567709609902319,69.06406166015849,0.15623155510830647,0.00857504770391327,7.606043998748646,30.0
203,6.766666666666652,track,1,320.60269464157153,239.55898385272036,320.59362492268406,239.5484708315928,1,0.013884646697933477,0.7458345250483887,1.515041047984516,81.38568354464968,0.18555199325156252,0.0083746635586396,6.460003000029246,30.0
204,6.799999999999986,track,1,320.42326024785507,239.5417858277725,320.5563529357987,239.51619068388845,1,0.13553145381980053,0.7372923731656051,14.790101980179704,80.45264489093111,0.15389049378704164,0.008251600579270477,6.366550000166171,30.0
205,6.833333333333319,track,1,320.73771345272803,239.50020824656394,320.6843804024545,239.479923536569,1,0.05706035148031319,0.8595673697149553,6.226708157588597,93.79625226235977,0.19031235038447455,0.0081748466989033,7.965503000377794,30.0
206,6.866666666666652,track,1,320.59730538922156,239.44650698602794,320.6145823212414,239.4394219583885,1,0.018673242800070922,0.831840832322793,2.037710365659434,90.7693031248912,0.18343446114977457,-0.02082357605232838,8.8545750004414,30.0
207,6.899999999999985,track,1,320.5183778234086,239.4988706365503,320.5778769527433,239.54893467017632,1,0.07775959011266728,0.7330768747415265,8.48507700639826,79.99339308262793,0.1793019096800163,-0.020059688407026075,6.878293999761809,30.0
208,6.9333333333333185,track,1,320.6081304168386,239.62278167560873,320.5596088304501,239.649729439584,1,0.055502489393948175,0.6601905093318512,6.056588802315316,72.0412720339648,0.1837512816673491,0.0043942295318359715,6.880217999423621,30.0
209,6.966666666666652,track,1,320.53586497890296,239.68396624472575,320.51399408311454,239.6154597977195,1,0.07191292904623785,0.6419198428516505,7.846405351483537,70.04657808458755,0.18004641677420116,0.004530862616133275,7.931318001283216,30.0
210,6.999999999999985,track,1,320.54578488372096,239.49885797342193,320.48450841377735,239.57581855936905,1,0.09837549267004357,0.6439551984391358,10.734294266729657,70.26773958001857,0.18039498670315016,-0.021494683485353966,18.249149001348997,30.0
211,7.033333333333318,track,1,320.48365814047906,239.66697117336582,320.44951999574823,239.67033824526925,1,0.0343037913191252,0.5574451534542647,3.7434772935216425,60.82876121480356,0.15169956342960994,0.003212467581850276,8.92105300044932,30.0
212,7.066666666666651,track,1,320.5649158592555,239.6647628760836,320.563916671347,239.62844563839894,1,0.03633098029948249,0.6753181885954465,3.9640013560039913,73.69175587249707,0.1791617364337985,0.0035290753738912613,9.03182399997604,30.0
213,7.0999999999999845,track,1,320.5957929469994,239.3755413487317,320.52817785874004,239.58022507350165,1,0.21556258336274323,0.6746723941142873,23.520015050006,73.6201811061818,0.18070099695389022,-0.02886565968195879,7.949901000756654,30.0
214,7.133333333333318,track,1,320.4083129584352,239.6453748981255,320.48054574275943,239.70013875235645,1,0.09064576582200784,0.5664282644100306,9.89129538376017,61.80976721565666,0.14954347469156365,0.0019069663026640418,6.685223001113627,30.0
215,7.166666666666651,track,1,320.6869130869131,239.70049950049952,320.5953898699572,239.65129605855373,1,0.10391091348488385,0.6899880694822468,11.339076340309415,75.2931888834972,0.18344938546237552,0.002280238364598461,6.232448000446311,30.0
216,7.199999999999984,track,1,320.53574735109555,239.66155745293693,320.5256920228585,239.59582912458723,1,0.06649302800746722,0.6631034605768413,7.254951212329096,72.35798113006747,0.17593982087002996,0.002716357215889862,7.151548999900115,30.0
217,7.233333333333317,track,1,320.51711185308847,239.6207220367279,320.49232154928245,239.53340528145714,1,0.0907676975240023,0.6783001837387104,9.903613854319708,74.01491267029851,0.17485418259047747,0.0031738195625923005,5.975546999252401,30.0
218,7.266666666666651,track,1,320.51873787399165,239.43970182783622,320.4610043754826,239.46391347988833,1,0.0626047996976732,0.7070458197737638,6.831717648590385,77.15019079252522,0.17477072626336215,-0.025734612208574738,6.174965001264354,30.0
219,7.299999999999984,track,1,320.50708128078816,239.5588054187192,320.4263824518639,239.54397487320784,1,0.08205026550786243,0.62430834651098,8.953880502252012,68.12268815487886,0.1739992980661212,0.001949115975229592,4.8356070001318585,30.0
220,7.333333333333317,track,1,320.5495735607676,239.57420042643923,320.3921119369718,239.47176792817072,1,0.1878472242806556,0.6578608460949928,20.498196564701715,71.78241926075174,0.1760381296072162,0.0022701543704915293,5.737464000048931,30.0
221,7.36666666666665,track,1,320.34444218654744,239.36608412924204,320.3431918087142,239.393230578459,1,0.027175230446394805,0.6971009600378798,2.9650363213271698,76.06257364319728,0.1471883436568604,-0.03065323354492296,7.467071998689789,30.0
222,7.3999999999999835,track,1,320.5741405849153,239.49225243714727,320.4443484450221,239.48567028729008,1,0.1299589330319311,0.6796915432531462,14.182074544297596,74.16542451246741,0.1751959990670124,-0.026100730393220122,6.059523999283556,30.0
223,7.433333333333317,track,1,320.3326138349265,239.67180594100114,320.39232929826653,239.54921975972752,1,0.1363572821713633,0.597599450550637,14.878178511328096,65.20788124703752,0.145094537245048,-0.0011322273346043785,7.7445349998015445,30.0
224,7.46666666666665,track,1,320.4535732647815,239.52133676092546,320.49703685515055,239.4749980546435,1,0.06353234914323057,0.7229610487474898,6.932464741240185,78.88746758365735,0.14300685567804935,-0.0009439886514024652,7.3488809994159965,30.0
225,7.499999999999983,track,1,320.5290768605124,239.4420496136641,320.60905153780163,239.39517124111603,1,0.09270129891360329,0.8583481830071386,10.115792259658932,93.66104235335014,0.16860365431175034,-0.0299526355620693,8.136198001011508,30.0
226,7.533333333333316,track,1,320.58981314044604,239.43248945147678,320.5807100908464,239.46546096848465,1,0.034205064622261076,0.7892757349774734,3.732093387561865,86.1245901768122,0.17163227958675004,-0.03227947046260731,8.199504000003799,30.0
227,7.5666666666666496,track,1,320.87637098325956,239.3938810852415,320.5323634669535,239.54356943234438,1,0.37516366099806264,0.7012415589774761,40.939477809454964,76.51890861229172,0.1868825656890363,-0.03623320692840297,7.32254499962437,30.0
228,7.599999999999983,track,1,320.24651211580823,239.69201720339873,320.39881689237563,239.63817890053338,1,0.16154042163083898,0.5384880886922155,17.628138881030473,58.75909174860741,0.14227353928437445,-0.0065515370970285515,6.626194999626023,30.0
229,7.633333333333316,track,1,320.45684972842486,239.5767451217059,320.49930750724025,239.56990626514926,1,0.04300503390231037,0.6590057720113913,4.693006622997126,71.91014472501028,0.14040960625712032,-0.0063919295694533015,7.806957000866532,30.0
230,7.666666666666649,track,1,320.5390270923557,239.55554436499145,320.6058490098992,239.49620851668715,1,0.08936392761166109,0.7879459889195503,9.75128922088272,85.98025255714369,0.16672558589493897,-0.0061745102274789205,10.161489000893198,30.0
231,7.699999999999982,track,1,320.58576346699067,239.44724584852167,320.5681361189568,239.41678358252375,1,0.03519478723385825,0.8141990169959041,3.840204330862458,88.84332192149287,0.1692428492295308,-0.034871684756322976,7.984656000189716,30.0
232,7.733333333333316,track,1,320.4493239702337,239.42532229326065,320.51308296415095,239.4858491521718,1,0.08791308181942743,0.7263643868089835,9.592918106632428,79.25920081761105,0.13886590795577725,-0.03779562794680538,6.575583000085317,30.0
233,7.766666666666649,track,1,320.60907216494843,239.5654639175258,320.6161130029941,239.56595477879728,1,0.0070579278243105385,0.7536514356831849,0.7702126794652853,82.23917622059264,0.1689558235488537,-0.009606167315990153,8.070018999205786,30.0
234,7.799999999999982,track,1,320.6099115772157,239.466995681678,320.55472408879064,239.49116936003384,1,0.06024969380768736,0.7527465940494026,6.574704541443206,82.13861029251409,0.16941688111009184,-0.03732175726465532,6.880230999740888,30.0
235,7.833333333333315,track,1,320.4649361523969,239.56562696252877,320.4869246114747,239.55966048095183,1,0.022783573798347834,0.6565016902456255,2.4862819597810595,71.63659650134967,0.13794750353047255,-0.011110304053244245,6.247351999263628,30.0
236,7.8666666666666485,track,1,320.5364292246723,239.53114520882025,320.58299809624236,239.48382482355282,1,0.06639185688897632,0.7786678322638573,7.244516767162654,84.96736229785705,0.1642875151303495,-0.010878805222420143,6.29752799977723,30.0
237,7.899999999999982,track,1,320.3698255936121,239.52658121454087,320.5346157294382,239.40222998648983,1,0.20644373757365475,0.8019619487324134,22.52721626777918,87.50738302775517,0.13632959245055623,-0.010602081422621902,7.909154001026764,30.0
238,7.933333333333315,track,1,320.76402464938377,239.4314704632384,320.6313544802206,239.31464287453173,1,0.17677686293406125,0.9318384350973784,19.289702527193274,101.67933196879844,0.17462123123730905,-0.040065510093109005,10.992149000230711,30.0
239,7.966666666666648,track,1,320.45877728354196,239.26833557463536,320.51987139830726,239.37968600096633,1,0.1270094811541425,0.8093551310611976,13.858321333252203,88.31360261513733,0.13566482134758406,-0.05043893113296882,8.303077000164194,30.0
240,7.999999999999981,track,1,320.74622483221475,239.45983640939596,320.61214417889187,239.49555462023295,1,0.13875666535661182,0.7932122269099994,15.141976306857412,86.55496879888054,0.17310932295443227,-0.04286963467311482,20.274210000934545,30.0
241,8.033333333333315,track,1,320.45334665334667,239.5231768231768,320.5006894544647,239.5665631286597,1,0.06421613754466815,0.662236703339078,7.00717181851646,72.26266987786445,0.1350870176868193,-0.016374765146822994,6.719670000165934,30.0
242,8.066666666666649,track,1,320.5910776729893,239.71251457030837,320.58798508055133,239.49178428689152,1,0.22075194709282359,0.7771805877666554,24.085805631787828,84.80525397321159,0.16440301908790705,-0.016069013489201055,6.229712000276777,30.0
243,8.099999999999982,track,1,320.4143602875997,239.25263468925442,320.51488169900995,239.41090280070307,1,0.1874922645162359,0.7823929154809985,20.457952622008946,85.37190425106004,0.133901367160578,-0.054906453552212464,7.316387998798746,30.0
244,8.133333333333315,track,1,320.5871768355739,239.4685625646329,320.60039513041465,239.53269202934257,1,0.06547756533688814,0.7608226153746974,7.144178362709022,83.0210297533306,0.1629611019995158,-0.04598221258961509,11.478504000479006,30.0
245,8.166666666666648,track,1,320.5723417207792,239.6444805194805,320.5268530404028,239.60243293644567,1,0.06194529264972763,0.6600255269342796,6.759375377963439,72.02222753902929,0.16261601340307952,-0.01972263832167825,9.144585999820265,30.0
246,8.199999999999982,track,1,320.4229029605263,239.5003083881579,320.45106960808926,239.52768059861478,1,0.0392759206159695,0.6531075013094614,4.285709244754571,71.26530081673218,0.1330577650201295,-0.0193505087500775,6.78545500159089,30.0
247,8.233333333333315,track,1,320.496335078534,239.5,320.52883686569976,239.44651183299493,1,0.06258873843216911,0.7655178518739966,6.829259859977272,83.53121368434311,0.13139853475960972,-0.045062690836768546,7.619566000357736,30.0
248,8.266666666666648,track,1,320.61424519382285,239.43407921000104,320.6113486226827,239.49805367112185,1,0.06404000156205104,0.7910102752368747,6.987279410187774,86.31471988147463,0.1618615097226353,-0.04983629391568449,6.875045000924729,30.0
249,8.299999999999981,track,1,320.45753033547464,239.56041602936676,320.5272750835161,239.57064465095164,1,0.07049081201753182,0.6799742858765618,7.692450551136991,74.19857022579046,0.13021402617192354,-0.02177580840097866,6.668381000054069,30.0
250,8.333333333333314,track,1,320.7032977981469,239.41466573677394,320.6078607190125,239.48918084865272,1,0.12108153439733448,0.7939967626517882,13.212423985045143,86.64043120464144,0.16538946191605858,-0.05193951597152244,7.997183000043151,30.0
251,8.366666666666648,track,1,320.4850591409006,239.4952272255655,320.4967053782368,239.56420276469885,1,0.06995183945279237,0.6607839760961983,7.6323433444368805,72.10406519672266,0.12946282010122245,-0.04931052579797716,8.302240999910282,30.0
252,8.39999999999998,track,1,320.6048835771688,239.52472697300638,320.5730089535364,239.620827736494,1,0.10124894258514253,0.6871032427846038,11.047264899483134,74.9777348068548,0.1595249446312857,-0.02420753120581217,12.864156000432558,30.0
253,8.433333333333314,track,1,320.5353896435502,239.49249310591358,320.4848202299961,239.53920638651675,1,0.06884327252475522,0.6688657635433454,7.512072780430202,72.98542708604596,0.15644381017341843,-0.05023846895088074,9.203450999848428,30.0
254,8.466666666666647,track,1,320.5316586018738,239.66117574384845,320.40889218819416,239.5920652532534,1,0.14088240570791527,0.577584261531964,15.37347365970537,63.024682707337874,0.1565838831773052,-0.024890442325580138,6.8044809995626565,30.0
255,8.49999999999998,track,1,320.24316172646905,239.43764950598023,320.32803404819106,239.50539567868373,1,0.10859491199156034,0.5934979119064738,11.849861100843059,64.75889122794693,0.12897963864447257,-0.053730265452161335,8.134372999847983,30.0
256,8.533333333333314,track,1,320.47096081588836,239.5755233494364,320.3902045574116,239.56821226531383,1,0.08108652930179873,0.5819795910942246,8.84874968218004,63.503708200117586,0.12729465430422862,-0.02568575974074635,6.918659000803018,30.0
257,8.566666666666647,track,1,320.5305347428923,239.47121009955868,320.4571567762566,239.47714491430747,1,0.0736175795152959,0.6945284434145869,8.033686071246137,75.78445123266154,0.15334380751915166,-0.05274023509361451,6.409314000848099,30.0
258,8.59999999999998,track,1,320.4309684101502,239.5155877783532,320.38096448021565,239.52606809668782,1,0.051090410854596244,0.6080669240824446,5.575322218764414,66.34960004188618,0.1257591780666546,-0.02633773124547986,8.222804999604705,30.0
259,8.633333333333313,track,1,320.50190662681644,239.481294445017,320.44766374714527,239.42989141167777,1,0.07472992594332031,0.7248631822536635,8.154397004107,79.09373995532795,0.1503334778561449,-0.05286504623932389,10.593689001325401,30.0
260,8.666666666666647,track,1,320.3524002021223,239.43658413340071,320.37906291938907,239.4709209635596,1,0.04347319170947001,0.6508558393810993,4.743590499544569,71.01786581227384,0.1241368697213029,-0.056451120515838324,9.865175999948406,30.0
261,8.69999999999998,track,1,320.51697921946277,239.3747592498733,320.4459295323352,239.526817453665,1,0.16783848003744659,0.650196024260962,18.31310534262603,70.9475248648853,0.1494980068984996,-0.06114863693518907,6.899373000123887,30.0
262,8.733333333333313,track,1,320.40562947799384,239.5616171954964,320.37327836575764,239.6035228058015,1,0.052940293142005865,0.5445465121201385,5.7765933373265055,59.41934809562927,0.12260428149706858,-0.030108629521071146,7.031621998976334,30.0
263,8.766666666666646,track,1,320.46457014498674,239.4818256075148,320.4397915033128,239.51045137163146,1,0.0378604735108929,0.6580839049267513,4.131195363039023,71.80792443519334,0.12096750795956429,-0.056646390067257746,8.185758999388781,30.0
264,8.79999999999998,track,1,320.48215410455595,239.5639302960319,320.510754746917,239.5546993046048,1,0.030053418211422156,0.6776157619312444,3.2795965192512995,73.94077307896718,0.11934016771603265,-0.03075771039302503,7.429751000017859,30.0
265,8.833333333333313,track,1,320.63855177993526,239.40807038834953,320.5861073929616,239.45667389257414,1,0.07150324711476676,0.7992028122415289,7.802322879573715,87.20776369320079,0.15117996831142305,-0.06111520639181563,6.978536001042812,30.0
266,8.866666666666646,track,1,320.52914435801597,239.48368522072937,320.48734769318867,239.51636995198828,1,0.053058956342478834,0.6865899776403183,5.789795623645398,74.91917419670646,0.1462219740235608,-0.05863069056115122,6.50742200014065,30.0
267,8.899999999999979,track,1,320.4733381280181,239.51679852049728,320.4107202855946,239.55864554222944,1,0.07531379301048217,0.6028970976815685,8.21834771582149,65.78632825186381,0.11899179255189075,-0.032836871727535945,8.151166999596171,30.0
268,8.933333333333312,track,1,320.4843366093366,239.51965601965603,320.47499996299985,239.45920007847303,1,0.061172655567166154,0.7197843565773222,6.674454122007146,78.54031699963727,0.11759098011264145,-0.032195687995823764,7.756577000691323,30.0
269,8.966666666666645,track,1,320.46105630908346,239.31267981915332,320.5424199477734,239.35219688692564,1,0.09045242034455922,0.8449072570710506,9.870502963877474,92.19290156809457,0.11617027712522868,-0.06751406399472819,6.451871999161085,30.0
270,8.999999999999979,track,1,320.5552577982635,239.38546468003003,320.61307624289634,239.4294364653606,1,0.07263945515297127,0.8374993890529737,7.926438873226979,91.38659463130071,0.1438220579539151,-0.06554069262696308,18.214695999631658,30.0
271,9.033333333333312,track,1,320.5519539533475,239.4840957285671,320.53190558440224,239.4920459129744,1,0.021567163222709105,0.7354868491307698,2.3535116894955976,80.25496606484684,0.14427329297826727,-0.06197395198451031,6.993586001044605,30.0
272,9.066666666666645,track,1,320.44202673298105,239.55393223500155,320.44396759610754,239.53154391710882,1,0.022472287995259417,0.6454133001350814,2.451909787965201,70.42568285893108,0.11604757131597185,-0.036198842693892896,5.835577001562342,30.0
273,9.099999999999978,track,1,320.49320073066775,239.44824436776943,320.502196156486,239.42950273913561,1,0.020788610571638052,0.760044804102401,2.268279354352269,82.9334103472643,0.1147583115116309,-0.06441795760652258,6.729458000336308,30.0
274,9.133333333333312,track,1,320.51145196393406,239.37682661415693,320.5629203085357,239.47390870534082,1,0.10988140390743956,0.7704877183174925,11.989408564026748,84.07435702647103,0.14020142014369683,-0.06947244977554612,6.619481000598171,30.0
275,9.166666666666645,track,1,320.5248101529179,239.6504733173827,320.48355765707424,239.5412345270072,1,0.11676849633371099,0.6665536489476651,12.740660554214308,72.7331449362099,0.14141875696864586,-0.038398798561065935,9.188411999275559,30.0
276,9.199999999999978,track,1,320.4878073562284,239.3912822597033,320.3933026185973,239.43881437304344,1,0.10578491023441175,0.6852855300516216,11.543618373525252,74.77451688124958,0.1145754088986684,-0.06956783887471077,8.608940001067822,30.0
277,9.233333333333311,track,1,320.42889931144595,239.52010777367528,320.44180254325624,239.49862709856984,1,0.025058188165460724,0.6682546472088179,2.7341778392294014,72.91759853963752,0.11330148039822782,-0.039158116412885795,8.035258999370853,30.0
278,9.266666666666644,track,1,320.4543905372895,239.38041299117884,320.49267762138516,239.39227070140146,1,0.040081243746563085,0.782346559389642,4.373894044876332,85.3662921041042,0.11199454227158173,-0.07085810938540807,7.338449999224395,30.0
279,9.299999999999978,track,1,320.4698854176868,239.52130055822153,320.54609439649494,239.45101529440626,1,0.10367172594571307,0.7743405561243794,11.312502031370187,84.4942253251006,0.11067373859658128,-0.03988517938844796,9.360314001241932,30.0
280,9.33333333333331,track,1,320.60643687295124,239.4102513161816,320.60211737461805,239.34062381583453,1,0.06976135656958884,0.892929048167625,7.6115276874967925,97.43358448784264,0.14111042645514377,-0.0699868022673831,6.9412090015248396,30.0
281,9.366666666666644,track,1,320.53721945770286,239.39545039098203,320.4913638884243,239.38684597090696,1,0.046655860068044654,0.7857457185632498,5.091402118184539,85.73710963121145,0.138395928164905,-0.07210889926393627,7.747388999632676,30.0
282,9.399999999999977,track,1,320.3557067738942,239.388906072791,320.3906309494332,239.44047660617366,1,0.06228336816880643,0.6823920917581332,6.795994016287938,74.45877862603601,0.11094510683539385,-0.07389432077452028,7.397291999950539,30.0
283,9.43333333333331,track,1,320.42604220277923,239.48872876994338,320.43183636392496,239.49973933056913,1,0.012442055645108582,0.6608656312650505,1.3575802300770994,72.11120552097933,0.10968953218086634,-0.07012540906107484,9.078428000066197,30.0
284,9.466666666666644,track,1,320.3655102040816,239.42734693877551,320.4752629645177,239.53503047091363,1,0.15375763889017816,0.6648846128622278,16.777709176472797,72.55082478534503,0.10835951305304212,-0.07442963661808696,7.414020999931381,30.0
285,9.499999999999977,track,1,320.6235892221657,239.58129130655823,320.5212986682325,239.58942643202522,1,0.10261353560975103,0.6635683508279259,11.197936256891655,72.40856425175281,0.13969058942841053,-0.04572997678785608,7.974669000759604,30.0
286,9.53333333333331,track,1,320.4581725888325,239.54030456852792,320.39574191062843,239.48692636676697,1,0.08213904068256653,0.6479631262246232,8.96294746268654,70.70265365183205,0.10801963994470155,-0.044883505634080105,5.6655039988982026,30.0
287,9.566666666666643,track,1,320.41037352821763,239.3138449045879,320.43459450640626,239.3761007227397,1,0.06680151703488216,0.7603437993200384,7.288750690830637,82.96441489560772,0.10676984268649382,-0.07993579125529525,8.316925001054187,30.0
288,9.599999999999977,track,1,320.4300751879699,239.4910275689223,320.4756013858232,239.4484298653008,1,0.06234740607918731,0.7283037084136379,6.803246035720822,79.46979059147236,0.1054996220624219,-0.0722211470583837,7.075072000588989,30.0
289,9.63333333333331,track,1,320.5817882159044,239.54738360115368,320.51886261442723,239.4758440513615,1,0.0952761171843816,0.7375349965550111,10.396193400523847,80.47805416260559,0.13471093096874148,-0.04651293582929232,7.108032999894931,30.0
290,9.666666666666643,track,1,320.4219422249539,239.3176603155091,320.4018012412512,239.36239835821584,1,0.049062732187922314,0.7536445389418287,5.353297265030768,82.2328087889313,0.10513525139103269,-0.08134025424791172,6.45052899926668,30.0
291,9.699999999999976,track,1,320.47595573440645,239.41036217303824,320.4379391437981,239.43096992977053,1,0.04324281210816776,0.7180431146497759,4.718785335144369,78.34943425287827,0.10397598350432011,-0.07803692052793504,6.4948260005621705,30.0
292,9.73333333333331,track,1,320.43870044953,239.46342460155293,320.4757134644901,239.478216490171,1,0.03985929308614124,0.7060887560545499,4.349634717991706,77.04615391102824,0.10279671378864451,-0.07648776537437628,7.36438500098302,30.0
293,9.766666666666643,track,1,320.4626463578904,239.3920837218941,320.51522228383465,239.5135150758615,1,0.13232460736860485,0.7086053790184106,14.438079323557707,77.32178729982208,0.10162115858830993,-0.0812785818732384,7.8104399999574525,30.0
294,9.799999999999976,track,1,320.477440438541,239.60763230023193,320.5564372612728,239.57070050037055,1,0.08720353113673288,0.7027947681328065,9.515991596576468,76.68908230374329,0.10046042713076149,-0.050733208310531575,7.84867099901021,30.0
295,9.833333333333309,track,1,320.58217183274394,239.4643228624922,320.5992708732597,239.46133492745594,1,0.017358137640311754,0.8057826257225487,1.8942385220144324,87.92598157366636,0.12979758678761455,-0.07781681328621592,6.784273000448593,30.0
296,9.866666666666642,track,1,320.4010908328089,239.43979441997064,320.48105930328575,239.49279496484542,1,0.09593755274880057,0.69905293144649,10.468848167534752,76.27869362128523,0.10029148098385117,-0.08002927566406381,8.21948700104258,30.0
297,9.899999999999975,track,1,320.4018047247288,239.50724931562405,320.515624969712,239.53245678436338,1,0.11657814824522933,0.696035751867922,12.721764994007804,75.95048313878594,0.09919173022121623,-0.0517356607048637,6.771356000172091,30.0
298,9.933333333333309,track,1,320.5002565418163,239.45808106721395,320.55145904815095,239.41764378142148,1,0.06524469892036623,0.802026088793018,7.119498478862624,87.51482311655889,0.12426878197058809,-0.0790873834667578,7.404676000078325,30.0
299,9.966666666666642,track,1,320.4770463181678,239.4139878812776,320.44894372774866,239.44515377263292,1,0.04196508515706344,0.7137260025446319,4.579091834255038,77.87869936270991,0.09881694917035667,-0.08231181520039718,7.008922000750317,30.0
300,9.999999999999975,track,1,320.4790711580626,239.41748056607534,320.477558262146,239.48633076085798,1,0.06886681476344123,0.701368648418665,7.513921482595867,76.53124285706525,0.09779867319457819,-0.0832342971856797,19.43567999842344,30.0
301,10.033333333333308,track,1,320.46441025641025,239.52030769230768,320.50698228460374,239.5289207740284,1,0.0434345802470215,0.6920597330028911,4.739869869090415,75.51646249102244,0.0967713631362449,-0.0538436097221201,6.95320399972843,30.0
302,10.066666666666642,track,1,320.5073185606831,239.3937792234194,320.5372559802877,239.41127687191397,1,0.03467588204245588,0.7970187638307389,3.7839177342474106,86.96815373568543,0.1222853674590488,-0.0845656530271276,7.312536999961594,30.0
303,10.099999999999975,track,1,320.4419961766777,239.4488379112587,320.4268177430729,239.45402378433073,1,0.0160398917145826,0.6930103995456142,1.750359223887496,75.61808257538742,0.09653623048945553,-0.08281647142175638,8.09186000151385,30.0
304,10.133333333333308,track,1,320.432757718472,239.32046049188907,320.44906313105776,239.48400534499729,1,0.16435566755601067,0.6840381419678037,17.932550540239312,74.63975687588318,0.09554506418675189,-0.09053818998859525,6.540598000356113,30.0
305,10.166666666666641,track,1,320.46239439521946,239.71811250772717,320.4719418393033,239.5517569208862,1,0.1666293340373805,0.6508847499046471,18.180605025085928,71.02337563737332,0.0945476832319761,-0.0563414979275818,6.697400000120979,30.0
306,10.199999999999974,track,1,320.54692521962716,239.58238697235913,320.49547928542984,239.43373775279633,1,0.1572999511190768,0.752431162896786,17.163010446620163,82.1025935041256,0.12217907136945516,-0.05523589262799532,7.203310000477359,30.0
307,10.233333333333308,track,1,320.368161757159,239.25895514728523,320.3669810413912,239.3064579309646,1,0.04751745518241251,0.7846500406311697,5.184535343551978,85.61493122380574,0.09451209705269431,-0.09294191345038424,8.550656000807066,30.0
308,10.26666666666664,track,1,320.34216133942164,239.40618975139523,320.38136411513847,239.37693728416775,1,0.048913847352246694,0.7305105996326148,5.337501849488564,79.7084173670592,0.09349852608695314,-0.08682453460017724,8.14391899984912,30.0
309,10.299999999999974,track,1,320.39114091232346,239.415320532358,320.396469498186,239.4114756974741,1,0.006570889024995456,0.7096118077198638,0.7170204235378873,77.4286267959938,0.09245999285473716,-0.08745658599129214,7.111902999895392,30.0
310,10.333333333333307,track,1,320.32520080321285,239.51385542168674,320.4124228666419,239.44609500792308,1,0.11044981675968168,0.6905819004121625,12.052295443888646,75.35279245836584,0.09137809050247907,-0.05793122928100104,8.596327001214377,30.0
311,10.36666666666664,track,1,320.40364716729846,239.37352730253048,320.4294481345771,239.3199807723779,1,0.059438378207137335,0.8042710054624105,6.485420180157182,87.75685432299204,0.09030867278407081,-0.0896948609482052,8.865906000210089,30.0
312,10.399999999999974,track,1,320.629412392023,239.23984216700438,320.44747139755714,239.36003285178776,1,0.2180557868434936,0.780889622432415,23.794576868289596,85.20628406176039,0.12227073484448178,-0.09795558463437953,7.340078000197536,30.0
313,10.433333333333307,track,1,320.35462532299744,239.52093023255816,320.2903175119975,239.44092784791928,1,0.10264441584182607,0.6299570850499123,11.200109150383536,68.73595717365261,0.09063019284710776,-0.05992774582509716,7.371987001533853,30.0
314,10.46666666666664,track,1,320.35732888842585,239.26534013959787,320.2971931831694,239.31581905838425,1,0.07851384775015993,0.7459405800682555,8.567382856343576,81.39038653214193,0.0896994977229099,-0.09744055948387045,7.677138000872219,30.0
315,10.499999999999973,track,1,320.28430374592836,239.33774429967428,320.30430544654564,239.38761577903233,1,0.053732973870274,0.6838247135688511,5.862842078527587,74.61337821248354,0.08870166164385294,-0.0953236580926752,8.629759999166708,30.0
316,10.533333333333307,track,1,320.36513968775677,239.45706655710765,320.31200534128334,239.44498552921777,1,0.054490457972329945,0.636701182476526,5.946350288102317,69.47216271188202,0.0876991327886425,-0.09048484905015852,8.186990000467631,30.0
317,10.56666666666664,track,1,320.3075812274368,239.47983496647757,320.32031091829003,239.4734376498468,1,0.014246778207483081,0.6163335079116377,1.554658205074489,67.25014966320049,0.08667507381631086,-0.09021599776052106,7.06168399847229,30.0
318,10.599999999999973,track,1,320.2254759933775,239.49141142384104,320.3293300964317,239.49737161121902,1,0.10402499004940906,0.6009106502836143,11.351970533556715,65.56766444950101,0.08560263429589518,-0.09038364849431217,7.474681999156019,30.0
319,10.633333333333306,track,1,320.3286479927192,239.52816260491454,320.3393140657786,239.51914196545226,1,0.0139691463882554,0.5885222889783388,1.5243036942294117,64.21628879238091,0.08454811723864494,-0.06446377833435049,8.317551999425632,30.0
320,10.66666666666664,track,1,320.3397580479803,239.3900963707197,320.3501604693447,239.39964198660687,1,0.014118397674943819,0.6950123009969328,1.5405789039942737,75.8348289320116,0.08352826056642015,-0.09522425787728062,6.998393999310792,30.0
321,10.699999999999973,track,1,320.3629040481289,239.44305088202304,320.3616777503328,239.44119376787557,1,0.002225461579419449,0.6656389412788838,0.24282878447910575,72.6303501709072,0.08255557885777082,-0.09342636987442565,6.8038690005778335,30.0
322,10.733333333333306,track,1,320.35479658463083,239.5128076343546,320.3736076767252,239.47017975151243,1,0.04659392215073717,0.6482994615264152,5.083917269331792,70.73883854728399,0.08162309956742425,-0.06506244938678182,10.26724099938292,30.0
323,10.766666666666639,track,1,320.3892270237371,239.337289511057,320.38572927271093,239.3449416729154,1,0.008413670028476972,0.7601897682217023,0.9180269668834127,82.94658693222395,0.08074614732265849,-0.09854458713220879,11.592483000640641,30.0
324,10.799999999999972,track,1,320.3588043478261,239.4058695652174,320.3977399005248,239.39535258921228,1,0.04033093165607007,0.7237371897600545,4.4011566843577965,78.96976224150838,0.07990827317317106,-0.09610501459670681,7.055819000015617,30.0
325,10.833333333333306,track,1,320.43521935219354,239.33610086100862,320.4094247196224,239.42985762843477,1,0.0972403954521119,0.7019194575532829,10.609838377562035,76.58966544070879,0.0791270685321845,-0.10070707936322798,7.583268999951542,30.0
326,10.866666666666639,track,1,320.3872760963558,239.3726580193535,320.4204751381694,239.48603994043356,1,0.11814244116805132,0.6640438875918795,12.890467175371969,72.45766965919938,0.07838300142424506,-0.10001340486539555,7.798933000231045,30.0
327,10.899999999999972,track,1,320.5741149280387,239.62075848303394,320.430686804538,239.53568349980446,1,0.16676144453204608,0.6333095103952004,18.197401728391057,69.10481991250631,0.10778402743681764,-0.0681989488787589,7.9467260002275,30.0
328,10.933333333333305,track,1,320.25430327868855,239.39784836065573,320.27927967373125,239.41283888742464,1,0.029129644730728474,0.6501963613249218,3.178692886148164,70.94395587864514,0.07913375900807382,-0.09846377936447796,6.462942999860388,30.0
329,10.966666666666638,track,1,320.26002221549027,239.4415833585782,320.2758545042675,239.44862387647913,1,0.01732715384126452,0.6165317000070369,1.8908118352639856,67.27093904643868,0.07848700729811953,-0.09703682425370919,7.2944899984577205,30.0
330,10.999999999999972,track,1,320.2266049506943,239.3887100020125,320.2710531317539,239.47404401732797,1,0.09621608477467784,0.5916920617534867,10.498343509803243,64.5607500671395,0.07778887481217289,-0.10053670005440757,18.59667300050205,30.0
331,11.033333333333305,track,1,320.34204521883424,239.41568139390168,320.26514358180043,239.5154043082664,1,0.12593062148609238,0.5523894490454448,13.740950022322433,60.2725804610079,0.07709912247090633,-0.10005861051501337,6.37104900124541,30.0
332,11.066666666666638,track,1,320.160447761194,239.55368988391376,320.25807522522405,239.55151765915025,1,0.09765162719258717,0.5174352441885984,10.656467680655751,56.45882498517274,0.0763520535301705,-0.07029640136045973,7.219771001473418,30.0
333,11.099999999999971,track,1,320.3261815605708,239.4223256755389,320.2501478856816,239.42623098026752,1,0.07613390258075614,0.6259271944210018,8.308291284322971,68.29560769115417,0.07562474230093232,-0.09922502292909809,7.218022999950335,30.0
334,11.133333333333304,track,1,319.963002566296,239.4390504704876,320.2412503941266,239.45259107193624,1,0.2785771016793247,0.598212576924089,30.400383277716177,65.27166909906684,0.07473182706650447,-0.09908089490025188,7.23582199861994,30.0
335,11.166666666666638,track,1,320.18009860146896,239.50196196800482,320.2322602477077,239.47557245930193,1,0.05845719380808384,0.5735582517128217,6.37905075063538,62.5816219818095,0.07384076018778658,-0.07041174917482679,6.525971999508329,30.0
336,11.19999999999997,track,1,320.1479277586387,239.3856352437624,320.22316193477195,239.34307105582548,1,0.0864401026907285,0.6937988806746633,9.43257748741838,75.70040518278736,0.07294590997394208,-0.10125113738770945,6.6338090000499506,30.0
337,11.233333333333304,track,1,320.12456747404843,239.26053327905555,320.21397004988876,239.37249520016212,1,0.1432769777206328,0.6629822441581484,15.63374755692786,72.3380105758836,0.07204962956000636,-0.10871219898439222,6.924273999175057,30.0
338,11.266666666666637,track,1,320.110201511335,239.46914357682618,320.2046867081933,239.43919012277092,1,0.09911943217753932,0.5969961196764256,10.816470784025098,65.13841788642557,0.07115439838596668,-0.09916619384786175,7.035976999759441,30.0
339,11.29999999999997,track,1,320.1160906573685,239.33196595221003,320.19530087183966,239.45248125319608,1,0.1442157961123862,0.5813081873181075,15.735941959156794,63.426650322303104,0.07027432416950445,-0.10702754842418155,8.905340000637807,30.0
340,11.333333333333304,track,1,320.22025723472666,239.50934485530547,320.1857263325992,239.50523777333933,1,0.03477429113603341,0.5284732079783866,3.794818725031745,57.66192441192825,0.06944903807316077,-0.07322979705620616,6.960328000786831,30.0
341,11.366666666666637,track,1,320.2341772151899,239.360146998775,320.1756655868994,239.3753078578402,1,0.06044387721514014,0.6489211592303931,6.596009666156956,70.80341648826472,0.06870404986811614,-0.10548062329454563,7.503045999328606,30.0
342,11.39999999999997,track,1,320.154632721202,239.4892529215359,320.16468514998746,239.4149808014372,1,0.07494931052679582,0.6077570742603159,8.177595987636613,66.31202844869055,0.06798598201230796,-0.09971403617081126,8.78264800121542,30.0
343,11.433333333333303,track,1,320.1339004410838,239.49663936147869,320.15263628834396,239.42152741977975,1,0.07741340813024099,0.5982711447045503,8.446510577263314,65.27692733862779,0.06729422543083023,-0.09983297527870427,8.466956000120263,30.0
344,11.466666666666637,track,1,320.20897528694036,239.5352083548754,320.1393735879326,239.42636767733052,1,0.12919245176556532,0.5903211317786192,14.09665826403746,64.4094001813256,0.06665411696882224,-0.07395404330359356,6.5268569996987935,30.0
345,11.49999999999997,track,1,320.1391268869849,239.36780905752755,320.12461657603376,239.29087688875097,1,0.07828861805248105,0.719989498485831,8.541967179783661,78.55703717651231,0.0660418993722493,-0.10570124767534464,9.045998000146938,30.0
346,11.533333333333303,track,1,320.12416985308914,239.34272489434494,320.1082115565134,239.3224252090945,1,0.025821395215322996,0.686161306278417,2.817512274139795,74.866023220798,0.06544987213877286,-0.10794041677686958,11.470429999462795,30.0
347,11.566666666666636,track,1,320.01610556940983,239.40762676641728,320.0900459738855,239.3636673437693,1,0.08602101053560712,0.6426721767733619,9.386813854392928,70.12092470830132,0.0648397110288199,-0.10559231126657347,7.889308000812889,30.0
348,11.59999999999997,track,1,320.0748580278782,239.4110480123903,320.0702117399808,239.39016885221554,1,0.021389888284624764,0.6138596885602136,2.3338276406821845,66.97716260594589,0.06424239961384016,-0.10624518215206222,7.203042001492577,30.0
349,11.633333333333303,track,1,320.2199692780338,239.48305171530978,320.0486355923583,239.41796609463336,1,0.18327948566593458,0.5840624006391709,20.000366245196002,63.72596270971418,0.06373463163305879,-0.1032650879594735,6.633496001086314,30.0
350,11.666666666666636,track,1,319.9643002441009,239.48515052888527,320.02483530681275,239.42771453693854,1,0.08344691119766505,0.5728240948982115,9.105577995544644,62.499715898980845,0.06319470361949128,-0.10366055486802743,7.338703000641544,30.0
351,11.699999999999969,track,1,320.00157364666387,239.40841376416282,319.99897781587447,239.4374485764315,1,0.029150620250096355,0.562552352247615,3.180570536666264,61.37896568611014,0.06263917472230565,-0.10817228012505589,7.667936999496305,30.0
352,11.733333333333302,track,1,320.0556745182013,239.50647496686042,319.97114180825724,239.46915311900375,1,0.09240508307402764,0.5316307048074905,10.083634488460174,58.00519674072854,0.06210018810456357,-0.07797400418109816,7.129499999791733,30.0
353,11.766666666666636,track,1,319.9685264663805,239.30308604128345,319.9412346141826,239.33773980772366,1,0.04411041515206571,0.6648623412738602,4.813127017428171,72.5419053164619,0.061541178245400285,-0.11311532929747736,10.412996000013663,30.0
354,11.799999999999969,track,1,319.92439024390245,239.47123983739837,319.9093586517588,239.39171828399253,1,0.08092976101812682,0.6149979675088154,8.830139022076835,67.10146132436944,0.060952768508863324,-0.10542087340522265,11.911991001397837,30.0
355,11.833333333333302,track,1,319.8609489438488,239.4753210911793,319.8756664196585,239.40266293593618,1,0.07413374142414156,0.6101396621306657,8.088641397086583,66.57161367023544,0.06033329039790901,-0.10571520036351428,7.022350000625011,30.0
356,11.866666666666635,track,1,319.8308219889847,239.36246492777718,319.84031938710564,239.41321260817222,1,0.05162874815975736,0.6081260900030291,5.633143658266262,66.35223871096672,0.05967038216870309,-0.11214331021800204,7.08396599839034,30.0
357,11.899999999999968,track,1,319.72923354735155,239.51444622792937,319.80354502458863,239.45611292627996,1,0.09447205793501895,0.578279954973051,10.308791815192125,63.09626776212071,0.0589540947200591,-0.07969669823187565,8.079594999799156,30.0
358,11.933333333333302,track,1,319.77856701667696,239.33487749639696,319.76562393649033,239.32406426942885,1,0.016865621903191897,0.715416837241793,1.8403670606509748,78.05919436894303,0.05821410975420421,-0.11315374846145715,6.11297900104546,30.0
359,11.966666666666635,track,1,319.65492885658716,239.32439348960997,319.72667849686536,239.36858517540577,1,0.08426693285936787,0.6880329387414105,9.19538210607231,75.07200858802916,0.05742605212941262,-0.11472502158755198,4.819846000827965,30.0
360,11.999999999999968,track,1,319.65534926659143,239.37378192635143,319.68696115266334,239.41965061406722,1,0.05570680258094963,0.6593926976350392,6.078406145615604,71.94790562290287,0.056598515243904225,-0.11323410982688473,19.488025000100606,30.0
361,12.033333333333301,track,1,319.81567905025076,239.5253300583359,319.6466785915761,239.4609614869803,1,0.1808437668558185,0.6445141861659284,19.73456646896477,70.32541538036241,0.0558312854206906,-0.08135440892570754,10.491896000530687,30.0
362,12.066666666666634,track,1,319.5647891658972,239.3136349646045,319.605505379825,239.3304769110248,1,0.04406201579408463,0.7771017771295686,4.80824853107293,84.79191059122715,0.055008820138599826,-0.11593371471380956,5.661565999616869,30.0
363,12.099999999999968,track,1,319.51610954490536,239.41673378977043,319.5637323827207,239.38267768360947,1,0.05854701570900114,0.75592081344566,6.3886995983262755,82.48189731258819,0.05413867331746077,-0.11160425375026649,7.452830999682192,30.0
364,12.1333333333333,track,1,319.51118760757316,239.42057304849652,319.5216102503646,239.41008324465815,1,0.014787409080863373,0.7595120346573169,1.613567230250763,82.8746892245167,0.05325362460198236,-0.1121116904168955,7.696718001170666,30.0
365,12.166666666666634,track,1,319.459886547812,239.43861426256078,319.47921488050133,239.4385233430928,1,0.01932854652835914,0.7658153673979884,2.1092740992367194,83.56345818424029,0.02410753453560893,-0.11184344584624385,6.938830998478807,30.0
366,12.199999999999967,track,1,319.6027567623588,239.40812519432066,319.58726832044636,239.46389407092147,1,0.057879697910334864,0.6765774209211587,6.3152188380924175,73.82489782840838,0.049599708655437176,-0.11404296164603253,7.004119999692193,30.0
367,12.2333333333333,track,1,319.5645011839802,239.49994852259857,319.5543630605018,239.49938997052163,1,0.010153498317605673,0.6702258451146362,1.1080243192825998,73.13275383582128,0.04878526590631457,-0.10990521250832777,7.073548998960177,30.0
368,12.266666666666634,track,1,319.48895342806765,239.51218753241363,319.5207976958327,239.5112455424976,1,0.03185819728883414,0.6844821166748813,3.4766018322930146,74.68898723568648,0.02130635420909794,-0.08404606784797566,11.414525999498437,30.0
369,12.299999999999967,track,1,319.5907052588667,239.45505503465145,319.62877943864396,239.38364668227405,1,0.08092463132425214,0.719511026632172,8.82987268445459,78.50812911437303,0.04556238349237291,-0.1110356027746719,11.31532299950777,30.0
370,12.3333333333333,track,1,319.67170232180877,239.36165466896483,319.60238538751946,239.39848644186418,1,0.07849469328672376,0.7210519680850085,8.565586908101238,78.67679616880268,0.04501491969426305,-0.11634390461702998,6.940560999282752,30.0
371,12.366666666666633,track,1,319.62800082781456,239.40045529801324,319.5738976954183,239.44016509309904,1,0.06711197181461233,0.7035469401217364,7.323299530807748,76.76761031478567,0.044569812832393134,-0.11509681206920662,9.713515999465017,30.0
372,12.399999999999967,track,1,319.522879804759,239.4203782794387,319.54276738796307,239.473754132963,1,0.05696049249389339,0.6971344017358815,6.214980455926524,76.06876225888409,0.04418242428157479,-0.11471681042031372,9.667398000601679,30.0
373,12.4333333333333,track,1,319.45122681029324,239.47636146020346,319.50868363624636,239.50391173015066,1,0.06372051649799443,0.6982086656395841,6.953423500244083,76.18686232485936,0.015130973030290106,-0.11236101939395725,7.351165000727633,30.0
374,12.466666666666633,track,1,319.57230018303846,239.52837095790116,319.62451851626724,239.52013410676273,1,0.05286397678824961,0.6093091334606426,5.768883676671086,66.48499354475219,0.0416159655969381,-0.08530909479657965,7.711725000262959,30.0
375,12.499999999999966,track,1,319.5572113912422,239.40144942329283,319.59407480881487,239.39074239545278,1,0.038386872760138524,0.7320997811345862,4.189001855613875,79.88231378262519,0.0413860756636089,-0.1150968420379207,8.303017000798718,30.0
376,12.5333333333333,track,1,319.3350042662116,239.50191979522185,319.55982910796956,239.4189154353486,1,0.23965795048245372,0.7289785219517678,26.152692414583914,79.54254916265712,0.006384256585822923,-0.08435314440665992,7.491678999940632,30.0
377,12.566666666666633,track,1,319.7786363161742,239.3419651247781,319.70722899621865,239.2818528521026,1,0.09334072353185151,0.7755321957780532,10.185279933103713,84.61891580575008,0.03878223434739307,-0.11727643046807129,7.0112590001372155,30.0
378,12.599999999999966,track,1,319.7568769389866,239.2741468459152,319.6768062571455,239.31914596406068,1,0.09184897780798103,0.7536686365208376,10.022812908106834,82.23397100068838,0.03886074102417428,-0.12171465918408228,7.33546599985857,30.0
379,12.633333333333299,track,1,319.5982817513715,239.34830762860986,319.64092884297474,239.37890860906668,1,0.05248994596241061,0.7174166235172812,5.727745497199908,78.27938389789294,0.03900769373186869,-0.11902386464062027,8.267322000392596,30.0
380,12.666666666666632,track,1,319.5927957768347,239.35617430907774,319.59922922106625,239.42315354314144,1,0.06728749512680486,0.7024023434168188,7.341616349576207,76.64215533165745,0.03920341480785133,-0.11957730170961312,7.326926999667194,30.0
381,12.699999999999966,track,1,319.63107092054463,239.46088193456615,319.5514448794331,239.46921761602187,1,0.08006116417104546,0.6949328279253185,8.736850196360683,75.82835195594902,0.03945123415635011,-0.11500870109136808,6.515449000289664,30.0
382,12.733333333333299,track,1,319.4321025641026,239.4674871794872,319.4972956197562,239.4898176402561,1,0.06891142128561847,0.7162386013823734,7.519984155530325,78.15421042529833,0.009946683628414624,-0.11516037085948087,6.592118999833474,30.0
383,12.766666666666632,track,1,319.5578280730897,239.5839908637874,319.5954584803651,239.51016280186673,1,0.08286513306979042,0.6352907379960554,9.041580967418597,69.32030319459402,0.03782833028119545,-0.0876914714333459,10.83627499974682,30.0
384,12.799999999999965,track,1,319.41486906792414,239.36640915019564,319.53987154850824,239.38297787086447,1,0.12609576779884477,0.7696976677339934,13.760461566696089,83.98551404860332,0.007336151513089719,-0.11933404962916225,10.153593000723049,30.0
385,12.833333333333298,track,1,319.6440887971089,239.37387712958184,319.64185977189595,239.42355859336362,1,0.04973144273897922,0.6786376929344144,5.4261004908669745,74.0484722372138,0.0360403145783492,-0.1196841570153439,7.321135999518447,30.0
386,12.866666666666632,track,1,319.6184237253707,239.53808653260208,319.5857072795013,239.4650463815883,1,0.08003267764130982,0.6766194145233775,8.732465326179053,73.82951637677674,0.03623300703319141,-0.08762477072024598,6.686839999019867,30.0
387,12.899999999999965,track,1,319.5178921315871,239.21047746725793,319.52347327331245,239.33462524818583,1,0.12427316947869439,0.8184138816022867,13.55920254394401,89.30088944140645,0.036436822018226414,-0.12748537232848883,9.503050001512747,30.0
388,12.933333333333298,track,1,319.4854329509694,239.37965688762563,319.45509653190993,239.41590316131374,1,0.047266168425486345,0.798804673559108,5.1574951052754425,87.16319604929147,0.009737004475267801,-0.11998424562923972,9.289600000556675,30.0
389,12.966666666666631,track,1,319.53609800180743,239.4114870970981,319.5240612675573,239.4563189877182,1,0.046419622876328004,0.7225695261737537,5.064813044147949,78.84420182920539,0.03503358251668187,-0.11909404302044785,6.534931999340188,30.0
390,12.999999999999964,track,1,319.3674379993774,239.41444432914807,319.45305161598117,239.49116578996222,1,0.1149603144456254,0.74703734048947,12.544327486579718,81.51552318595898,0.0020793462304000386,-0.11959838766022343,19.252222000432084,30.0
391,13.033333333333298,track,1,319.5358769355328,239.46139054751544,319.55273690586296,239.52791600179364,1,0.0686286723349261,0.650313444993675,7.488017946366073,70.96037086591753,0.03305886885912954,-0.1177537664588459,6.849893999969936,30.0
392,13.066666666666631,track,1,319.5196634907764,239.58179606730184,319.48213548203694,239.55407669946726,1,0.04665527615497973,0.68339684585395,5.091049725890561,74.57168003100081,0.03317210036595844,-0.08994534996362662,4.857809999521123,30.0
393,13.099999999999964,track,1,319.36567164179104,239.45062359435698,319.40586602967164,239.43120924578272,1,0.044637492622897616,0.8225072016591675,4.8710099126847055,89.7504463362475,9.636638862640934e-05,-0.11710411975152828,6.7865399996662745,30.0
394,13.133333333333297,track,1,319.52551541130845,239.46836088997753,319.50093490402674,239.45250694688195,1,0.02924976666409727,0.7408202300364939,3.1917844231842203,80.83594034998447,0.031138914698067163,-0.11650602825243711,9.251920999304275,30.0
395,13.16666666666663,track,1,319.47867250330853,239.57202483966202,319.4253765457647,239.46996822810047,1,0.11513475172134983,0.7817453507250555,12.56260176881827,85.30287030853415,0.003962503064462053,-0.08893757418063683,8.946180998464115,30.0
396,13.199999999999964,track,1,319.6445897489981,239.3322083948534,319.489690760975,239.33978621211793,1,0.15508423454714032,0.8344445848250549,16.92393275832094,91.0506391162679,0.02956179198354996,-0.12228452872027354,6.150428998807911,30.0
397,13.233333333333297,track,1,319.25245073269326,239.46700353714,319.41240590665575,239.3868781700961,1,0.17890145924861964,0.8492262341907165,19.522355760542567,92.6652682371566,-0.009477536595921172,-0.11599704286041931,5.443216001367546,30.0
398,13.26666666666663,track,1,319.66843339109164,239.4626439710529,319.5382601096503,239.399895545268,1,0.14450760581950495,0.757184972730788,15.76921139921034,82.62040508277282,0.027132713874090147,-0.11654012076994635,11.25062900064222,30.0
399,13.299999999999963,track,1,319.4791666666667,239.48294526143792,319.46378785546653,239.41530316785713,1,0.06936829721077065,0.793343462482097,7.5687027225826125,86.56715408087688,3.0192923850556885e-05,-0.11581015837858935,10.412705001726863,30.0
400,13.333333333333297,track,1,319.5362377850163,239.43699104234528,319.52878957238954,239.42634667576203,1,0.012991474561871654,0.7423728197463189,1.4175567206525919,81.00462046409916,0.025607234886083744,-0.11849269537023342,6.810927001424716,30.0
401,13.36666666666663,track,1,319.4945226917058,239.36066770996348,319.452306645881,239.45126127920253,1,0.09994693248196351,0.7752949076632639,10.905356436337717,84.59838728113778,-0.0006438192095148294,-0.12297327787023268,8.881752999513992,30.0
402,13.399999999999963,track,1,319.58573611818645,239.48986245542537,319.5107547162106,239.49967179302973,1,0.07562032627870582,0.6997780093717146,8.252225235677288,76.35801895518655,0.0242492597527477,-0.11696310961334591,8.980530999906478,30.0
403,13.433333333333296,track,1,319.399534601376,239.36817078106031,319.43136427534364,239.51566280859697,1,0.15088746247372878,0.7469465190571798,16.463160392924884,81.50624309562043,-0.00696043889790008,-0.12366196257456989,7.50411199987866,30.0
404,13.46666666666663,track,1,319.3917760099184,239.6315735096601,319.51334941247796,239.56705105566175,1,0.13763444074752396,0.6513628656433734,15.019102550582826,71.07595691753946,-0.00931539226623733,-0.09129986569791118,6.40869900053076,30.0
405,13.499999999999963,track,1,319.64906177524773,239.45308876238667,319.6028175017059,239.44554677083806,1,0.046855250206697535,0.6820354245046607,5.113168282931512,74.42001244395765,0.020574807843320525,-0.11834405350808004,7.365557999946759,30.0
406,13.533333333333296,track,1,319.55453087409785,239.44356455493184,319.5277938137526,239.468018791978,1,0.03623368743882723,0.7113246010218027,3.953768123656125,77.61729008876554,0.0208401276386294,-0.11919937860384235,9.32463299977826,30.0
407,13.56666666666663,track,1,319.5467071935157,239.61337386018238,319.4462772065872,239.4948285191831,1,0.1553678864730409,0.7495379623312155,16.953139636119584,81.78852810501616,0.021166822770490493,-0.0904639359387446,9.185835000607767,30.0
408,13.599999999999962,track,1,319.27516360236837,239.3890100758284,319.35793991506625,239.36819387197806,1,0.08535357219587848,0.9007886189729527,9.314315280270735,98.29212804886312,-0.016494812139628535,-0.12086006207552857,6.667241001196089,30.0
409,13.633333333333296,track,1,319.4922476743023,239.41622486746024,319.46538600976464,239.4035185758422,1,0.029715296875777435,0.8010007540075553,3.242647818048914,87.40251723893407,-0.007444403060270381,-0.1200463250813003,11.143781999635394,30.0
410,13.666666666666629,track,1,319.51189507930053,239.4792598617324,319.5194843067925,239.43438539484612,1,0.04551169247844989,0.7421692616796214,4.9657145697398715,80.98264371579523,0.017551600647174835,-0.11728717645468413,10.121770999830915,30.0
411,13.699999999999962,track,1,319.4484206317473,239.44782087165134,319.43519142589685,239.45045417456686,1,0.013488742405370412,0.7880414580664088,1.4719814724394251,85.98948528191463,-0.011051643114726256,-0.11926959632207702,7.093915999575984,30.0
412,13.733333333333295,track,1,319.5277180038938,239.5745465723947,319.49836988505353,239.4770486593825,1,0.10181922765960888,0.7246453455828272,11.109457009694998,79.07134524050409,0.01614430599226094,-0.09080122593562356,8.71102600103768,30.0
413,13.766666666666628,track,1,319.5470314919979,239.3058337635519,319.4114239274827,239.3518000164231,1,0.14318627014058016,0.8755484063425423,15.62525974772066,95.53701643976936,0.0164719939911804,-0.12561165431057889,6.7823070003214525,30.0
414,13.799999999999962,track,1,319.3210281362386,239.37010789083985,319.3176509579939,239.41223055491912,1,0.04225782959442826,0.9005959891634551,4.610672752396216,98.27226179674044,-0.018747501114721267,-0.1232365552984381,6.351660000291304,30.0
415,13.833333333333295,track,1,319.3364298532672,239.5190541539111,319.4066360390939,239.4600528432744,1,0.09170639664264936,0.8022616294939225,10.006944705817425,87.5416803018924,-0.02007927128063676,-0.09106197011124152,6.769731000531465,30.0
416,13.866666666666628,track,1,319.5053115423902,239.46189989785495,319.4976447974302,239.33637166626897,1,0.1257621401828999,0.8323240443959017,13.721665398042498,90.81909887391089,0.012547911374097873,-0.11773052834153847,6.163812000522739,30.0
417,13.899999999999961,track,1,319.5550175149392,239.36544405522358,319.40956305132886,239.35505249436721,1,0.14582518822619733,0.8743986936049474,15.91350986783454,95.41163234059601,0.012886087035471163,-0.12321913693394661,7.20730899956834,30.0
418,13.933333333333294,track,1,319.3004529441369,239.44257674886762,319.3145991451647,239.40317096087676,1,0.041868020381907345,0.9088339968056305,4.568228940649862,99.17109257305776,-0.023372430494000226,-0.11998629436151008,6.17229099952965,30.0
419,13.966666666666628,track,1,319.43572298943945,239.43480909829407,319.4079358234021,239.4342480147127,1,0.027792830211623033,0.818911044050001,3.0329591914042875,89.35805515084687,-0.0184212802365041,-0.12093399867902302,7.870172999901115,30.0
420,13.999999999999961,track,1,319.54894685146786,239.6916948597621,319.46978864565335,239.47061524944831,1,0.2348237970144096,0.7492478190790922,25.62167392625808,81.75621442266763,0.009458444372308425,-0.09186240663379257,18.62669299953268,30.0
421,14.033333333333294,track,1,319.4155200323755,239.32051800890326,319.377872410211,239.35220508095745,1,0.049207865123463146,0.8981542156634371,5.369530792276265,98.00417536573444,-0.02073299191161313,-0.1259332032804097,7.55494999975781,30.0
422,14.066666666666627,track,1,319.38674428104576,239.48784722222223,319.44190057701826,239.41581222966784,1,0.090726275894676,0.8079296485079733,9.899613555931113,88.1590719018574,-0.023909268299049997,-0.11807214176032581,7.260238999151625,30.0
423,14.09999999999996,track,1,319.50168212865736,239.46457335100416,319.5177929688168,239.43783541497578,1,0.031216604455023972,0.7406433970393239,3.4061427726730953,80.81621474749718,0.006403838290879305,-0.11960508798655695,7.100791999619105,30.0
424,14.133333333333294,track,1,319.40747239137164,239.50851481060997,319.4269402922473,239.4684112879777,1,0.04457904992283425,0.7816546471422916,4.86409618132796,85.29293023426962,-0.024162773452005036,-0.09197994843679667,9.39070599997649,30.0
425,14.166666666666627,track,1,319.47066820035553,239.3826205165743,319.49403520125793,239.35206531243477,1,0.03846605297116135,0.8220825608881082,4.197229708816131,89.7018301882515,-0.02246648184190881,-0.12277249688379296,8.801941999990959,30.0
426,14.19999999999996,track,1,319.4869565217391,239.51601023017903,319.5470097744469,239.400393721633,1,0.13028265505876266,0.7514837546505959,14.215417732364198,81.998191383135,-0.022976647226055108,-0.0911212209724031,8.288183000331628,30.0
427,14.233333333333293,track,1,319.5490034929114,239.31014998972674,319.59763275255955,239.28039799032308,1,0.057008651645516564,0.8244552469017749,6.220904994234008,89.95847772073532,0.002608815443393228,-0.12573243223135608,7.078086000547046,30.0
428,14.266666666666627,track,1,319.4595871418301,239.263633562699,319.5067284963659,239.34551322672326,1,0.09448061540968132,0.8195545818868049,10.309047811872922,89.42572585739599,-0.025055422294292893,-0.1291914965158204,8.91271799991955,30.0
429,14.29999999999996,track,1,319.52111064891847,239.38435940099833,319.5582965253607,239.4296297935524,1,0.058584962650624677,0.7214042777191733,6.39254632606734,78.71622895239193,0.0019510600685203397,-0.12411062968519579,7.384045000435435,30.0
430,14.333333333333293,track,1,319.3763495620289,239.4480545936036,319.4607608565784,239.48723650601244,1,0.0930617478212135,0.7441137376533079,10.155266957386836,81.19634693914479,-0.030031888651147063,-0.12158376833810684,7.477409000784974,30.0
431,14.366666666666626,track,1,319.54967426710095,239.49562296416937,319.5287330535966,239.53198980702518,1,0.041965243742093206,0.664173227027924,4.5789467981798175,72.47310348476458,0.0010770969653754112,-0.11962024072916466,7.189064999693073,30.0
432,14.39999999999996,track,1,319.4239164166753,239.57298024206062,319.425724137973,239.56692918736167,1,0.006315308326599671,0.7192656633442596,0.6890607382011362,78.48653711905999,-0.02838192419067484,-0.09351375129307063,8.982094999737456,30.0
433,14.433333333333293,track,1,319.39807875013196,239.2442731975087,319.47476489070596,239.46332718990152,1,0.2320892408953216,0.7509258452964088,25.323285761179335,81.93914857800867,-0.031107516878158714,-0.13158596794199395,7.634707000761409,30.0
434,14.466666666666626,track,1,319.48620904189136,239.51420572376608,319.53327851168274,239.56350521281422,1,0.06816138647980456,0.6390278921122605,7.437583512443589,69.7296719368227,-0.0279695127708509,-0.09321186873779472,8.264427999165491,30.0
435,14.49999999999996,track,1,319.54961600646726,239.52869846402587,319.56999404320186,239.45978449499376,1,0.07186375657391733,0.6904621023133974,7.841023296182432,75.340138513567,-0.0022379610642350445,-0.09166740492251937,7.60563099902356,30.0
436,14.533333333333292,track,1,319.4438999489536,239.3188361408882,319.4644141967351,239.34862463766024,1,0.0361688941215971,0.8432923664555251,3.9465416173092964,92.01654753869306,-0.030635767529172412,-0.12576422507497254,8.329838001372991,30.0
437,14.566666666666626,track,1,319.57686854365,239.44328539598948,319.5052305879708,239.42014732146276,1,0.07528191805937083,0.7622505492858154,8.215182351891809,83.17386775145152,-0.002755728258366466,-0.12012170854430933,9.341615999801434,30.0
438,14.599999999999959,track,1,319.39638996532733,239.56496022843157,319.3922964851731,239.46244420190123,1,0.1025977206147484,0.8113382759383073,11.19423588242865,88.53233163353096,-0.033602294342699124,-0.09140770651546917,6.816045999585185,30.0
439,14.633333333333292,track,1,319.5139175257732,239.3757731958763,319.43882230248005,239.35250209042977,1,0.07861829882508833,0.8568395130312427,8.579277242045812,93.49518081179554,-0.0034121957400023474,-0.12252032428248119,8.849056001054123,30.0
440,14.666666666666625,track,1,319.38132911392404,239.27763713080168,319.31928108716625,239.40943097435604,1,0.1456694024954025,0.9011936597311493,15.894210747759923,98.33741796248287,-0.03505876613755392,-0.12837955797067158,8.281267000711523,30.0
441,14.699999999999958,track,1,319.3944560669456,239.444769874477,319.3634704061726,239.49858076592864,1,0.062094470062636214,0.8103031359403561,6.775303773691888,88.42025945501173,-0.035862163458802096,-0.12072971446385053,8.03009499941254,30.0
442,14.733333333333292,track,1,319.37642910567365,239.61309969013783,319.4068954086699,239.54793762437203,1,0.07193254084993644,0.7457435535860993,7.848666436856475,81.37574288605721,-0.038306975532257814,-0.09212297819333895,7.521298999563442,30.0
443,14.766666666666625,track,1,319.5295848980006,239.4701106262052,319.45831245218915,239.44576596746606,1,0.07531549602223472,0.7749843625984771,8.218831930915478,84.56434357179052,-0.007232987643947163,-0.11827848342510158,7.199727999250172,30.0
444,14.799999999999958,track,1,319.40973713818147,239.47775391224303,319.33895682236425,239.4841655353274,1,0.07107012042877833,0.838488686651661,7.755686526079661,91.49593851538785,-0.037433246633437584,-0.11815856992682208,8.446492000075523,30.0
445,14.833333333333291,track,1,319.3995765275257,239.45382133494655,319.37562679451776,239.5230351510861,1,0.07324030349303537,0.7857081944485659,7.991255408890525,85.73667961669038,-0.03935675080675263,-0.11968373054374029,8.287746000860352,30.0
446,14.866666666666625,track,1,319.5374650222821,239.44367291947353,319.4175153747831,239.57118286863545,1,0.17506200350280443,0.7233066229240691,19.102260523072093,78.92764312638724,-0.009347891040668412,-0.12059630849934617,7.450630999301211,30.0
447,14.899999999999958,track,1,319.3410024650781,239.65488907148728,319.29431906044647,239.62537583932362,1,0.055230165134136956,0.7989548486689555,6.026818630580202,87.18446164599175,-0.04311698543272696,-0.09184173676550647,8.604369000750012,30.0
448,14.933333333333291,track,1,319.28774313059586,239.4727796645055,319.3461894517575,239.5274234552902,1,0.08001197615763138,0.8067197924949105,8.730775347292463,88.02986724321372,-0.04756526598798163,-0.11779348638331226,8.72748200163187,30.0
449,14.966666666666624,track,1,319.52205805302316,239.62527507073247,319.4167514593969,239.56912688384966,1,0.11934025955809917,0.7251417118996519,13.022780323158132,79.12786682139163,-0.012134462523031443,-0.09039326873062234,8.514032000675797,30.0
450,14.999999999999957,track,1,319.2086751435603,239.43232157506154,319.2933192927685,239.46597634730745,1,0.09108938297136764,0.8857645757244463,9.94010667086383,96.65494391169969,-0.05289379818558295,-0.11844251469600445,21.93981399977929,30.0
451,15.03333333333329,track,1,319.3800588294959,239.57419616593975,319.3822430910609,239.51373629170735,1,0.06049931727534446,0.7861780921295853,6.6009614040911515,85.78774068983084,-0.04606440090370541,-0.08910014217636676,8.598345000791596,30.0
452,15.066666666666624,track,1,319.56206896551726,239.27802955665024,319.4297190820348,239.40635198223697,1,0.18434515606947638,0.8231878852298528,20.115375700349677,89.82405297539137,-0.015093079194722131,-0.12534512013964416,8.218573999329237,30.0
453,15.099999999999957,track,1,319.2769640479361,239.46870838881492,319.3069932117928,239.49365644030513,1,0.03904043999615258,0.8582786312997139,4.260072614775129,93.65592499181362,-0.05219189609288992,-0.11642110877476168,8.572758999434882,30.0
454,15.13333333333329,track,1,319.3303580484836,239.5381884572472,319.3771091688268,239.53478212809125,1,0.046875050204353105,0.7774449536159813,5.115347740314363,84.83515004702008,-0.05121939725615055,-0.08903375239920648,10.391333998995833,30.0
455,15.166666666666623,track,1,319.3126175057447,239.52297890119073,319.4370229579697,239.43129152860604,1,0.15454219758626214,0.8002327631935844,16.86373373076119,87.31948457421227,-0.05380818650274388,-0.0875482041591216,9.576926999216084,30.0
456,15.199999999999957,track,1,319.5030571368332,239.3606367278094,319.50573121053844,239.32136119082259,1,0.03936646384658134,0.8395548043799953,4.295199891280393,91.60779580743855,-0.019507310021013913,-0.1195371323125271,8.105654000246432,30.0
457,15.23333333333329,track,1,319.42830501450476,239.38675922088686,319.3864922102639,239.38355514165914,1,0.041935387469083464,0.8697103376652239,4.576295218625436,94.90075638629766,-0.04856414965984643,-0.1190311122983238,8.87091200092982,30.0
458,15.266666666666623,track,1,319.4117826928957,239.43308531240444,319.41721701676715,239.444600388999,1,0.012732983347119985,0.8050495223561382,1.38931541385109,87.84553239071724,-0.05054635366128739,-0.1174295718614963,8.987877999970806,30.0
459,15.299999999999956,track,1,319.4490577446337,239.46568578050994,319.45351088627626,239.49868746538436,1,0.03330077589245106,0.741595987570934,3.6333928065541365,80.92187187796651,-0.049751616315623776,-0.11640102447964304,8.156640000379412,30.0
460,15.33333333333329,track,1,319.51459245361684,239.55013550135502,319.48056685050256,239.5489055499902,1,0.034047825887284056,0.6879658419038573,3.71554999562926,75.07018940504776,-0.021917115439724195,-0.08899721671819368,11.555344000953482,30.0
461,15.366666666666623,track,1,319.3012246578162,239.46207677266648,319.35417629539916,239.45461970983115,1,0.0534741405620291,0.8452975324280896,5.8354739676725425,92.23830024512944,-0.05750288060914697,-0.11576577413258522,9.117654999499791,30.0
462,15.399999999999956,track,1,319.42497913188646,239.51930300500834,319.4125841704906,239.50478225245183,1,0.019091551084490437,0.7683085150152094,2.083197176629423,83.83732255476158,-0.05249395971798116,-0.08812801779887575,7.9627319992141565,30.0
463,15.43333333333329,track,1,319.5296001653063,239.339291249096,319.43928908652174,239.4092591001205,1,0.11424356055471513,0.8144762361690328,12.466272022462617,88.87336650499388,-0.02341700570600657,-0.12132726246144684,7.30162299987569,30.0
464,15.466666666666622,track,1,319.3752117166484,239.4592009564611,319.3059318756468,239.49254708748094,1,0.0768873255042322,0.859790102098887,8.390233720986535,93.82085268929701,-0.055060038821847374,-0.11601735720722552,8.79215200075123,30.0
465,15.499999999999956,track,1,319.4041439933026,239.5752406864797,319.33635621702547,239.54929680947396,1,0.0725828310738229,0.802219693494931,7.9205960528505726,87.5392413157376,-0.054692961322431066,-0.08824715846844516,6.513518999781809,30.0
466,15.533333333333289,track,1,319.3897529734675,239.45583002948052,319.3598453408108,239.45975265861296,1,0.0301637781194544,0.8376545693526664,3.2916849072029164,91.4043102903544,-0.05651472261663537,-0.11531069016392001,7.737826999800745,30.0
467,15.566666666666622,track,1,319.3047980315768,239.54972319048596,319.38807694623983,239.51639371635144,1,0.08970078858926007,0.779951832684258,9.78857399843038,85.10830268624157,-0.06212559817790349,-0.0873296822103688,10.119161001057364,30.0
468,15.599999999999955,track,1,319.39166666666665,239.53600823045267,319.4412636072518,239.42568151651722,1,0.12096214417412837,0.8012665455709617,13.198332869656063,87.43215343684535,-0.05904655316211594,-0.08587481490893738,11.430789998485125,30.0
469,15.633333333333288,track,1,319.4600221261189,239.24781253142913,319.47306311740726,239.32912111214853,1,0.08234775499299402,0.8530773472560265,8.984839379850467,93.08388262663654,-0.05659179714844517,-0.12383627048423212,7.491116999517544,30.0
470,15.666666666666622,track,1,319.44730872344815,239.544235924933,319.4868091267497,239.43696508387677,1,0.11431235804536806,0.7618222818750584,12.472658253317183,83.12761665129571,-0.05810072066527071,-0.08576573570959335,7.46385200000077,30.0
471,15.699999999999955,track,1,319.46696665984865,239.34996931887912,319.5036454401452,239.34374156231797,1,0.03720373470267164,0.822826218661945,4.059926770447622,89.78273665344207,-0.05791302993022231,-0.11845332729168864,8.796848000201862,30.0
472,15.733333333333288,track,1,319.522683446666,239.35887546940018,319.51452770089554,239.4268591858547,1,0.06847117562918759,0.7511150018718137,7.470772284188544,81.95874737085315,-0.030747439035359987,-0.119006497130321,7.987257000422687,30.0
473,15.766666666666621,track,1,319.3746373808537,239.35132615002072,319.3755780993415,239.51496621981107,1,0.1636427737245458,0.7906709036927579,17.854736819670475,86.27809201179439,-0.06226713534460891,-0.1204501223767059,7.41876299980504,30.0
474,15.799999999999955,track,1,319.3483341875961,239.61588928754486,319.39978923024864,239.61284348927802,1,0.05154510938447899,0.7142430482125354,5.624980488985683,77.9394193805846,-0.06467488795440224,-0.08751786467820162,8.880041999873356,30.0
475,15.833333333333288,track,1,319.46407944067283,239.5251798561151,319.43190186198444,239.53718456125011,1,0.03434398805651667,0.7327575484169316,3.7477888765242233,79.95825921932175,-0.05974609467883187,-0.08618359572854904,11.475235998659628,30.0
476,15.866666666666621,track,1,319.4631796996375,239.46255825996894,319.4327922896148,239.4565435297062,1,0.03097695382092295,0.7855377278174664,3.3804119018767076,85.71640036021682,-0.06049685878443176,-0.11290514492783374,8.451042000160669,30.0
477,15.899999999999954,track,1,319.4805749401104,239.68586605561921,319.4327560972497,239.5205827882137,1,0.17206161750019308,0.7427021665273105,18.773557820166285,81.0431569492829,-0.06026544140524922,-0.08520113020069267,7.595167000545189,30.0
478,15.933333333333287,track,1,319.4525656007649,239.4671199405078,319.4265596666046,239.4390639002405,1,0.03825506511601853,0.8021739985676584,4.174276818814328,87.53155784220091,-0.062335172452693835,-0.11160038291426386,8.37464399955934,30.0
479,15.96666666666662,track,1,319.31187247696926,239.4701376669082,319.42648054374376,239.5005687357002,1,0.1185793359637939,0.7604973073355,12.940103608781278,82.98473524246032,-0.0704587360821016,-0.11186922739922701,6.693207000353141,30.0
480,15.999999999999954,track,1,319.56448290070045,239.49783683559951,319.4648106616464,239.5657660982862,1,0.12061898676078753,0.6891927954389371,13.162094893701354,75.20451400839747,-0.03566663341780969,-0.11087127290448223,18.87572200030263,30.0
481,16.03333333333329,track,1,319.41127370156636,239.6331409727947,319.3126713639713,239.6279305765696,1,0.0987399068666618,0.7815729714856625,10.775224377276594,85.28759408008064,-0.06521963518037444,-0.08492797506451086,11.656311000479036,30.0
482,16.066666666666624,track,1,319.4817927170868,239.5359477124183,319.31324150949786,239.55405105626573,1,0.16952062009724825,0.8188453362476269,18.499307712436014,89.35375525792934,-0.06232599736481165,-0.08346879381939129,8.326944000145886,30.0
483,16.09999999999996,track,1,319.284618490109,239.4566007266855,319.2934773935194,239.47474007474636,1,0.020187028451667265,0.8803818390593716,2.2026418322843195,96.06770618983279,-0.07327872399162093,-0.11043684464999771,7.321656999920378,30.0
484,16.133333333333294,track,1,319.26263141778094,239.57272634479943,319.3272314039041,239.54163998214995,1,0.07169044671283376,0.8140709366243082,7.823130886331204,88.83244236313612,-0.07584505594982557,-0.08247316605645241,7.650288000149885,30.0
485,16.16666666666663,track,1,319.4540129483095,239.45483506320008,319.36978128432156,239.46181186238243,1,0.08452010970776236,0.8287473083296535,9.223448992334738,90.43226335289621,-0.0673117631311144,-0.10957796234091191,7.404934998703538,30.0
486,16.199999999999964,track,1,319.4959644874899,239.55205811138015,319.36193428884735,239.5289844156364,1,0.13600179992720887,0.7930848204713865,14.841447441623327,86.54186184540006,-0.0658807409068482,-0.08158342233243714,6.483126999228261,30.0
487,16.2333333333333,track,1,319.4382965810237,239.58618248027514,319.34157451777764,239.44932454078264,1,0.16758655411667958,0.8583516627956115,18.2861176379173,93.66283625075509,-0.06947690480245525,-0.0801764769350797,6.5375920003134524,30.0
488,16.266666666666634,track,1,319.3487569761542,239.35474378488078,319.33551902504246,239.36466262469412,1,0.016541666569002526,0.9193413656205676,1.8050337662716907,100.31682018770464,-0.07494792943209776,-0.11256566332281984,8.894067999790423,30.0
489,16.29999999999997,track,1,319.3115964007684,239.46051966434132,319.35377253326556,239.4552744406177,1,0.04250104144993298,0.845183928980182,4.638015762676764,92.22591845905569,-0.07803164478463423,-0.1080047389924911,11.109050999948522,30.0
490,16.333333333333304,track,1,319.3861517976032,239.565502407047,319.3836082623502,239.52412232150277,1,0.0414581843696902,0.7787158269451316,4.523422856331577,84.97359607461573,-0.0753946704713318,-0.08041654712588815,8.044592999794986,30.0
491,16.36666666666664,track,1,319.41673684210525,239.46757894736842,319.39452147405245,239.44842361527037,1,0.029333416533161204,0.8190486881590258,3.2008369559959258,89.37345228879127,-0.07476616231333524,-0.10701023269713285,7.085164999807603,30.0
492,16.399999999999974,track,1,319.54307740389623,239.67319512449214,319.39722966501927,239.51717762599617,1,0.21357205522367356,0.7723014447555305,23.304353200329203,84.2733971204936,-0.045035598703958776,-0.07971295731411501,8.57665200055635,30.0
493,16.43333333333331,track,1,319.20317135549874,239.38322250639385,319.236527620423,239.44299503425748,1,0.06844994884515375,0.9450632816054337,7.4687527223354175,103.12593496257718,-0.08547344650073356,-0.11071856262422575,8.11617399995157,30.0
494,16.466666666666644,track,1,319.30785714285713,239.38142857142856,319.2866526856885,239.53685352231855,1,0.156864732693402,0.8505110526172658,17.115253786624557,92.8091715092668,-0.08156964358065985,-0.11179668990928204,6.129525001597358,30.0
495,16.49999999999998,track,1,319.3224867449839,239.63800810895103,319.31112194517914,239.63916870383161,1,0.011423907172210137,0.7776581502873423,1.2466590462862956,84.86056795166004,-0.08203975442214692,-0.08041438227845495,7.032771998638054,30.0
496,16.533333333333314,track,1,319.3842587927038,239.54177164164065,319.33326889731734,239.57684693190947,1,0.0618889765545102,0.7896764415372058,6.753397773737786,86.17094214345543,-0.07997935475187357,-0.07919490342876334,6.703957000354421,30.0
497,16.56666666666665,track,1,319.3248259860789,239.51800665792393,319.3396035144915,239.51078514059623,1,0.016447664226248177,0.8218605092918334,1.7948294000053162,89.68185559576719,-0.08403737900071226,-0.07794495348523449,6.841356000222731,30.0
498,16.599999999999984,track,1,319.39770669885337,239.46650573325286,319.36276348938804,239.44084917082796,1,0.043350744897871676,0.8477735665970493,4.730459708844305,92.5081753424484,-0.08134064144736863,-0.10460167747644988,9.018015000037849,30.0
499,16.63333333333332,track,1,319.28940063740106,239.51084609848874,319.36672959409293,239.51590280827259,1,0.07749411498230971,0.7971082097407312,8.456725184910644,86.98064720910075,-0.08786591213135317,-0.07735762654379488,8.100790000753477,30.0
500,16.666666666666654,track,1,319.59386933636085,239.4773454432862,319.4006921107268,239.4485032809614,1,0.19531848563623208,0.8144437225833392,21.31451669797273,88.87088570210118,-0.051801277903737175,-0.10350394902232296,6.069270999432774,30.0
501,16.69999999999999,track,1,319.22809160305343,239.49699745547073,319.2375111876818,239.52342710936193,1,0.028058067990850182,0.8991723466619622,3.0614211891752947,98.11944476589917,-0.09077843851777624,-0.10313895871090963,9.801162999792723,30.0
502,16.733333333333324,track,1,319.29690994104493,239.61933319780442,319.27741610834164,239.59930832056762,1,0.027946470650388997,0.8262453040414117,3.0494474626217603,90.16223626338316,-0.08850307477242267,-0.0774071469512454,8.56192699939129,30.0
503,16.76666666666666,track,1,319.28077001843127,239.49385623592053,319.30039985656686,239.54088472691785,1,0.05096086253895563,0.8367957903030893,5.560384767814628,91.31246653707221,-0.09047361157442547,-0.10269217199193201,7.191935001173988,30.0
504,16.799999999999994,track,1,319.3013642000827,239.47912360479538,319.32911375184267,239.62027348123797,1,0.14385174744382193,0.7708959638094801,15.695481153713315,84.12224751869715,-0.0905934101267497,-0.10407337236923964,6.739127000400913,30.0
505,16.83333333333333,track,1,319.42985777141104,239.77315051672977,319.35369377609663,239.71001470345118,1,0.09892969776867601,0.7083806937450622,10.795159548617548,77.30144389698017,-0.08495607652341512,-0.07743778602447082,7.7269730008993065,30.0
506,16.866666666666664,track,1,319.3152678194854,239.6193589202868,319.34344187969054,239.66071254249448,1,0.0500389821852633,0.7390429920950778,5.459961296492574,80.64682217681549,-0.09156896835754628,-0.07617440773004235,7.014393999270396,30.0
507,16.9,track,1,319.4320130665578,239.6269906084116,319.3636993226503,239.6077122778497,1,0.07098184018402445,0.7475079992518866,7.745962394009894,81.56961450203643,-0.08641805176181963,-0.07485685926819231,5.995743000312359,30.0
508,16.933333333333334,track,1,319.3160585404972,239.59172012830794,319.3517325867804,239.55075166203835,1,0.054323593462672674,0.7887171281288189,5.927593430450668,86.06568952329488,-0.09301922390933068,-0.07352544435469095,6.790428999011056,30.0
509,16.96666666666667,track,1,319.28885062419283,239.47567800258287,319.37022634111395,239.48978322271898,1,0.0825891308800006,0.8105158982066614,9.012690711510563,88.44326623084149,-0.09538888832105001,-0.0996529028776303,9.201005001159501,30.0
510,17.000000000000004,track,1,319.4288786482335,239.51018945212493,319.39661947566924,239.57128058740307,1,0.06908531699355834,0.7401813236492274,7.538053412919014,80.7692500348609,-0.0890509201626504,-0.07285215121599625,20.353437999801827,30.0
511,17.03333333333334,track,1,319.4077820208484,239.53142739188772,319.38447828345284,239.51298608987872,1,0.02971776903450911,0.7848882291083125,3.242801009750002,85.64695365403331,-0.09061092095231763,-0.07166927549096398,8.243669000876253,30.0
512,17.066666666666674,track,1,319.44506612410987,239.47507629704984,319.3759323342392,239.4515543406534,1,0.0730257717151652,0.8308147162299451,7.968965926266813,90.65763083953851,-0.08913977347692673,-0.09796112187746404,11.126712000987027,30.0
513,17.10000000000001,track,1,319.3548900606905,239.494975624316,319.354822641234,239.5335429457341,1,0.038567380345962333,0.7961381838215432,4.208009967011027,86.87519239433952,-0.09419722724871826,-0.09765837414332532,7.3461530009808484,30.0
514,17.133333333333344,track,1,319.35241484494156,239.6832740213523,319.3559756168386,239.61713963896227,1,0.06623017160338329,0.749232582153493,7.226245682741468,81.75801213980837,-0.09497997839501066,-0.07191222642151339,7.040591999611934,30.0
515,17.16666666666668,track,1,319.43212039995876,239.5669518606329,319.35660012116,239.56667166914258,1,0.07552079857306934,0.7757169886079623,8.241388680748686,84.64728620925419,-0.09144493735549068,-0.0708064490123847,9.180753999316948,30.0
516,17.200000000000014,track,1,319.32088575742324,239.35661801711123,319.33367527157156,239.51357953812908,1,0.15748171561291366,0.8249809145925426,17.182536088415084,90.02246279455248,-0.09762772823414252,-0.103401215429187,9.170401999654132,30.0
517,17.23333333333335,track,1,319.32237180145927,239.66396053848524,319.33903691548176,239.63762448316493,1,0.031165908220636702,0.7537826041355405,3.4006229780549875,82.25495997844874,-0.09832760477051705,-0.07091421702146382,5.922090000240132,30.0
518,17.266666666666683,track,1,319.504849306497,239.64803420586088,319.34345032161673,239.5917285705583,1,0.17093845935662355,0.7731384353940399,18.653710582922265,84.36640880869767,-0.0635965384168859,-0.06979139449461233,7.604979999086936,30.0
519,17.30000000000002,track,1,319.36026517505695,239.49968924798011,319.157958007713,239.54319202413944,1,0.2069315865021857,0.9579708991323883,22.58172942930137,104.53665240571692,-0.09535698301232665,-0.09485052922307091,10.431275000883033,30.0
520,17.333333333333353,track,1,319.16060853583826,239.6397794568103,319.137188979804,239.63167637406605,1,0.02478175850905264,0.9381391954250488,2.7043175697328716,102.37389034045978,-0.10639973880344346,-0.06933321829563999,8.62407800013898,30.0
521,17.36666666666669,track,1,319.14537183544303,239.6112539556962,319.1706565796169,239.58746480588297,1,0.034716594544602054,0.9262806244966644,3.7882156405233247,101.07903643752645,-0.10863151833972567,-0.06822410192999187,6.413802000679425,30.0
522,17.400000000000023,track,1,319.1998578968737,239.55176613885504,319.2113766834093,239.54075838913593,1,0.01593276489285835,0.9125949773144398,1.7385537543143497,99.58463839779985,-0.10734111609919308,-0.06712060908344752,7.608821000758326,30.0
523,17.43333333333336,track,1,319.2642440104691,239.55375478155827,319.24057213880883,239.49161094925432,1,0.06649972482139443,0.9138873580871367,7.255815824947976,99.72466950156867,-0.10535468832060058,-0.06602645215021254,7.228445001601358,30.0
524,17.466666666666693,track,1,319.2009104076143,239.4585143803021,319.25453869409125,239.4400959111648,1,0.05670302563194141,0.9323117221731942,6.187737934417487,101.7342359194526,-0.10983761247689414,-0.09329553809312993,7.653689001017483,30.0
525,17.50000000000003,track,1,319.28234582829504,239.54363160016123,319.2877875113138,239.53750733561844,1,0.008192589960866683,0.8492032110439347,0.8939472726003437,92.66645644317845,-0.10694861584339047,-0.06587663092801338,6.106097998781479,30.0
526,17.533333333333363,track,1,319.18040206294074,239.6639301126197,319.30100969848013,239.49219915544688,1,0.20985167000025653,0.8639728811413575,22.89784196922338,94.27732870275457,-0.11337807603926821,-0.06484867159550821,8.264191999842296,30.0
527,17.5666666666667,track,1,319.35048893463716,239.48533196088522,319.3439117779242,239.44494611781238,1,0.0409179094178965,0.8593815027554205,4.464492008464367,93.7751189461412,-0.10585769606414006,-0.09077432104963636,10.464457000125549,30.0
528,17.600000000000033,track,1,319.26455355293143,239.52144188937228,319.3421027548875,239.5395236229432,1,0.0796293150350495,0.8030362874453373,8.689660776487766,87.62814398308456,-0.1110971680051747,-0.06472388619266656,8.995869000500534,30.0
529,17.63333333333337,track,1,319.3829701777287,239.50527161361583,319.3636433925367,239.49874850119852,1,0.020397931793844297,0.8100634523992221,2.225932878999588,88.39410565883747,-0.10585703884190913,-0.06382426901100126,6.441778999942471,30.0
530,17.666666666666703,track,1,319.35328406370354,239.499635682315,319.3526507712677,239.4567808522056,1,0.042859509131730235,0.8450728172594231,4.676315757005655,92.21382984918915,-0.10788706147995807,-0.08909401152079795,6.8594990007113665,30.0
531,17.70000000000004,track,1,319.36315461346635,239.49854530340815,319.34790738686,239.553212790384,1,0.056753960667433746,0.7904704844509863,6.192390950942194,86.25709387221043,-0.10789466775336448,-0.09004312669571404,6.6294459993514465,30.0
532,17.733333333333373,track,1,319.3400257145683,239.66462268816142,319.33863543797247,239.65835628876346,1,0.00641877172266155,0.7443947268306942,0.7003452256551823,81.23082300927622,-0.10955959909032591,-0.06470763305289276,8.648342998640146,30.0
533,17.76666666666671,track,1,319.3764135702746,239.70082794830373,319.33368247719045,239.632048540607,1,0.08097254620721916,0.7611618209503758,8.835190512170938,83.06016373689172,-0.10814449645166177,-0.0637583784772944,5.966161001197179,30.0
534,17.800000000000043,track,1,319.2051102204409,239.6305611222445,319.31663020840915,239.60437104810796,1,0.1145540383387788,0.7896306349389636,12.500868674802163,86.16649673761266,-0.11750563632452636,-0.06275703431317517,6.16251000064949,30.0
535,17.83333333333338,track,1,319.2867932028222,239.453542681109,319.3449605428518,239.57506734625497,1,0.13472818444912985,0.7807973172595907,14.700410702634489,85.20189884957719,-0.11423681045116674,-0.09038168259745474,7.265087000632775,30.0
536,17.866666666666713,track,1,319.3311231255738,239.70774252779762,319.3513223469697,239.69683052528728,1,0.022958230414954855,0.7160268346497015,2.5052714896017947,78.13566014453733,-0.11261831313119439,-0.06274521803342921,8.357466000234126,30.0
537,17.90000000000005,track,1,319.43305983590153,239.902841705023,319.3445261226234,239.67495556368806,1,0.24447967563654036,0.7316419134388569,26.67531191980623,79.83938196939678,-0.10775548105016633,-0.06163273966050443,8.518033000655123,30.0
538,17.933333333333383,track,1,319.2426672293733,239.66047689385948,319.30727756634747,239.6509244167636,1,0.06531267459370597,0.775704926436162,7.127375524482338,84.64761821100629,-0.11784542599292197,-0.060507230193764895,7.759868998618913,30.0
539,17.96666666666672,track,1,319.26889370038145,239.70306217135789,319.3193337030839,239.6246880617124,1,0.09320244060830807,0.7772809394155368,10.169662015185816,84.8191363147343,-0.11727924046740734,-0.05936498843462999,7.128138999178191,30.0
540,18.000000000000053,track,1,319.18567439862545,239.7108032646048,319.3238707832454,239.59617751556289,1,0.1795474952914941,0.7875425808717503,19.59213262496833,85.93846128794637,-0.12240111324061803,-0.05821546060787163,19.842883999444894,30.0
541,18.03333333333339,track,1,319.29430412107575,239.5456590653441,319.3512341292985,239.5653739535893,1,0.06024701365847839,0.7808949706622823,6.574475054438284,85.21234910486953,-0.11777546806880128,-0.05712936839031641,8.307447998959105,30.0
542,18.066666666666723,track,1,319.40584878744653,239.7052170368861,319.34944605557666,239.53263551055954,1,0.18156445519866155,0.8010305865537842,19.81047557515434,87.40909946238162,-0.11254980565646425,-0.05604783271056319,7.035044000076596,30.0
543,18.10000000000006,track,1,319.37133483698994,239.40721755177364,319.3153156118726,239.4980060755945,1,0.10668040888709024,0.8489938818892608,11.640257358261001,92.64274123165606,-0.11452875393040143,-0.08607860072875088,8.765223999944283,30.0
544,18.133333333333393,track,1,319.3370259481038,239.58642714570857,319.2872765951565,239.62743729759973,1,0.06447348817001917,0.804224856014453,7.035318418066104,87.75962334418344,-0.11659195522774363,-0.05627164374061596,6.723061000229791,30.0
545,18.16666666666673,track,1,319.26950917203766,239.57560733763015,319.26578762629924,239.6018137795304,1,0.026469369084937796,0.8352365388721703,2.8880302322695504,91.14351343643794,-0.12053044690170157,-0.05545199857477402,7.050329000776401,30.0
546,18.200000000000063,track,1,319.24334874165385,239.58654340010273,319.2608595900226,239.5757534267898,1,0.02056826037097114,0.8522404006746795,2.2444510674778937,92.9986863780946,-0.12257484987420655,-0.054648354301512304,7.1962450001592515,30.0
547,18.2333333333334,track,1,319.2605230894973,239.52564364527993,319.2624000804635,239.54936025808695,1,0.02379077170092118,0.8643667151687878,2.595766531247013,94.32153888071791,-0.12245781512179324,-0.05388015945843878,6.980266000027768,30.0
548,18.266666666666733,track,1,319.18777335984095,239.579324055666,319.25889089466364,239.5228417881783,1,0.09081822669380904,0.8814321670561701,9.910075944424083,96.18339412643468,-0.12701691511693974,-0.053128526427966616,6.483922001280007,30.0
549,18.300000000000068,track,1,319.3470002075981,239.44239152999793,319.2752809470742,239.49630456730188,1,0.08972328528000043,0.882568294578186,9.790640840086276,96.3068111438954,-0.11966390554996967,-0.08161561364324246,6.607322000490967,30.0
550,18.333333333333403,track,1,319.22620159867125,239.6690542925361,319.2480485799158,239.6257064257237,1,0.04854202454249102,0.8399563190494871,5.2965142548727675,91.65901770250373,-0.12641547577107548,-0.05372679107799515,7.843605000743992,30.0
551,18.366666666666738,track,1,319.2101230086711,239.56029441419642,319.25242787589036,239.61039360090967,1,0.0655715662446074,0.8430048795576015,7.15491229519864,91.99144174299222,-0.1281243700159153,-0.05307603575150143,6.851856000139378,30.0
552,18.400000000000073,track,1,319.21832076835693,239.68532479603428,319.2615342840968,239.59565330740497,1,0.09954086505348167,0.8419191537059645,10.861069248456344,91.87268516502235,-0.12863518530351253,-0.05236146172902553,8.379541000977042,30.0
553,18.433333333333408,track,1,319.27844008890685,239.5520307132754,319.26898783473575,239.5811624667283,1,0.030626853709703934,0.8424984658985697,3.341691532909606,91.93563195246466,-0.1263793322449545,-0.05166602207083386,5.830667001646361,30.0
554,18.466666666666743,track,1,319.216686437327,239.6109134045077,319.26004281145606,239.56704018100834,1,0.06168172272112082,0.8573160710841393,6.7305609656950365,93.55243637412264,-0.1302893731417902,-0.05095971762936523,7.381838999208412,30.0
555,18.500000000000078,track,1,319.3398048063805,239.43509287438346,319.2675938935638,239.55324532021962,1,0.13847171692043037,0.8579093475715888,15.109103448298658,93.6169076457458,-0.12469085438296794,-0.0798665797851258,7.076242000039201,30.0
556,18.533333333333413,track,1,319.27451377633713,239.73622366288492,319.2409387376763,239.69773135068795,1,0.0510777967354385,0.8170314169708537,5.573424679667827,89.15834875343279,-0.12848993955206534,-0.051624249616773386,7.348390001425287,30.0
557,18.566666666666748,track,1,319.19621289662234,239.73561924257933,319.23020793594947,239.69571891918656,1,0.05241849392819714,0.8277480280956137,5.719705041004174,90.32782418222004,-0.13321058240618122,-0.050896260537676374,6.245090000447817,30.0
558,18.600000000000083,track,1,319.2430234892592,239.63651877133105,319.240326563523,239.6939672777711,1,0.05751177532138735,0.8189992412472614,6.274997582229002,89.37304329144278,-0.13165687389111166,-0.050147315638083265,6.2601770005130675,30.0
559,18.633333333333418,track,1,319.24778673032927,239.66577141151896,319.237841576715,239.69238052112314,1,0.0284068793488147,0.8218973208185473,3.0994855101922654,89.68928803254755,-0.1321270395768965,-0.049373357035477586,7.070327999826986,30.0
560,18.666666666666753,track,1,319.27208079975264,239.72853756570134,319.23355719753727,239.69084086044063,1,0.05389906785058355,0.8264465760229268,5.881353941014606,90.1857264475378,-0.1315374212265834,-0.04856855855100187,6.6451720012992155,30.0
561,18.700000000000088,track,1,319.2033776130162,239.45659561322213,319.22183153323977,239.68919919161794,1,0.23333446349425999,0.8379399173872275,25.45868632312767,91.43997216103048,-0.13573094685143972,-0.07627906358527353,8.917807999750949,30.0
562,18.733333333333423,track,1,319.26925048702964,239.7240848969548,319.22818503615713,239.83955226544356,1,0.12255237427762379,0.7883158085032084,13.371712152115174,86.02622460662252,-0.13310521734190967,-0.04905850312361793,6.22905499949411,30.0
563,18.766666666666758,track,1,319.2932229694775,239.9203310915675,319.21625875890936,239.84894928717347,1,0.10497071833098318,0.7981645512246814,11.454240436071709,87.10107128096608,-0.13239966037379022,-0.048228654558422214,7.803434999004821,30.0
564,18.800000000000093,track,1,319.21435152011463,239.88565871634762,319.19630409710794,239.85815536317148,1,0.032895955877800115,0.8161170291830074,3.5894042254991407,89.0602548747937,-0.1369872495426662,-0.04729638640603912,7.22459999997227,30.0
565,18.833333333333428,track,1,319.30384692446404,239.82779002203966,319.1965617007761,239.86663865272044,1,0.11410230202560438,0.8144313044130922,12.451431454532976,88.87635071945249,-0.13300768220152867,-0.04632667965846119,7.870254999943427,30.0
566,18.866666666666763,track,1,319.2318103185102,239.96641904955735,319.1713506675678,239.87421363372255,1,0.11025973018896675,0.8381419486468745,12.030862431262493,91.46388917834139,-0.1371578100448761,-0.04527556180931056,6.573114000275382,30.0
567,18.900000000000098,track,1,319.27985414767545,239.82436949255546,319.164040032437,239.88046001655425,1,0.12868199629676486,0.8444636611542955,14.04225796537944,92.15379919031578,-0.1352580763935504,-0.04423124916639702,7.4725329995999346,30.0
568,18.933333333333433,track,1,319.2737857967062,239.90181474876744,319.1423745894879,239.88542775026747,1,0.13242899645626846,0.8652445580093929,14.451593243880449,94.42159846547038,-0.13600152170329513,-0.0431767509527282,8.878672999344417,30.0
569,18.966666666666768,track,1,319.1805050400083,239.78437077834354,319.1204620765402,239.8890759173447,1,0.12069931066616098,0.8865049976829696,13.169840551921721,96.74172010433578,-0.14135213854127027,-0.04218650239160316,9.255176000806387,30.0
570,19.000000000000103,track,1,319.1323126837676,239.90702625975868,319.122884919567,239.89176033825663,1,0.01794243843876897,0.883768458759014,1.957759778100773,96.44310079528294,-0.14471839389066732,-0.041198819462874896,20.495722999839927,30.0
571,19.033333333333438,track,1,319.2464354333097,239.6438466983517,319.13907076275495,239.8935076013987,1,0.2717678034528486,0.8674905085954496,29.652865990549305,94.66673392104688,-0.1397478837365686,-0.04035567765282045,6.382730000041192,30.0
572,19.066666666666773,track,1,319.2343227424749,239.93133361204013,319.12456782302434,239.89510124637695,1,0.11558082308561234,0.8816945304333126,12.612814842723656,96.21679344191415,-0.14096270786112433,-0.039499093872765845,7.299941999008297,30.0
573,19.100000000000108,track,1,318.95831106360237,239.735435595938,319.11237557678646,239.8964819842073,1,0.22287174203393906,0.8936403618228216,24.31915725250315,97.5204204876915,-0.15612054179736018,-0.038729090701577935,5.956121000053827,30.0
574,19.133333333333443,track,1,319.21065449010655,239.73708777270423,319.1768678304554,239.89812372682218,1,0.16454214320063826,0.8294126497563002,17.95299975176865,90.51140689903798,-0.1445943217477215,-0.0380369282680029,8.269417001429247,30.0
575,19.166666666666778,track,1,319.2253891459823,239.87757677745057,319.17574077719087,239.90045351996503,1,0.05466539921856156,0.8302486182302676,5.965307405453382,90.60264517588773,-0.14457403441070377,-0.03735111864187477,7.3342969990335405,30.0
576,19.200000000000113,track,1,319.17625607779576,239.86051458670988,319.1703705993814,239.90351688618455,1,0.04340318670644817,0.8352208891199543,4.735650641721376,91.1452715128318,-0.14781837196911143,-0.03668415574957879,7.847098999263835,30.0
577,19.233333333333448,track,1,319.25658165364047,239.83813245577952,319.1781798977322,239.90742572739555,1,0.10463456800097982,0.8270177001973351,11.41760867114376,90.2500939908021,-0.14440745652869758,-0.036051449224667236,6.127644999651238,30.0
578,19.266666666666783,track,1,319.3597612065354,239.91757436112275,319.1636853173561,239.91237387465446,1,0.19614484285075634,0.8408927317136345,21.404774822595737,91.76426404116509,-0.13942287123856897,-0.035417692703501084,7.240146000185632,30.0
579,19.300000000000118,track,1,319.0569463844418,239.81454818953478,319.1185053398417,239.91836660219633,1,0.12069700823753596,0.8852665403846246,13.169618950570708,96.60669367530568,-0.1553514273422255,-0.03483547395294621,7.440090001182398,30.0
580,19.333333333333453,track,1,319.25397480900267,239.91575469750154,319.15418816625856,239.92568939549903,1,0.10027996955744155,0.849069917049444,10.943273645024197,92.65667001101886,-0.14616224320058566,-0.03425581832316659,6.889291998959379,30.0
581,19.366666666666788,track,1,319.12952419682796,239.94631964213096,319.13678402161463,239.93436628444385,1,0.013985271392756397,0.8657075776250983,1.525978182993236,94.47232434408468,-0.15311178020699875,-0.033675408102424004,6.009456999890972,30.0
582,19.400000000000123,track,1,319.0344235816677,239.93438320209975,319.152377650865,239.94440334638534,1,0.1183789074612023,0.8494437207056734,12.918366359656837,92.69751780090922,-0.15902610503616474,-0.03310122258040652,5.316665999998804,30.0
583,19.433333333333458,track,1,319.1293911610178,240.01977954053774,319.19545954691034,239.9558436229048,1,0.09193929071953905,0.8057512806666114,10.0322336805184,87.92949889927556,-0.15534185489242255,-0.03249814645157342,7.567483999082469,30.0
584,19.466666666666793,track,1,319.16621983914206,239.9952567539699,319.2148489932529,239.96854261473095,1,0.05548369007925739,0.7857809303387263,6.054541571519895,85.75020892364608,-0.15434489617402913,-0.03189253255786553,6.543810999573907,30.0
585,19.500000000000128,track,1,319.20971600957034,239.97628211796524,319.22488995286017,239.98249611130427,1,0.016397020100625513,0.7753076623486878,1.7893185579219173,84.60730513949636,-0.15283071765133835,-0.0313003161505364,9.762036001120578,30.0
586,19.533333333333463,track,1,319.20420856224735,239.90204208562247,319.2228357206484,239.99778462975155,1,0.0975377146872257,0.777167436892105,10.642214580726447,84.81026504979984,-0.15367975999568975,-0.030761640673726998,6.270023999604746,30.0
587,19.566666666666798,track,1,319.2386340877228,239.94712597636692,319.2213020001136,240.01470252472177,1,0.0697638240669767,0.7788367860214733,7.611875278948004,84.99243152551553,-0.15241095978121705,-0.030248427791826262,7.094181999491411,30.0
588,19.600000000000133,track,1,319.11866722724403,239.89478663022913,319.2090055479757,240.03339413838341,1,0.1654480386990439,0.7916990536886853,18.052662492737632,86.39603546590645,-0.15909440208173498,-0.029780977285707548,6.210233999809134,30.0
589,19.633333333333468,track,1,319.13177812338,240.05101088646967,319.22837029933726,240.05411181654927,1,0.09664193822309186,0.7735247143014472,10.546281885354597,84.41267089004768,-0.15924134141935728,-0.029289378426649713,6.125604999397183,30.0
590,19.666666666666803,track,1,319.2972721636702,240.08720810084728,319.24454693790085,240.07673478547872,1,0.05375536965956737,0.7593402111948553,5.866144362296754,82.86467590574094,-0.151314526256349,-0.02877902566620062,6.926196001586504,30.0
591,19.700000000000138,track,1,319.327570044787,240.14029788563693,319.214487530141,240.10117077903988,1,0.11966029245042782,0.7920008629007295,13.057968921391339,86.42874777072474,-0.14978208171382745,-0.028222940160128742,5.867497999133775,30.0
592,19.733333333333473,track,1,319.2884071630537,239.99193632841136,319.1723075339769,240.12718338068203,1,0.17824390317674094,0.8374069683452154,19.44930384498122,91.38367417913992,-0.15171801963024487,-0.027713643763639217,6.5410419992986135,30.0
593,19.766666666666808,track,1,319.1083215225754,240.13302287912532,319.13651719442123,240.15502936006487,1,0.03576703949420684,0.877289380998258,3.902901529787468,95.73578161049984,-0.16120628721990352,-0.02718178034700036,6.370800001604948,30.0
594,19.800000000000143,track,1,319.1390026981113,240.22054561806735,319.1474078654078,240.1845953233851,1,0.0369197850077897,0.8723467093903444,4.028281243606019,95.19617441208322,-0.16033879305321658,-0.026599215850055733,5.517782001334126,30.0
595,19.833333333333478,track,1,319.2374414976599,240.1804472178887,319.1497611368461,240.21561756401059,1,0.09447115389774596,0.8771528135547872,10.309137787455052,95.7203816873503,-0.15580877423819417,-0.026007634963028808,8.200438000130816,30.0
596,19.866666666666813,track,1,319.1664774486531,240.32645267829497,319.12405591997685,240.24805442876016,1,0.0891396187189081,0.9103894940931178,9.72623769742301,99.3471314309734,-0.15980486263527666,-0.025351012889437214,6.4466909989278065,30.0
597,19.900000000000148,track,1,319.05259932591156,240.28832601368603,319.1157772192046,240.28156520026744,1,0.06353860872748765,0.9279703056020908,6.933789438233027,101.26533360799507,-0.16635137846282752,-0.024672499672376547,7.725462999587762,30.0
598,19.933333333333483,track,1,319.1965838509317,240.2991718426501,319.1385398031598,240.31603902910024,1,0.060445127681959886,0.9176024949042886,6.596128551411783,100.13346713270536,-0.15980388404663107,-0.02398344739932924,6.217353999090847,30.0
599,19.966666666666818,track,1,319.09190371991247,240.34219026779203,319.12252149575806,240.3514253443219,1,0.03198022570658312,0.9452345201263216,3.4898672731796156,103.14845534132483,-0.16577927231333742,-0.02328325999421215,6.953391000934062,30.0
600,20.000000000000153,coast,0,,,319.1345236058876,240.38767012962478,0,,,,,-0.16305272836555165,-0.02258173001188161,65.49356100003934,30.0
601,20.033333333333488,coast,0,,,319.1281484854994,240.4247713290497,0,,,,,-0.1637799912420975,-0.021878884323813023,3.2284740009345114,30.0
602,20.066666666666823,coast,0,,,319.1218291504167,240.46272676304568,0,,,,,-0.16450957305353345,-0.02117474925807293,2.9692259995499626,30.0
603,20.100000000000158,coast,0,,,319.1155907365328,240.5015341252904,0,,,,,-0.16524446710282442,-0.020469350641783332,3.5375810002733488,30.0
604,20.133333333333493,coast,0,,,319.1094743993174,240.5411909797533,0,,,,,-0.16598426357548382,-0.019762713752791598,5.7800630002020625,30.0
605,20.166666666666828,coast,0,,,319.1035191636736,240.58169475751652,0,,,,,-0.1667298163720181,0.008171560855886884,4.907870001261472,30.0
606,20.200000000000163,coast,0,,,319.0977686635615,240.4778351580078,0,,,,,-0.16748341386707236,0.01268786461367287,4.957780998665839,30.0
607,20.233333333333498,coast,0,,,319.09227879234095,240.35451152487644,0,,,,,-0.16824414661389125,0.017427091954160225,5.64029599991045,30.0
608,20.266666666666833,coast,0,,,319.0871006475347,240.21053816309973,0,,,,,-0.1690125127115974,0.022373593589081586,3.9932330000738148,30.0
609,20.300000000000168,track,1,319.13046685636,239.93276425334597,319.08228803755105,240.04481257197995,1,0.12196730828597632,0.9188054269699091,13.307978996672302,100.26680890499645,-0.1701727780120802,-0.008649208416511026,5.774081000708975,30.0
610,20.333333333333503,track,1,319.04619765847485,239.99514819111909,319.07994424284084,240.04917373108765,1,0.06369922232857658,0.9213689012066766,6.95044194757169,100.54654568162377,-0.17529670890477156,-0.008787207926257678,7.217988000775222,30.0
611,20.366666666666838,track,1,319.1771834517342,240.1681989134977,319.1012220185751,240.05890511839152,1,0.13309873393950492,0.9007062078541411,14.522978457876615,98.29165578801347,-0.16940688436676632,-0.008945777272362274,5.781339999884949,30.0
612,20.400000000000173,track,1,319.11694365626266,240.02472638832592,319.0873945949197,240.07411859528327,1,0.05755638222097523,0.9156102836624956,6.2801563823809,99.91805722870706,-0.173048971203612,-0.00919342289364343,6.840484998974716,30.0
613,20.433333333333508,track,1,319.10084815887467,240.15959867604468,319.08931214526183,240.09529112168786,1,0.06533407347954408,0.9156597439224593,7.128509996480062,99.92337872485271,-0.1745871773738516,-0.00943804436658991,5.913196999244974,30.0
614,20.466666666666843,track,1,319.1577923407741,239.99928322752407,319.0957673388323,240.1224081860222,1,0.1378653555867074,0.9124803940511333,15.042755370452456,99.57629837122573,-0.17233264712213706,-0.009746981922040163,4.771821000758791,30.0
615,20.500000000000178,track,1,319.1081903988633,240.13995737338882,319.08654566737164,240.1558141552564,1,0.026831547337834202,0.9266481904022635,2.927875329202066,101.12220352420357,-0.1754423249815416,-0.01005005718579671,6.816828999944846,30.0
616,20.533333333333513,track,1,319.13482914779746,240.18577603952244,319.09026971313983,240.19547884227643,1,0.045603591945046894,0.9304951222915763,4.976561541150042,101.54172085588617,-0.17472121589010342,-0.010322867009940994,7.6186109999980545,30.0
617,20.566666666666848,track,1,319.1080428391432,240.13555228895422,319.0865221375466,240.24124164036198,1,0.10785814572021815,0.9447959220048557,11.768270501643993,103.10193175191212,-0.17669389394573634,-0.010567772172726166,7.750122000288684,30.0
618,20.600000000000183,track,1,319.0721019372216,240.37128353879623,319.0896833831423,240.2929542640776,1,0.08027815716999996,0.9562941721920568,8.759064331003808,104.35615998975192,-0.1792437841249347,-0.010708852817952589,6.153192000056151,30.0
619,20.633333333333518,track,1,319.189675113027,240.20113552728418,319.1028455447729,240.35006325252562,1,0.17239153479445377,0.9630318776149961,18.810144978904837,105.09070083366984,-0.17385132327345296,-0.010816082953727674,6.311113000265323,30.0
620,20.666666666666853,track,1,319.06895504252736,240.45797893884162,319.0836630993508,240.41238806994,1,0.04790463717352639,1.004856823492873,5.226867023097961,109.65413403146243,-0.18051929945787146,-0.010745872666716446,7.483639999918523,30.0
621,20.700000000000188,track,1,319.0598587946383,240.45349432108873,319.0964721121686,240.4789820981042,1,0.04461122950299064,1.0226370296411922,4.8680251988056265,111.59337291586175,-0.18178530018554373,-0.01053764150749701,6.406230000720825,30.0
622,20.733333333333523,track,1,319.19099768913895,240.51110218024718,319.1124758337164,240.54910868684271,1,0.08723632455917832,1.0436567901870328,9.519552399647504,113.88595247379138,-0.1756962053933772,0.016513399496287065,6.252658999073901,30.0
623,20.766666666666858,track,1,319.1507162134108,240.4491384679261,319.0924609257727,240.4796053752617,1,0.06574124261373616,1.0264738122472008,7.173897228922924,112.01207601451243,-0.178078826584678,-0.008017961793113948,5.91134400019655,30.0
624,20.800000000000193,track,1,319.14087830904987,240.4827621588344,319.0816237628919,240.5455772310513,1,0.08635296484777465,1.0682085133186345,9.422588502170571,116.56541726853274,-0.17898388503594267,-0.0075529409599437766,5.53014599972812,30.0
625,20.833333333333528,track,1,319.1256724768668,240.65085001075963,319.07209795099106,240.6137088689278,1,0.06518967893293867,1.1124930509246438,7.113569960429224,121.39691185596357,-0.18019326947426204,0.027027246335935763,7.52349800131924,30.0
626,20.866666666666863,track,1,319.0623855078363,240.53093832688785,319.06552055355337,240.5020511177837,1,0.02905682985933496,1.0608049588397819,3.1703393155888837,115.75828266967831,-0.18399240747749362,0.02361175359361849,7.054812000205857,30.0
627,20.900000000000198,track,1,319.1032138442522,240.50906468891634,319.07571763196097,240.41324571859911,1,0.09968609112116611,1.0124573669090149,10.876697743672036,110.48357267665861,-0.18256955250009288,0.024913396968188933,7.342236000113189,30.0
628,20.933333333333533,track,1,319.13029381965555,240.22522796352584,319.07485264996603,240.32213245705316,1,0.11164320025119255,0.979625917971741,12.181701023525246,106.90197892862875,-0.18170772024131218,0.0004928481771727302,6.4914340000541415,30.0
629,20.966666666666868,track,1,318.96201128577184,240.32930270052398,319.0659318721266,240.36589393398242,1,0.11017443729981174,1.0031757764390186,12.022814555492726,109.47137989665153,-0.19102874242155893,0.0007837526246171822,6.995571000516065,30.0
630,21.000000000000203,track,1,319.03349630708414,240.52470612711952,319.10327804904637,240.412733039194,1,0.13193734850624994,0.9871468071996193,14.396136906126669,107.72142145056347,-0.18842021732993197,0.02846780602010413,15.861210998991737,30.0
631,21.033333333333537,track,1,319.05764741703035,240.32152643864814,319.12328117220136,240.31655001665843,1,0.06582214364229802,0.932115773958939,7.182992330452768,101.71728974074153,-0.18803952277449365,0.003007527709759896,5.230311999184778,30.0
632,21.066666666666872,track,1,319.1820288103153,240.44676135791275,319.1378372978361,240.36077807195397,1,0.0966747911270914,0.93460437737334,10.54838556916753,101.98824839414598,-0.18226893920863313,0.0031073506428568433,5.52700200023537,30.0
633,21.100000000000207,track,1,319.1477320898686,240.32778719796522,319.11821469419624,240.40909316656996,1,0.08649819176164324,0.9720609777507105,9.437840607402558,106.07515179664323,-0.18431357311258728,0.003089240146167721,7.557490000181133,30.0
634,21.133333333333542,track,1,319.20611163080764,240.44641929113396,319.1061089134637,240.46212051209739,1,0.10122782135320861,1.0062786106691437,11.046682071815374,109.80845627023469,-0.1815748951692928,0.003029350944921283,6.356922000122722,30.0
635,21.166666666666877,track,1,319.07899768541813,240.4838482439368,319.0760234006302,240.52007889365495,1,0.03635252878411426,1.0602899659094698,3.966356635321936,115.70174348683152,-0.18833165045061867,0.0029469102234410526,7.1383630001946585,30.0
636,21.200000000000212,track,1,319.1376333164043,240.60599288979176,319.0786149566943,240.5830842836756,1,0.06330853826334235,1.0903841891264308,6.9085356198845185,118.9847480333139,-0.18580087548508664,0.03457462241681583,6.3971769995987415,30.0
637,21.233333333333547,track,1,319.0981514968857,240.4171187462327,319.06436462621946,240.48201129681786,1,0.07316143622746706,1.0524962911713698,7.9828010742873055,114.85190639919774,-0.18819622778345352,0.0049282086560296905,6.480777999968268,30.0
638,21.266666666666882,track,1,319.0388912310287,240.66758010118045,319.0595596756964,240.5436504345207,1,0.12564134225395243,1.0862705917637823,13.70854220177313,118.53661233573459,-0.19178523913656284,0.03981496693721418,7.1570460004295455,30.0
639,21.300000000000217,track,1,319.09358569926394,240.3602523659306,319.07058092282386,240.4238196753363,1,0.06760194201454289,1.0214905472989442,7.376064936721816,111.46920105635947,-0.18962513065426306,0.00712149609198362,5.925247000050149,30.0
640,21.333333333333552,track,1,319.2379551678669,240.35703418196573,319.0667810793311,240.48294153743723,1,0.21249289575862382,1.0507759430423875,23.18735089905163,114.66414569456147,-0.18251454905435355,0.006915130893043518,7.33400100034487,30.0
641,21.366666666666887,track,1,319.06193969030153,240.53575794621025,319.0217723540088,240.5477458205753,1,0.04191806336943447,1.1211399606379038,4.574342901763566,122.34190282412911,-0.19166064557440737,0.034696148913719825,6.08867399932933,30.0
642,21.400000000000222,track,1,319.0163158424816,240.45221069594118,319.02227180993145,240.46896057813967,1,0.01777729174894228,1.084378364549852,1.939683561568297,118.33146217087096,-0.19464876881145207,0.008298797400685277,7.540783000877127,30.0
643,21.433333333333557,track,1,319.0490144957764,240.54134946292626,319.03545175016166,240.5355309459078,1,0.014758157368214526,1.103243726604013,1.6104748994680995,120.3890817211878,-0.19372173585830516,0.03635433838325018,6.142829999589594,30.0
644,21.466666666666892,track,1,319.17090424441255,240.55648964527373,319.0404462161789,240.45703506356233,1,0.16404423474782778,1.062837952545354,17.900551893435118,115.98093475269481,-0.18797829798600754,0.03880621537766167,5.899750000025961,30.0
645,21.500000000000227,track,1,318.9914591479728,240.4088289771558,319.0115826366143,240.37001910713514,1,0.04371682520637743,1.0554065680520377,4.770035299397149,115.17126287183993,-0.1976081723644994,0.011385631999526571,7.011548999798833,30.0
646,21.533333333333562,track,1,319.07062632803803,240.4865931397349,319.03086697849426,240.43379590219922,1,0.06609352591247805,1.0617898559214451,7.21179679283452,115.86693311841317,-0.19434254678336235,0.011085287891880818,6.256569000470336,30.0
647,21.566666666666897,track,1,318.99311998332115,240.57781715834463,319.02953825699456,240.5037169454597,1,0.08256592642817501,1.09340146139486,9.008915149247292,119.3155620264477,-0.19902881786163426,0.04098759318243401,8.725677000256837,30.0
648,21.600000000000232,track,1,318.9608765366114,240.42896846606092,319.0500216489813,240.41869394925527,1,0.08973525926320852,1.038153885773747,9.79255300097381,113.28776334938544,-0.20165848729537222,0.012442556972449675,7.502644000851433,30.0
649,21.633333333333567,track,1,319.0962313583233,240.51904474002419,319.0813637198678,240.4904383141344,1,0.03223932808591248,1.041356017482072,3.5177018080124602,113.63599880868924,-0.19561506937101844,0.03922573059468722,6.940348999705748,30.0
650,21.666666666666902,track,1,319.0371552079045,240.52367229312475,319.0773231572109,240.42385823740335,1,0.10759326127149445,1.0153759705812986,11.739577048273024,110.80191201196367,-0.19925427513862629,0.04092212108347128,6.221887000720017,30.0
651,21.700000000000237,track,1,318.9927350864627,240.34329274531873,319.08955581989835,240.35274161651762,1,0.09728070512672544,0.9763888841565267,10.615972953287413,106.54831264598458,-0.202337781038527,0.01494500864206795,7.5221780007268535,30.0
652,21.733333333333572,track,1,319.09437751004015,240.36987951807228,319.1151132200084,240.42467192599395,1,0.058584790122888655,0.9815145735704935,6.392212006286173,107.10657363362974,-0.197895019183999,0.014447690828265249,6.628887000260875,30.0
653,21.766666666666907,track,1,319.1467823571945,240.50170436938333,319.11387055284536,240.50374812534892,1,0.032975199832068515,1.0193073976515363,3.598495480003886,111.22954145453772,-0.19560632157103117,0.04016631992149618,5.52186300046742,30.0
654,21.800000000000242,track,1,319.0818210100591,240.4899927408483,319.0973314960904,240.4501427677618,1,0.04276208053779908,1.008681782981441,4.665794457660775,110.07092815730086,-0.1992375433835901,0.015190528073992257,6.515576998936012,30.0
655,21.833333333333577,track,1,319.1296990576553,240.53156348160908,319.0970843332507,240.5342167746113,1,0.0327224725799164,1.04911594380101,3.5709142927655955,114.48202317572571,-0.19715655440883095,0.0425063496031927,7.611760000145296,30.0
656,21.866666666666912,track,1,319.0958114644437,240.48873108984253,319.08267936465063,240.4770719578031,1,0.01756096252739689,1.0339607347282869,1.9162321014329544,112.82918136644636,-0.19915894256498784,0.016104261579328184,10.756562998722075,30.0
657,21.900000000000247,track,1,319.3397899887858,240.65572433479457,319.0759100705759,240.56519399231126,1,0.2789773362562143,1.08322963706122,30.44350259731271,118.20431826110534,-0.18665095733250117,0.04998035134419494,7.324617999984184,30.0
658,21.933333333333582,track,1,318.93382726073276,240.4181467573328,318.99940330604613,240.47708916196768,1,0.08817269862652356,1.108516040668079,9.621293384690661,120.96549518250781,-0.20734385544170578,0.017542674201344005,6.74349600012647,30.0
659,21.966666666666917,track,1,318.93825517100146,240.43078025803808,319.0302460059231,240.56642053091923,1,0.16389202950984594,1.1230561102967602,17.88293414123399,122.55065674635112,-0.2080645281814234,0.017071138341552244,5.774228999143816,30.0
660,22.000000000000252,track,1,319.07345558856673,240.68333162585802,319.06193523566344,240.66269139549672,1,0.02363763186919634,1.1485318401138025,2.5791637942457197,125.32888147760414,-0.20194000083860864,0.05236893522595018,16.8203960001847,30.0
661,22.033333333333587,track,1,319.04699607527425,240.58498540807085,319.0579789057481,240.57512110739071,1,0.014762350528460347,1.1037064963938075,1.6108491222618813,120.43881192704985,-0.20379777614224903,0.04923996696382388,6.29739399846585,30.0
662,22.066666666666922,track,1,319.088119907454,240.4751031083392,319.06096498448164,240.50864128415742,1,0.0431532047343777,1.0679432177409387,4.708691574896872,116.5371721562123,-0.20218845613017733,0.020330014487275325,5.378907999329385,30.0
663,22.100000000000257,track,1,318.9698404529079,240.5211528564076,319.052418027409,240.60073912281132,1,0.1146866583808556,1.1219621599927556,12.514385994012352,122.43057888150936,-0.20880468719989556,0.047192470039671246,5.590170998402755,30.0
664,22.133333333333592,track,1,319.0218429340648,240.61180534389922,319.07622341367437,240.55395014015812,1,0.07940063704083307,1.0771369175850567,8.66396760883166,117.53962985603079,-0.2069330327424387,0.053390465981365015,6.802133999372018,30.0
665,22.166666666666927,track,1,319.1031449084842,240.43978157548793,319.08712823642304,240.47847289284755,1,0.04187543221194355,1.0306653995967892,4.569063731601051,112.46953115523694,-0.20332024706642915,0.023153571325732154,5.778688000646071,30.0
666,22.200000000000262,track,1,319.10402613827995,240.50590219224284,319.07586232079984,240.56861464924725,1,0.06874629356250818,1.0850590165774525,7.500994798095292,118.40389400881251,-0.20358665332674108,0.049182837050326764,6.576753999979701,30.0
667,22.233333333333597,track,1,319.04391442317535,240.5517453168185,319.0631305908987,240.52427681967197,1,0.03352281965261648,1.0735876644946867,3.657821666234437,117.15286888247643,-0.20702908070183834,0.05291354026514784,6.126988000687561,30.0
668,22.266666666666932,track,1,318.9719334719335,240.45883575883576,319.06588776832405,240.46437241773128,1,0.09411729066420933,1.0431717997128893,10.270769219009715,113.83462098376232,-0.21132910638260793,0.02553107330851886,6.286243999056751,30.0
669,22.300000000000267,track,1,319.115611043443,240.59612261469752,319.08872369469304,240.55482544651215,1,0.04927865281165061,1.0668907070132851,5.37698012958438,116.42141678680628,-0.2045677281544615,0.05624299328485172,7.114428999557276,30.0
670,22.333333333333602,track,1,319.0807949665435,240.45860381504045,319.07266024124056,240.48578602057637,1,0.02837333349382559,1.046874914191495,3.0958030720528784,114.23836944613694,-0.20661535080568227,0.026647000073074488,6.5179720004380215,30.0
671,22.366666666666937,track,1,319.0824939564867,240.55267929089445,319.06469481260183,240.57888293859287,1,0.03167713174732647,1.0999551127968104,3.4564226698686076,120.02933679609683,-0.2068508889673169,0.0550305667627822,6.356345998938195,30.0
672,22.400000000000272,track,1,318.96579918237114,240.49616113271512,319.05517906574164,240.5248782269922,1,0.09387989696970658,1.080825495157898,10.244699007129517,117.94273648058368,-0.2132961428936121,0.02752369529794297,6.44471300074656,30.0
673,22.433333333333607,track,1,318.9554801780793,240.46141615433538,319.07724763304304,240.6218403202032,1,0.2014031431798698,1.1127251747646811,21.976123465242598,121.42206915789832,-0.21462940982209192,0.02693713457781842,7.333010000365903,30.0
674,22.466666666666942,track,1,319.0409819013938,240.73351362596213,319.10365277265123,240.7261800776979,1,0.06309848678301737,1.1535925871906256,6.885757469844263,125.87969749577486,-0.21098379156877262,0.0647768342463579,7.8193449990067165,30.0
675,22.500000000000277,track,1,319.12933048867217,240.5032002438281,319.1078566593235,240.6329430475082,1,0.13150787221177956,1.0938631732087987,14.348629668928025,119.36334462370381,-0.2068362696656582,0.054768861225444894,6.37857299989264,30.0
676,22.533333333333612,track,1,319.0684156378601,240.49650205761316,319.08719874267945,240.59730217491222,1,0.102535206998178,1.0908602218070123,11.187478700979208,119.03640045876095,-0.21016047377047511,0.029684948661956232,6.950072000108776,30.0
677,22.566666666666947,track,1,319.1090449722082,240.7299646286003,319.08154453696875,240.6996475834178,1,0.04093161573841763,1.154585284227335,4.466325389437719,125.98867114864309,-0.20835035573790806,0.06738101092676702,6.426758998713922,30.0
678,22.600000000000282,track,1,319.172620276688,240.57918645467686,319.0635273392172,240.60513760909953,1,0.11213710992296565,1.1149764886939457,12.237115128045435,121.66811934694753,-0.2051546929108822,0.061569282209810214,7.456229999661446,30.0
679,22.633333333333617,track,1,319.01727948563394,240.3649789029536,319.025773964928,240.5457984291071,1,0.18101894159687704,1.1166970460370353,19.750623439022135,121.85707542980424,-0.21319488560076488,0.03276878035105205,6.690410000373959,30.0
680,22.666666666666952,track,1,319.08829863603734,240.65142036714184,319.0282254036756,240.644221216426,1,0.06050306618193828,1.1659188830080853,6.602525890938585,127.22679652448299,-0.20993594755922007,0.06629978378162654,6.355584000630188,30.0
681,22.700000000000287,track,1,319.04899342645854,240.60445768282662,319.01063609054745,240.5679554176304,1,0.05294998189471906,1.1407954688474864,5.777805948743008,124.48656344090462,-0.21221621771590976,0.06557995628664465,6.676183000308811,30.0
682,22.733333333333622,track,1,319.00756124609336,240.48321403367277,319.0025649735228,240.4996560319155,1,0.01718435468131392,1.1155862953053517,1.8749788435877903,121.73669569964109,-0.21477507735914259,0.03550631800465891,6.8294739994598785,30.0
683,22.766666666666957,track,1,319.12831720262255,240.53814132584034,319.0055144058115,240.59586037814813,1,0.13569088364341494,1.1593322161034447,14.807117530012135,126.5089748538292,-0.2089713840507048,0.06300997653040832,8.651403999465401,30.0
684,22.800000000000292,track,1,319.00084844628276,240.46229716831053,318.9749006857394,240.5494729627144,1,0.09095551334119731,1.163077444047348,9.924118237025171,126.91858704244117,-0.215759138593136,0.036040139342460704,6.46085900007165,30.0
685,22.833333333333627,track,1,319.0487927061417,240.61757338943994,318.9778948204589,240.65100228110236,1,0.07838367809732472,1.211818042465616,8.553530686935227,132.2357735314962,-0.21382526713855843,0.0676272111666134,7.154756998716039,30.0
686,22.866666666666962,track,1,318.97067538571577,240.69653622151833,318.96799812757126,240.5881277668925,1,0.10844150840674473,1.187822434072699,11.831837959728652,129.61833034268898,-0.21835817692025017,0.07326271741985643,6.6308959994785255,30.0
687,22.900000000000297,track,1,319.0100351229303,240.5015554440542,318.97971680065234,240.49924048239484,1,0.030406573520096188,1.1358780155161587,3.3181869910823587,123.95116306526877,-0.21703527757083524,0.06483505474503676,7.7656779994867975,30.0
688,22.933333333333632,track,1,318.9872178949471,240.5161773517076,318.98183658847165,240.45932647311395,1,0.057104998522481215,1.1169769655092907,6.230622337252958,121.88913295467931,-0.21884205306098833,0.06666345778687424,6.1254249994817656,30.0
689,22.966666666666967,track,1,319.02302201668846,240.37146878455815,318.9910658578883,240.4136689660903,1,0.05293440664263362,1.0904449168228851,5.7759417626395315,118.99437924872643,-0.2176601124795735,0.040678097502576054,6.231149000086589,30.0
690,23.000000000000302,track,1,318.9864376130199,240.4971870604782,318.99148159423567,240.51059004393073,1,0.014320674283476163,1.1304032765905376,1.5625346762551886,123.3535017436532,-0.2201452312940186,0.03982416558209013,16.58405499983928,30.0
691,23.033333333333637,track,1,319.0477556876409,240.62984218077474,319.00265828843067,240.6160372019442,1,0.04716304544916597,1.1722594950843002,5.146702309578778,127.91935613667553,-0.21761381637266003,0.07190898526670902,8.320423999975901,30.0
692,23.066666666666972,track,1,318.9280811392275,240.55014855035344,318.99785797086884,240.55431864759305,1,0.06990133006523518,1.1452326443218928,7.628145798721232,124.97106134087073,-0.22436678361531168,0.06910105032080899,6.717158999890671,30.0
693,23.100000000000307,track,1,319.1138044371405,240.46251027115858,319.0266142593448,240.51151039210697,1,0.10001569355359273,1.0996011464818984,10.913987273014616,119.99200336795009,-0.21552423711981886,0.04141033184520249,7.398877000014181,30.0
694,23.133333333333642,track,1,318.8513298717813,240.5318427466356,319.0057680291984,240.62030170577373,1,0.1779778972743571,1.1718666382954226,19.421412995033005,127.87639531927486,-0.22953402687546853,0.0683520274021897,7.284360999619821,30.0
695,23.166666666666977,track,1,319.06251289457396,240.60583866309057,319.0572153911555,240.58930057790815,1,0.01736582287048981,1.1118084321486816,1.8947816507091535,121.32270943799234,-0.21965867442725912,0.07322711352092467,6.876483999803895,30.0
696,23.200000000000312,track,1,319.0675480272671,240.5979136542037,319.05358593937945,240.5361762301401,1,0.06329651987425695,1.0877428574380625,6.906216797009683,118.69742793288417,-0.2197856357738211,0.07411783670495539,6.468033001510776,30.0
697,23.233333333333647,track,1,319.074577294686,240.54891304347825,319.04824240164135,240.48215901100843,1,0.07176090469506112,1.066920727106782,7.829876690094427,116.4260629364742,-0.2197408160800364,0.07284337837103054,6.628363998970599,30.0
698,23.266666666666982,track,1,318.9896939091003,240.40946099144594,319.0402857012957,240.43877674422765,1,0.05847172648983065,1.0552613735053866,6.3805826053658095,115.15439563008952,-0.22446756782729665,0.045187206834246485,11.135146000015084,30.0
699,23.300000000000317,track,1,318.87456158448526,240.62244687435526,319.0551813427178,240.54671186637938,1,0.1958552743662573,1.091593404152201,21.37260937495774,119.11744344801329,-0.23112721621387713,0.07688017329249355,10.818742000992643,30.0
700,23.333333333333652,track,1,319.28430436166826,240.35657433938235,319.1032552655463,240.4894153860348,1,0.22455627108210985,1.0216058627758775,24.503718510791135,111.48064812508557,-0.2105896740657766,0.04555022436860127,7.985107000422431,30.0
701,23.366666666666987,track,1,319.155336881213,240.62767346119088,319.0394729784489,240.60298904266324,1,0.11846419071506091,1.1341110812886834,12.92758977646751,123.75637962933538,-0.216716581238235,0.07745231350465848,7.327731000259519,30.0
702,23.400000000000322,track,1,319.0728205128205,240.5217435897436,319.0060621030286,240.5501746047854,1,0.07256037413249031,1.136047815361071,7.91810911803189,123.96878088250334,-0.22083649477434258,0.07318301437117558,9.58164400071837,30.0
703,23.433333333333657,track,1,319.0383567174725,240.4825880690421,318.9923359319098,240.52386522995596,1,0.06182003491519615,1.1357031536792155,6.745725271649119,123.93164989882402,-0.22274235382416546,0.046803247566862966,6.80379600089509,30.0
704,23.466666666666992,track,1,318.87392197125257,240.53449691991787,318.9865034663892,240.64196228236085,1,0.1556386750528245,1.1997044617800963,16.983005183234482,130.9139704182175,-0.23165365916806777,0.07381605052756757,7.194779000201379,30.0
705,23.500000000000327,track,1,319.01740348069615,240.60712142428486,319.02594441154906,240.61968404424556,1,0.01519101445300417,1.154466372002682,1.6575544468526233,125.97746632073465,-0.22505463674526727,0.07856801525811326,6.998707000093418,30.0
706,23.533333333333662,track,1,318.93571719641403,240.54676039119803,319.02795437685245,240.57573342611988,1,0.09668057823478136,1.1297529249495433,10.550332046306888,123.28131295834643,-0.22976607339158783,0.07664830529371135,6.756528999176226,30.0
707,23.566666666666997,track,1,319.06454536300475,240.571241566811,319.0528732006717,240.5456709198471,1,0.028108670542768967,1.0930717848214242,3.06697501454344,119.27880265366606,-0.22372937756763708,0.07898311552022443,9.886672998618451,30.0
708,23.600000000000332,track,1,319.04746417318836,240.5537148084155,319.04339493203656,240.5067837660382,1,0.04710712750921698,1.0825539439553138,5.139771552971916,118.1316999852259,-0.22485259296166188,0.07921465390489021,7.088418999046553,30.0
709,23.633333333333667,track,1,318.9986761710794,240.48900203665988,319.03772321826204,240.47026721889404,1,0.043308951619756134,1.0710405509775476,4.726036222741466,116.87586999551175,-0.22769808680593942,0.051316247139985435,7.333409999773721,30.0
710,23.666666666667002,track,1,319.0644871025795,240.59498100379923,319.0450610302619,240.586125247626,1,0.021349395848348638,1.1204692061048123,2.3297328861328417,122.2679486553676,-0.22469736100411247,0.08153743024773583,7.325626998863299,30.0
711,23.700000000000337,track,1,318.963402167246,240.4775097117154,319.03424604721044,240.54436409333186,1,0.09740823204296699,1.108608570884094,10.62901743902726,120.97439074660456,-0.23020973929782054,0.05157615989147593,6.93274000150268,30.0
712,23.733333333333672,track,1,319.0769473021205,240.7724123451606,319.0506990394231,240.66593402155456,1,0.10966587752161717,1.1595863205540569,11.965547044334947,126.53522685966303,-0.22482481083343342,0.09112565209539703,5.956400000286521,30.0
713,23.766666666667007,track,1,319.0145818143943,240.51880012498697,319.036318616927,240.58008794034924,1,0.06502833917782472,1.124803905852074,7.095253357434859,122.74112752063175,-0.22824639509235115,0.07969252633266041,6.976421998842852,30.0
714,23.80000000000034,track,1,319.0574011988215,240.56151579802906,319.0380904576609,240.558709916559,1,0.01951352594981029,1.1123968439834424,2.1294525920794722,121.38753687225741,-0.2263679812691637,0.0828786488758011,6.686493999950471,30.0
715,23.833333333333677,track,1,319.10307470078413,240.5313660751135,319.0277655456882,240.5238071942332,1,0.07568755195818075,1.1043612682819741,8.259571373467436,120.51125938181157,-0.22416356128650505,0.08238551810892449,9.077741999135469,30.0
716,23.86666666666701,track,1,318.9307341772152,240.4927594936709,319.00362285215806,240.49497882472542,1,0.07292245446539458,1.1125517775223766,7.95783677609124,121.40561592298592,-0.2332340395620103,0.05554343860552181,7.304127000679728,30.0
717,23.900000000000347,track,1,318.9928232083291,240.65116749216617,319.0258128683547,240.61272870172309,1,0.05065430168633563,1.1508592569808629,5.5272065863433815,125.58395547903727,-0.23066916426416145,0.08867758627762666,7.000273999437923,30.0
718,23.93333333333368,track,1,319.0752080550704,240.5791636699887,319.0322981054462,240.5571595821575,1,0.048222854104999054,1.1166350149950135,5.262240112562007,121.85008818005139,-0.22680504223814,0.08625477447476482,7.100418999471003,30.0
719,23.966666666667017,track,1,319.0277606415793,240.43522516964836,319.01616700716977,240.51788435459991,1,0.08346827670244698,1.1118145360268759,9.107088436226803,121.32475508218769,-0.22943853071527082,0.05702107919522162,7.995665999260382,30.0
720,24.00000000000035,track,1,319.00172939979655,240.6413021363174,319.01209128496475,240.6378699732071,1,0.010915512258010391,1.1759429118634208,1.191160571810077,128.32088593739314,-0.23112456484480998,0.0895759919286271,17.307337000602274,30.0
721,24.033333333333687,track,1,318.99431583298883,240.50103348491112,319.0150356666127,240.58755257651922,1,0.08896552544716353,1.1468970172685535,9.706944667943699,125.1520557686708,-0.23194505817666947,0.08345278003848208,6.969681000555283,30.0
722,24.06666666666702,track,1,319.0321605000504,240.53553785663877,319.0204017807803,240.57319068422828,1,0.03944620266082567,1.134971467299746,4.303964488573176,123.85087502931916,-0.2304197785107784,0.08597459836669794,8.533016000001226,30.0
723,24.100000000000357,track,1,318.99396147839667,240.67298282144716,319.01569671276116,240.54865246539964,1,0.12621591756899297,1.1268861917062878,13.771239610899798,122.96898345694625,-0.23274905503388457,0.0940502523521649,7.925259000330698,30.0
724,24.13333333333369,track,1,319.21289236558073,240.5680760471334,319.0214959982802,240.4842922700742,1,0.2089313062088482,1.0917916853664256,22.799479312346957,119.14022567863258,-0.22169666362056087,0.08993156881971826,6.85781599895563,30.0
725,24.166666666667027,track,1,318.9232796189318,240.47076112293504,318.9664486722345,240.44512118333716,1,0.050209298597294685,1.1253271590881126,5.478956390977218,122.80061653789298,-0.23651910322949282,0.06116813223063416,6.955983999432647,30.0
726,24.20000000000036,track,1,319.0658285488022,240.48267669768364,318.9885717915488,240.56255231939906,1,0.11112480139795172,1.1573470235465595,12.12564732678214,126.29297243595174,-0.22973853196761163,0.06005281082322671,7.686094999371562,30.0
727,24.233333333333697,track,1,318.9327104765904,240.75236195674995,318.9726672837048,240.68910330960136,1,0.07482113921780131,1.2370432010540218,8.163999148805363,134.98786727067738,-0.23691295667263043,0.09830072452811661,7.257358000060776,30.0
728,24.26666666666703,track,1,318.96671431488664,240.61394731468246,318.99317980637943,240.61481096155273,1,0.026479579412657932,1.179694630286821,2.889647189886934,128.7307975272332,-0.23583712769625423,0.0926253302864522,6.2253060004877625,30.0
729,24.300000000000367,track,1,318.9083359613161,240.4139598444234,319.0061260459231,240.5739067965785,1,0.18747247304913472,1.1476734935300374,20.455737205533275,125.23706242735804,-0.23951899615798158,0.06154692864574176,6.865012001071591,30.0
730,24.3333333333337,track,1,319.02282030290627,240.66352844862874,319.0368984545262,240.70184721867008,1,0.04082306321816841,1.1917021881531427,4.454217193206056,130.03934845046302,-0.23435162313241054,0.09513363335490826,6.341321000945754,30.0
731,24.366666666667037,track,1,319.06049344482295,240.54382161659956,319.0383191697183,240.6537251789374,1,0.11211820320967447,1.1628355984007506,12.233078591491457,126.89010160138757,-0.23276536599335668,0.09006721333619579,8.016211000722251,30.0
732,24.40000000000037,track,1,319.0069915898267,240.62539264363159,319.0295055943684,240.63566401622177,1,0.024746343071027212,1.1601414279653217,2.7004214719618025,126.59646659434227,-0.23579161847719032,0.09515373824879111,7.515647999753128,30.0
733,24.433333333333707,track,1,319.0515812097022,240.6320745061918,319.0350759236867,240.59348785471298,1,0.04196848983227403,1.1328311024777273,4.5792241527861135,123.61688649142985,-0.23383780401279014,0.09663853790386447,6.859803999759606,30.0
734,24.46666666666704,track,1,318.97911008982663,240.4226028828076,319.02848796999046,240.54637888469665,1,0.1332616737592232,1.1146145118809478,14.540270402882621,121.6297931848228,-0.23785041235620064,0.06469069407121636,6.580015000508865,30.0
735,24.500000000000377,track,1,319.12193614830073,240.7045314109166,319.04158084951814,240.6726173536763,1,0.08646086451092681,1.1708891375689074,9.435021162721531,127.76859733491108,-0.23079745852327527,0.10044813907292674,6.3168169999698875,30.0
736,24.53333333333371,track,1,319.0889746634996,240.5304829770388,319.0153564502159,240.61108103167248,1,0.10915900209244227,1.158854152773908,11.911084092447608,126.45649510230683,-0.23239982865097425,0.09268163541894826,5.820741000206908,30.0
737,24.566666666667047,track,1,319.00833584412976,240.51190117505274,318.99599474412116,240.59387011847537,1,0.08289276467366409,1.1664940083216349,9.044299858000395,127.29059848644721,-0.2366156402964183,0.09241001313875663,4.840493000301649,30.0
738,24.60000000000038,track,1,319.1052790650816,240.4667539794479,318.99745235467094,240.58098421847205,1,0.1570832485833644,1.158725352820255,17.14047571432907,126.44303939789029,-0.23179502333672636,0.06622378853738402,5.1316499993845355,30.0
739,24.633333333333717,track,1,318.9073624168163,240.66652582655541,318.97155328881036,240.71060668211783,1,0.0778690559495465,1.2500657960392738,8.497163860503763,136.4085997660068,-0.24211278175419304,0.09988098558058611,8.136992999425274,30.0
740,24.66666666666705,track,1,318.9476768092105,240.72512335526315,318.9990538652878,240.66354456669626,1,0.08019693942124213,1.2009098869554737,8.750766540008007,131.04506692197813,-0.24069811821607212,0.10412465144772866,11.527880000357982,30.0
741,24.700000000000387,track,1,318.97741580893376,240.60097931447987,319.01739950737624,240.59664184747373,1,0.04021827645696436,1.1495587076184175,4.388906991227847,125.44235102356645,-0.23972104528311902,0.09904607996455513,7.897674000560073,30.0
742,24.73333333333372,track,1,319.08644240570845,240.57838939857288,319.0289423953716,240.55958877055548,1,0.06049557671919901,1.1207553094402292,6.6016118826416506,122.29969808656965,-0.23445382777235454,0.09884008578165952,8.267220000561792,30.0
743,24.766666666667057,track,1,318.96551375404533,240.6205501618123,319.0108201450266,240.52636974346467,1,0.10451134036019862,1.120509657397117,11.403404872368329,122.27351401644063,-0.24084801647255244,0.10194386060452294,7.058011000481201,30.0
744,24.80000000000039,track,1,319.0466374119808,240.54056536381262,319.0252453324672,240.4793039925064,1,0.0648889565352517,1.0862223433117042,7.080041456237835,118.53252231281087,-0.237083745150825,0.09877799908540406,9.8907709998457,30.0
745,24.833333333333727,track,1,319.11340852130326,240.42094820384295,319.01805793647577,240.45180074871416,1,0.10021783050921391,1.080895060890233,10.936327376178633,117.95160914862562,-0.2337489695542707,0.07117307866919559,8.33476600018912,30.0
746,24.86666666666706,track,1,319.0479236577181,240.58053691275168,318.99156705545033,240.5741726746311,1,0.056714814167241785,1.1604358077662582,6.189126545586619,126.62983675706529,-0.23708141835942756,0.10025893917623424,7.018112000878318,30.0
747,24.900000000000396,track,1,318.7567405031573,240.23363736594166,318.9813496960942,240.5440397999887,1,0.3831435248233844,1.154828015601955,41.806580158746,126.01841216332473,-0.25257758133689756,0.07047778686042858,7.74082099997031,30.0
748,24.93333333333373,track,1,319.12572064326895,240.66764438151108,319.0522974989824,240.67533023575345,1,0.07382432168573289,1.1637057006639728,8.056240998788015,126.98458030010903,-0.23450749712011754,0.10401069644899671,9.162888998616836,30.0
749,24.966666666667066,track,1,319.02482591583407,240.64618024018569,319.0254089988953,240.63033954396963,1,0.01585142398858065,1.1606703063859911,1.7295176696264873,126.65429745542244,-0.23970885504148007,0.10390531490819366,6.73696400008339,30.0
750,25.0000000000004,track,1,318.9646171102274,240.51106352605282,319.0248170949437,240.5884423541927,1,0.0980383659806111,1.1389671209134307,10.697487691774244,124.28662830171302,-0.24314475334120728,0.09779308706365267,19.725688000107766,30.0
751,25.033333333333736,track,1,319.08780827366746,240.4920445505171,319.04112456447547,240.58164544329088,1,0.10103310689957103,1.1214961090228572,11.023939220566414,122.38010783154903,-0.23717106633822807,0.0715412556635624,7.407642999169184,30.0
752,25.06666666666707,track,1,319.0058835463583,240.59880300263745,319.02416553522653,240.71733014825088,1,0.11992879289080259,1.2111215645959554,13.0852454554429,132.15831120658487,-0.24148918514715406,0.10152915266068711,5.5948680001165485,30.0
753,25.100000000000406,track,1,318.99157591945755,240.75056502979248,319.0288482412925,240.6955212254884,1,0.06647590817157809,1.1945231322772822,7.253459111352734,130.34735323828428,-0.24256301730774776,0.11033262669617966,8.880934999979218,30.0
754,25.13333333333374,track,1,319.10070351758793,240.61336683417085,319.0378884437955,240.62917209691932,1,0.06477298685482713,1.1495721700372188,7.068433042764047,125.44314736190343,-0.23718860787219614,0.10459951891245478,7.406430000628461,30.0
755,25.166666666667076,track,1,319.04420884176835,240.59731946389277,319.0169141640124,240.59578089170418,1,0.027338007209386953,1.1495271340160944,2.9833240573202944,125.43892263677908,-0.2400813862462818,0.10473699071790674,9.934935998899164,30.0
756,25.20000000000041,track,1,319.0149572649573,240.60022385022384,319.01003573298954,240.56400740658898,1,0.03654931280429506,1.1393566626148275,3.9878354809312535,124.32961941045252,-0.24175031968528532,0.10580664402020067,6.866826000987203,30.0
757,25.233333333333746,track,1,318.943261688907,240.48487317917898,319.01074465980287,240.52884942501043,1,0.0805472628855961,1.1217432159110268,8.789447952645498,122.40808908169548,-0.24578352533874298,0.07528641495272986,8.938914999816916,30.0
758,25.26666666666708,track,1,319.0055951169888,240.61932858596134,319.0316690973905,240.65875560299958,1,0.047268828275313444,1.1711633880171928,5.157686596657013,127.79883299467171,-0.24306653944302212,0.10641018385754351,9.120071999859647,30.0
759,25.300000000000416,track,1,318.9869931917488,240.5670155472005,319.0368267440765,240.62492710185268,1,0.07640111975507771,1.1481448530373897,8.33660436498437,125.28746960138355,-0.2443770507556385,0.10455051364238026,7.191583999883733,30.0
760,25.33333333333375,track,1,318.9254219948849,240.61012787723786,319.0477163234125,240.60324461623816,1,0.1224878854091294,1.1272747081857875,13.366777336222825,123.01030096704632,-0.24803289785262117,0.10752198439485063,5.6285730006493395,30.0
761,25.366666666667086,track,1,319.2346137959521,240.56598513011153,319.07686504960475,240.56791095103586,1,0.15776050126819985,1.0838362352992696,17.21599342485051,118.27046285567553,-0.23239986703419369,0.10607438122124196,9.781563998330967,30.0
762,25.40000000000042,track,1,319.03678418585696,240.57703281027105,319.0214176817699,240.54246326304326,1,0.03783097994226808,1.1188787893709298,4.127783861843436,122.09523642676734,-0.24218430757206824,0.1073538236223962,7.67504400027974,30.0
763,25.433333333333756,track,1,319.0614558472554,240.37559665871123,319.01695285951223,240.51232594601788,1,0.14378947779810666,1.1085393792663834,15.688850336191662,120.96743210436051,-0.2410057409610999,0.07781565775461685,7.156940999266226,30.0
764,25.46666666666709,track,1,318.96837525204285,240.65976865117267,319.00502002117287,240.64182809033503,1,0.04080076994079578,1.1840305974973557,4.452329041070456,129.2034369303035,-0.24593877685232413,0.11095206322672238,5.6618039998284075,30.0
765,25.500000000000426,track,1,319.01873364730506,240.7113553113553,319.01823320705694,240.59667370640307,1,0.11468269684160398,1.1488627192308398,12.51280034394687,125.36639533745705,-0.24370703008694852,0.11462974936828471,7.009115999608184,30.0
766,25.53333333333376,track,1,318.96816651362104,240.5312723191511,319.0183990868409,240.53394423465363,1,0.050303583816048957,1.1174241801727243,5.489496720660761,121.93665124124101,-0.246610729785602,0.10637199395751411,7.28444200103695,30.0
767,25.566666666667096,track,1,319.0403877221325,240.54311389337641,319.03292556879046,240.51726351565742,1,0.026905868518127485,1.0967198822532247,2.935685805213017,119.67746167877556,-0.24326388420218253,0.10750761445387047,7.7524489988718415,30.0
768,25.60000000000043,track,1,318.96911476087183,240.53114347691354,319.0284952881964,240.49650158033978,1,0.06874669463740511,1.0910248504669966,7.501809655388147,119.0563271509818,-0.24719462685662424,0.10741180911976052,5.673745999956736,30.0
769,25.633333333333766,track,1,318.9235528942116,240.3944111776447,319.0439409418532,240.47819395422084,1,0.14667254571241714,1.0689800655381512,16.005065786317363,116.65087042925526,-0.2500701720769614,0.08004306579531949,6.391121998603921,30.0
770,25.6666666666671,track,1,319.1537924848002,240.50034884879898,319.07365371876153,240.60776411486233,1,0.13401589907790906,1.1079235768223057,14.62313705204952,120.89835705941435,-0.23861116329984208,0.10470656335512948,7.487046001187991,30.0
771,25.700000000000436,track,1,318.9368185060634,240.66738000611434,319.0412015884333,240.60767447488672,1,0.12025214486326298,1.1351487397921416,13.122229251940132,123.86952536069411,-0.24976078308693567,0.11373833220551224,6.9716760008304846,30.0
772,25.73333333333377,track,1,319.2261881285742,240.54456714651943,319.0671828426166,240.56126184234938,1,0.15987931020403764,1.088651783072192,17.44718017528985,118.79613038758026,-0.23508977598711372,0.10822236403286853,8.964851000200724,30.0
773,25.766666666667106,track,1,319.0026191195729,240.55122393472348,319.01390642561955,240.5460816291262,1,0.012403490825029749,1.1272025918633877,1.3535193895472886,123.00356126951095,-0.24624179274976973,0.1090653409078795,6.4112090003618505,30.0
774,25.80000000000044,track,1,318.97629198294686,240.5840698762608,319.01911410043795,240.5281868374185,1,0.07040346423770519,1.1140549731417293,7.682086798931624,121.5690699325936,-0.2478885572451347,0.11132247171986676,8.561606999137439,30.0
775,25.833333333333776,track,1,319.04247104247105,240.59897735573412,319.0321301717913,240.50000258528155,1,0.0995135106031035,1.0893918439408876,10.857741519463115,118.87805270058725,-0.2447950812484897,0.11278014475757063,9.822591000556713,30.0
776,25.86666666666711,track,1,318.9160025167785,240.52443372483222,319.0276923546742,240.4657598183927,1,0.12616357313436236,1.078106843308337,13.767373805414266,117.64709828734574,-0.2516027405266288,0.10959698466038366,7.6294039990898455,30.0
777,25.900000000000446,track,1,318.98038611624565,240.46518792359828,319.0586257153684,240.4501767180882,1,0.0796666251435024,1.0434771781281533,8.69375705972376,113.86818864377567,-0.24889227078861545,0.08258411536788639,5.794770000647986,30.0
778,25.93333333333378,track,1,319.0860659872869,240.59560084754312,319.07418592419253,240.5803120403399,1,0.01936190912134232,1.092654459162035,2.1126806996009537,119.23256652943559,-0.24377513917555527,0.11228613398382359,7.978780999110313,30.0
779,25.966666666667116,track,1,318.9749373433584,240.4795321637427,319.06155648953063,240.55365326079652,1,0.11400356797953529,1.0895908202314737,12.439978626520316,118.89876092776571,-0.24963207151768413,0.0817492830289564,6.995792999077821,30.0
780,26.00000000000045,track,1,318.994700529947,240.73882611738827,319.07928480389705,240.6914411344835,1,0.09695275140263018,1.1514370650585872,10.579752743190422,125.6452839980901,-0.2490346702765049,0.11899392434490272,19.95685499969113,30.0
781,26.033333333333786,track,1,319.18583699979047,240.5289126335638,319.0929668190272,240.6321410613516,1,0.13885596414466006,1.1055819792454895,15.151502204962615,120.64228059871334,-0.23932315358382122,0.10920007095469904,7.176913000876084,30.0
782,26.06666666666712,track,1,319.1217391304348,240.57493606138107,319.05401299584287,240.62659161524402,1,0.08517702478749838,1.1346843016135815,9.294539879340752,123.81844069829289,-0.24224861170305664,0.11208635641491127,6.248575000427081,30.0
783,26.100000000000456,track,1,319.12045078577336,240.5048593879239,319.0298396222099,240.6071319029893,1,0.13663839248221626,1.1444738119595368,14.909508082931682,124.88720885507138,-0.24206962610267205,0.10903661720907348,7.824554999388056,30.0
784,26.13333333333379,track,1,319.0039070532593,240.53557474809787,319.00390876575557,240.6053871507347,1,0.0698124026578456,1.1656291645344545,7.617092011097999,127.19598613416389,-0.24795133103288847,0.11100583258632296,6.600058999538305,30.0
785,26.166666666667126,track,1,318.9580004097521,240.63009629174348,319.00856322175946,240.59455594447854,1,0.061803836788685555,1.1560465632329675,6.7440957683383225,126.15042925978774,-0.2506022788692156,0.11645207853419706,8.552256998882513,30.0
786,26.20000000000046,track,1,318.98903014148044,240.49671929464836,319.026591409546,240.55606038275243,1,0.0702297201764785,1.1210385511821088,7.663014425004303,122.33067700363797,-0.24943116571665755,0.08430867366563795,7.024095000815578,30.0
787,26.233333333333796,track,1,319.0118556701031,240.74649484536081,319.0376281387621,240.69034478457752,1,0.06178227469709159,1.1843713610586322,6.741149291807255,129.23956696918052,-0.24859977421906237,0.12200596421685397,8.717775999684818,30.0
788,26.26666666666713,track,1,318.9908367737388,240.59359581109658,319.0435044039764,240.62489154410332,1,0.06126419981744408,1.14252932877209,6.6852929652232405,124.674630347043,-0.24999833830825113,0.11527661569144315,6.54708600086451,30.0
789,26.300000000000466,track,1,319.07745839636914,240.59878971255674,319.0561324579337,240.59660876315036,1,0.021437168433944657,1.116614505204942,2.33937822316866,121.84705923119365,-0.24581683706449575,0.11629803481723505,7.798554001055891,30.0
790,26.3333333333338,track,1,318.87767010524124,240.5642388246327,319.04577111873823,240.56412496665166,1,0.16810105205606637,1.1085078871319893,18.344431259424137,120.96301961894899,-0.25636955249980753,0.11524507884963234,7.489913999961573,30.0
791,26.366666666667136,track,1,319.0758421367351,240.62039067171617,319.0910220518765,240.53846936848333,1,0.08331584331365677,1.0564990160760375,9.090479138678392,115.28767180312892,-0.2467813162013263,0.11881890361720208,8.259763999376446,30.0
792,26.40000000000047,track,1,319.01086409817924,240.4010662911176,319.08448603433953,240.4949316143876,1,0.11929328730727601,1.0407320136517755,13.016734099511032,113.56781768375126,-0.25026223241234485,0.08711226643372202,6.617551000090316,30.0
793,26.433333333333806,track,1,319.0428907769475,240.6247312928652,319.09588440851235,240.6216399093704,1,0.0530837229133608,1.097206078953771,5.792885343964288,119.72841959297003,-0.24887895153589099,0.11833046236583578,8.816560999548528,30.0
794,26.46666666666714,track,1,319.1022785854212,240.55490256727498,319.09929399474504,240.58296081834033,1,0.028216541856685103,1.0729000995537146,3.0786567290280216,117.07665878002601,-0.24590939079442195,0.11538613012482225,7.077218999256729,30.0
795,26.500000000000476,track,1,319.0503633944109,240.5239021394206,319.0862738474466,240.5610601019979,1,0.051674701935499556,1.072233146248494,5.638607784724885,117.0043253345775,-0.24854011068126147,0.11422462412219028,8.415844999035471,30.0
796,26.53333333333381,track,1,318.9568965517241,240.51152766639936,319.0867113522488,240.54639490176294,1,0.1344157972009344,1.0642572728357194,14.66827149700352,116.13419231406526,-0.25356231379153477,0.113902959217567,6.928600001629093,30.0
797,26.566666666667146,track,1,319.1317168396178,240.51268879071202,319.11338031693776,240.53445155271856,1,0.0284577910975069,1.0352453451219494,3.105202020822488,112.96828535997507,-0.24484947660786016,0.11422829084009188,7.708932000241475,30.0
798,26.60000000000048,track,1,319.07626349238376,240.53162513870674,319.0930464319074,240.52174483590989,1,0.019475303397165855,1.0463185215193977,2.1251920594107507,114.17697778991064,-0.2475455325679708,0.11547716240067674,7.5501289993553655,30.0
799,26.633333333333816,track,1,319.01414659149157,240.44356740133264,319.08657637364286,240.50331457778168,1,0.09389248338453672,1.042913364280555,10.245505485091165,113.80571672120973,-0.2507951954341378,0.08795468712676881,6.903396000780049,30.0
800,26.66666666666715,track,1,319.1088839645447,240.55096696212732,319.0969419661692,240.63257327983388,1,0.08247546553263195,1.102570980402688,8.998767088143342,120.31366935044035,-0.24603231349597127,0.11516858022099086,6.776849000743823,30.0
801,26.700000000000486,track,1,319.16109810598,240.7870823579485,319.08142889825376,240.61755891010023,1,0.1873109234136852,1.1068657896996728,20.43777866250713,120.78270698992735,-0.24312668429795659,0.12792448640845944,6.632348999119131,30.0
802,26.73333333333382,track,1,318.82245598969513,240.38117217689995,319.04996178581723,240.5353459477111,1,0.27482437824050887,1.0904897487543328,29.989193183010343,118.99721778785076,-0.2605904807577935,0.08795472836383365,13.392996999755269,30.0
803,26.766666666667156,track,1,319.1080097087379,240.68780339805824,319.11119684031223,240.66710310251608,1,0.02094421264227459,1.111304461458488,2.2851906728457583,121.26600345499482,-0.24657366119674215,0.1224218674152231,10.10920600128884,30.0
804,26.80000000000049,track,1,319.13481211384584,240.57358452344778,319.0972567239296,240.61579871095284,1,0.056501725092898185,1.092773295291158,6.165274753938792,119.24478201401024,-0.24505379609318417,0.11736171823241517,7.696595999732381,30.0
805,26.833333333333826,track,1,319.03090085556113,240.58550578761952,319.0748111474884,240.59221005358415,1,0.04441915036627556,1.098493131693547,4.847326913101363,119.86951113362721,-0.2502804824181955,0.11853396894839958,9.578282999427756,30.0
806,26.86666666666716,track,1,319.10203260213325,240.60092573958542,319.0798610114523,240.56306269865433,1,0.04387697917898281,1.0787471255403172,4.787547040765368,117.71517288809045,-0.2466971223736748,0.11995673126354289,10.043710000900319,30.0
807,26.900000000000496,track,1,319.0645289387471,240.53568946689168,319.06543870021255,240.52698557842575,1,0.008751305065609085,1.0729019633354793,0.9548392762804953,117.07798543895206,-0.24854985947929448,0.11720463436960823,7.234767999761971,30.0
808,26.93333333333383,track,1,318.9863393590797,240.49137222678718,319.0605560355033,240.50620956459124,1,0.0756852802893384,1.0671471715339775,8.259281694821663,116.45034305241639,-0.25270165527587085,0.08958863044140196,5.699024999557878,30.0
809,26.966666666667166,track,1,319.16497564935065,240.55732548701297,319.0774939722338,240.63330708106446,1,0.11587168103458143,1.1189706118532954,12.643809211371412,122.10340561757735,-0.24365856334479494,0.1172201740430025,9.624651000194717,30.0
810,27.0000000000005,track,1,319.152901313003,240.77520118593816,319.04589908909213,240.6135894266074,1,0.19382424171359455,1.134372307771848,21.14892241348242,123.78466750842585,-0.24392703008263344,0.12914506708958828,25.22620600029768,30.0
811,27.033333333333836,track,1,319.1170431211499,240.53234086242298,319.0154523499448,240.53079025766283,1,0.10160260414561863,1.1185134656583389,11.087627905398534,122.05558519393492,-0.24546734835913014,0.117738017997098,7.303280000996892,30.0
812,27.06666666666717,track,1,319.01463363645865,240.62945541967179,318.99295628474727,240.50931142239028,1,0.12208393694502534,1.1285101547647873,13.320409544985624,123.14692518524447,-0.25065576343027207,0.12328751999594947,6.639326000367873,30.0
813,27.100000000000506,track,1,318.8925964546402,240.44483837330552,318.9978867353235,240.45868277703107,1,0.1061965664269782,1.1020984008633348,11.588920512581,120.26543477079697,-0.2573060935422896,0.09113142774806318,6.889422000313061,30.0
814,27.13333333333384,track,1,319.0109657947686,240.6338028169014,319.0380599110332,240.5799655936504,1,0.06027053793968458,1.12324922638732,6.576234442844557,122.57146380700154,-0.25185022804192175,0.12281465393210507,5.940405000728788,30.0
815,27.166666666667176,track,1,319.0770598076119,240.51306984525303,319.0489287676944,240.5326482527597,1,0.0342734510567005,1.090069103354121,3.7399557761006896,118.95136314856066,-0.2487141913633774,0.11720637920382065,12.038070999551564,30.0
816,27.20000000000051,track,1,319.05495486558874,240.56204741593098,319.0428850611024,240.51558348281924,1,0.04800601275413302,1.0871500972804655,5.237899184600529,118.63312519950924,-0.2499585733689615,0.12005711247983411,12.613005001185229,30.0
817,27.233333333333846,track,1,319.10361671170233,240.4364996882145,319.04331036236556,240.48362127822725,1,0.07653299952084898,1.0719816246145606,8.351284739616277,116.97833993964441,-0.24755642771888492,0.09107245054908839,7.321282000702922,30.0
818,27.26666666666718,track,1,318.98055979643766,240.68844783715014,319.03077586454754,240.6065150993834,1,0.09609696672825092,1.1433529597301157,10.485457368008408,124.76489973745535,-0.2540022576189341,0.1255537304062479,7.80004700027348,30.0
819,27.300000000000516,track,1,318.93644840867626,240.5102371781877,319.0524901132952,240.5457445936421,1,0.12135260097388015,1.0934405090780577,13.24269272214792,119.31904092967562,-0.25679272416295246,0.11709940731678752,6.824501000664895,30.0
820,27.33333333333385,track,1,319.0608007909046,240.63717251606525,319.08897718196226,240.53026429991792,1,0.11055892407598839,1.054107585947875,12.063002985815032,115.02685053017332,-0.25092194615936236,0.12403241672931528,7.420116000503185,30.0
821,27.366666666667186,track,1,319.1449070331447,240.41845189975749,319.09406311247164,240.4779730897617,1,0.07828075324704684,1.0242948397414195,8.541697471839031,111.77431075570229,-0.24667244782564302,0.09139535672116157,6.657648998952936,30.0
822,27.40000000000052,track,1,319.0428367928368,240.54761904761904,319.0764140772176,240.59987596872577,1,0.062114570190440845,1.1013002018598461,6.777548996577409,120.17569423969317,-0.25185745347579913,0.1184583556558506,9.805523999602883,30.0
823,27.433333333333856,track,1,319.0437572315136,240.6679288944988,319.08636677929815,240.57753725022383,1,0.09993109084332066,1.0808676780097284,10.903634426703842,117.9462981727442,-0.25201178859964063,0.1251217538135183,8.2726630007528,30.0
824,27.46666666666719,track,1,318.99646071392453,240.5767013853777,319.0971103251736,240.51971942736282,1,0.11566022559117618,1.0417859895805976,12.621155530249373,113.68237166796266,-0.2547047564872942,0.1211741967443822,8.582898000895511,30.0
825,27.500000000000526,track,1,319.06648227822166,240.48125384142594,319.12220343932006,240.48297888022194,1,0.055747856936406014,1.001895903116669,6.083617840703445,109.32978311046382,-0.25142184222511005,0.09150643578718588,6.989892999627045,30.0
826,27.53333333333386,track,1,319.20680061823805,240.63987635239567,319.1297941001948,240.60445464703548,1,0.08476261576764725,1.0595393944439326,9.249637078717026,115.61809500199209,-0.24415563459794934,0.12344243425425816,8.349336001629126,30.0
827,27.566666666667196,track,1,319.02764836945516,240.55256228478834,319.0986574263475,240.55555796238673,1,0.07107221851756508,1.0588026655849787,7.755924208032332,115.5387321740351,-0.2531153011630278,0.1195775866345987,7.386049999695388,30.0
828,27.60000000000053,track,1,319.07666256157637,240.4729064039409,319.11535076292637,240.52719129298669,1,0.06666052881887187,1.0298227673031568,7.273632953093675,112.37665052272092,-0.25076024600107966,0.09105678220221217,7.105109998519765,30.0
829,27.633333333333866,track,1,319.26526082130965,240.5988295832913,319.1195482761882,240.65081770087454,1,0.15470911471410428,1.094878494507403,16.882665108360605,119.47374404834,-0.24086872415555197,0.12080916291873983,6.292705998930614,30.0
830,27.6666666666672,track,1,319.04100318471336,240.57135748407643,319.0710748250194,240.61561149780346,1,0.053504404320103116,1.1143964720603305,5.83808673000489,121.60459776632126,-0.2519280191428158,0.11991544929982884,7.644515000720276,30.0
831,27.700000000000536,track,1,319.1092770580861,240.56142916840787,319.08168744584384,240.58498316167265,1,0.03627640145322197,1.0888081771190659,3.958452838953398,118.81271366633956,-0.24846874724984505,0.11987177618132,7.179363999966881,30.0
832,27.73333333333387,track,1,319.0443201822512,240.58599979289636,319.07397312711885,240.55436379553817,1,0.04336050585694111,1.0792798465187456,4.731371679255746,117.77348485830275,-0.25177119695640726,0.12162679543918786,8.080616998995538,30.0
833,27.766666666667206,track,1,319.15924219150025,240.5622119815668,319.0840137274158,240.51412503878498,1,0.0892842420285066,1.050407257718793,9.742855180085465,114.62333635547827,-0.24586818949640704,0.120948382751998,6.744325000909157,30.0
834,27.80000000000054,track,1,319.0640868140868,240.51330876330877,319.062732816495,240.47720987556397,1,0.03612427170048256,1.0517599719571016,3.94144822612406,114.77163573707833,-0.250571234860561,0.11885427250724466,6.812105000790325,30.0
835,27.833333333333876,track,1,319.03588175331294,240.5461773700306,319.0667153483944,240.4511333903946,1,0.09992031150218088,1.0366009728200858,10.902290469759125,113.11776508970641,-0.2521391282901124,0.12085976741182734,6.729011000061291,30.0
836,27.86666666666721,track,1,318.950409049591,240.53125946874053,319.0792598491521,240.41399573917693,1,0.17422201588406158,1.0095320190266737,19.010865211694927,110.16431565658173,-0.25687619314706683,0.12046914356134203,5.760969999755616,30.0
837,27.900000000000546,track,1,319.06960556844547,240.41511146978715,319.11728789983647,240.37854095983403,1,0.060091654371574356,0.9604550536319629,6.557214507867195,104.80907306458201,-0.25121674232584246,0.09296461935848961,6.128652999905171,30.0
838,27.93333333333388,track,1,319.3206440605673,240.30774152271272,319.1253707471043,240.48934128205462,1,0.26666484497185816,1.0022131611307952,29.09804333592291,109.36428635159037,-0.23813564153560543,0.0912591312701486,4.896104999716044,30.0
839,27.966666666667216,track,1,319.1532084740559,240.60935421144202,319.0639455846002,240.6087666329953,1,0.08926482332029409,1.1165996068590824,9.741238308157602,121.84517874992265,-0.24602387581293494,0.12144358235689207,6.409638001059648,30.0
840,28.00000000000055,track,1,318.97201872201873,240.55809930809932,319.0448681890881,240.56670215082602,1,0.07335566614292528,1.1105980839019434,8.00509379204379,121.19107694416368,-0.25527397883282915,0.11925972721226263,20.890615000098478,30.0
841,28.033333333333886,track,1,319.0433245808928,240.55917996364371,319.07542117957576,240.53574364526287,1,0.039742328395110944,1.0685818867155825,4.336709014843064,116.60635744515154,-0.25198730430363236,0.11969003607991278,6.690723001156584,30.0
842,28.06666666666722,track,1,319.2421436004162,240.4363163371488,319.08876105721276,240.50191378280863,1,0.16682095023304216,1.040323918895104,18.20423682123729,113.52315179748693,-0.24174488098960628,0.0908267618037141,7.01207699967199,30.0
843,28.100000000000556,track,1,319.08360193392423,240.65713134568895,319.0478098053079,240.62140991492356,1,0.050567747495948584,1.1370208657861447,5.517837532081824,124.0735479936924,-0.24950627920571078,0.12367526753817168,7.572299999083043,30.0
844,28.13333333333389,track,1,318.98001449725587,240.45635290462877,319.04860711065317,240.56506749174002,1,0.12854496514232383,1.106548552988562,14.025994840096097,120.74917405502481,-0.2549956810779872,0.09007946576445096,6.835497999418294,30.0
845,28.166666666667226,track,1,319.0730445368773,240.67160393628893,319.07905495956857,240.687221134354,1,0.016733859576640447,1.1490921003113894,1.8258399248646542,125.38946586050247,-0.2505900223062961,0.1237435466091158,6.817862999014324,30.0
846,28.20000000000056,track,1,319.05533435426236,240.6156202143951,319.08639899001696,240.6291164894169,1,0.03386976578056123,1.1092584742512799,3.696015286501573,121.04357689747464,-0.25167050394692636,0.12174441170327774,6.899852998685674,30.0
847,28.233333333333896,track,1,319.1766323724152,240.45910155852093,319.0999179065569,240.58092243647457,1,0.14396331330348594,1.0712696449243833,15.708342989307619,116.89876510637448,-0.2454974771506508,0.09026796728450026,8.541756000340683,30.0
848,28.26666666666723,track,1,319.2848510548076,240.70804622071452,319.080945613901,240.69981639876107,1,0.20407145513443808,1.1551640388199034,22.269781589333288,126.05182928757867,-0.23949982264123826,0.1259148064801836,7.765710000967374,30.0
849,28.300000000000566,track,1,319.05804803270314,240.5995912110373,319.03043670769193,240.6277726818122,1,0.03945352410001007,1.1550547683209336,4.305070160108845,126.04151031956687,-0.25067042675925255,0.12135613469956391,7.331880000492674,30.0
850,28.3333333333339,track,1,319.0528072837633,240.58209408194233,319.0399745041782,240.57918587665142,1,0.013158187181132902,1.1212070425841916,1.4359063335437103,122.3486106482439,-0.2510892765157407,0.12120062349577912,6.722362000800786,30.0
851,28.366666666667236,track,1,319.0212323064113,240.69109075770191,319.0522355768446,240.53053770904341,1,0.16351906375434958,1.0861526883988637,17.841352909978028,118.52399682369587,-0.2529592669771594,0.12765059515539418,7.863183000154095,30.0
852,28.40000000000057,track,1,319.09234583204216,240.51048445408532,319.0749785990945,240.44656423759818,1,0.06623756378385615,1.0271729213890093,7.227136833303476,112.0889488197363,-0.24958568439439632,0.11929513488870913,7.217147000119439,30.0
853,28.433333333333906,track,1,319.0451626057702,240.3960648384137,319.0802570969537,240.4061931201943,1,0.03652677652428288,1.0054451047159372,3.986017809915333,109.7184313852275,-0.2521777362550832,0.09296734515984574,7.017525000264868,30.0
854,28.46666666666724,track,1,318.9505425709516,240.5122078464107,319.09990702872085,240.5052421906339,1,0.14952679226514326,1.0322000911367326,16.31746425881707,112.63651960548147,-0.25748344059608536,0.11826555070753356,6.728481999743963,30.0
855,28.500000000000576,track,1,319.26768037554854,240.62669660169405,319.14842044095076,240.46833827518856,1,0.1982430114124747,0.9718685535591188,21.631291460984183,106.05311486638303,-0.2415015191084673,0.12457216723560247,7.798852999258088,30.0
856,28.53333333333391,track,1,319.09563980079275,240.34170139241792,319.1122825543307,240.39673537612111,1,0.05749539640326642,0.9723380183925654,6.273301508374141,106.10558412954836,-0.24998196591027008,0.09246699950052631,8.673039001223515,30.0
857,28.566666666667246,track,1,319.01769458934234,240.49442569295286,319.12197854967883,240.49526193207384,1,0.10428731312738726,1.0080704581454663,11.38060355720478,110.00339272367901,-0.25417029735835506,0.09090439415588113,7.2621159997652285,30.0
858,28.60000000000058,track,1,319.15584546925567,240.58424352750808,319.15463635293884,240.60098992994847,1,0.01678999574041391,1.0372215730845629,1.8319246379843868,113.1825432887147,-0.24730051088949623,0.11988412267449039,6.856734000393772,30.0
859,28.633333333333916,track,1,319.2073093220339,240.51641949152543,319.15129853399424,240.55099264119622,1,0.06582181291169624,1.011873049869753,7.182611290276341,110.41725966374919,-0.24442641089198652,0.11681554369898768,6.486677000793861,30.0
860,28.66666666666725,track,1,319.1004290968533,240.4850837760523,319.1332946101313,240.51616015890272,1,0.045231444085864755,1.0087613902533696,4.93557591724507,110.07838914560914,-0.24965431691236975,0.09006671617256018,7.8584460006823065,30.0
861,28.700000000000585,track,1,319.0851528384279,240.52079434393846,319.14385445993764,240.62275299817168,1,0.1176496814314406,1.0586814830252196,12.837090321510983,115.52405649114657,-0.2504812937335995,0.11574086101436308,6.081752000682172,30.0
862,28.73333333333392,track,1,319.1812134650272,240.65127998387422,319.1595256309514,240.59114790090086,1,0.06392362278230161,1.0275470820196653,6.974721750342454,112.12694909307687,-0.24551662172902122,0.12289128930228738,7.456315001036273,30.0
863,28.766666666667255,track,1,319.13123825433286,240.5280851952391,319.1494384891986,240.5201040235803,1,0.019873289868941234,0.996976970145851,2.168658348110538,108.79224590843553,-0.2478523114158948,0.11726263445447681,9.515956000541337,30.0
864,28.80000000000059,track,1,319.06835799859056,240.49431188966074,319.1525474463492,240.47774255345155,1,0.085804463848458,0.972838001965198,9.36355627713447,106.15873521672046,-0.2510661890023424,0.09003410162384344,9.182168001643731,30.0
865,28.833333333333925,track,1,319.11474895397487,240.7003138075314,319.1735553097908,240.57922899455798,1,0.13460950715738862,1.009216059182388,14.687473191736522,110.12668046158903,-0.24879721078580389,0.12524744850552777,8.375164999961271,30.0
866,28.86666666666726,track,1,319.31622746185855,240.25123835942145,319.18323930949305,240.49150622281763,1,0.2746169966527137,0.9532451901928762,29.96416221499383,104.02025754331993,-0.238173977100002,0.0895309673511779,7.210073999885935,30.0
867,28.900000000000595,track,1,319.0104483668087,240.69314262527897,319.13706253259136,240.59283297034767,1,0.1615338164263849,1.0469536777665405,17.626557631561386,114.2448258134017,-0.2534266304590758,0.12430582272899314,6.909318999532843,30.0
868,28.93333333333393,track,1,319.07885193244226,240.5296860428971,319.17304881473774,240.50722184173355,1,0.0968384890841699,0.9701145600073399,10.567631782662152,105.86093972029873,-0.25020908508870215,0.11671810234121477,7.952799000122468,30.0
869,28.966666666667265,track,1,319.24729074207863,240.49231086799463,319.19270952228464,240.46057305926183,1,0.06313792883330435,0.929432869188351,6.889768814439908,101.42216947295564,-0.24148042723025692,0.08941810337828773,7.163735999711207,30.0
870,29.0000000000006,track,1,319.13166050184947,240.50854743576926,319.166671136093,240.55798534759856,1,0.06057930039357723,1.0028881510693202,6.610079182999116,109.43655885768635,-0.2470250112150002,0.11453040466298703,19.154215000526165,30.0
871,29.033333333333935,track,1,319.1398118494796,240.4527622097678,319.1710766810662,240.519893100354,1,0.07405434602396618,0.9784695725815464,8.080178090777405,106.77248646607762,-0.24651312837853565,0.08819981122549549,8.122120998450555,30.0
872,29.06666666666727,track,1,319.20310621242487,240.586372745491,319.17364405656485,240.62062517558115,1,0.045180168160393525,1.0334600881580907,4.929890727618,112.7715873998762,-0.2430763246837635,0.11738057747335175,7.3264780003228225,30.0
873,29.100000000000605,track,1,319.24697311717625,240.5837266570901,319.15879272747486,240.56408783435745,1,0.09034082402886136,1.0128300747012122,9.858576771983103,110.5214231406088,-0.24040283836688114,0.11785299042163595,7.562996999695315,30.0
874,29.13333333333394,track,1,319.1189189189189,240.57147147147145,319.1306127493889,240.5033592354714,1,0.06910877197568407,1.0045918133548113,7.540358662984577,109.62360477494904,-0.24659817103406245,0.1178662356006168,7.0538290001422865,30.0
875,29.166666666667275,track,1,319.14914772727275,240.46174918831167,319.13642350630334,240.4408553119256,1,0.02446343944982207,0.9695967030257565,2.669285486928236,105.8056833403132,-0.2449889758826674,0.08858153993174324,8.099901000605314,30.0
876,29.20000000000061,track,1,319.12527783390584,240.4809052333805,319.13461985216236,240.5327988854317,1,0.05272783352572645,1.016246747885946,5.753060876137115,110.89495138644848,-0.2461327982660778,0.08714780939472375,7.051208000120823,30.0
877,29.233333333333945,track,1,319.2085927135422,240.63026839473417,319.1399035354135,240.63061871333912,1,0.06869007144500801,1.0665110829277231,7.495969109292925,116.37835325588296,-0.24174954704591833,0.11869342322607929,8.956993999163387,30.0
878,29.26666666666728,track,1,319.135005608239,240.6591210359947,319.1228158041106,240.558392299836,1,0.10146363689924073,1.0398336761397364,11.07052347782305,113.46853356448632,-0.2453019169991114,0.12105251163272704,12.666073000218603,30.0
879,29.300000000000615,track,1,319.32220578914007,240.41464187618845,319.1256989305185,240.4717485593344,1,0.20463655280824097,0.9934531007201773,22.331146588153413,108.40861297161365,-0.23543142900586353,0.08753027139052325,8.94813000013528,30.0
880,29.33333333333395,track,1,318.9279695024077,240.52347512038523,319.0769832833903,240.56202212999347,1,0.1539187411346387,1.0806612483768259,16.79656530420359,117.92408725432816,-0.2554136902571873,0.11352569680894489,7.526764000431285,30.0
881,29.366666666667285,track,1,319.22409077094517,240.579880457907,319.13590245468185,240.5117531220901,1,0.11143838212601788,1.0042688015635168,12.160173469650488,109.58818918675179,-0.240660455963932,0.11694458454336824,7.828710000467254,30.0
882,29.40000000000062,track,1,319.2133499688085,240.36670825535455,319.1172193820512,240.44131750738484,1,0.12168660648903881,0.9869461797638464,13.278456099188874,107.69904702390765,-0.24091502819103103,0.08722742363333391,9.081456999410875,30.0
883,29.433333333333955,track,1,319.0247249869041,240.44002095337873,319.1009945984707,240.52740876160965,1,0.11599001110407499,1.0422910888045842,12.656411691982889,113.73734442761706,-0.25058307445168404,0.08575977678849048,6.89267999950971,30.0
884,29.46666666666729,track,1,319.1097892932755,240.63837080350842,319.1374521810121,240.61933080676044,1,0.03358209097257861,1.0618659935431063,3.664516988455233,115.8716728137475,-0.24663024330284353,0.11770556310659672,6.9847570011916105,30.0
885,29.500000000000625,track,1,319.1742827868852,240.65819672131147,319.15396631613737,240.53884677888254,1,0.12106679041519135,1.003059741661614,13.209422201667866,109.45569106848086,-0.24345362983242072,0.11962283320432801,7.3175769994122675,30.0
886,29.53333333333396,track,1,319.17235318444995,240.43021091811414,319.15469568092476,240.44607699515655,1,0.023738572649960075,0.9557845350575344,2.5903231024043016,104.2982471358477,-0.24351503220155776,0.08615152209151078,7.884211001510266,30.0
887,29.566666666667295,track,1,319.19977958120427,240.48672477707646,319.15692852585175,240.5297289056432,1,0.06070887924026092,0.9956817885230378,6.624411467095818,108.65070240371479,-0.24202420730029417,0.08477055143115061,6.41825099955895,30.0
888,29.60000000000063,track,1,319.30706874189366,240.45406398616515,319.15240512107596,240.61862249963906,1,0.22583254849818113,1.0493383038076611,24.642193726087022,114.50449111869283,-0.23619386934879028,0.08332946840027307,6.48703399929218,30.0
889,29.633333333333965,track,1,319.15123611250124,240.68511660494445,319.1180001952563,240.71304697143069,1,0.04341349521944122,1.1341779573922348,4.737253440366575,123.7612008451171,-0.24375989837384424,0.11778162705082063,7.048338000458898,30.0
890,29.6666666666673,track,1,319.08690317963396,240.64604846130254,319.1251798195817,240.6215404187858,1,0.04545047099527593,1.0731369158926098,4.959635532573687,117.10166333443831,-0.24713318185678917,0.1168441075497142,6.954336000490002,30.0
891,29.700000000000635,track,1,319.16498176133405,240.51307972902555,319.1516014472571,240.53281663882194,1,0.023844882325315255,1.001835153556573,2.6018132031469015,109.32217320652303,-0.2433002050473439,0.11088872144388212,8.07340900064446,30.0
892,29.73333333333397,track,1,319.1239198942767,240.57436210226695,319.1588504346614,240.47360656245428,1,0.10663874274629528,0.9653164078523919,11.635362496521044,105.33796678759148,-0.24545162321643868,0.11465591955187764,6.246620998354047,30.0
893,29.766666666667305,track,1,319.0378940986257,240.33185125303152,319.17886228118914,240.39202551341577,1,0.15327416647311465,0.909918214139493,16.725953624616352,99.29373675646848,-0.25015575843385895,0.08530710436769202,7.868736000091303,30.0
894,29.80000000000064,track,1,319.31721991701244,240.54502074688796,319.2252701852393,240.46466146778107,1,0.12211620249470789,0.9033917010464461,13.325198440737777,98.58015556758102,-0.2360038020526532,0.11246640169164177,8.152059999702033,30.0
895,29.833333333333975,track,1,319.25853864862006,240.6366712488104,319.19752701345465,240.3901071981179,1,0.2540004935417322,0.8922704299473452,27.713771656887726,97.36784770664842,-0.23849486831947944,0.11787086627566694,8.715832000234514,30.0
896,29.86666666666731,track,1,319.11439535366105,240.2616677037959,319.1844142225492,240.28435798752344,1,0.0736036070856112,0.8637358539787447,8.03203487485828,94.25543594871796,-0.24567139769863633,0.08543786541108889,7.875977000367129,30.0
897,29.900000000000645,track,1,319.2625,240.31714876033058,319.210939598865,240.3491832978516,1,0.06070161908370824,0.8628703796850394,6.623882174745528,94.16006394391557,-0.23803326982866957,0.08396761279607944,8.698196999830543,30.0
898,29.93333333333398,track,1,319.17923362175526,240.4097651421508,319.19811026703167,240.41941825730396,1,0.021201659582480832,0.9049523846036965,2.3135968194272913,98.75133425846059,-0.24198531035001844,0.08243896098999562,8.798458000455867,30.0
899,29.966666666667315,track,1,319.1900641351929,240.48956530591468,319.20775906837093,240.49534425492448,1,0.018614696125156645,0.9343509108654925,2.0313386625405783,101.95819585933188,-0.2413109246024306,0.08091883015074092,7.565353998870705,30.0
900,30.00000000000065,track,1,319.1911128983613,240.58097918970543,319.21523031902495,240.57688591515398,1,0.02446231542638563,0.973992202884972,2.6694956815527617,106.28261321927802,-0.24111776358408105,0.10984017950564713,25.651809000919457,30.0
901,30.033333333333985,track,1,319.27871977525837,240.49894652352765,319.2231091198629,240.50165889119558,1,0.05567676294361616,0.9247816405810486,6.075858026062924,100.91374147555398,-0.23636213403935913,0.08008731596795508,7.949782999276067,30.0
902,30.06666666666732,track,1,319.1037906137184,240.5661853188929,319.20708085352624,240.58256267908746,1,0.10458055061293582,0.9839207528608394,11.412554211748647,107.36602722038151,-0.24506593748267963,0.10834217367124022,8.781056998486747,30.0
903,30.100000000000655,track,1,319.1159316484191,240.5147856338893,319.2389476895984,240.51019327424638,1,0.12310173091596278,0.916241123424335,13.433768949321234,99.981504988195,-0.2446474503730929,0.10632176577433491,8.698532999915187,30.0
904,30.13333333333399,track,1,319.28266857084566,240.48270937468124,319.27007591737504,240.44598941837967,1,0.038819197727672436,0.8553921484924479,4.235564506666234,93.34221445773144,-0.23607053081164525,0.07993062683177547,9.847201999946265,30.0
905,30.166666666667325,track,1,319.23923006416135,240.5526020979733,319.2569723810185,240.51989915374406,1,0.03720581095367433,0.9068545487745601,4.059615961859866,98.95690157217994,-0.2378861766133046,0.10758026237812221,9.688964999440941,30.0
906,30.20000000000066,track,1,319.31197742474916,240.46551003344482,319.2550825577646,240.44367597961377,1,0.06094055953049427,0.8670353917994347,6.650133325606744,94.61291798834591,-0.23373144309785793,0.07936350913326957,8.540761000404018,30.0
907,30.233333333333995,track,1,319.2136281769061,240.49319591755054,319.23258286434645,240.51524508764396,1,0.029076555466032918,0.9243411493793434,3.1727246897078745,100.86537937093614,-0.23828051766365954,0.07811328218671382,9.308495000368566,30.0
908,30.26666666666733,track,1,319.36296452702703,240.52945523648648,319.23591202781313,240.5907562789098,1,0.14106791044983702,0.9658278367866558,15.393858107397968,105.39127584529487,-0.2301707408847081,0.1045452716671068,8.905741000489797,30.0
909,30.300000000000665,track,1,319.23229689067205,240.53239719157472,319.1975745688652,240.52254249869816,1,0.036093692016043524,0.9575683972842739,3.9387587156360393,104.49142257105818,-0.2362031623666168,0.10533463002646473,8.011603000340983,30.0
910,30.333333333334,track,1,319.13774076002085,240.3019260801666,319.19301391642364,240.44733603910754,1,0.15556084975961898,0.9226787474361474,16.973315124497635,100.68532994677537,-0.24087353221087326,0.07808681417931757,8.000510999409016,30.0
911,30.366666666667335,track,1,319.2626615808434,240.38684043229497,319.21498414334076,240.51464025023165,1,0.13640356121256017,0.9386716584434306,14.883043828089054,102.42932854379053,-0.23441225897563112,0.07678822761935528,8.882293999704416,30.0
912,30.40000000000067,track,1,319.3533027714107,240.5573036049177,319.2041348112365,240.58603116004224,1,0.15190902792781016,0.9883490877347116,16.577332438011755,107.84923033543907,-0.2292839790921055,0.10464581497237802,7.38585100043565,30.0
913,30.433333333334005,track,1,319.2041204120412,240.5095509550955,319.16759351888857,240.50598125664897,1,0.036700908304627265,0.9741240074427826,4.005068101708283,106.29852651120653,-0.23641328865525185,0.10285800625638278,7.082960000843741,30.0
914,30.46666666666734,track,1,319.2562878064311,240.32930064735223,319.1707523535068,240.43257156782715,1,0.13409398466261355,0.9352913024865072,14.631785671973867,102.06203149275588,-0.23354827957286192,0.07673387514625103,7.027370000287192,30.0
915,30.500000000000675,track,1,319.18919455755287,240.45009434899197,319.1603265348034,240.49556822979343,1,0.05386312813613375,0.9750073838365837,5.8771986244521335,106.39513918549574,-0.23677828549169827,0.0754711411434796,8.609524000348756,30.0
916,30.53333333333401,track,1,319.2602977161501,240.43688825448612,319.16884103733537,240.56234971106414,1,0.1552575318189056,1.0035249965754074,16.94088474593788,109.50596546404633,-0.2330286014365737,0.0741867285082066,8.937603000958916,30.0
917,30.566666666667345,track,1,319.17363142498954,240.63748432929378,319.1590890509233,240.6330043886676,1,0.01521678387495396,1.0525330305266085,1.6605425343514584,114.85281307835234,-0.2373314635950473,0.10632421894278664,8.055795999098336,30.0
918,30.60000000000068,track,1,319.1780749230606,240.52541653401252,319.17403566658834,240.529255043366,1,0.0055722299759909015,0.9809831705980024,0.6080316983102452,107.04660840503749,-0.2372148431378627,0.10155595936989549,9.478432000832981,30.0
919,30.633333333334015,track,1,319.1613327931942,240.43822159205996,319.19012846286535,240.44790544672014,1,0.030380382369024597,0.925478900819688,3.315272382555756,100.99090545961855,-0.23823353119760943,0.07480805794310881,9.087521000765264,30.0
920,30.66666666666735,track,1,319.17896470103943,240.44756612123084,319.2134405453362,240.5061536360845,1,0.06797853143972808,0.9353434016673071,7.417341206831571,102.0662847053236,-0.23753634893771408,0.07368271989219793,8.735898998565972,30.0
921,30.700000000000685,track,1,319.1504019538007,240.7324717614735,319.2348387065309,240.5673193984194,1,0.18548549332489656,0.9525350937609625,20.23869784486571,103.94112821695987,-0.2392260074526647,0.11095782271160981,11.671766000290518,30.0
922,30.73333333333402,track,1,319.26114714227805,240.40474260235104,319.26707083863084,240.42657401975248,1,0.02262080821359353,0.8480274464385477,2.468141372864079,92.53887197377344,-0.2337053711644074,0.07416515440338621,16.764680000051158,30.0
923,30.766666666667355,track,1,319.27986205455113,240.44403803950257,319.2717000842857,240.47891943066998,1,0.0358235845273296,0.8716562328708906,3.908675944793527,95.11647814265757,-0.2325821941037159,0.07310173050926083,10.493697000129032,30.0
924,30.80000000000069,track,1,319.3378293601004,240.4841070681723,319.27219758093315,240.5337736609565,1,0.08230614117700244,0.9025578553923694,8.981274153006739,98.48767286240968,-0.2292901579928161,0.07200803354137807,10.857905001103063,30.0
925,30.833333333334025,track,1,319.2912691084436,240.55812044731712,319.25701407488987,240.5912723505976,1,0.04767028440113427,0.9495425622335011,5.201687155947388,103.61397344074416,-0.2312255313891225,0.10011415806130727,9.149919000265072,30.0
926,30.86666666666736,track,1,319.2419646444355,240.46534752912817,319.25404705088,240.49565748701252,1,0.03262940533386502,0.8956127213993832,3.560216147236066,97.73057076830216,-0.23346792079818068,0.07180766882424658,7.767241000692593,30.0
927,30.900000000000695,track,1,319.2159950274526,240.62084326116235,319.2649518674963,240.5477708988442,1,0.08795647970341816,0.9167053587264457,9.597284684948772,100.03132733707541,-0.23468317115693102,0.10326227972048846,8.009710998521768,30.0
928,30.93333333333403,track,1,319.27355994300837,240.44311011601872,319.2842683619083,240.42886146204842,1,0.017823983149160342,0.8343823652233726,1.944864059201743,91.04970612948956,-0.23162025229412642,0.07194888933649175,7.514446999266511,30.0
929,30.966666666667365,track,1,319.25389912902574,240.4885558031193,319.2891975156913,240.47366678298135,1,0.038310038134395256,0.8541664902109812,4.18056275706633,93.20787704815416,-0.2323972342901867,0.07091703873151452,6.73150600050576,30.0
930,31.0000000000007,track,1,319.27459572248307,240.61763171622326,319.3002366559092,240.5206604399989,1,0.10030396741677579,0.8722132947352819,10.944093001963669,95.17634421102345,-0.2311287225217441,0.10219320677807114,19.369098999959533,30.0
931,31.033333333334035,track,1,319.31562244062246,240.35002047502047,319.3064943097685,240.39750831656306,1,0.048357190440115334,0.7993516148230978,5.2761900508094595,87.22733262402993,-0.22869978197218435,0.07096588556583035,11.110512999948696,30.0
932,31.06666666666737,track,1,319.26524108152563,240.39786162228847,319.3017993222628,240.43753786551838,1,0.0539509892646665,0.8239681851595072,5.88696542877681,89.91300268820723,-0.23091151939649923,0.0698501048006179,8.106849998512189,30.0
933,31.100000000000705,track,1,319.34073240589197,240.43617021276594,319.3109197453625,240.48012990989128,1,0.05311543748473417,0.8398549444418664,5.795644071338617,91.64586601326455,-0.22669173938452308,0.06869443181047133,8.200596001188387,30.0
934,31.13333333333404,track,1,319.1726220432813,240.45254151987922,319.29957189287575,240.52547311031844,1,0.14640792736749456,0.8756263603372181,15.97641235126404,95.54871516615297,-0.23501136656529836,0.06752433022840702,6.799964001402259,30.0
935,31.166666666667375,track,1,319.274669892148,240.54893659913316,319.3346503137344,240.57362051948348,1,0.06486098131810289,0.878482046137663,7.0779283039148275,95.85920013511233,-0.229800615996051,0.09509940592047642,7.503070999518968,30.0
936,31.20000000000071,track,1,319.2912019826518,240.49638579099545,319.3440106740197,240.4712408249286,1,0.058489547805548596,0.8077065747407527,6.382602821808954,88.13758906443996,-0.2287072846325578,0.06723162903848508,5.962990999250906,30.0
937,31.233333333334045,track,1,319.32819003146886,240.49071160288295,319.3496301934989,240.5140057409069,1,0.031659081069309696,0.8289648888182849,3.4545408785996607,90.4566045294868,-0.22646904245047617,0.06617331922395314,8.8975210001081,30.0
938,31.26666666666738,track,1,319.40769779044905,240.61653599429792,319.3454203014744,240.5589081458013,1,0.08484959961800966,0.8607281203521251,9.258657356136185,93.9219859475675,-0.22183951293292198,0.09739044839655059,9.232789001544006,30.0
939,31.300000000000715,track,1,319.5361753227259,240.55638947263083,319.31864505523436,240.43378927132608,1,0.24970027359799218,0.8077237725077819,27.247975096664668,88.14027990874489,-0.19003816108888846,0.09543120482757429,9.621248000257765,30.0
940,31.33333333333405,track,1,319.1406743404299,240.36283997147805,319.1244056279363,240.31556688332648,1,0.04999415835459746,0.9307244287338727,5.454865630968056,101.56546568318132,-0.23214327854733613,0.06728769427169028,7.005659999776981,30.0
941,31.366666666667385,track,1,319.01287249138454,240.4094871275086,319.15688738365805,240.34386772319567,1,0.1582598983284582,0.9105404411066823,17.269964023185352,99.36239595466637,-0.23914997485171632,0.06625371983606225,9.890573999655317,30.0
942,31.40000000000072,track,1,319.4182347437364,240.30689260837926,319.228916239354,240.37408512331012,1,0.20088885027374467,0.8570354983394189,21.922042781816558,93.52289220019631,-0.2187257044497555,0.06513581836950508,9.975414999644272,30.0
943,31.433333333334055,track,1,319.1891041899158,240.34026580095363,319.1942111707582,240.40664442838124,1,0.0665747957751153,0.9025825881681889,7.263850814283134,98.49294139569366,-0.23012969854053725,0.06395882789511706,7.18440700075007,30.0
944,31.46666666666739,track,1,319.1695314098629,240.48434622467772,319.2225403548031,240.44183872381723,1,0.06794730217659059,0.894239877087892,7.414396848743595,97.58184210313819,-0.23142020778982336,0.06280695854296153,7.321385000977898,30.0
945,31.500000000000725,track,1,319.2697874961503,240.4139205420388,319.259982606524,240.47951218576577,1,0.06632043114599422,0.8817923105498903,7.236118111444726,96.22264815894526,-0.22651878727618285,0.061662745698675685,10.415168000690755,30.0
946,31.53333333333406,track,1,319.3064125831821,240.54083484573502,319.27353166900696,240.51960234768603,1,0.03914043293571159,0.8931645064917514,4.271070427901039,97.46286088276358,-0.22457229017733357,0.08887571180763126,11.218573001315235,30.0
947,31.566666666667395,track,1,319.16834605597967,240.43796437659034,319.2789644696662,240.41084950395316,1,0.11389315064857922,0.829873213751517,12.428738616306413,90.55796442807467,-0.2316639973765083,0.06146368932631114,6.85946699923079,30.0
948,31.60000000000073,track,1,319.27815372184625,240.42834057165942,319.3245020677549,240.44456572437434,1,0.04910625977501141,0.8086631806604534,5.358734667863995,88.2425732809556,-0.2262656261295026,0.06046582952259826,7.481951000954723,30.0
949,31.633333333334065,track,1,319.32869476891824,240.50330116810562,319.34354798143454,240.47985448842724,1,0.02775544469100123,0.8131356484267748,3.0284954162068685,88.72988995715068,-0.22355057614432294,0.0858149944577621,7.173235999289318,30.0
950,31.6666666666674,track,1,319.2559933291641,240.36825099020223,319.35043049393573,240.37617756224495,1,0.09476923886185762,0.7506331337911536,10.341908153633089,81.9109888645323,-0.22710240965814105,0.060294002934606294,7.0577400001639035,30.0
951,31.700000000000735,track,1,319.38857852265676,240.296399751707,319.3785901867976,240.40482189720183,1,0.10888125865792232,0.7416406976415867,11.8798348100771,80.92903820150833,-0.22012859642870755,0.059299193431623286,6.094513000789448,30.0
952,31.73333333333407,track,1,319.40123331985444,240.4357056207036,319.3719074463943,240.43496085950073,1,0.02933532893032151,0.7639968620305716,3.2012879266194854,83.36819120011252,-0.21890239924726085,0.05831413953164689,7.017785999778425,30.0
953,31.766666666667405,track,1,319.3790006194507,240.44104893660955,319.3610533598643,240.46652231079884,1,0.031160823468747448,0.7911358135072664,3.40009583467085,86.32926169481487,-0.21941952852268887,0.05734816643327558,7.532363999416702,30.0
954,31.80000000000074,track,1,319.3369978858351,240.33097251585625,319.3553427688221,240.499384600756,1,0.16940827923123714,0.815455654945264,18.48383809694915,88.98262694602337,-0.22104703001444986,0.05636063164768495,8.615401999122696,30.0
955,31.833333333334075,track,1,319.3907567509873,240.52332159248584,319.3607147243141,240.53364306252274,1,0.031765643553295836,0.8327428065660125,3.4664371620824452,90.86842770903716,-0.21780262638039444,0.0827952543955037,6.557542999871657,30.0
956,31.86666666666741,track,1,319.3828173057207,240.33698995283987,319.3512027633619,240.4230267514306,1,0.09166138772840625,0.774525329924804,10.001202773798434,84.51745730255381,-0.21759218100882,0.056338361074266534,6.8132919986965135,30.0
957,31.900000000000745,track,1,319.2810860845418,240.47259076416742,319.3430049926104,240.44960454117836,1,0.0660478434448187,0.7961072058353956,7.207474513257028,86.87218779379397,-0.2223645383134831,0.05548028390495755,6.7933250011265045,30.0
958,31.93333333333408,track,1,319.4497409326425,240.54238341968912,319.3627133202176,240.47683042722042,1,0.10895411945391432,0.7959281177036488,11.889115211239332,86.85202855249086,-0.21333505772363448,0.08302420931819049,8.113697998851421,30.0
959,31.966666666667415,track,1,319.33872115482365,240.36657517535835,319.336734869024,240.35320830541855,1,0.013513642856961269,0.7514497594551963,1.4744522914267228,82.00054153498078,-0.2183677835729204,0.055743889950149145,6.841526001153397,30.0
960,32.000000000000746,track,1,319.34544529262087,240.40885496183205,319.3400849624642,240.37111562003452,1,0.03811811982115235,0.7571094109833217,4.159006673497502,82.61785637683883,-0.21765023444504647,0.05494241189278776,17.77888700053154,30.0
961,32.03333333333408,track,1,319.2981066062976,240.4418604651163,319.34211232032123,240.3893135863741,1,0.06853960411525406,0.764448342014406,7.478767619177113,83.41841760913317,-0.21979029987050042,0.054143384939546686,8.556458000384737,30.0
962,32.06666666666741,track,1,319.39623991008483,240.40819454378257,319.35807437019935,240.40777106544238,1,0.038167889234997324,0.7604904706878154,4.165162579261412,82.98611011655116,-0.2144895089309165,0.0533363812400383,7.2800910002115415,30.0
963,32.10000000000074,track,1,319.3388888888889,240.44737373737374,319.34830332488536,240.42651276575816,1,0.022886933867981386,0.7788592271457964,2.4972228406598984,84.99035543764496,-0.2170033723415442,0.05254739484341208,7.069049999699928,30.0
964,32.13333333333407,track,1,319.33609455500556,240.45994544903527,319.3544940841508,240.44542499425984,1,0.023438990585189737,0.7842711985707953,2.5576617064488474,85.58057323740317,-0.2168896514717134,0.05178221268683071,7.525291001002188,30.0
965,32.1666666666674,track,1,319.38081833718707,240.54488790590128,319.3626495713314,240.46436342859033,1,0.08254874619834196,0.788574005871481,9.006806676025745,86.04973037652123,-0.21430772826436298,0.07957100633720111,6.445327000619727,30.0
966,32.200000000000735,track,1,319.40204751018786,240.20355829440413,319.359622709477,240.33102306674573,1,0.13433961405130135,0.7208740146068184,14.657787344893197,78.66416173986215,-0.21279433100860204,0.05220219230657863,7.6532880011654925,30.0
967,32.233333333334066,track,1,319.4536333231985,240.24972129319957,319.35112893495557,240.33956092169797,1,0.13630226871842943,0.7323491507445529,14.873164153487691,79.91630811429212,-0.20960223327426747,0.051390735963738984,5.823018998853513,30.0
968,32.2666666666674,track,1,319.25089167430957,240.3534087435035,319.3282317720427,240.34832109513695,1,0.07750725697169175,0.7567034672910258,8.458159259536187,82.57397527671262,-0.2195849683852443,0.050561075284444985,8.416249000219977,30.0
969,32.30000000000073,track,1,319.3142945993573,240.4078988286514,319.3612135513689,240.35738425786872,1,0.06894280179414149,0.7319642304970231,7.5228310428777965,79.87397197872227,-0.2164088090504938,0.049749697265089626,8.389151000301354,30.0
970,32.33333333333406,track,1,319.437848242326,240.3878026542397,319.3799100197334,240.3666367226581,1,0.0616833388923475,0.7203707864901765,6.731201782633562,78.60857467548837,-0.2098511473953647,0.04894892310755699,8.661333999043563,30.0
971,32.36666666666739,track,1,319.31201550387595,240.42962056303548,319.3663029767512,240.3760059960714,1,0.07629974771861209,0.7368530561489658,8.325662613699137,80.40713977452108,-0.21593231023597192,0.048174994325698675,6.306917999609141,30.0
972,32.40000000000072,track,1,319.39431098602876,240.46054879887424,319.38781592629846,240.38533320440592,1,0.07549550617170955,0.7233609185680082,8.237174987663126,78.93451798397494,-0.21156916208820015,0.04744939925913768,7.507754999096505,30.0
973,32.433333333334055,track,1,319.4531378178835,240.37910172272353,319.3887622773399,240.39434511152876,1,0.06615565828067313,0.7274060905638368,7.219327125687062,79.3757918759432,-0.20811782407396215,0.046726488548025275,6.902649000039673,30.0
974,32.466666666667386,track,1,319.336,240.38116455696203,319.37402137892127,240.40301218750574,1,0.043851387839474607,0.7444918114565046,4.7851769927576315,81.2402273559714,-0.21368652887014442,0.046012587252316,7.747313000436407,30.0
975,32.50000000000072,track,1,319.4028747433265,240.47320328542094,319.39171644822704,240.4112714125779,1,0.06292904276543339,0.7342704230468059,6.866100765465511,80.12455719869078,-0.21004705330901205,0.04535244168398015,6.328633000521222,30.0
976,32.53333333333405,track,1,319.40567476863623,240.401301739042,319.3927534725044,240.41882136468826,1,0.021769179509372096,0.7376717973969086,2.375340549607545,80.49559615682949,-0.20953089830072646,0.044702230064210986,7.362038000792381,30.0
977,32.56666666666738,track,1,319.3621583881907,240.37652104528226,319.39380640390914,240.425594583485,1,0.0583935702851758,0.7406763297374555,6.371538775261988,80.82334189709763,-0.21145122958220292,0.04405200767030278,7.105695000063861,30.0
978,32.60000000000071,track,1,319.3556493767592,240.49557700040208,319.4078860383464,240.43157689353097,1,0.08261163654893447,0.7327056425434048,9.014231674134914,79.95333413648679,-0.2116173868681526,0.04345908445996989,7.378210999377188,30.0
979,32.63333333333404,track,1,319.6107905982906,240.52179487179487,319.4256529431166,240.43644871350148,1,0.2038624980195439,0.7213612280042137,22.246292206915843,78.7151563632842,-0.17771016802308176,0.07019736583893679,7.797299998856033,30.0
980,32.666666666667375,track,1,319.2633235204548,240.32859608161607,319.2653985668136,240.29442988127107,1,0.03422915516640424,0.7914090096939942,3.734677309070607,86.3622863800929,-0.2138173511935895,0.044176855323944594,6.494688999737264,30.0
981,32.700000000000706,track,1,319.2982170147733,240.32613346917984,319.30054913392837,240.28688713145448,1,0.03931556695008303,0.7559998282027126,4.289645801525681,82.49818731412499,-0.21220274789931726,0.043592902383076754,7.549550000476302,30.0
982,32.73333333333404,track,1,319.3486115412408,240.33880458346238,319.32993782260473,240.27814558444925,1,0.06346827498029381,0.7254986476378155,6.925003525094039,79.16971593691713,-0.20970538948760997,0.04297136123720131,6.522514999232953,30.0
983,32.76666666666737,track,1,319.29743326488705,240.37043121149898,319.34887260348887,240.26839272185384,1,0.11427098899044431,0.7042737675304077,12.468328952033618,76.85358433907659,-0.21239660854094275,0.04233931759819323,8.862671000315459,30.0
984,32.8000000000007,track,1,319.3852566033946,240.2122125138094,319.385041846083,240.25767181927176,1,0.045459812734152436,0.6667595499996921,4.9600295502337,72.75980761083717,-0.20800367295282668,0.04164913276114954,7.193098999778158,30.0
985,32.83333333333403,track,1,319.38008315586654,240.20190650035494,319.40067930684063,240.24628047727356,1,0.04892086735250757,0.647950126734396,5.337826518282468,70.70729985876255,-0.20816591577398819,0.04090817755497057,12.098987999706878,30.0
986,32.86666666666736,track,1,319.4785158224649,240.22828834293801,319.42009514310666,240.2344772379397,1,0.05874758035883665,0.6255151622145629,6.410958302449625,68.25914125768233,-0.20286280332496942,0.04012628641892494,9.843466999882367,30.0
987,32.900000000000695,track,1,319.470372632865,240.20698432091223,319.41415662365944,240.22246844631718,1,0.05830950034563068,0.6266615284257445,6.36308465789286,68.38441419404762,-0.20274868572669252,0.03931716750001707,6.893596999361762,30.0
988,32.933333333334026,track,1,319.2601485400346,240.13480516837927,319.41055417541713,240.21038759133967,1,0.16832871952042353,0.6258668538178735,18.368617927548616,68.29785353694172,-0.21329524443380735,0.038458304935665086,8.033600999624468,30.0
989,32.96666666666736,track,1,319.45714285714286,240.158013312852,319.46616048365365,240.19848850122617,1,0.041467559149435576,0.569545708729257,4.5244807488480205,62.151703211174876,-0.20325545366309974,0.03758210359805941,6.839334999312996,30.0
990,33.00000000000069,track,1,319.59008160703075,240.22358233940156,319.4711973865034,240.18685243356117,1,0.12442887073925361,0.5608440388990426,13.578389393392326,61.20224682622655,-0.17436671242039126,0.03673145696050547,16.82100200014247,30.0
991,33.03333333333402,track,1,319.31800688677333,240.13084869353858,319.3251528069401,240.1753321367396,1,0.045053755604251754,0.6972518140202458,4.915747434665208,76.0884255340041,-0.20764848777332748,0.035871540104099923,9.891929001241806,30.0
992,33.06666666666735,track,1,319.40425531914894,240.27733672065204,319.35961844888004,240.16396634869557,1,0.12184125502042809,0.6610397072183788,13.294173653842707,72.13675863203419,-0.20314736639316694,0.03508440344786108,9.662944999945466,30.0
993,33.10000000000068,track,1,319.4235146705649,240.25916257700743,319.3731011015077,240.1523564623883,1,0.11810619825021369,0.6451470534400165,12.886749277977305,70.40252556180856,-0.201875841784757,0.034340839120868126,7.655797000552411,30.0
994,33.133333333334015,track,1,319.4619435612083,240.033386327504,319.3828408088291,240.1402599039527,1,0.1329631782746755,0.6328967592771817,14.50826020791003,69.06577773234649,-0.19953106855823516,0.03355010604360091,6.228422000276623,30.0
995,33.166666666667346,track,1,319.5297753966619,240.18040387389243,319.38312906200815,240.12791831040613,1,0.1557558404742706,0.6299943240030832,16.996887525009992,68.74914162948141,-0.17089055327710218,0.032806085318604676,7.914431000244804,30.0
996,33.20000000000068,track,1,319.14668314791925,240.10578903996702,319.2337373428927,240.11507287858558,1,0.08754782991012902,0.7748549716321737,9.55384829245328,84.55758036941835,-0.21325479138890496,0.03207294976311918,5.489994000527076,30.0
997,33.23333333333401,track,1,319.3842673521851,240.19958868894602,319.3133730645061,240.1016561432309,1,0.1208998905531038,0.6941113167225663,13.19195246612041,75.74627762006965,-0.20157963927977923,0.031397398490969126,6.3399040009244345,30.0
998,33.26666666666734,track,1,319.30447850916744,240.07965133754132,319.33384149582855,240.08735183728254,1,0.03035593322441586,0.6718612179286565,3.3126263021579923,73.3182505883457,-0.20574897919999297,0.03072681030888371,6.326986998828943,30.0
999,33.30000000000067,track,1,319.3710698244181,240.08656594528378,319.3796618995178,240.07212460071742,1,0.016804052707719702,0.6245168668166426,1.8335419123845145,68.15174317375919,-0.20256418235640675,0.030070586802369036,5.642866000926006,30.0
1000,33.333333333334004,track,1,319.39925896254755,239.98507911075507,319.4116274727876,240.05588919291176,1,0.07188217985423176,0.5910210086474516,7.842962619390759,64.49648617292756,-0.20115237034019354,0.02939058111213241,11.029130000679288,30.0
1001,33.366666666667335,track,1,319.36658813889176,240.0113694561098,319.43920934923653,240.03876408484757,1,0.07761640210432685,0.5621288182060946,8.469888943479205,61.34360708994624,-0.2028314478053072,0.02871552035521876,10.304143999746884,30.0
1002,33.40000000000067,track,1,319.48716895914595,240.129131595155,319.4789074416284,240.02071479839105,1,0.10873111096759704,0.5215041296697925,11.863446924526821,56.91037617008435,-0.19657192515765604,0.02809708077251627,6.618792000153917,30.0
1003,33.433333333334,track,1,319.4371466748895,240.02353787645185,319.4883976723497,240.0014315114347,1,0.05581537525573524,0.5116043303981821,6.0908171948905485,55.83005265434708,-0.19879086549382022,0.0274954766586027,6.641441001193016,30.0
1004,33.46666666666733,track,1,319.4810023428746,239.9631251909952,319.5129135875394,239.9808168554025,1,0.03648729265863556,0.4874640153287058,3.981597150561203,53.19566816602056,-0.1962409005449519,0.02689300303977711,7.427971999277361,30.0
1005,33.50000000000066,track,1,319.5343423799583,239.75521920668058,319.52703605625584,239.95886815178437,1,0.20377996763159226,0.47474911376395873,22.234031087835344,51.80806948257042,-0.16862812077198377,0.026186262944333634,5.6513210001867265,30.0
1006,33.53333333333399,track,1,319.4476019543324,240.03459966098313,319.3971117168164,239.9361344365525,1,0.11065561217849357,0.6062615707716476,12.073860149348153,66.15962117257409,-0.19519624452675283,0.02555949599010593,7.272311999258818,30.0
1007,33.566666666667324,track,1,319.5173761052848,239.96041538145178,319.4121203253321,239.9121823987582,1,0.1157808267070587,0.5944025933451745,12.634471342320312,64.86536059064738,-0.1658935785969917,0.02496876729569428,5.316303999279626,30.0
1008,33.600000000000655,track,1,319.26708514731195,239.91475144274577,319.27409922714844,239.88681331158887,1,0.028805146909761287,0.7346721435170731,3.142905280601565,80.17252589201708,-0.20196462699469744,0.02439648529187129,10.685098999601905,30.0
1009,33.63333333333399,track,1,319.2517926654374,239.779860684286,319.3317230751592,239.85992253508243,1,0.11313165052822853,0.6827999300325402,12.344664313842589,74.51162673122157,-0.20317483449553325,0.023789359842861398,10.858556001039688,30.0
1010,33.66666666666732,track,1,319.4377259943752,240.0168742466854,319.3990821803301,239.83168990884542,1,0.18917342134980109,0.6240436785845281,20.64048798871072,68.09938643443543,-0.1939528354049638,0.023264819344692496,7.593664000523859,30.0
1011,33.70000000000065,track,1,319.4359628533524,239.82539034595368,319.4205528556438,239.80166925356343,1,0.028287068663369382,0.6124492453131536,3.086508518114522,66.83375076632458,-0.19390625655706853,0.022736996781050792,7.173840000177734,30.0
1012,33.73333333333398,track,1,319.48386768447835,239.76478371501273,319.4450853760376,239.7698726135336,1,0.03911475854650091,0.6007402549265398,4.268479227223353,65.5555148786329,-0.19124354796435744,0.022188450177669967,8.995120000690804,30.0
1013,33.76666666666731,track,1,319.55850218514104,239.84525228446563,319.4587417018089,239.73640532342415,1,0.14764760398539808,0.602032141068783,16.110843279992025,65.69596635433972,-0.1638748569928779,0.021672256651165192,5.921048001255258,30.0
1014,33.800000000000644,track,1,319.3654991420208,239.69678005450692,319.3297711976212,239.7010899067568,1,0.035986953711525944,0.7338623109145048,3.927152827846187,80.08212766453,-0.19488176220914377,0.02112785217829337,7.181422000940074,30.0
1015,33.833333333333975,track,1,319.3915674803309,239.58755295541658,319.3695249320282,239.66407216227367,1,0.07963079149244962,0.7143852766494795,8.688475258818473,77.95594700866563,-0.193593957352339,0.020516290083205314,6.899549000081606,30.0
1016,33.86666666666731,track,1,319.4186987756754,239.6405949610442,319.4057789581832,239.62570587168625,1,0.01971310898720085,0.7022782504306989,2.151022275356999,76.63393322295222,-0.19220138639127948,0.019891000993930513,11.980110999502358,30.0
1017,33.90000000000064,track,1,319.36408636124276,239.34828857293311,319.43798898152033,239.58606012097812,1,0.2489917796707543,0.697999003106166,27.167422071852407,76.16605790151995,-0.19504130923470833,-0.014941049766364688,8.846298998832935,30.0
1018,33.93333333333397,track,1,319.45433622763886,239.79045925305994,319.48874271122384,239.72756711560282,1,0.07168840259489212,0.579313120710829,7.822099030534846,63.21645221421304,-0.1904984277504444,0.016186874272852564,6.477101000200491,30.0
1019,33.9666666666673,track,1,319.5366717248356,239.66899342438037,319.51867955046794,239.698436734589,1,0.03450546122744126,0.5679874806570087,3.765004080233325,61.97989393224857,-0.16180041079298357,0.015543211564576784,6.649865999861504,30.0
1020,34.00000000000063,track,1,319.4428092966609,239.66213336039786,319.3989864201368,239.6681141201741,1,0.044229107998583435,0.6865606749645666,4.826592058979902,74.91947253906704,-0.18883838587273144,0.01498436650354339,17.804817000069306,30.0
1021,34.033333333333964,track,1,319.4222269443264,239.5409052273693,319.4269362047821,239.63614385964388,1,0.09535499049117056,0.6788176517035844,10.403997394828677,74.07382541471617,-0.1897696489841139,0.01444703005406018,6.527687999550835,30.0
1022,34.066666666667295,track,1,319.40180824222034,239.5514087468461,319.4633073176643,239.60240845713543,1,0.0798943472972789,0.667920706543901,8.718031240629399,72.8838623404028,-0.1908144243686663,0.013943296723154351,6.254441001146915,30.0
1023,34.10000000000063,track,1,319.53731796116506,239.60568365695792,319.50871931786367,239.56672618157313,1,0.04832770723960445,0.6550442049011211,5.2732680795364235,71.47771495395895,-0.159559328523356,0.013506087422072398,8.517456999470596,30.0
1024,34.13333333333396,track,1,319.37352542019,239.54462887566552,319.39092033543784,239.52873999265807,1,0.0235592801185484,0.7701065071164275,2.5707552291951528,84.03413044959055,-0.1902783554431644,0.013103366877010808,6.9265160000213655,30.0
1025,34.16666666666729,track,1,319.40845360824744,239.43072164948455,319.4404530845395,239.4882639739851,1,0.06584136687443946,0.7582654620400792,7.184121937092215,82.74084273703858,-0.18861975456569466,-0.01707340702588818,7.140354000512161,30.0
1026,34.20000000000062,track,1,319.49283374283374,239.6259213759214,319.48465089223964,239.60409136963813,1,0.023313262709727455,0.6498679454046115,2.5437193280849915,70.91372370458745,-0.18426849215848404,0.010334783916979532,5.94695200015849,30.0
1027,34.23333333333395,track,1,319.60416455053326,239.64773996952766,319.5091668547501,239.56910092926273,1,0.12332339947429839,0.6531394840599865,13.45698978749887,71.26990244952812,-0.1574571025695671,0.010058115729196527,6.736943998475908,30.0
1028,34.266666666667284,track,1,319.42253809182944,239.56999693220166,319.3942275336516,239.530944066443,1,0.04823498759516343,0.7661421211438962,5.263145652839204,83.6015308270859,-0.1856017558363643,0.009854390616049247,8.517351001501083,30.0
1029,34.300000000000615,track,1,319.39212872809264,239.53664036076663,319.4329456793673,239.48923085246656,1,0.06255945163293256,0.7631747667606831,6.8262536527464155,83.27665064117302,-0.18719390681858894,0.009693487743225426,5.80627999988792,30.0
1030,34.33333333333395,track,1,319.6007407407407,239.38931216931218,319.4837217500145,239.44373227258893,1,0.12905422050917117,0.7589314962281773,14.082906978746301,82.81231557542544,-0.15550531870677636,-0.022412778877495262,5.839758001457085,30.0
1031,34.36666666666728,track,1,319.46307819954365,239.5450114084215,319.3690722223024,239.56482324022363,1,0.09607097603561995,0.7664520030112013,10.483896983530649,83.63612499423952,-0.1815567566765367,0.007227845543488666,6.352414000502904,30.0
1032,34.40000000000061,track,1,319.37630448127686,239.55003069367712,319.39695760191876,239.52318691281403,1,0.03386945472360399,0.7687723030881091,3.6956729877322907,83.88838967917275,-0.18601235275393985,0.00711905342770488,9.442118000151822,30.0
1033,34.43333333333394,track,1,319.396904087414,239.46600566572238,319.4522137132012,239.47748702446984,1,0.05648872722421198,0.7570268328151796,6.164422892260303,82.6053777780212,-0.18522739308347536,-0.020878679175325446,6.774835001124302,30.0
1034,34.46666666666727,track,1,319.4289416398881,239.52088732248367,319.5069045209028,239.57646503993965,1,0.0957449397813531,0.6500192411762894,10.447770950234146,70.92955974228725,-0.183810193527776,0.005125348060391162,7.237194000481395,30.0
1035,34.500000000000604,track,1,319.50404169325674,239.36704956392256,319.55767162182644,239.5321122917769,1,0.17355654227112938,0.6438736690096144,18.93672972943258,70.25766717210087,-0.1540858976168586,-0.02805689241118186,6.349401000989019,30.0
1036,34.533333333333935,track,1,319.39093513402906,239.62502557806425,319.45355732551945,239.66008986228326,1,0.07177076629694208,0.6435359338965198,7.831825127019467,70.22392368776931,-0.1840822840554321,0.0028296257561105185,7.204582998383557,30.0
1037,34.56666666666727,track,1,319.5544891640867,239.67069143446852,319.51308537501075,239.61869896269218,1,0.06646420744476188,0.6184467099762486,7.2522775036813005,67.48492423014841,-0.15246049265301834,0.002943062062119634,7.1471729988843435,30.0
1038,34.6000000000006,track,1,319.3877027304455,239.62902894682816,319.40763887250716,239.5720642229428,1,0.06035254367165121,0.7307672233003709,6.585073463625585,79.74186946860183,-0.18260966068992845,0.0031568987924832075,5.998364000333822,30.0
1039,34.63333333333393,track,1,319.4582129591416,239.41446553858853,319.4666762657107,239.51965197006803,1,0.10552636128225787,0.7177523496414413,11.51378402265674,78.32021538109095,-0.1792045037462068,-0.027249872476144837,6.542888000694802,30.0
1040,34.66666666666726,track,1,319.6473613825738,239.660528752186,319.5112544318905,239.62477417853665,1,0.14072487897012415,0.6161709563420805,15.356764558470736,67.2367049892362,-0.15084736498654233,0.0015880604537851447,5.998364000333822,30.0
1041,34.70000000000059,track,1,319.3906517578322,239.5214062657399,319.40830935814085,239.57146142682404,1,0.0530783383294954,0.7305772542061322,5.791385609136275,79.72112366273416,-0.1808169435666083,0.0018512823854322622,7.07915700149897,30.0
1042,34.733333333333924,track,1,319.441011522382,239.49688997654738,319.46893003980824,239.51211477671177,1,0.03179997099567657,0.7211569133836838,3.4701068952688914,78.6915797263109,-0.1784458080824457,-0.024177991883375653,8.032589001231827,30.0
1043,34.766666666667255,track,1,319.47743198680956,239.6136644682605,319.5206457839828,239.58696374649844,1,0.05079725198023885,0.6327554117667283,5.543100026448212,69.04572604680679,-0.17666318388901092,0.0006675247470849491,7.421713000439922,30.0
1044,34.80000000000059,track,1,319.48121552711,239.355083775627,319.5666083786879,239.52467925855694,1,0.18988040165018935,0.6432403164211099,20.718216969483812,70.18833312555093,-0.1764789232436849,-0.03286280591061519,7.296936000784626,30.0
1045,34.83333333333392,track,1,319.5700186993559,239.5706420112196,319.61535543617015,239.63660257401648,1,0.08003883775670995,0.5291588888937857,8.733376179572431,57.74089533694868,-0.1493230886568461,-0.0011876790469690238,7.394797999950242,30.0
1046,34.86666666666725,track,1,319.4673494220239,239.57655647941596,319.5230515140613,239.57497492991502,1,0.05572453998164652,0.6388475314501552,6.081073528976688,69.71028805157317,-0.17533242103444666,-0.0009541356754804177,8.044776999668102,30.0
1047,34.90000000000058,track,1,319.5698227848101,239.60769620253166,319.57325706663175,239.50748871670658,1,0.10026631790892748,0.6516723834497447,10.939860315262278,71.10809562579495,-0.14747431086543944,-0.0006597662773251498,6.817438999860315,30.0
1048,34.93333333333391,track,1,319.51302216321113,239.41997753038504,319.47869190904703,239.43382374186285,1,0.0370173462482153,0.7696217778696318,4.0395064502899585,83.97874779994385,-0.14560671542503129,-0.030736574880050764,7.582991998788202,30.0
1049,34.966666666667244,track,1,319.39956781230705,239.48013994649105,319.37798490670764,239.5159641018729,1,0.041823341843233386,0.7881583133858434,4.5634775052686845,86.00390495418776,-0.17517452747274256,-0.029409946895040485,7.804743001543102,30.0
1050,35.000000000000576,track,1,319.48702818191066,239.56852172143655,319.43880429764704,239.58642954936613,1,0.05144155241267904,0.6971234711132136,5.613562166858889,76.07051589372686,-0.17090554872517874,-0.0038461585417998074,22.2028890002548,30.0
1051,35.03333333333391,track,1,319.4842447651962,239.51423053466152,319.48069987345025,239.51596024381115,1,0.003944382237155434,0.709906407215732,0.4304254822693479,77.46384184773044,-0.17110129348368677,-0.0036409023277124567,6.879278000269551,30.0
1052,35.06666666666724,track,1,319.58358942839584,239.3977668510551,319.5274961128566,239.43980697142842,1,0.07009872872730818,0.7328547964131731,7.649203262245939,79.96623557987354,-0.1441784715872946,-0.03495130247938953,8.672965999721782,30.0
1053,35.10000000000057,track,1,319.44472178887156,239.50421216848673,319.4345732244433,239.52605878071836,1,0.02408874894954038,0.7377856855826319,2.6283583129253163,80.5067314023739,-0.17147142422380401,-0.005392603866724915,7.062009999572183,30.0
1054,35.1333333333339,track,1,319.4275257731959,239.6298969072165,319.49109451363654,239.45008629223753,1,0.19071665375715754,0.7492595545175905,20.809124882040024,81.75692155702012,-0.1726142727523931,-0.005154112463268879,7.045035001283395,30.0
1055,35.16666666666723,track,1,319.51667689789235,239.4047472887252,319.5576052101112,239.36827002414657,1,0.05482442496025522,0.7712301294117913,5.982376416937908,84.15230471081873,-0.1430067700376622,-0.03606734050621059,6.108170999141294,30.0
1056,35.200000000000564,track,1,319.407210031348,239.35078369905955,319.47011583563835,239.4467588252644,1,0.11475349695524001,0.7660633296693372,12.52119415971683,83.59075270971157,-0.17235222311850498,-0.04081832468473541,8.62653100011812,30.0
1057,35.233333333333896,track,1,319.57998957790517,239.5980198019802,319.54305449283606,239.54602733844285,1,0.06377630260327208,0.6441198444067577,6.958920168884897,70.28492049194855,-0.14174978538086228,-0.008977887602951744,8.101883000563248,30.0
1058,35.26666666666723,track,1,319.50900564851327,239.4126611957796,319.4567113788397,239.4709281917294,1,0.07829261432410785,0.7583399661029138,8.543028638196315,82.74851229213004,-0.14006957931683367,-0.039547618218545084,7.806475001416402,30.0
1059,35.30000000000056,track,1,319.3621032785168,239.38022415418456,319.36535062035773,239.55432275185512,1,0.17412888025795364,0.77550502551196,18.99885606854881,84.62388243597692,-0.17179009658635547,-0.04318162210525214,6.839014000433963,30.0
1060,35.33333333333389,track,1,319.4657325616814,239.7135749822317,319.44712157572246,239.6525612124367,1,0.06378909705398801,0.6529841216561643,6.960006531720809,71.2548765613609,-0.16699972625718923,-0.012745598918000582,7.725728000878007,30.0
1061,35.36666666666722,track,1,319.51237725040914,239.59349427168576,319.50731162088846,239.58394442864892,1,0.010810185218999038,0.6448597346429934,1.1795238035656712,70.36666225178625,-0.1393555418404697,-0.012467442695007455,7.161708001149236,30.0
1062,35.40000000000055,track,1,319.3574568128386,239.52376571603804,319.42404579962135,239.50932228682223,1,0.06813740388555554,0.7566292745745279,7.4355986236890725,82.56281653994755,-0.17143078664800648,-0.012128612483626358,5.835129999468336,30.0
1063,35.433333333333884,track,1,319.53783457436106,239.46045481988327,319.51583972892684,239.42837938403227,1,0.03889224615147383,0.7491069994900389,4.2436967247574495,81.73964160682611,-0.1385252189753655,-0.03999221024208008,7.426800999382976,30.0
1064,35.466666666667216,track,1,319.4449481212854,239.44132164803062,319.4361410121229,239.49153712314705,1,0.05098194889339689,0.7592571733920979,5.562568302617714,82.84915968646675,-0.16600904696994678,-0.04256492871180195,6.047616998330341,30.0
1065,35.50000000000055,track,1,319.50200561572404,239.39921780986762,319.50703830454347,239.56391952984995,1,0.1647785924259939,0.6581621453970598,17.978666635748606,71.8179221301186,-0.13737488076606627,-0.04647211343412356,8.090268000159995,30.0
1066,35.53333333333388,track,1,319.4108260325407,239.7124530663329,319.429247457296,239.6526527337303,1,0.0625733862708311,0.6681381506755201,6.827362628573718,72.90867958930261,-0.16666001354079504,-0.01680661038119963,6.106910999733373,30.0
1067,35.56666666666721,track,1,319.63986634645505,239.6266054087919,319.5116831599847,239.5786916367274,1,0.13684538299531704,0.644945015645473,14.933256031155185,70.3758371422028,-0.1363440347436347,-0.016388153097088885,7.980356000189204,30.0
1068,35.60000000000054,track,1,319.28428976439534,239.44491152605337,319.4364845206592,239.49802997964548,1,0.1611980581341661,0.7546678718425963,17.590786071782897,82.34846958654983,-0.17229645560770934,-0.044986886434981575,6.65313699937542,30.0
1069,35.63333333333387,track,1,319.530094811974,239.60956642164695,319.55709464849133,239.56543586858402,1,0.051734871079412235,0.6204926548383519,5.644961993622691,67.70684940906864,-0.1358904954414476,-0.017440655233127968,7.10762699964107,30.0
1070,35.666666666667204,track,1,319.4525756336877,239.4403107113655,319.4876137633406,239.4814795076245,1,0.054060524553428024,0.7289740437980596,5.898876564697926,79.54389110831268,-0.16303677275795214,-0.046268071344559236,8.084784998573014,30.0
1071,35.700000000000536,track,1,319.4953532527231,239.46087738582992,319.5669986580108,239.54683062232812,1,0.1118973769279498,0.6267795840835758,12.209789561757137,68.3924737309558,-0.16122202218886073,-0.04672922054463054,7.531634000770282,30.0
1072,35.73333333333387,track,1,319.4746949602122,239.67183023872678,319.6408019840487,239.61021298672563,1,0.17716723487144698,0.5300538938454187,19.333384816574558,57.83784567736014,-0.16259052514010197,-0.01994608523236352,7.148253000195837,30.0
1073,35.7666666666672,track,1,319.70490136261947,239.51606670734188,319.7260125010406,239.52633453803128,1,0.023475700468834966,0.5472002553435712,2.561755146881282,59.706590328192036,-0.13537991725493387,-0.01946100991147896,8.389213999180356,30.0
1074,35.80000000000053,track,1,319.6114510942848,239.59817446322995,319.6702196323786,239.43546264057682,1,0.17299964826780714,0.6538023562614494,18.87603399252767,71.33829858607781,-0.13373806387822001,-0.018909764117014945,8.798213000773103,30.0
1075,35.83333333333386,track,1,319.6143090426618,239.31965707287202,319.6098013568385,239.33725568533487,1,0.018166738620317906,0.7690806249971724,1.9821583237702205,83.91669416592518,-0.13203869207839475,-0.05398903547567451,9.755692999533494,30.0
1076,35.86666666666719,track,1,319.5599591419816,239.4426966292135,319.54446213760787,239.42175465242053,1,0.026052323054891528,0.7361266372507485,2.8426958437779963,80.32277842533775,-0.13032831175943588,-0.049499409934815636,6.995619000008446,30.0
1077,35.900000000000524,track,1,319.5487817310633,239.51146905902743,319.47415443057946,239.4779372347964,1,0.08181452935612453,0.7409879173719641,8.927940633137627,80.85495345080614,-0.1286280599072754,-0.02190447344310479,9.959421999155893,30.0
1078,35.933333333333856,track,1,319.5480385986994,239.47094608768617,319.39894336195994,239.38258717092776,1,0.17331095692170767,0.8616656449197718,18.912101009373963,94.02275393186936,-0.12694582868371468,-0.04915762688468901,8.572946000640513,30.0
1079,35.96666666666719,track,1,319.3426551616592,239.4468239941782,319.31893608904545,239.42823992373815,1,0.03013240912667021,0.8892455429248246,3.288049251685187,97.03392702342691,-0.15976314532992467,-0.05186908108424214,7.514680999520351,30.0
1080,36.00000000000052,track,1,319.40849775550686,239.3522288339075,319.4181411871533,239.48401899957685,1,0.13214251223990275,0.7776863576565023,14.417819649982563,84.86025314408276,-0.15717701474502982,-0.05842566654778479,19.0245670000877,30.0
1081,36.03333333333385,track,1,319.48621475953564,239.55389718076285,319.5077511969697,239.57044458579048,1,0.02715943207248783,0.6533197823129695,2.9636427609549667,71.28961377944766,-0.15381347547774,-0.02645191253473124,6.617031000132556,30.0
1082,36.06666666666718,track,1,319.58291956305857,239.57169811320756,319.5836308038564,239.48203460999594,1,0.0896663240668068,0.6645686215428198,9.783313945907679,72.51481795995588,-0.12736998004019698,-0.02599929536735878,8.045628999752807,30.0
1083,36.10000000000051,track,1,319.50181195892895,239.37286088182,319.5226977121647,239.38691512365813,1,0.025174121670257826,0.7769752502956199,2.74703435046785,84.77990853876904,-0.12599273948422626,-0.05832225850438458,7.275010000739712,30.0
1084,36.133333333333844,track,1,319.40334441422385,239.4176488365065,319.4586493572905,239.45990279270904,1,0.06959909153409197,0.764699621868284,7.594670584450168,83.4422855402105,-0.15584443900329176,-0.05772575066484767,8.037468000111403,30.0
1085,36.166666666667176,track,1,319.37621384567194,239.5440116946852,319.55805076760635,239.52544092481708,1,0.1827827663432019,0.6484793287775733,19.94657222309207,70.7601296337554,-0.15807997766363455,-0.028841238228366272,6.339155999739887,30.0
1086,36.20000000000051,track,1,319.63354482194023,239.38507981989358,319.6736263716291,239.43267422944064,1,0.062223455750979505,0.6545061307862319,6.789578040446307,71.41501629777926,-0.12636316557591104,-0.0605264311241482,7.504488001359277,30.0
1087,36.23333333333384,track,1,319.67202114680765,239.41998779991866,319.62430752343494,239.50465544927442,1,0.09718642241992508,0.6217001374305093,10.604271212426397,67.83686676797886,-0.1249922360927517,-0.06038253099319775,10.333356998671661,30.0
1088,36.26666666666717,track,1,319.67413338739107,239.60733833367118,319.5719494264637,239.57164398188434,1,0.10823884986590351,0.6055709469258612,11.811596411963613,66.07850828178334,-0.1235251941027823,-0.031547691207307486,11.313076998703764,30.0
1089,36.3000000000005,track,1,319.52089567640076,239.46063357754616,319.51604991489194,239.48063628809064,1,0.020581298154547546,0.7098917876158125,2.2456065379828907,77.46127778818564,-0.12206863157891813,-0.059189249628895726,6.822674000432016,30.0
1090,36.33333333333383,track,1,319.3540258143823,239.5080926039746,319.45667525126464,239.53285487505923,1,0.10559392483251077,0.716537752211472,11.523078259244864,78.18799760398457,-0.1544789591893981,-0.03227196122174093,7.376996998573304,30.0
1091,36.366666666667165,track,1,319.60293670886074,239.43696202531646,319.5744591593858,239.43733451996923,1,0.028479985540082856,0.705462578347634,3.1079468002817094,76.97659503967633,-0.12159775078612854,-0.06110817192371394,7.644393999726162,30.0
1092,36.400000000000496,track,1,319.61946994991655,239.4327003338898,319.5211903611488,239.49144275431945,1,0.11449694112198343,0.6984906172533789,12.494169414171783,76.21728584091446,-0.12022506208590136,-0.06269869886861011,6.6280369992455235,30.0
1093,36.43333333333383,track,1,319.49449541284406,239.5598369011213,319.46492447966716,239.54988504273888,1,0.031200634195735915,0.6992204854047394,3.4047826457772548,76.29849627638788,-0.14530368615561684,-0.03438876571631523,5.664584999976796,30.0
1094,36.46666666666716,track,1,319.5057142857143,239.39428571428573,319.54674530499346,239.4532082835426,1,0.0718012096758716,0.7102260201737811,7.83454166384081,77.4969564900706,-0.11933522594458462,-0.06544206026508077,7.020629998805816,30.0
1095,36.50000000000049,track,1,319.43429844097994,239.51174326786798,319.4944117800127,239.51803261654004,1,0.060441454618363685,0.6985069841520436,6.595806348606519,76.21980351267095,-0.14768025817324937,-0.035230081790295575,10.034867000285885,30.0
1096,36.53333333333382,track,1,319.64935064935065,239.5606912772267,319.59760586040807,239.41762641663672,1,0.15213506340862146,0.7078700687112839,16.599494843261926,77.23872940326116,-0.11880466800189113,-0.03451098906552867,11.033198001314304,30.0
1097,36.56666666666715,track,1,319.5950553284817,239.33795234772205,319.55116082619634,239.3093018101988,1,0.052417369556760796,0.8237236146520287,5.71986770444304,89.87958575184481,-0.1175241995600784,-0.06843647856979251,6.871502999274526,30.0
1098,36.600000000000485,track,1,319.51810380912514,239.49518627040604,319.5022605294183,239.37784687517797,1,0.11840415188817503,0.7967553522259834,12.918882031800921,86.93841997627709,-0.11625024820138172,-0.06183069353029905,7.210163999843644,30.0
1099,36.633333333333816,track,1,319.41623949149067,239.39204428952223,319.45094953385853,239.4071120227834,1,0.037839445381880894,0.8080671803124784,4.129204057468518,88.17383594752556,-0.14556547211340412,-0.06834922078180049,7.4828840006375685,30.0
1100,36.66666666666715,track,1,319.5801915020946,239.3264512268103,319.5603798500167,239.4671110290567,1,0.14204816621854613,0.690823082724035,15.498645775721647,75.37975642391383,-0.11588484235782899,-0.07332978346612343,7.517477999499533,30.0
1101,36.70000000000048,track,1,319.4483038797481,239.49542961608773,319.5159166036283,239.54965909416183,1,0.08667362183898267,0.6611684097973252,9.457809205309214,72.14564257953997,-0.14358685795858672,-0.06625496061586497,5.935544999374542,30.0
1102,36.73333333333381,track,1,319.5571428571429,239.51625258799172,319.6236101846562,239.59047873944564,1,0.0996364751806333,0.5562166447892313,10.871997297770655,60.692630213807426,-0.11552723026221685,-0.04098803432289624,8.097870000710827,30.0
1103,36.76666666666714,track,1,319.479928541404,239.4461958806221,319.58607471287223,239.49256355604575,1,0.11583164956764255,0.6548479884497909,12.640047202995719,71.45423407122824,-0.14161303226046665,-0.06924618385225008,10.639389000061783,30.0
1104,36.80000000000047,track,1,319.7063938076556,239.7850705121408,319.6920952998255,239.541398988762,1,0.2440906770688097,0.5523768567726715,26.632263384883164,60.272067161633444,-0.11505605419232198,-0.04134035708566337,10.22299200121779,30.0
1105,36.833333333333805,track,1,319.62259067357513,239.3736787564767,319.6609198740234,239.43746243427745,1,0.07441428062405638,0.6568286265696295,8.119576763681685,71.66865774808049,-0.11385009493294311,-0.07324589199298094,6.78194800093479,30.0
1106,36.866666666667136,track,1,319.7349661281918,239.5531005732152,319.6277632268552,239.49976665388363,1,0.11973708283670642,0.6235331714095257,13.066136252751363,68.03677209434858,-0.11255437125074394,-0.04180248912590161,7.927202999781002,30.0
1107,36.90000000000047,track,1,319.6013702896294,239.43153742344026,319.59215590788665,239.39046970615573,1,0.0420887423649581,0.7333921069834668,4.592257885973504,80.02335048946306,-0.11125711978369457,-0.07065290955988121,7.869377001043176,30.0
1108,36.9333333333338,track,1,319.68598840695586,239.44193483909655,319.5540989973616,239.4311579353066,1,0.1323289764881983,0.722778665096419,14.440700686526252,78.86627563743863,-0.10993294611439068,-0.07124093938804005,7.224717001008685,30.0
1109,36.96666666666713,track,1,319.38488007286713,239.4508652970347,319.5134580737749,239.47111810349566,1,0.13016327626096832,0.7186369781919354,14.204319313900154,78.41543811263325,-0.1409035363533355,-0.07190417315463672,7.021927000096184,30.0
1110,37.00000000000046,track,1,319.59384963488634,239.52401522163942,319.6424809765531,239.51077103476723,1,0.05040253841041545,0.6059412781360579,5.5002306879355745,66.11713700079844,-0.10974288070174532,-0.044280003911125715,25.327788000140572,30.0
1111,37.03333333333379,track,1,319.43699124162805,239.39649665121073,319.60981009440684,239.3992705392784,1,0.17284111296444737,0.7163267741789766,18.86170111985085,78.16110933828617,-0.13814146533406318,-0.07502109445137428,6.470588999945903,30.0
1112,37.066666666667125,track,1,319.6190083496547,239.34388207401298,319.7331036770571,239.4479181840975,1,0.15440613956893723,0.61321120231993,16.848581488099796,66.90850531657755,-0.10962501742582105,-0.07911180387230418,7.395306000034907,30.0
1113,37.100000000000456,track,1,319.5965579136311,239.5340513145391,319.70882378711076,239.5145990056526,1,0.11393866187193342,0.5660368470921006,12.433766013877575,61.762057664447745,-0.10858069959549187,-0.0463025472321222,7.754420001219842,30.0
1114,37.13333333333379,track,1,319.5756826378156,239.34281298299845,319.6834972889602,239.40253380700278,1,0.12325005404133796,0.676121156206581,13.449397148192366,73.77310561953627,-0.10752294494958907,-0.07989129947209324,8.402339000895154,30.0
1115,37.16666666666712,track,1,319.7839717526214,239.45623796276482,319.6570612912583,239.46586614268813,1,0.12727516274607667,0.6347487183762504,13.889194025473433,69.2597615364122,-0.10636540926433394,-0.07545820205593762,6.634810000832658,30.0
1116,37.20000000000045,track,1,319.63818274629915,239.47136294027564,319.6289923343627,239.50183387230322,1,0.03182673986118281,0.6211410296752629,3.4726036136375242,67.7757583504899,-0.10520724929240159,-0.07576322083444309,7.547896999312798,30.0
1117,37.23333333333378,track,1,319.56120374135827,239.71726311508743,319.5992957287506,239.53572822267506,1,0.18548831948849848,0.6132798677748924,20.23841248393047,66.91882263963036,-0.10408261026807242,-0.049068217397628434,6.066693998945993,30.0
1118,37.26666666666711,track,1,319.52414218204234,239.39572632011505,319.56815882679507,239.42357056390188,1,0.05208422916150844,0.7202483555520355,5.6835279836607,78.58988497558018,-0.1030209947155115,-0.07976730775326714,6.906259999595932,30.0
1119,37.300000000000445,track,1,319.57576683990624,239.4916946907164,319.53592626152044,239.4714844316684,1,0.04467355209631641,0.7033442547680896,4.87493142584963,76.74642941242139,-0.10199232653304871,-0.07593469632690526,6.089098000302329,30.0
1120,37.333333333333776,track,1,319.50154436042175,239.46863350729578,319.5027821938071,239.49532266421306,1,0.026717846628150445,0.7084664847770062,2.9151320831169816,77.30613514854807,-0.10102460110605696,-0.07800079729746393,6.253510000533424,30.0
1121,37.36666666666711,track,1,319.54460719041276,239.58352965277066,319.4690600268673,239.52656718640924,1,0.09461551930705699,0.7113619922758284,10.32448081155173,77.622976104632,-0.10009450502374105,-0.051103246867541446,9.836175000600633,30.0
1122,37.40000000000044,track,1,319.4536458333333,239.3678125,319.4349687592098,239.41076752593767,1,0.0468398051994209,0.8163670813785294,5.110742223406514,89.07977107869638,-0.1277933891131171,-0.08319954194041168,11.35261499985063,30.0
1123,37.43333333333377,track,1,319.61864235055725,239.44417426545087,319.55320452712226,239.46258006906282,1,0.06797707218254452,0.6988893880669252,7.418064774805593,76.25996881925546,-0.10028032119103843,-0.08046273109843002,6.7182889997638995,30.0
1124,37.4666666666671,track,1,319.5080452610817,239.39914875947264,319.5293117618289,239.49625100161097,1,0.09940376996031687,0.6894276400975979,10.845835385788897,75.22830919996,-0.0994797786859347,-0.08385457454205461,6.917778000570252,30.0
1125,37.50000000000043,track,1,319.60463739516524,239.4630488406512,319.5057653739691,239.5444894362795,1,0.12809468057535395,0.6721292578283448,13.977635649309283,73.34173335652366,-0.09865733271197402,-0.08170932530975078,7.99880500017025,30.0
1126,37.533333333333765,track,1,319.4693794506612,239.51820956256358,319.4824565864683,239.577787373109,1,0.060996122748109324,0.6679181740275166,6.655219718521259,72.88299975816962,-0.1256136653463843,-0.05457892818600221,7.213340999442153,30.0
1127,37.566666666667096,track,1,319.64097007223944,239.47688338493293,319.6075468595591,239.46291405411398,1,0.0362250376039279,0.6651922885228161,3.9530398317283106,72.58229616431305,-0.0989156646620443,-0.08095616195495542,7.004254999628756,30.0
1128,37.60000000000043,track,1,319.5279115026119,239.44781317218067,319.59488765597496,239.48526707659516,1,0.07673721440865415,0.6550312921672922,8.373778421475103,71.47401879188327,-0.09813801312949802,-0.08331369291897885,7.181744998888462,30.0
1129,37.63333333333376,track,1,319.56220960247805,239.47134744450182,319.58272867762287,239.5167651251993,1,0.04983771829385067,0.6384601011042191,5.437857954870011,69.66639913203052,-0.0973441993534863,-0.08302902186691052,10.479212998689036,30.0
1130,37.66666666666709,track,1,319.600700525394,239.52230349232514,319.5709914981861,239.54334042113578,1,0.03640300360442673,0.6265670479661677,3.972329486319475,68.36917974861797,-0.09652274441970646,-0.0562255587460736,11.386697000489221,30.0
1131,37.70000000000042,track,1,319.5813020363126,239.40726251379277,319.55953640290886,239.42358356962927,1,0.02720514034302645,0.7254406120171358,2.9686364254863604,79.15656690125208,-0.09569686520287123,-0.08620387288309413,6.5726499997253995,30.0
1132,37.73333333333375,track,1,319.56518218623484,239.48319838056682,319.5483474326935,239.4603550752081,1,0.028376496022396606,0.7037092342780542,3.096296645059121,76.78593497285935,-0.09487591117020978,-0.08327004308136625,7.7742910016240785,30.0
1133,37.766666666667085,track,1,319.5286292039166,239.6511281396339,319.5374584244819,239.4781480574984,1,0.17320526536856087,0.6973336066585871,18.898089892237405,76.090631285083,-0.09407997827762285,-0.05694579866482118,7.427303000440588,30.0
1134,37.800000000000416,track,1,319.52580281112137,239.45901302965015,319.52701032575317,239.35223838590946,1,0.10678147141493138,0.8020687879685308,11.650713681963017,87.5175373267424,-0.09330491999334267,-0.08411801311055539,7.673464000617969,30.0
1135,37.83333333333375,track,1,319.5396059922019,239.28606607839114,319.5171219011464,239.36796544701292,1,0.08492962340218989,0.7953860286188214,9.266617327755672,86.78867076590095,-0.092544696110646,-0.09400624093257051,5.778545999419293,30.0
1136,37.86666666666708,track,1,319.52444708916,239.3721114747595,319.50787963275366,239.43317310862608,1,0.06326929541438614,0.7506498389018005,6.903270826791711,81.90816608915411,-0.09180563256268628,-0.09103380005383119,7.9306859988719225,30.0
1137,37.90000000000041,track,1,319.60991618701405,239.27900636170858,319.4994036727578,239.47929645653335,1,0.2287556292031956,0.7223080111885094,24.960106298131763,78.81631731696544,-0.09104202895269599,-0.09722753222929553,10.450180998304859,30.0
1138,37.93333333333374,track,1,319.3317289179823,239.6843473238352,319.49157036956876,239.55524725345526,1,0.20546561225027254,0.6755040300838562,22.420355499332356,73.71032152316634,-0.1253359702064849,-0.06105283217788571,10.016407999501098,30.0
1139,37.966666666667074,track,1,319.70839203058966,239.44133628496678,319.6713604561047,239.43508622004083,1,0.03755530349249575,0.6535530036649385,4.098292612178769,71.31107115700613,-0.09202810461477604,-0.08924120040885256,6.242644998565083,30.0
1140,38.000000000000405,track,1,319.6210305572199,239.4893149590573,319.67823805430066,239.46210893092507,1,0.06334718374937205,0.6267834968238989,6.912687101256437,68.39030211297948,-0.09131644251623786,-0.08761837890423493,18.814481001754757,30.0
1141,38.03333333333374,track,1,319.59855841425565,239.65592151366502,319.686056605929,239.47734843441503,1,0.19885743179205723,0.6096926387034854,21.69768479330049,66.52548433914967,-0.09057066780303731,-0.0615459286357606,6.952146999537945,30.0
1142,38.06666666666707,track,1,319.7641375101709,239.45911310008137,319.6946411314491,239.3504329522557,1,0.12900046971563625,0.717761372684512,14.075710328930342,78.31603256812447,-0.08975121045252714,-0.0886573981950178,5.891490000067279,30.0
1143,38.1000000000004,track,1,319.6797548561338,239.3769606315571,319.7036055423598,239.36503647874542,1,0.026665345558005232,0.700734149191998,2.909816518993912,76.45813806507458,-0.0889027132592189,-0.09370282787747497,9.930132999215857,30.0
1144,38.13333333333373,track,1,319.7810546060859,239.22248853689035,319.71280177612584,239.40350006829,1,0.19345186299747874,0.6620385097005469,21.107614182144953,72.2361188896032,-0.08799838898211308,-0.10293157699253658,10.741399000835372,30.0
1145,38.16666666666706,track,1,319.7157862842137,239.4019795980204,319.7219388358884,239.48816153526514,1,0.086401274292481,0.5824917381124274,9.427079259579857,63.55708730382825,-0.08707631904205164,-0.09527334263169766,7.278308999957517,30.0
1146,38.200000000000394,track,1,319.647690106296,239.61610793131644,319.7309287565648,239.52898392063457,1,0.1204959175070533,0.5424532063362986,13.148184801760639,59.18857708780127,-0.08617313769140018,-0.06503695485633333,7.009263999862014,30.0
1147,38.233333333333725,track,1,319.6761363636364,239.52913223140496,319.739878886518,239.4055775328909,1,0.13902831635394924,0.6488459471116255,15.169669356629345,70.79631074875014,-0.0852868054742132,-0.06389789152760521,7.619017000251915,30.0
1148,38.26666666666706,track,1,319.80737663390414,239.28077819434594,319.748885627685,239.27315540141262,1,0.058985631984665284,0.7690003241083809,6.436929797617919,83.90568297641931,-0.0843560605691103,-0.10040783809778701,5.236352999418159,30.0
1149,38.30000000000039,track,1,319.6825221238938,239.37339098954143,319.75771858286475,239.33253971536624,1,0.08557648066790732,0.7100728953089573,9.33836095069261,77.47624167845154,-0.08346022246658329,-0.09701503083483987,6.184034000398242,30.0
1150,38.33333333333372,track,1,319.6995479658463,239.31783023606226,319.7665703226213,239.37094342646128,1,0.08551612305312635,0.6709706304998716,9.33151264499137,73.20984325026997,-0.0825923590737595,-0.10111888692800533,4.84363800023857,30.0
1151,38.36666666666705,track,1,319.63707149357873,239.61270098088787,319.7755963767469,239.42837654559276,1,0.23057458815665177,0.6140931197771246,25.159148081698557,67.00406683877523,-0.08177247842784667,-0.06677783317150093,4.860453000219422,30.0
1152,38.40000000000038,track,1,319.7248793790644,239.25812880218166,319.7850589148634,239.29982752578735,1,0.0732144799839679,0.7324214386026461,7.989245477095126,79.91426663569614,-0.08096927858063455,-0.10454136353282178,10.513246999835246,30.0
1153,38.433333333333714,track,1,319.7464616637817,239.30373689033703,319.7950530930756,239.36988228550354,1,0.0820752112550104,0.6626096654744286,8.955620710427423,72.29724934478546,-0.08017900027206655,-0.10374135679455002,11.65560700064816,30.0
1154,38.466666666667045,track,1,319.8589678078692,239.35217169136433,319.80565394821826,239.43289692601206,1,0.0967415688306213,0.5994800116515284,10.555849660913394,65.4092912183964,-0.07935385409307767,-0.10265935028121792,6.759593999959179,30.0
1155,38.50000000000038,track,1,319.8293443282381,239.49507240547064,319.8166815703071,239.4873959086433,1,0.01480790471200975,0.5443974661409732,1.6158710147199709,59.399319765488265,-0.07852736204000041,-0.09640630281492304,7.3355919994355645,30.0
1156,38.53333333333371,track,1,319.7951499027934,239.56328660595517,319.82813476327726,239.50582896778974,1,0.06625240527474204,0.5232042322740875,7.228986431340649,57.08686594781028,-0.07772159873716761,-0.07064054465992473,6.9424539997271495,30.0
1157,38.56666666666704,track,1,319.7141228888198,239.33208993886643,319.8401299922483,239.38415709026822,1,0.1363406702694952,0.6362553802094204,14.878117755531328,69.42133536113859,-0.07698767220117136,-0.10442278405081633,5.599328000243986,30.0
1158,38.60000000000037,track,1,319.9836065573771,239.52568972411035,319.8530562281959,239.43999852949196,1,0.1561613565657024,0.5789595141658741,17.040571432560704,63.16984189209535,-0.07618876396550284,-0.07060616887596828,6.922272999872803,30.0
1159,38.6333333333337,track,1,319.84895147401477,239.21011042447574,319.86657267329076,239.31285514861133,1,0.10424483201397934,0.6999792127647263,11.374003521066005,76.37382977699905,-0.0754088919630419,-0.11073302099559379,6.07739899896842,30.0
1160,38.666666666667034,track,1,319.8993246095399,239.46253693541578,319.88078655494496,239.39712134667525,1,0.06799160770592494,0.6145522891638727,7.41852680313193,67.05302371391474,-0.07463582474772333,-0.09907621155875401,8.32190700020874,30.0
1161,38.700000000000365,track,1,319.88770376333264,239.39887301267862,319.89573979570787,239.41664698647287,1,0.019506203135782017,0.5925967672795907,2.1283471551028468,64.65740772537646,-0.07388070353710285,-0.10308317164061347,7.284219998837216,30.0
1162,38.7333333333337,track,1,319.94259296890874,239.37827677301362,319.9115336673908,239.4550017124352,1,0.08277316316311001,0.552131710241205,9.031440887572082,60.24226516417954,-0.07312889494473737,-0.10506714063711654,8.506541000315337,30.0
1163,38.76666666666703,track,1,319.95502481389576,239.444582299421,319.92819132643206,239.50142592663042,1,0.06285884189028647,0.5037187630373965,6.858625130081496,54.959948628272855,-0.07238528175964888,-0.10254999286301437,6.407057000615168,30.0
1164,38.80000000000036,track,1,320.0272369511185,239.4916114333057,319.94576190008513,239.53194350660692,1,0.09091127585542813,0.4711885530122734,9.920564505962723,51.41056479645854,-0.07162673032086993,-0.10075934683989822,7.589513999846531,30.0
1165,38.83333333333369,track,1,320.01986960571253,239.48101003829038,319.96417106527474,239.55045910609874,1,0.08902527970386091,0.45096643761269944,9.714046795133871,49.20410420709255,-0.07087100318465447,-0.10177224057536408,7.83062600021367,30.0
1166,38.86666666666702,track,1,319.8936825885978,239.52953261427837,319.983439161677,239.57195505721006,1,0.09927691612459323,0.42836518814441815,10.83348056407075,46.73808413557594,-0.0701847168432193,-0.07507379450663304,8.250829001553939,30.0
1167,38.900000000000354,track,1,320.1163434903047,239.31548168667283,320.0039417459685,239.4486678082926,1,0.17427763804325852,0.5513462822710901,19.016491925588085,60.15629424502831,-0.06946743699662875,-0.10951339539491703,7.046803000775981,30.0
1168,38.933333333333685,track,1,320.00679152088907,239.5154352747479,320.02551865419207,239.50669734258167,1,0.02066535700852424,0.4939622592139572,2.2550851086462993,53.89526293105201,-0.0687782926540651,-0.07472074718292887,8.199980999052059,30.0
1169,38.96666666666702,track,1,320.05602503912365,239.2997391757955,320.0483250059981,239.37683553473516,1,0.07747992689649981,0.6250354045760323,8.453695171497566,68.19643938660734,-0.0681097445948643,-0.11000214943492052,7.743087999187992,30.0
1170,39.00000000000035,track,1,320.1081549439348,239.4420998980632,320.0724756406779,239.43284132570693,1,0.0368610070802712,0.5717706535994518,4.022500920992277,62.38493435184136,-0.06744446764938042,-0.10365835310519823,18.79867399838986,30.0
1171,39.03333333333368,track,1,320.2303011551155,239.4963902640264,320.097992925364,239.45274446171447,1,0.13932129671888133,0.5559597445908965,15.2035062858081,60.65999444936398,-0.06673737482839719,-0.10141124429354563,7.629642999745556,30.0
1172,39.06666666666701,track,1,320.17628401882547,239.46449764681807,320.12465869192056,239.45842487989353,1,0.05198127428371546,0.5557368083811657,5.672567781829732,60.63587771388281,-0.06603568285680146,-0.10347217842709612,6.9336090000433614,30.0
1173,39.10000000000034,track,1,320.17976837142567,239.48846981654196,320.1525065233483,239.47288987624688,1,0.031399727708897436,0.5487288239438557,3.4264208391333097,59.871530308999375,-0.06534715717401872,-0.10270749783090033,7.329232001211494,30.0
1174,39.133333333333674,track,1,320.1282105042457,239.52531711919488,320.18161134685954,239.48110070063103,1,0.06933066898912825,0.5497628254017747,7.565328960499044,59.98468974709601,-0.0647107185790546,-0.07633157325349162,6.28346200028318,30.0
1175,39.166666666667005,track,1,320.2510575296108,239.26660321489,320.2122555957276,239.34649537320274,1,0.08881636692043543,0.6871104242864419,9.69090553661563,74.97052052301684,-0.06407008261691988,-0.11334047956636495,7.274966999830212,30.0
1176,39.20000000000034,track,1,320.1333914559721,239.4433304272014,320.24442144786474,239.40715777125797,1,0.11677379902048879,0.6412517074878719,12.74300424168244,69.96750273134424,-0.06349669497026415,-0.10531511709523014,7.2866699993028305,30.0
1177,39.23333333333367,track,1,320.40401854714065,239.47099433281812,320.27847205315686,239.42293669649462,1,0.1344301251975328,0.640740774917551,14.669677394933725,69.91229640354736,-0.06286243260799979,-0.10447084123396078,7.9888330001267605,30.0
1178,39.266666666667,track,1,320.3583016222712,239.41297816943722,320.31408716692476,239.43216296687683,1,0.048197245921116696,0.6489142043544337,5.259492214194061,70.80468432064492,-0.06221376983976571,-0.10802525970666849,6.531282000651117,30.0
1179,39.30000000000033,track,1,320.2825638911789,239.53380049464138,320.35119433567763,239.4583280938905,1,0.10201088759147314,0.6455586071615556,11.131100255031914,70.43931896279975,-0.0616020308978288,-0.07801234547393247,5.92198400045163,30.0
1180,39.33333333333366,track,1,320.401826015593,239.403672548215,320.3899947633032,239.3224382286253,1,0.08209137110531038,0.7817837740912525,8.956858887419122,85.3026430821375,-0.060980377146938505,-0.10781713238640973,7.357731999945827,30.0
1181,39.366666666666994,track,1,320.6301513877208,239.33673254835998,320.43043977571335,239.3435531513328,1,0.19982804756970596,0.784984627646466,21.80671156082204,85.65268646233275,-0.027322496796798067,-0.11205846448147423,6.765009000446298,30.0
1182,39.400000000000325,track,1,320.2629301670356,239.337089957738,320.29634029728845,239.38536659056513,1,0.05871005093370027,0.6823428755329278,6.406105430404697,74.45156750722353,-0.057432809500684426,-0.11308050234530942,6.983692001085728,30.0
1183,39.43333333333366,track,1,320.50658814134556,239.35655819524857,320.3277974185172,239.43074124290024,1,0.1935697474513392,0.6568916806607531,21.123212603019613,71.67531492827747,-0.03028200463132466,-0.11314174408073319,5.734126998504507,30.0
1184,39.46666666666699,track,1,320.2131901840491,239.54519427402863,320.2194225011077,239.4745852378253,1,0.07088355076802533,0.5693916984848543,7.733973526008506,62.12683345860857,-0.054474868242091114,-0.08044437492739019,6.843414001195924,30.0
1185,39.50000000000032,track,1,320.2998043858746,239.4011119118707,320.24505236022617,239.34221846725268,1,0.08041282317878042,0.7019452999171885,8.77440600379692,76.58951184108444,-0.054024951050236886,-0.11042817590402801,7.678535999730229,30.0
1186,39.53333333333365,track,1,320.20200085142613,239.36398467432952,320.2732626759814,239.3679730944575,1,0.0713733503071333,0.6885713466403733,7.788784134827493,75.1307506474233,-0.05371173565116858,-0.11313137016438912,7.270210999195115,30.0
1187,39.56666666666698,track,1,320.1958372753075,239.53442657416167,320.3047862967186,239.4063852435711,1,0.1681204080587483,0.667287918156459,18.344652154806298,72.80915505584058,-0.053522819120635196,-0.08073600674304092,6.631858999753604,30.0
1188,39.600000000000314,track,1,320.3670212765957,239.3263093289689,320.3402898495268,239.27029540238232,1,0.06206552315728931,0.8051496640223886,6.772068821731792,87.85106463566927,-0.05337692906519068,-0.11462436093587769,6.26510199981567,30.0
1189,39.633333333333645,track,1,320.37311945800536,239.2253661452625,320.3800064363493,239.31324962715917,1,0.0881529174842729,0.7848764019028097,9.618199468543013,85.63986857314613,-0.05326662194541954,-0.12100236241966872,7.357903999945847,30.0
1190,39.66666666666698,track,1,320.35565554044155,239.3759547975306,320.4241293878189,239.38855903077274,1,0.06962423766388207,0.7441409788885364,7.59786807199256,81.19642811964177,-0.053192832927953036,-0.11460686499270589,6.879623999338946,30.0
1191,39.70000000000031,track,1,320.4885558862773,239.46730986349172,320.4728569496392,239.4281313760946,1,0.042206758775031605,0.7420427331559519,4.605208574159986,80.96864859108786,-0.053088860503173005,-0.11073597751126232,6.7806329989252845,30.0
1192,39.73333333333364,track,1,320.60907081974113,239.42554982637063,320.5260315535937,239.44546443438594,1,0.0853938600527218,0.7643421281776465,9.318720177630047,83.40286861474273,-0.02108992660839789,-0.11347999858813301,5.672827999660512,30.0
1193,39.76666666666697,track,1,320.45096833691974,239.41951019571678,320.4135500758799,239.47587099540692,1,0.0676510606048124,0.6676337908734271,7.381673813697895,72.84916126179374,-0.05064264438990309,-0.11447095785855436,4.998070999135962,30.0
1194,39.8000000000003,track,1,320.4642205554429,239.44800324346238,320.4636912568418,239.51003476426922,1,0.06203377894839742,0.6745928504633325,6.7683820159728185,73.6096639621725,-0.05047962421519866,-0.11363863025494042,8.397597001021495,30.0
1195,39.833333333333634,track,1,320.5829628863848,239.57893104517728,320.5179743527699,239.53826500108653,1,0.0766631374482255,0.6938995888087968,8.3656307784847,75.71750133983862,-0.019822410156862997,-0.08524193175684489,7.4461460008024005,30.0
1196,39.866666666666966,track,1,320.39016006015686,239.46127403587926,320.41376678228096,239.41358527128182,1,0.05321179942714204,0.7176943528945715,5.806036494632325,78.31082760286884,-0.04814406908497476,-0.11189616080287682,7.997024000360398,30.0
1197,39.9000000000003,track,1,320.5160370634355,239.4864066795642,320.4656255811934,239.42963415008876,1,0.07592389376790747,0.7362909646374072,8.284553995375443,80.34095145916484,-0.021041813933200034,-0.1109147999068415,6.190410000272095,30.0
1198,39.93333333333363,track,1,320.29231730168647,239.3525921299188,320.377959514822,239.43905553566833,1,0.1216984355058069,0.67639639776453,13.279442805277156,73.80435954616493,-0.04619035428909994,-0.11820397031940924,6.630320998738171,30.0
1199,39.96666666666696,track,1,320.4712572373863,239.37003722084367,320.4294423934218,239.48599272041395,1,0.1232645896288324,0.6697941868479592,13.449428750085708,73.0852497361915,-0.046179809864555346,-0.11809951252750892,6.615799000428524,30.0
1200,40.00000000000029,track,1,320.30559440559443,239.58111888111887,320.4858952594766,239.5310468915843,1,0.18712456291621482,0.6752860290829085,20.420157939458196,73.68589462581491,-0.04628958208379797,-0.08584698799234196,16.83908500126563,30.0
1201,40.03333333333362,track,1,320.520942408377,239.31204188481675,320.5479625567891,239.4027956411993,1,0.09469072139210775,0.8105035532392286,10.331665368955115,88.4396134225146,-0.019164060801025833,-0.12032725698042859,6.295544000749942,30.0
1202,40.066666666666954,track,1,320.4901898734177,239.578164556962,320.4703920687359,239.45718122436426,1,0.12259249502589835,0.7182763545546647,13.375884724202653,78.37567702288291,-0.04467013900062713,-0.08519014475716133,7.7590990003955085,30.0
1203,40.100000000000286,track,1,320.43167028199565,239.27207933064767,320.5338882682547,239.32294503728951,1,0.11417458923522411,0.862229728964917,12.459136995235522,94.08257962845063,-0.04477790517881872,-0.12177034005859672,7.023332000244409,30.0
1204,40.13333333333362,track,1,320.672946809618,239.44634120953472,320.60299602720306,239.382613553821,1,0.09462730083453615,0.863000714222315,10.325599215517384,94.1684605874371,-0.009633395392448466,-0.11371897785563667,7.088157000907813,30.0
1205,40.16666666666695,track,1,320.4281218274112,239.37918781725887,320.48970566997957,239.39818603670926,1,0.06444766875359133,0.7758812342245727,7.0328981719701735,84.66085052384716,-0.042531727997333624,-0.1177342435693406,6.158443000458647,30.0
1206,40.20000000000028,track,1,320.47751473172747,239.51038974465007,320.55691474574746,239.43405213802328,1,0.11014441616297485,0.794009456182347,12.018747943035624,86.6403663095697,-0.042604400259328934,-0.08599400479226167,6.882141000460251,30.0
1207,40.23333333333361,track,1,320.63500856078156,239.3666028804512,320.62955538258825,239.2995502020732,1,0.06727405763051615,0.9417907937336959,7.340146841735921,102.76507955917482,-0.009459875000632077,-0.1176657378801434,5.6704609996813815,30.0
1208,40.26666666666694,track,1,320.52290548906313,239.36081304168385,320.5304714371009,239.3329118434866,1,0.028908829629581013,0.8522948751109195,3.1542231621428227,92.99859951392271,-0.013152357607168267,-0.11875185613419617,6.540931999552413,30.0
1209,40.300000000000274,track,1,320.4555385400715,239.44032669729455,320.45612912137665,239.37104827558437,1,0.06928093894377876,0.776938895289215,7.559105195541942,84.77544872283633,-0.03872943439606151,-0.11540902335950959,6.490710000434774,30.0
1210,40.333333333333606,track,1,320.6965561360486,239.19607634076127,320.5232483679338,239.39037297773348,1,0.26035891693518576,0.8033890469896301,28.4094800359475,87.66278823791086,-0.0023150037043940565,-0.12882756445964,5.80679999984568,30.0
1211,40.36666666666694,track,1,320.3829166666667,239.4325,320.40120982712574,239.48031455253272,1,0.05119444455684873,0.6565381098546642,5.585850580395327,71.63832053654501,-0.03639973895727665,-0.11794854209702643,7.617576000484405,30.0
1212,40.40000000000027,track,1,320.4532989690722,239.43463917525773,320.46601100091675,239.51132065851743,1,0.0777280234440929,0.6752582852266729,8.48078998740703,73.68232408470669,-0.03654210108860428,-0.11847556940651806,6.679199001155212,30.0
1213,40.4333333333336,track,1,320.57906735751294,239.54901554404145,320.53662777623174,239.54425827733417,1,0.0427053819307112,0.704038271688297,4.660317194720698,76.82414681558247,-0.006424080136777994,-0.08945398087736076,7.477215000108117,30.0
1214,40.46666666666693,track,1,320.4695565520678,239.50622820129547,320.451673246821,239.4215695589479,1,0.08652686479171204,0.7338872508972463,9.440845394580867,80.07836745872608,-0.03487005677717238,-0.08793250440423128,6.360316001519095,30.0
1215,40.50000000000026,track,1,320.61714579055445,239.3552361396304,320.5234904632973,239.289956584454,1,0.11416102946131895,0.8821586689045734,12.457372747031899,96.25659988426567,-0.002755413617896156,-0.1201145319921389,6.102764999013743,30.0
1216,40.533333333333594,track,1,320.43102397399434,239.36387647297846,320.42909111008555,239.3292062393108,1,0.0347240704045572,0.7962935703206576,3.788676165250841,86.88648937973525,-0.03307474123457436,-0.1204168739508962,7.23150900012115,30.0
1217,40.566666666666926,track,1,320.4995400183993,239.360625574977,320.50145794789194,239.3693284422758,1,0.008911697523984923,0.8057336329248499,0.9723455539919219,87.91804452061898,-0.03330569988058103,-0.12136944449327997,5.751483000494773,30.0
1218,40.60000000000026,track,1,320.48378465161085,239.47029861928718,320.5801211852963,239.4138260308614,1,0.1116686212238674,0.8247063184705858,12.1855527772711,89.98997835570593,-0.03359320773940064,-0.11641417005480656,6.78003000030003,30.0
1219,40.63333333333359,track,1,320.52302767451465,239.3915737298637,320.6653838543566,239.43122549116026,1,0.14777531631877772,0.8753514240259949,16.126130288733105,95.51766016602309,-0.006553636278428258,-0.1209398531209914,5.280863000734826,30.0
1220,40.66666666666692,track,1,320.60230753522563,239.51929752909945,320.61150289476916,239.47212696141457,1,0.04805847576492493,0.8078277880690122,5.243598589077871,88.14945890152401,-0.0008496414385727354,-0.08977319514700279,6.906726001034258,30.0
1221,40.70000000000025,track,1,320.69119949890387,239.2858335943209,320.5322693377084,239.34620635782005,1,0.17001078409955853,0.8430639207198026,18.55241962129922,91.99154257983042,0.005744221496232795,-0.12567121110318225,8.063410999966436,30.0
1222,40.73333333333358,track,1,320.4130219671482,239.47447061151792,320.42293843563664,239.41117704457133,1,0.06406568476262191,0.724975443155503,6.990108893343361,79.10541170632206,-0.028197435670924587,-0.11681026835601356,7.057402999635087,30.0
1223,40.766666666666914,track,1,320.5060817547358,239.54207377866402,320.49970077115586,239.4283597112708,1,0.11389295884540124,0.759258506960691,12.426640577919256,82.84756182427093,-0.001991434733359422,-0.0896466661137043,6.482467000751058,30.0
1224,40.800000000000246,track,1,320.45711641299874,239.23817359111476,320.44176990283904,239.30017534071055,1,0.06387278236480202,0.8275960372089801,6.96910342945297,90.30192827811999,-0.0270028379527796,-0.12802079599560495,6.228860000192071,30.0
1225,40.83333333333358,track,1,320.544125114248,239.3344165735757,320.5223063143791,239.3761936996915,1,0.04713160610688719,0.813595837221921,5.142631492739618,88.77632434859407,0.0011163570382539331,-0.12421866961304276,7.369402999756858,30.0
1226,40.86666666666691,track,1,320.4656393169513,239.48688046647231,320.45794773655234,239.43150997693658,1,0.055902160248601125,0.7299979696794088,6.099393769964974,79.65419613501295,-0.025806382231115674,-0.11711791498833603,6.8267850001575425,30.0
1227,40.90000000000024,track,1,320.60700021021654,239.3976245532899,320.54225199967607,239.4485667352385,1,0.08238590091683731,0.7733795165623542,8.98994848168145,84.38927260747202,0.005588440084716918,-0.12212697031542809,6.567661001099623,30.0
1228,40.93333333333357,track,1,320.40875176446866,239.5372050816697,320.46419288257505,239.49198489699586,1,0.0715442707616922,0.6881528733600116,7.806886143476817,75.08906231645723,-0.0244351333364687,-0.09121776861057851,6.631919000938069,30.0
1229,40.9666666666669,track,1,320.31977799124775,239.62183797630485,320.55133586279885,239.37023571455097,1,0.341939681810904,0.8370031593938447,37.31139877436563,91.33079103049329,-0.02494390753835494,-0.08957438944980865,6.610268999793334,30.0
1230,41.000000000000234,track,1,320.6315681022048,239.15227694209767,320.64626930445945,239.23943888312692,1,0.08839303881934428,0.9980567250340666,9.644435603204851,108.90409734203315,0.0076090948934598255,-0.13235637391049324,20.231620001140982,30.0
1231,41.033333333333566,track,1,320.5346917450366,239.44263322884012,320.5726642851122,239.33656500011875,1,0.11266047640535612,0.8764076577201256,12.292408195359581,95.63035114177005,0.004307847630564979,-0.11860267732556685,6.357800999467145,30.0
1232,41.0666666666669,track,1,320.5699989891843,239.3166885676741,320.52174394904296,239.36012577240535,1,0.0649256471196514,0.8256244760802484,7.084603607579803,90.08863658976458,0.007638719542657057,-0.1256856097251629,7.298168000488658,30.0
1233,41.10000000000023,track,1,320.4828971770039,239.33062023490623,320.4581373995377,239.42128523935048,1,0.09398504993376271,0.7381061245165135,10.25464791385545,80.53880409041794,-0.020562460327559935,-0.12593705072278072,9.412502000486711,30.0
1234,41.13333333333356,track,1,320.46556556556556,239.46286286286286,320.5500159112877,239.48364414186096,1,0.08696966396039796,0.754414259478256,9.49067735799708,82.32041467391977,-0.020997023572976326,-0.11993812698898582,7.463804999133572,30.0
1235,41.16666666666689,track,1,320.65534374366257,239.49117825998783,320.6492911204407,239.51390257130572,1,0.02351655954297424,0.8110916528150942,2.565875136694574,88.50667596048667,0.012870177207978131,-0.11885336123379799,6.24289200095518,30.0
1236,41.20000000000022,track,1,320.5076037813399,239.4922934648582,320.57302046996006,239.53830474633924,1,0.07997737913654787,0.7358770048358089,8.727210341284758,80.29872873704805,0.007025477743542912,-0.11904067046523797,5.972339000436477,30.0
1237,41.233333333333555,track,1,320.53126604374165,239.58342745661773,320.5330008718805,239.56367044710464,1,0.019833029359418483,0.6888203017879593,2.1639452320595454,75.16381049660238,0.00964587794394307,-0.09267055225475128,8.190642998670228,30.0
1238,41.266666666666886,track,1,320.4896316929743,239.48333849169504,320.48408516500194,239.44839544285048,1,0.03538051208081679,0.7338978365161415,3.8603139952247343,80.0803240343484,-0.016688500427461724,-0.11804246854279662,7.363205000729067,30.0
1239,41.30000000000022,track,1,320.4742320129345,239.37782942603073,320.58069879833874,239.46847263317886,1,0.13982620425516892,0.7872308658023222,15.257730942757936,85.90149978322714,-0.0171594399070087,-0.12375191061400304,7.012576999841258,30.0
1240,41.33333333333355,track,1,320.65977011494255,239.4910544727636,320.68490332071974,239.5190708691607,1,0.037637700510506786,0.8368903079990585,4.106900033240476,91.32230627067398,0.016867746559775423,-0.11840157657652764,5.974785000944394,30.0
1241,41.36666666666688,track,1,320.5510018214936,239.49868447682655,320.61270854297027,239.54124005433994,1,0.07495796590685405,0.7654230505875635,8.179499619755116,83.52329738127516,0.013025513171705513,-0.11817242658711755,6.1565209998661885,30.0
1242,41.40000000000021,track,1,320.5217569366233,239.5863622401966,320.5660844464808,239.56232854027292,1,0.050423673628405725,0.7155472781075194,5.502382409519223,78.08062450861566,0.012972460822937694,-0.09205044735532567,6.367738998960704,30.0
1243,41.43333333333354,track,1,320.5413877054169,239.42260093325217,320.5248217341665,239.44427659942357,1,0.027281237278470635,0.7643731749621729,2.976796537395184,83.40622351819968,0.015373001280146582,-0.1205923408724103,5.845480000061798,30.0
1244,41.466666666666875,track,1,320.48216631302415,239.48711730827523,320.475834172487,239.4786602379461,1,0.010564944028926252,0.7058422679358444,1.1527936024839207,77.01926541156854,-0.01152732496168129,-0.11758772194638921,6.474692001575022,30.0
1245,41.500000000000206,track,1,320.5945090834864,239.52378036333945,320.5753925715669,239.49726672865575,1,0.03268660049789959,0.7640794157225255,3.5665866949914595,83.37558724893633,0.01906202817852429,-0.09092621866289219,5.2491669994196855,30.0
1246,41.53333333333354,track,1,320.4845603271984,239.45296523517382,320.51688475541084,239.37396134645826,1,0.08536089907822826,0.8118461960891868,9.313794934707866,88.58530389043767,-0.010484869572709282,-0.1178969835099209,6.840780000857194,30.0
1247,41.56666666666687,track,1,320.575936271467,239.30281398717153,320.62103676913546,239.39481816311127,1,0.10246376569446852,0.8671399681240787,11.18000226686834,94.6205413036162,0.019085090174224634,-0.12612755734368045,7.74204700064729,30.0
1248,41.6000000000002,track,1,320.5067464745866,239.49132596124582,320.5725580061088,239.45992478313883,1,0.07291907615849372,0.7870857070401742,7.957207192218406,85.88543195159656,0.01690117513167334,-0.11720020014013831,6.907019998834585,30.0
1249,41.63333333333353,track,1,320.53446178795866,239.50020271639977,320.5408016915728,239.47780751042183,1,0.023275300827945915,0.7517655657050801,2.5395551620342407,82.03118903332131,0.01954814645301024,-0.09088053574865759,7.160391000070376,30.0
1250,41.66666666666686,track,1,320.47579585649316,239.41162203132896,320.5000022509688,239.35574262014143,1,0.0608971110002414,0.8155181312981982,6.644548999822898,88.98550431444278,-0.007136311045422925,-0.12015475813180124,6.320294000033755,30.0
1251,41.700000000000195,track,1,320.5645621181263,239.3274949083503,320.6065930504134,239.39026606400375,1,0.07554347920894913,0.8600759277617785,8.242852041123285,93.84946889239718,0.02175412929713902,-0.12516297807527751,7.304475000637467,30.0
1252,41.733333333333526,track,1,320.55302951298364,239.45990197100843,320.56417364020956,239.45199435791915,1,0.013664622804795046,0.7865126064213807,1.491096049673598,85.82267291184552,0.022484233600346053,-0.1191672362705441,5.956668999715475,30.0
1253,41.76666666666686,track,1,320.38716029933045,239.26122489168964,320.5229314110792,239.48227487278848,1,0.25941643920400953,0.7358645038588638,28.30578892103545,80.29591784948902,-0.005185188180417387,-0.13010214836227846,6.592855001144926,30.0
1254,41.80000000000019,track,1,320.7175087384811,239.6791653426544,320.6343293603886,239.57143956554694,1,0.1361016237715689,0.7655310466791218,14.850762972386477,83.53576245879194,0.03171358399875145,-0.0925983467184203,5.880409000383224,30.0
1255,41.83333333333352,track,1,320.49127056211523,239.53749116964377,320.5540025716929,239.46118373298123,1,0.09878324714068724,0.7728142202666612,10.77881592715484,84.32792298704085,-0.003956354309470171,-0.0910826708109907,6.066752001061104,30.0
1256,41.86666666666685,track,1,320.6237756469739,239.3034333436437,320.66898287870663,239.34347911424652,1,0.06039335678789666,0.9373141231375648,6.590055185424891,102.27773751842916,0.028019897330119795,-0.12602569184200962,9.005136998894159,30.0
1257,41.90000000000018,track,1,320.6040803645402,239.44148715824358,320.61848923928244,239.4128071247245,1,0.03209610558918389,0.852833167672593,3.502067557834905,93.05962774742814,0.028532222447612568,-0.11977769652812822,6.630103000134113,30.0
1258,41.933333333333515,track,1,320.5376537971998,239.39669070852779,320.5703278255919,239.44951733673497,1,0.062114771021928764,0.7926569189755097,6.777552240313378,86.49317661652789,0.02653038396103364,-0.1226637710593697,7.106199000190827,30.0
1259,41.966666666666846,track,1,320.49473358116484,239.4540479140851,320.5379060007431,239.50235974136126,1,0.06479112953948053,0.7327951232462206,7.069789019427034,79.96147455683833,-0.0003811616752647483,-0.12036968810721407,6.422753000151715,30.0
1260,42.00000000000018,track,1,320.66048947527446,239.66935240205459,320.6540739532762,239.5437417409904,1,0.12577438966454263,0.7974862602382866,13.722999219638002,87.02254233263048,0.03347429395684274,-0.09225316506422984,17.37811699968006,30.0
1261,42.03333333333351,track,1,320.5886056667005,239.44084492738904,320.5947393533795,239.43597851913137,1,0.007829689751603641,0.8196554943020402,0.8543750461734204,89.43934822960574,0.03133203032600487,-0.119994571639241,6.829186999311787,30.0
1262,42.06666666666684,track,1,320.6120531154239,239.53370786516854,320.5518883073107,239.4770138507456,1,0.08266810392579245,0.7603257302355545,9.020601416732719,82.96539562288643,0.03394937695413133,-0.09117241635387556,6.130989000666887,30.0
1263,42.10000000000017,track,1,320.71983996717273,239.37915469839967,320.50013442380407,239.36521017389316,1,0.2201476221780093,0.8081414264858476,24.024121361411183,88.18070421694031,0.0411117495537503,-0.12213237570538908,5.758835999586154,30.0
1264,42.1333333333335,track,1,320.43205574912895,239.44514834758738,320.41523568774755,239.41944015025172,1,0.030721749219781803,0.7137719632480205,3.352167450641641,77.88292201389108,0.005280322607352925,-0.11936277451235693,9.701229999336647,30.0
1265,42.166666666666835,track,1,320.58214643931797,239.23671013039117,320.52649041343636,239.45984745414864,1,0.22997360385613766,0.7542923360541947,25.092222576577942,82.30646181908794,0.03496669457354159,-0.13083825646198777,8.594900000389316,30.0
1266,42.200000000000166,track,1,320.4564794926869,239.54853226961234,320.4844683167282,239.5624404711806,1,0.03125399721760692,0.6528153576426807,3.410547541313373,71.23435675981422,0.005712813644847107,-0.0921914952849944,6.589130000065779,30.0
1267,42.2333333333335,track,1,320.6452138492872,239.49327902240327,320.60351531649314,239.45993512310406,1,0.05339085368910951,0.8098770329491058,5.826001345577756,88.37279275254815,0.038608766288876384,-0.11724233471585128,6.142933001683559,30.0
1268,42.26666666666683,track,1,320.4769983347211,239.5756661115737,320.5521634638417,239.49208643918223,1,0.11240710952951294,0.7502404121774754,12.26549060605882,81.86511899114161,0.006228403182844462,-0.0909980479384157,5.779364000773057,30.0
1269,42.30000000000016,track,1,320.6553735926305,239.36202661207778,320.67855086637337,239.38535484457998,1,0.03288453207556059,0.9155435245455861,3.5882826154666665,99.90288433098894,0.03962706526181297,-0.12287441083421101,4.685068999606301,30.0
1270,42.33333333333349,track,1,320.59065458617533,239.47001934235976,320.63185374016655,239.44975150608593,1,0.045914654270882614,0.8378618943579881,5.010373481189583,91.42668430588776,0.03766270888652783,-0.11797556513356713,4.495066999879782,30.0
1271,42.36666666666682,track,1,320.62420902224943,239.45509287609715,320.60067246087533,239.48917628131096,1,0.041420384260474286,0.7885101627939387,4.519554975083273,86.0416483324876,0.04065115038580171,-0.11915475900862144,5.795688999569393,30.0
1272,42.400000000000155,track,1,320.61684167181386,239.52305950175005,320.5585896439344,239.53607961771957,1,0.05968938072998495,0.7261160454128397,6.513692077376458,79.23341001657411,0.041633813574718126,-0.09109426767584253,6.079770000724238,30.0
1273,42.433333333333486,track,1,320.55685826935047,239.52448640796845,320.5163002380018,239.43455069487936,1,0.09865792616775723,0.7657015426536186,10.764693068082858,83.5509221810613,0.03982211163343925,-0.08958156415708317,11.159354999108473,30.0
1274,42.46666666666682,track,1,320.5339502963502,239.192991577415,320.48870491504783,239.32621181077275,1,0.1406939057141079,0.8323599088940131,15.351113713642102,90.82269644060025,0.0397043135486937,-0.1303359694298138,8.205178999560303,30.0
1275,42.50000000000015,track,1,320.42054263565893,239.3825989392085,320.46676683942496,239.4365215689147,1,0.07102342577092267,0.7316961286525338,7.749807982314694,79.83968214738691,0.012703465372365781,-0.12184558716539982,7.446411000273656,30.0
1276,42.53333333333348,track,1,320.57051217800944,239.5123784704821,320.5938595235598,239.50287505074448,1,0.025207410238993002,0.7744690754929863,2.7507497437550454,84.50961037709553,0.04154422075319279,-0.0903323307823455,6.0489160005090525,30.0
1277,42.56666666666681,track,1,320.53890931372547,239.39389297385623,320.5721582541421,239.40251746564013,1,0.03434929253069189,0.8272547652615992,3.7484071252582725,90.26779476252959,0.04086030144872252,-0.12064125875068467,6.1116000015317695,30.0
1278,42.60000000000014,track,1,320.5672659640422,239.46848522421988,320.5591250622531,239.46520092256026,1,0.008778434902133363,0.7737124068217595,0.9579439799151362,84.4260563448916,0.043211896911358585,-0.11745519982829333,6.776793999961228,30.0
1279,42.633333333333475,track,1,320.4842563531437,239.50187303837197,320.5385675623677,239.5123192029513,1,0.0553066885809712,0.7265587237414056,6.035437091104409,79.28111819642913,0.014485681867885606,-0.09010336491217937,5.866688999958569,30.0
1280,42.666666666666806,track,1,320.71279212792126,239.3070930709307,320.6762310309347,239.41502179686518,1,0.11395316447866148,0.8941408755569886,12.433430063652711,97.56784930180824,0.050739520558722113,-0.1249477243299511,6.148211001345771,30.0
1281,42.70000000000014,track,1,320.62408980582524,239.51658576051778,320.6255520623482,239.50505528463793,1,0.011622825308626503,0.7976751556698681,1.2681468615017901,87.04226234060974,0.04759764614415325,-0.08970360074309534,6.4353839989053085,30.0
1282,42.73333333333347,track,1,320.5874331270324,239.4318682471415,320.5966379347534,239.40864788072236,1,0.024978268591312462,0.8400441382218956,2.725394877529831,91.66376157325512,0.04688849159166697,-0.11797577259456138,12.430175998815685,30.0
1283,42.7666666666668,track,1,320.66555809602994,239.4877364373311,320.5765108777879,239.46458652924753,1,0.09200720254918636,0.7867861061756012,10.040394192004706,85.8528581599725,0.05209446259990912,-0.1155805803607406,6.975848000365659,30.0
1284,42.80000000000013,track,1,320.6242367794681,239.56514539997931,320.533620218063,239.50934523292653,1,0.10641907650419093,0.7249087098231833,11.612670060249384,79.10096415038373,0.05133377287896765,-0.0890974428273336,7.005318000665284,30.0
1285,42.833333333333464,track,1,320.4928032209361,239.40603925515853,320.4997847364847,239.4144881354414,1,0.010960161376066138,0.7698109679408107,1.1959276257731233,83.99883446482139,0.019901251098302715,-0.11867519977247379,6.6104739998991136,30.0
1286,42.866666666666795,track,1,320.59645030425963,239.53387423935092,320.63858405518545,239.4790397648087,1,0.06915253115685437,0.8241293358373193,7.545592774836153,89.92870749768797,0.05006910738684525,-0.08818358184039786,7.0663959995727055,30.0
1287,42.90000000000013,track,1,320.3669267446901,239.4408322496749,320.62147926979264,239.38266311607936,1,0.26111422048472166,0.875980200136309,28.494465686683025,95.58500649527764,0.01980926352745176,-0.11593205097203965,5.322605999026564,30.0
1288,42.93333333333346,track,1,320.7959645669291,239.30472440944882,320.77074782065733,239.43600488300444,1,0.13368039134264673,0.9550616184534177,14.585693153668478,104.21693501886953,0.060364210716055196,-0.1235998667079044,4.873001000305521,30.0
1289,42.96666666666679,track,1,320.71657589148083,239.57794676806083,320.7087071227053,239.53200104332393,1,0.04661466661515143,0.8492872359944443,5.08605909381648,92.67550933092113,0.057987426287216745,-0.08824511574281177,6.163265999930445,30.0
1290,43.00000000000012,track,1,320.661838212792,239.3544833214322,320.66432263941704,239.44123060168556,1,0.08678284972854987,0.8680713160418899,9.468705050950067,94.72339284770842,0.056666468666871944,-0.12061349702030905,16.1656350010162,30.0
1291,43.03333333333345,track,1,320.62015915119366,239.46175066312998,320.6319594503959,239.52491618640704,1,0.06425830990718842,0.7906183509650848,7.011138103398706,86.27259106982227,0.05583336551812679,-0.11587035144066815,6.519971000670921,30.0
1292,43.066666666666784,track,1,320.6281819150069,239.65480881883053,320.6090117488251,239.58516213802045,1,0.0722368010040588,0.7368756760395536,7.881712023132374,80.40879993521439,0.05743831872605962,-0.0881467893452245,7.367154999883496,30.0
1293,43.100000000000115,track,1,320.53562327999185,239.59290592192437,320.58247257900746,239.49943861107147,1,0.1045513989209443,0.7680078185680533,11.40780190792891,83.80437151122158,0.053762096532836215,-0.0866330284161204,7.419968998874538,30.0
1294,43.13333333333345,track,1,320.5688586238439,239.39434901920927,320.58050414918614,239.40756347805825,1,0.01761363628466744,0.8294372186927481,1.921938100571411,90.50612269080369,0.05629019781570417,-0.11681146070428511,7.337099999858765,30.0
1295,43.16666666666678,track,1,320.5436058276002,239.42857142857144,320.5700126015489,239.4785939241916,1,0.0565647220310458,0.7725145058925802,6.17190318949941,84.29567660980135,0.0558161188829708,-0.11569976941344018,7.8711249989282805,30.0
1296,43.20000000000011,track,1,320.5489756395882,239.54153501172152,320.5670053593228,239.54568133167663,1,0.01850034493945641,0.7265676361412737,2.018876595265458,79.28292990001341,0.05680839341548184,-0.08638957242444534,9.121818999119569,30.0
1297,43.23333333333344,track,1,320.4990607388854,239.28000417449385,320.5636575941817,239.4584655961312,1,0.18979260451077948,0.7816453121795223,20.708319146295647,85.29164658053959,0.028783689533729857,-0.12267431173182264,8.05265400049393,30.0
1298,43.26666666666677,track,1,320.7746983023113,239.52659030476582,320.7147221759634,239.56681818667153,1,0.07221785246267809,0.8357477324003969,7.880512085023244,91.19862565018627,0.0680785067755495,-0.08617046918868415,8.712605998880463,30.0
1299,43.300000000000104,track,1,320.7008598887203,239.52422862923623,320.6611572385075,239.48256502331208,1,0.05755133788647846,0.8395640828018283,6.279843052367867,91.6132633809844,0.06574714171020496,-0.08477628940640117,6.908233999638469,30.0
1300,43.333333333333435,track,1,320.65346934653064,239.4023835976164,320.624964595551,239.39298920983651,1,0.03001291972086988,0.8712306497518876,3.27517498039879,95.06693587617903,0.06457117922030473,-0.11463955693730607,6.502214999272837,30.0
1301,43.36666666666677,track,1,320.53131374949,239.50112199102406,320.5999775364562,239.46482857831666,1,0.07766548426742464,0.8039785412799478,8.475103701846153,87.72918136396855,0.059283660925163635,-0.084105460383703,6.1068730010447325,30.0
1302,43.4000000000001,track,1,320.5038877107947,239.364435019691,320.60811972368117,239.37599517555418,1,0.1048711100062799,0.8713160272035175,11.444287278008714,95.07578795922488,0.058449808962750864,-0.11603003706355995,5.763375000242377,30.0
1303,43.43333333333343,track,1,320.60460633116884,239.45850243506493,320.6256335634142,239.45963312107835,1,0.02105761018640101,0.8266884053293009,2.2979611565579194,90.20750858934177,0.0642035672005585,-0.11203840781600659,7.5702430003730115,30.0
1304,43.46666666666676,track,1,320.5961461260538,239.50802890405458,320.6173803564177,239.52422038411544,1,0.026703119025853494,0.7794387386970866,2.9138516297479526,85.05249311195475,0.06458733177970066,-0.08433059157636225,6.532518000312848,30.0
1305,43.50000000000009,track,1,320.6309970585252,239.37245156709605,320.61199521930484,239.44330157163142,1,0.07335388903404877,0.8273157127723544,8.003592034902066,90.27555012605538,0.06720949089614432,-0.11587815187400526,6.369527000060771,30.0
1306,43.533333333333424,track,1,320.5958059210526,239.61482319078948,320.5975351269848,239.53293616437065,1,0.08190528217931635,0.7584173353329388,8.936522732883212,82.75853596288164,0.06628034762838708,-0.08393617175464414,6.984229999943636,30.0
1307,43.566666666666755,track,1,320.5576112652893,239.54301572617948,320.59293536669315,239.45454395248885,1,0.09526304047191556,0.8056641042283279,10.394214481636672,87.91286934257326,0.06504486180969285,-0.08258765754986079,7.533620000685914,30.0
1308,43.60000000000009,track,1,320.62390305056414,239.52549101546177,320.59982470203954,239.37132062462956,1,0.15603934208085857,0.8689231440081391,17.02521354653708,94.81450422922477,0.06914116633198261,-0.08119392880822307,8.074978000877309,30.0
1309,43.63333333333342,track,1,320.58513679052675,239.25632911392404,320.58976178343437,239.2830554366427,1,0.02712354854104129,0.9283471700432224,2.959411588665522,101.29737693077232,0.06795779302721305,-0.11879809051778459,5.734223001127248,30.0
1310,43.66666666666675,track,1,320.5589930239612,239.42857142857144,320.59089968715045,239.39776739883052,1,0.044350010193375054,0.8437099893837086,4.839386457830098,92.06354289539289,0.06727507378673124,-0.11115426898345855,7.5866579991270555,30.0
1311,43.70000000000008,track,1,320.5892838848479,239.54789468292182,320.60056298174754,239.47416405454703,1,0.07458836093797423,0.7982351386502085,8.138220416542728,87.10260972514075,0.06943897535944853,-0.0820314977026081,6.598353998924722,30.0
1312,43.73333333333341,track,1,320.61051144961164,239.3767779683244,320.6035643422432,239.39772098347635,1,0.022065180362803163,0.8526605004174692,2.4075302562211576,93.04037519059037,0.07123075158201676,-0.11339908581419997,8.068569000897696,30.0
1313,43.766666666666744,track,1,320.36456086286597,239.46296866974834,320.60188301905464,239.4910832699809,1,0.23898166574922639,0.7882001057597434,26.079384683992227,86.00785794603425,0.039949884148190486,-0.10984507134082999,5.874751999726868,30.0
1314,43.800000000000075,track,1,320.75022919425487,239.57746765814403,320.77190095617345,239.56803205541553,1,0.023636748158446987,0.8845492588262256,2.5793438980342764,96.52447284019419,0.07775126404494427,-0.08237790706439845,6.6073670004698215,30.0
1315,43.83333333333341,track,1,320.7729353233831,239.37034825870649,320.74517394168095,239.50106008178716,1,0.13362737371917832,0.8967860644248182,14.579928131784333,97.85855099292542,0.08018855600667885,-0.11405622735917506,5.865270999493077,30.0
1316,43.86666666666674,track,1,320.8130607135406,239.57072814521177,320.71030481450975,239.6056393251988,1,0.10852449158473887,0.8124366260486956,11.842778170112563,88.65538719514417,0.08371464546922816,-0.08204790401371521,5.9685619999072514,30.0
1317,43.90000000000007,track,1,320.71808832425893,239.63006654567454,320.66148095411745,239.54213692702047,1,0.10457538998724776,0.8044847085298739,11.410606724112798,87.78627350324082,0.08035785343146284,-0.08070048292444695,7.862729000407853,30.0
1318,43.9333333333334,track,1,320.63690416204776,239.48201148846115,320.63540529090005,239.4741067874329,1,0.008045552377771764,0.8248051616763342,0.8778395942227412,90.00234240174575,0.07737346907822408,-0.10642125050309631,7.673820999116288,30.0
1319,43.96666666666673,track,1,320.57100591715977,239.58386043664558,320.6300858092841,239.54594151315428,1,0.07020169807177198,0.7766448586952767,7.660531783241012,84.74808842168468,0.07485391483975627,-0.079767808782398,7.285932999366196,30.0
1320,44.000000000000064,track,1,320.58024439918535,239.53085539714868,320.64303750383465,239.4783407657393,1,0.08185817310179068,0.8280251131622552,8.932316430042226,90.35385654583882,0.07597246917050911,-0.07839370388876837,17.132865001258324,30.0
1321,44.033333333333395,track,1,320.62296251018745,239.46831703341485,320.65485114721423,239.40615629507488,1,0.06986302714881426,0.8840137843308712,7.622897929065748,96.46239175754857,0.07884292520015089,-0.1048364331240105,4.875179000009666,30.0
1322,44.06666666666673,track,1,320.64584621727477,239.46815089672234,320.65617721199953,239.47777301065446,1,0.014117879746122233,0.8386236116091584,1.5405203625916486,91.51051002646388,0.08081255106142954,-0.10538912671274195,6.392727000275045,30.0
1323,44.10000000000006,track,1,320.6693589612514,239.5186586238626,320.6518140040878,239.55513902218047,1,0.04048018012935254,0.7891532078826623,4.416859248881823,86.11337694015384,0.0828966605598571,-0.07816645243028618,6.523304000438657,30.0
1324,44.13333333333339,track,1,320.58449144008057,239.43987915407854,320.6411447525302,239.49014717152545,1,0.07573949689267974,0.8191559682993744,8.264607551697193,89.38620915512094,0.07935266426801774,-0.1062207144778656,6.042627999704564,30.0
1325,44.16666666666672,track,1,320.69621943702487,239.53770289706185,320.65417976019705,239.57763575870365,1,0.057982478962960785,0.7786801082455587,6.3269439347271605,84.97089533989971,0.08580151785275265,-0.07765072333166528,8.034039001358906,30.0
1326,44.20000000000005,track,1,320.5977710233029,239.5048632218845,320.63761749670005,239.51563657371332,1,0.041277191665795694,0.8007271700287193,4.504418235633323,87.37559447948432,0.08161497456783072,-0.07641674442789187,7.059225999910268,30.0
1327,44.233333333333384,track,1,320.5650251876221,239.39673074946026,320.6481736780198,239.44996932137656,1,0.09873204644443513,0.8500957971338888,10.773815102216268,92.76184470378128,0.08047182063474209,-0.1067587435884648,7.434731000103056,30.0
1328,44.266666666666715,track,1,320.6582005141388,239.52380462724935,320.66961042410503,239.54906668845786,1,0.0277192673413268,0.8072911318282169,3.0244851018718704,88.09270008572891,0.08579274863868114,-0.07613187478520629,7.094311000400921,30.0
1329,44.30000000000005,track,1,320.7649890132887,239.50078476509364,320.6674460916921,239.48778867886972,1,0.09840487696622083,0.8413350835482283,10.73863546240855,91.80666512257238,0.09218573626824836,-0.07495221152150854,6.736330000421731,30.0
1330,44.33333333333338,track,1,320.5700855603676,239.58698637371924,320.63595642051666,239.4232141829225,1,0.17652280502854,0.8585583542067101,19.26052808787305,93.6847284791384,0.08313423590951828,-0.07371473403570836,4.933509000693448,30.0
1331,44.36666666666671,track,1,320.6624184943687,239.26793123888558,320.6575053350218,239.35506181166943,1,0.08726898560433331,0.921009518055747,9.521750336633138,100.49861787431941,0.08841663789380044,-0.11084128585502265,4.791446001036093,30.0
1332,44.40000000000004,track,1,320.8960983884648,239.4821882951654,320.65563860874806,239.48796649954932,1,0.24052919429316794,0.8318895905496575,26.248323792120523,90.77583855780377,0.1015194731269736,-0.1010846815508551,5.831300999489031,30.0
1333,44.43333333333337,track,1,320.540494027131,239.4779307552136,320.58864044803204,239.5719113484015,1,0.10559559527522565,0.727844400051811,11.521750725906097,79.42288634654238,0.08454811677475131,-0.10205343262950528,6.7608039989863755,30.0
1334,44.466666666666704,track,1,320.6108624898291,239.6695484133442,320.6168996560551,239.66412467624025,1,0.008115682362752985,0.7024082991762335,0.8855730393563765,76.64887927602122,0.08857213585390702,-0.07546828500805265,7.41862500035495,30.0
1335,44.500000000000036,track,1,320.6510480887793,239.65988491574188,320.6284339430688,239.617678599246,1,0.04788290653632988,0.7355942320841549,5.2246156530041725,80.26963491530795,0.09122971152216754,-0.07426069855317952,7.905272001153207,30.0
1336,44.53333333333337,track,1,320.62901221785046,239.5838682957134,320.63052398441243,239.56794617130606,1,0.01599373264063911,0.7643500544962515,1.745047049281818,83.40680035976465,0.09074436498644246,-0.07300427901690398,6.232232999536791,30.0
1337,44.5666666666667,track,1,320.6745821443131,239.55105992662047,320.63992494035153,239.51469282722337,1,0.05023631858517669,0.8031357178163349,5.481648374678512,87.63842798875389,0.09370953980026839,-0.07173444517816623,7.864106999477372,30.0
1338,44.60000000000003,track,1,320.671262254902,239.43086192810458,320.63822687033246,239.45787271735867,1,0.04267223183506706,0.8373980705724372,4.656378231262316,91.37627003908177,0.09427110158658589,-0.1002896688538967,6.606478000321658,30.0
1339,44.63333333333336,track,1,320.5069848067707,239.49556439278066,320.638241815383,239.55657832234078,1,0.14474495469697735,0.7771585418185498,15.795142317646837,84.804387003259,0.08631865528269925,-0.09774530325418239,7.449647999237641,30.0
1340,44.66666666666669,track,1,320.78748964374483,239.56576222038112,320.685370521874,239.64497048568307,1,0.1292372405454959,0.7718670275960485,14.10238288177554,84.22867777297932,0.10108415078453661,-0.0720153396168997,5.867589001354645,30.0
1341,44.700000000000024,track,1,320.5720246166684,239.71336184416396,320.6584432685122,239.59941781512885,1,0.143008479256499,0.7707227936717446,15.604383069806872,84.10293952112772,0.09084998871900399,-0.07081213895537705,7.26746999862371,30.0
1342,44.733333333333356,track,1,320.7138260432378,239.55495223730517,320.69078412921544,239.55075465332754,1,0.023421133897905348,0.8240170475680674,2.55587294833866,89.91809079055834,0.09857235802724358,-0.06960017526429597,6.826514001659234,30.0
1343,44.76666666666669,track,1,320.84537325429517,239.53642117954385,320.68661743554526,239.49895901228854,1,0.1631159831605085,0.8499915141703623,17.800256888005084,92.75163882313815,0.10633831520568438,-0.06840343117513402,7.402763001664425,30.0
1344,44.80000000000002,track,1,320.6721915285451,239.49099652138327,320.6457031498526,239.44413661800616,1,0.053828289497914475,0.8520074278849791,5.873350201941736,92.97032463730659,0.09862244391579296,-0.09386224375681892,7.5068750011269,30.0
1345,44.83333333333335,track,1,320.68445741686645,239.55894923381632,320.6506033871758,239.52847479936884,1,0.04554982416199914,0.8035053094005606,4.970338594549796,87.67908152698568,0.0999864425901391,-0.06790723173624336,6.368070000462467,30.0
1346,44.86666666666668,track,1,320.77843076605836,239.3187957521394,320.65288446990496,239.4777906555861,1,0.2025864057627207,0.8360387134793982,22.105307977097983,91.22840772769611,0.10568655456410947,-0.10254282968212924,7.044570000289241,30.0
1347,44.90000000000001,track,1,320.6602414527747,239.61529877244598,320.62941268841166,239.6152580726099,1,0.030828791228789478,0.7376900995848138,3.3642659550005423,80.49831362460132,0.10058852568722859,-0.06831053501015502,6.606917999306461,30.0
1348,44.933333333333344,track,1,320.72475470155354,239.62714636140637,320.6377702877535,239.57360539026013,1,0.102141685101736,0.7671787947775792,11.145912573503232,83.71563374498724,0.10462183992938863,-0.06729706662164457,7.566591000795597,30.0
1349,44.966666666666676,track,1,320.6177376308766,239.550810921782,320.6292488644791,239.53002324876832,1,0.023762067426357864,0.7853867073910383,2.592739971650325,85.70175770566559,0.09985988188765842,-0.06626200540467,6.182690000059665,30.0
1350,45.00000000000001,track,1,320.7766580976864,239.31383033419024,320.65074856339777,239.48441985133923,1,0.21202356988292065,0.8302388707217501,23.134919314983716,90.59560248117542,0.10864647973311967,-0.10121376676396654,16.824990998429712,30.0
1351,45.03333333333334,track,1,320.66581187814137,239.58939378397784,320.6300023786341,239.62874808021638,1,0.05320790249005159,0.7312530239442889,5.805875655865717,79.79608852999324,0.1038425218890799,-0.06679725975283937,9.457829999519163,30.0
1352,45.06666666666667,track,1,320.6146179401993,239.51401578073092,320.6394851657326,239.59306679479687,1,0.08287002914551699,0.7579814712042356,9.041928407987132,82.71231294604199,0.10170909683561113,-0.0658773887252302,6.447080000725691,30.0
1353,45.1,track,1,320.6318219121871,239.6925523184243,320.66494590813886,239.55604747190182,1,0.14046626723857886,0.7995291789268107,15.326145862073083,87.24576244247775,0.10292370283172358,-0.06485098250510414,7.802768001056393,30.0
1354,45.13333333333333,track,1,320.66704161979754,239.5907557009919,320.68852019849874,239.5171444682959,1,0.0766807858726642,0.8409575067968605,8.366604347643156,91.76613221913895,0.10511780632287122,-0.06380128314505802,7.527155999923707,30.0
1355,45.166666666666664,track,1,320.68106278210917,239.3572014772261,320.704975741781,239.4762558899314,1,0.1214322149384899,0.8782361239047645,13.249318176029199,95.83357013399113,0.10631785972487558,-0.09646397250023202,7.451928000591579,30.0
1356,45.199999999999996,track,1,320.68775551921505,239.5516148814391,320.7196057635591,239.61320326959856,1,0.06933662539277366,0.8169725611039484,7.565464772946244,89.15054291480857,0.10718089403021638,-0.06417554734447044,7.115053998859366,30.0
1357,45.23333333333333,track,1,320.75075834175937,239.58523761375125,320.734199257721,239.5816025785408,1,0.01695336972907387,0.8450473077418622,1.8500621087213602,92.21380108581228,0.11103730963538537,-0.06324310717282555,6.038936000550166,30.0
1358,45.26666666666666,track,1,320.7199421068955,239.62669285640442,320.7327830164386,239.54870743969536,1,0.07903552477955333,0.8606020707430068,8.623448977499178,93.91067980174552,0.11021703969366892,-0.062252977647048076,8.297374999528984,30.0
1359,45.29999999999999,track,1,320.74343539180074,239.5280747275558,320.740290788921,239.51423166599,1,0.014195734598320459,0.8854384939046609,1.5488818089076428,96.62043521481627,0.11214298200353534,-0.061269379448561485,8.48631199914962,30.0
1360,45.33333333333332,track,1,320.800540765391,239.47140183028287,320.74206747009873,239.47823136586624,1,0.05887078068637713,0.9071420163042533,6.4244000796895895,98.98823234848773,0.11594401276221003,-0.08796427146629682,7.92250700033037,30.0
1361,45.36666666666665,track,1,320.7035018669896,239.53002321122213,320.7281038826211,239.5883462124849,1,0.06329953909335072,0.8364174225011336,6.906671990984476,91.27213246726899,0.1118712444990045,-0.06126431037268047,7.591424000565894,30.0
1362,45.399999999999984,track,1,320.74044453676777,239.65351059410054,320.7403848498793,239.5598244973488,1,0.09368611576481432,0.8613502185900037,10.221905279891123,93.9925504023613,0.11445851616227483,-0.06033277345301169,8.025296998312115,30.0
1363,45.433333333333316,track,1,320.77000101142914,239.5069282896733,320.7433813218985,239.53011843902834,1,0.0353042617514867,0.8794341766662793,3.8523669489946273,95.9654992377342,0.11679137332496613,-0.05941404046304983,8.345145999555825,30.0
1364,45.46666666666665,track,1,320.792937070116,239.39225952160967,320.7384412734673,239.49931672847345,1,0.12012925286478468,0.8921766936804185,13.107542769105658,97.35547662209116,0.1188926221491527,-0.09034154965015956,7.2290179996343795,30.0
1365,45.49999999999998,track,1,320.8030753459764,239.67555099948743,320.72679098112667,239.63728617311767,1,0.0853434312506711,0.8122723991732633,9.312974321883042,88.63803693578043,0.1204161247109262,-0.05979329003490241,7.055980000586715,30.0
1366,45.53333333333331,track,1,320.64954777003845,239.64830023911009,320.7115027250902,239.61617596649705,1,0.06978814617384575,0.8084287331022262,7.61551239063785,88.21819456979502,0.1133654711792887,-0.05888205633953681,8.135100999425049,30.0
1367,45.56666666666664,track,1,320.6762065688035,239.5864399619812,320.73829623954816,239.59406998416705,1,0.06255672986769477,0.8425322041827823,6.82663547920716,91.93955897657732,0.11513913042508125,-0.057946150760631726,8.459016000415431,30.0
1368,45.59999999999997,track,1,320.729242979243,239.65343915343914,320.76009935972115,239.5708561557533,1,0.08815933145727314,0.8728776980215216,9.619098365375507,95.25078503937655,0.1183556163987976,-0.056967781151734974,7.566480999230407,30.0
1369,45.633333333333304,track,1,320.79556275959885,239.538445952791,320.7692077815698,239.54632729398884,1,0.027508187980852458,0.8930282948524003,3.0018533339138243,97.44938934905541,0.1224573399995397,-0.05601093362445203,7.0714659996156115,30.0
1370,45.666666666666636,track,1,320.7159170590003,239.52829810678153,320.7608909448686,239.5206172443054,1,0.04562505954488933,0.8993124353862659,4.978919212795466,98.13467511096256,0.1191330376252674,-0.05509188318613195,7.666949000849854,30.0
1371,45.69999999999997,track,1,320.8454313425217,239.49218989280246,320.77474496401385,239.49394642450284,1,0.07070819973785662,0.9253755889033822,7.71620140624905,100.97846807155936,0.12650085766601782,-0.08077425368105666,7.570808000309626,30.0
1372,45.7333333333333,track,1,320.73927016379844,239.61590296495956,320.7537357642018,239.60820768412032,1,0.0163850829178363,0.8494815012813557,1.7879914569977695,92.69820628384716,0.12197561965702797,-0.05513979516185828,7.648069000424584,30.0
1373,45.76666666666663,track,1,320.7331049517284,239.56275303643724,320.76128350212366,239.58972964313375,1,0.039009845055256155,0.8647972804818623,4.256681267374599,94.36930715998035,0.12228776408288626,-0.05430979422297091,7.057955999698606,30.0
1374,45.79999999999996,track,1,320.7590973775158,239.58721284813987,320.77157925437484,239.5708208857793,1,0.02060324440360257,0.8829095411563357,2.248125598988768,96.34557987088066,0.12424160262410255,-0.05346855096320985,7.558182000138913,30.0
1375,45.83333333333329,track,1,320.6715717637023,239.59479633184048,320.7758577045465,239.55143936485604,1,0.11293973633695441,0.8961929597497167,12.324497359063896,97.79485662812165,0.12030493798221427,-0.05262298200052271,6.636788999458076,30.0
1376,45.866666666666625,track,1,320.7927450580803,239.5675565518647,320.80552519125524,239.5315796887893,1,0.038179398642667,0.931819951332622,4.165761035872649,101.68252513728933,0.12697875252081306,-0.051791935518884995,8.109292999506579,30.0
1377,45.899999999999956,track,1,320.84942325678065,239.4544320897849,320.8039827500843,239.5113367556221,1,0.07282156715470266,0.940840065494148,7.945965999592025,102.66651112903281,0.1307244521264267,-0.07954273609446277,6.604218000575202,30.0
1378,45.93333333333329,track,1,320.81103968982757,239.65554535251505,320.7868371882695,239.64316429276175,1,0.027185505738968677,0.8639701862935159,2.9665742945856524,94.27996517587081,0.1297113733846315,-0.05214077149639564,7.901967999714543,30.0
1379,45.96666666666662,track,1,320.7440034419705,239.5565236097666,320.77945878778087,239.6329311930092,1,0.08423301207666173,0.8615657322076303,9.190785507497518,94.01739858945544,0.12703929977494552,-0.05139422287877466,7.515941999372444,30.0
1380,45.99999999999995,track,1,320.910772808965,239.66888677450046,320.7906855886972,239.6228164116277,1,0.12862122222587155,0.8760428982138202,14.035779978847922,95.59713757826223,0.1363899911972929,-0.050607308647383005,20.738343000630266,30.0
1381,46.03333333333328,track,1,320.77063944761335,239.5901130791554,320.7563861817754,239.612621164046,1,0.02664149906612428,0.8498131668348142,2.9069487622250207,92.73447994503633,0.13025167198141716,-0.04982246098685781,7.204691000879393,30.0
1382,46.06666666666661,track,1,320.7584094788633,239.62275328848278,320.7591585649691,239.60237273172197,1,0.02039431842142739,0.8569884312195626,2.225183949537564,93.5173445039826,0.130278978067593,-0.049029716486469505,6.398468000043067,30.0
1383,46.099999999999945,track,1,320.6916090411807,239.7185468056559,320.76610928165246,239.5920450180231,1,0.1468093597310669,0.8679577747527949,16.01880989198982,94.71425978016205,0.1273475130410988,-0.048197038633563574,8.013100999960443,30.0
1384,46.133333333333276,track,1,320.67957234793437,239.60618642308492,320.79300825999326,239.58144082408603,1,0.11610362102211136,0.8966905174915788,12.669984432067874,97.84971898252257,0.12698186451984522,-0.04738689272873869,6.663961999947787,30.0
1385,46.16666666666661,track,1,320.8513093207585,239.49924751680547,320.82616089826047,239.57069585757176,1,0.07574502328467733,0.931044508345647,8.264550405203329,101.59863084370542,0.13620987727607234,-0.07283593357291787,8.282896000309847,30.0
1386,46.19999999999994,track,1,320.8073036518259,239.66773386693347,320.814390693483,239.69987440909802,1,0.03291262083274311,0.8679329305574229,3.5910600373568653,94.71325484039036,0.13476518489718103,-0.04767903631184766,6.5945959995588055,30.0
1387,46.23333333333327,track,1,320.90827051704,239.75687440280285,320.8146083679178,239.69909319319186,1,0.11005119882265404,0.8684075652970635,12.00901317309424,94.76504110988274,0.14078757214917043,-0.046930656583910296,7.785149999108398,30.0
1388,46.2666666666666,track,1,320.8244432936302,239.596685655101,320.786979062916,239.69854577670833,1,0.10853134550382534,0.8427399920547802,11.84188955758107,91.9639362948589,0.13750696707769425,-0.046199005845151034,6.371987001330126,30.0
1389,46.29999999999993,track,1,320.7235027783495,239.6838855731632,320.781108241581,239.6983359423333,1,0.05939025646747578,0.8373358279410571,6.48103631128179,91.37417746469227,0.1330016832606144,-0.04545174253817471,7.1257620002143085,30.0
1390,46.333333333333265,track,1,320.7154733451107,239.69271536942742,320.8035169660843,239.6983947383319,1,0.0882266083746845,0.858257099388772,9.627933633093411,93.65731368916573,0.1329525521227996,-0.04469389028324453,7.05973300136975,30.0
1391,46.366666666666596,track,1,320.76379961228446,239.70625446383022,320.8304284692995,239.698679758666,1,0.06705804012534672,0.8834055300147552,7.31785322335025,96.4017589287511,0.1357905591405807,-0.0439241260960472,5.752215000029537,30.0
1392,46.39999999999993,track,1,320.81555555555553,239.70161616161616,320.84643400001653,239.69914129361928,1,0.03097746445293369,0.8983131289194564,3.3804864332933255,98.02862557615393,0.13898070193883383,-0.043154681047444646,5.9846900003321934,30.0
1393,46.43333333333326,track,1,320.82309430860903,239.73957263201152,320.84964475830395,239.6997946172894,1,0.04782485582033269,0.9011212388584571,5.218360583289704,98.3350818661836,0.14004514805873203,-0.04237909694067416,4.791781999301747,30.0
1394,46.46666666666659,track,1,320.83422567936157,239.70976866350136,320.8513869894449,239.7006203107063,1,0.019447440002201243,0.9024898914434679,2.1221651604949883,98.48445295156962,0.1413378436752579,-0.041616101918251026,6.015033000949188,30.0
1395,46.49999999999992,track,1,320.8464966832504,239.86805555555554,320.8504324980461,239.701698588201,1,0.166403519270198,0.9012320267357156,18.155957985171785,98.34719662381104,0.14274272922174797,-0.040794831582623516,7.088055999702192,30.0
1396,46.53333333333325,track,1,321.00676221235364,239.64786031489706,320.84617201215235,239.7027314697674,1,0.1697057925867394,0.896869919897311,18.51920836261596,97.87117521947336,0.15201103353638634,-0.04004050520433447,5.900108999412623,30.0
1397,46.566666666666585,track,1,320.7818329278183,239.70032441200323,320.79665631191085,239.70408855988046,1,0.015293839452439409,0.8498381373538254,1.6689590252538333,92.73863150496692,0.14166158312035032,-0.0393217114988537,7.504915000026813,30.0
1398,46.599999999999916,track,1,320.7507746333402,239.7268126420161,320.80650237552993,239.70597168380596,1,0.05949728387651566,0.8584280589888278,6.492642520481361,93.67607245233104,0.14060570766302444,-0.03862633812405808,6.503741999040358,30.0
1399,46.63333333333325,track,1,320.9129098360656,239.79948770491802,320.82613336243355,239.70851781457873,1,0.12572063205517803,0.8760469148074937,13.718289385847122,95.59884473953255,0.14955550677129445,-0.03792296819889864,7.573804999992717,30.0
1400,46.66666666666658,track,1,320.68911758712045,239.71550845730587,320.8021745071977,239.7116961147616,1,0.11312117897649883,0.8524101537648785,12.344618092966774,93.01941614321444,0.13880919141692905,-0.03725725987540276,5.932377998760785,30.0
1401,46.69999999999991,track,1,320.8044721257913,239.65928119256688,320.83966052576534,239.7157190026022,1,0.06650902114990793,0.8864792631584825,7.257027845064419,96.73741268854302,0.14499017744855525,-0.036650066933819135,4.880422999121947,30.0
1402,46.73333333333324,track,1,320.7776401362651,239.70795912047072,320.8483011895994,239.7209098613796,1,0.07183805501541915,0.8930320340004093,7.839455153672807,97.45257605025716,0.14410131570916837,-0.03607950999943417,6.2519040002371185,30.0
1403,46.76666666666657,track,1,320.79349509550855,239.7548786783686,320.8657910058771,239.7274751285887,1,0.07731528436575463,0.907669472547921,8.437027850598502,99.05002638812499,0.14533285164033416,-0.03552036843235385,4.843388998779119,30.0
1404,46.799999999999905,track,1,320.97848694942905,239.83115823817292,320.88080977979564,239.7354864752175,1,0.1367256950781112,0.9196701979386457,14.91922160360421,100.35974584319243,0.1555125265660365,-0.03494853758106833,6.870437999168644,30.0
1405,46.833333333333236,track,1,320.9071759725862,239.67738359201775,320.8456226366976,239.7448867570596,1,0.09135365591850277,0.8832668964808968,9.968219757552168,96.38719452035706,0.15297136021257823,-0.034432651328065104,6.909730998813757,30.0
1406,46.86666666666657,track,1,320.8491966646329,239.63565182021557,320.8280625374256,239.75598461961704,1,0.12217460433580314,0.8632676709753079,13.330298372262314,94.20482231565217,0.15087865086489424,-0.03397463729147414,6.048208000720479,30.0
1407,46.8999999999999,track,1,320.7835995523451,239.7227591820124,320.8257261261763,239.76909873076033,1,0.06262588922256189,0.8574024910079112,6.833535613756416,93.56490219754335,0.1481388844851767,-0.03353771937858234,8.398657000725507,30.0
1408,46.93333333333323,track,1,320.9488612836439,239.7234989648033,320.84205272972383,239.7843513603567,1,0.12292713791139205,0.8692278961327456,13.414135085939483,94.85554635263858,0.15726249377412785,-0.033118679734995674,6.671547000223654,30.0
1409,46.96666666666656,track,1,320.7621091354997,239.8082975679542,320.8137593083161,239.801847356974,1,0.052051374368513134,0.8375372718925848,5.680215845868963,91.39735921013211,0.14849841694665905,-0.03267437490993093,7.6577689997066045,30.0
1410,46.99999999999989,track,1,320.82407688416794,239.77966616084979,320.83623509310223,239.82146121081564,1,0.043527557318764926,0.8550820020203416,4.749270870385279,93.31215631282252,0.152067289170272,-0.03222995064726989,18.742762000329094,30.0
1411,47.033333333333225,track,1,320.773101461206,239.68470878781642,320.8436925358902,239.84320126222235,1,0.17350205839812877,0.8581392307111627,18.931020809076788,93.6459511001636,0.1499080257359984,-0.031823745547936114,5.795080000098096,30.0
1412,47.066666666666556,track,1,320.81515403830144,239.87676935886762,320.86666981532517,239.86728006305532,1,0.05238245906189766,0.8767731465198737,5.716328414994664,95.67958798574396,0.15241590094388865,-0.03136380550340158,7.530102999226074,30.0
1413,47.09999999999989,track,1,320.8933770760714,239.85083042854214,320.8802635890145,239.89341948174012,1,0.044562214880909216,0.8866923891729247,4.862169267629946,96.76219037435412,0.1569829417857587,-0.030883606222822265,6.212772999788285,30.0
1414,47.13333333333322,track,1,320.9682619647355,240.01098236775817,320.8734796460109,239.92151966180313,1,0.13033519747028322,0.8769982072266648,14.22195059163585,95.70440173430188,0.16168994505863854,-0.03034142952280964,6.915361998835579,30.0
1415,47.16666666666655,track,1,320.8810131753651,240.01164334592994,320.8455594680262,239.95125798730248,1,0.07002397375643672,0.8469631619914312,7.640524373464443,92.42683704089943,0.15819258016580529,-0.02972903282183323,5.731244998969487,30.0
1416,47.19999999999988,track,1,320.882438166201,240.03777294835973,320.8402475757059,239.98226761891124,1,0.06972006542960424,0.8404346648126474,7.607512596177383,91.714446244684,0.1590291143791195,-0.029057852171215155,5.898682999031735,30.0
1417,47.23333333333321,track,1,320.89515802269045,240.07171799027554,320.8344176735052,240.01424244618022,1,0.08362313189663372,0.8345392148551222,9.124809024057592,91.07109363919662,0.16045933172112462,-0.02833731047800571,8.245995000834228,30.0
1418,47.266666666666545,track,1,320.8470406587751,239.96613484302625,320.82489122719596,240.04692635033962,1,0.08377269825691218,0.8262249203824934,9.140385678986245,90.1637292878936,0.15872706118972474,-0.027635003512327644,5.950556000243523,30.0
1419,47.299999999999876,track,1,320.84007826176503,240.1048295747091,320.82852255750913,240.0804234591535,1,0.02700356971518224,0.8324166991859837,2.9464015771382535,90.8393230179427,0.15894735237169413,-0.026894826429595616,7.193015999291674,30.0
1420,47.33333333333321,track,1,320.86741066857786,240.03593734002254,320.8348856638381,240.11453840990941,1,0.08506470549341255,0.8427058318458458,9.281481655052664,91.96199810427917,0.16091957728087114,-0.026169515293216816,6.088256001021364,30.0
1421,47.36666666666654,track,1,320.81147286821704,240.00723514211887,320.8346245048074,240.1493568338766,1,0.14399504694567922,0.8478829682512822,15.711084667880728,92.52675720512063,0.1586003632453484,-0.025472420054876158,6.757577999451314,30.0
1422,47.39999999999987,track,1,320.88873023967363,240.2236613972463,320.85061430344274,240.185035296676,1,0.05426601367360975,0.8705071821859682,5.921375881648256,94.99542635955059,0.16304883238667894,-0.024719545232873164,8.273725999970338,30.0
1423,47.4333333333332,track,1,320.68969227458575,240.31353561437487,320.84674824178705,240.22128212228154,1,0.18214632479671758,0.8751847591285445,19.876249273021383,95.50555585603855,0.15322679850927307,-0.02389607490744112,8.147410000674427,30.0
1424,47.466666666666534,track,1,320.8211111111111,240.3069696969697,320.89912310544,240.25772635034718,1,0.09225388038320315,0.9353316152036107,10.066916616848808,102.06893386000895,0.15996758988544305,-0.023043345605101982,6.253949000893044,30.0
1425,47.499999999999865,track,1,320.8535454641239,240.2747866399747,320.919391206578,240.2942172155972,1,0.06865281544373397,0.965320651745673,7.491796826005651,105.34119764255269,0.16198719456107358,-0.022190791349550702,6.869618999189697,30.0
1426,47.533333333333196,track,1,321.0409223099294,240.39769422517656,320.9327195320118,240.33076066750561,1,0.1272318446442371,0.9896304080640655,13.883797811951343,107.99365331331498,0.1723009882133425,-0.021306876900785764,8.974013999250019,30.0
1427,47.56666666666653,track,1,320.92123287671234,240.2810294728103,320.8948596760034,240.36719420059808,1,0.09011052119688479,0.9672669852164958,9.831929023844692,105.55263153595796,0.1672430609333471,-0.020458693060802793,7.3943709994637175,30.0
1428,47.59999999999986,track,1,320.74339738978523,240.34744630562122,320.88778136357644,240.40371285973356,1,0.15496017875382362,0.9752639758690395,16.910005686678414,106.4247846098501,0.158677471997152,-0.01963116902742363,6.582469999557361,30.0
1429,47.63333333333319,track,1,320.87642176452505,240.46090787990573,320.93017928171594,240.4404310446215,1,0.05752539819754457,1.0291807427269353,6.277455970518953,112.30816702563577,0.16573968191429675,-0.01879124209160378,6.434762999560917,30.0
1430,47.66666666666652,track,1,320.9585787004691,240.5406727218285,320.93869227297535,240.47728655274182,1,0.06643249528620762,1.0530648777600486,7.2484325400335345,114.91404057510924,0.17062915781572624,0.010340138627432348,9.096268000575947,30.0
1431,47.699999999999854,track,1,320.9364855328158,240.3036596431092,320.92489530034993,240.36339530886505,1,0.060849677500446085,0.9937240397185303,6.63922979853848,108.43994735805413,0.17037624320225536,-0.015242316651266987,7.50789100129623,30.0
1432,47.733333333333185,track,1,320.9701109285127,240.46631059983565,320.9162014401586,240.3905678483692,1,0.09296879763831423,0.995976065539947,10.144246494214519,108.68531192524665,0.1729888343574848,-0.01446485909895827,7.794008000928443,30.0
1433,47.76666666666652,track,1,320.81138970662874,240.45102020099483,320.8973149340583,240.41822111112288,1,0.09197241437107508,0.9899914083833525,10.036483923258034,108.03176565835192,0.1656029097263273,-0.013776918677491621,6.58492700131319,30.0
1434,47.79999999999985,track,1,320.9273829087921,240.4060188989318,320.92154808437226,240.44683539485288,1,0.04123143843339299,1.0241644115587676,4.498696042735007,111.76062230367872,0.17203139708165913,-0.013186155454125364,8.612992998678237,30.0
1435,47.83333333333318,track,1,320.9405362619966,240.47788661323835,320.91521085786553,240.47693158220625,1,0.02534340503316128,1.0320245386911677,2.7656592858578817,112.61788382704856,0.17349543449443205,-0.012657176372024494,7.751577999442816,30.0
1436,47.86666666666651,track,1,320.8862366683596,240.54697816150332,320.90476709767904,240.50884152393712,1,0.042400235089198476,1.0380381483959096,4.626362203688995,113.27357040821128,0.17146488922455871,0.016446305344318096,7.087555999532924,30.0
1437,47.89999999999984,track,1,320.9187394708156,240.3973838073531,320.9088413011807,240.3901699389388,1,0.012248006352849847,0.9890526234651748,1.336510715331983,107.9297599654849,0.1737770136786288,-0.00983072660280521,6.368107000525924,30.0
1438,47.933333333333174,track,1,320.88946015424165,240.32380462724936,320.904259232709,240.41628136384657,1,0.09365340108694703,0.9954772392302437,10.218381192446923,108.63047056081442,0.1729497546626582,-0.009535235309021419,8.583711000028416,30.0
1439,47.966666666666505,track,1,320.98162515312373,240.43211514904044,320.90775088696955,240.4454572025237,1,0.0750694184802865,1.0111596273953227,8.192084725501774,110.3414189321616,0.17838339576311488,-0.009315977859156272,7.116816999769071,30.0
1440,47.99999999999984,track,1,320.84591805456216,240.43220598753447,320.88591135973354,240.4781052939137,1,0.06087865623209107,1.0066894304467673,6.642858423936876,109.85300005724166,0.1721791681063591,-0.009175683953386058,16.598666999925626,30.0
1441,48.03333333333317,track,1,320.8710363691622,240.495086617364,320.90079579448684,240.51464776591683,1,0.0356126652801942,1.0374465703487408,3.8861092778439055,113.20889916326907,0.17387701833213418,-0.0090759118563982,6.570350000401959,30.0
1442,48.0666666666665,track,1,321.0124925044973,240.58185088946632,320.9102462332206,240.55530145434284,1,0.1056369845052312,1.0662588383162865,11.527760365525365,116.35244966686632,0.18177724939155038,0.02144874632237333,6.143418000647216,30.0
1443,48.09999999999983,track,1,320.8864712400524,240.4423290017125,320.8811697163013,240.4378007500418,1,0.0069721745013005005,0.9839357528130036,0.7607982529385231,107.37057618408619,0.17616087922887455,-0.006880402432386742,4.556453999612131,30.0
1444,48.13333333333316,track,1,320.86503446147515,240.48112334122004,320.88564113603695,240.47603280370834,1,0.02122613032689195,1.0054687722884494,2.3163288125096413,109.71982560303951,0.17554030298313364,-0.0068495298209035865,5.415014000391238,30.0
1445,48.166666666666494,track,1,320.892586224335,240.52007686861535,320.8970025585038,240.51874407885862,1,0.004613061459187032,1.0361993096471542,0.503403950950963,113.0727036387737,0.17738166818054213,0.020331509262441583,5.536023001695867,30.0
1446,48.199999999999825,track,1,320.9928239336972,240.4535071760663,320.90210987767955,240.4211333288697,1,0.09631773430413054,0.9955679344433948,10.510693170732594,108.64028903855734,0.18313668370762098,-0.005089682517888921,5.571769001107896,30.0
1447,48.23333333333316,track,1,320.9472,240.4092,320.8800764883888,240.46374515668788,1,0.08649127082617161,0.9947834919047549,9.437900611334905,108.55394690902934,0.18162194478770427,-0.005202617574010285,8.34017200031667,30.0
1448,48.26666666666649,track,1,320.7416962607061,240.59431794443285,320.86966055937273,240.51160129527238,1,0.15237094795788136,1.0089823456596634,16.62697499148415,110.10259263271024,0.17149109305466986,0.025767475353032438,6.901430000652908,30.0
1449,48.29999999999982,track,1,320.79476068544415,240.64930076817018,320.916800785968,240.39892442806934,1,0.2785356311464784,0.9998321761485788,30.39150460404834,109.10600272907325,0.1741090713124812,0.030657961866859432,7.256123000843218,30.0
1450,48.33333333333315,track,1,320.806695573258,240.21982454371283,320.9534894507343,240.26480435257395,1,0.1535305366033245,0.9895774238551134,16.75413322689582,107.98864112193229,0.1747177714867777,-0.0011794755500667002,6.095001999710803,30.0
1451,48.36666666666648,track,1,320.95281215414025,240.3287051011168,320.99042869500863,240.30512162372713,1,0.04439802419806901,1.036362969795034,4.844798122763534,113.09385825619226,0.1824222217444676,-0.0014426698633507478,8.057889999690815,30.0
1452,48.399999999999814,track,1,320.98196555217834,240.42006079027357,320.9897604591541,240.35147830307108,1,0.06902404020079556,1.050315554504793,7.531092453225941,114.61592863048712,0.18456122757814125,-0.0017745085432149732,6.228693999219104,30.0
1453,48.433333333333145,track,1,320.9523332665732,240.38874424193872,320.98115300369466,240.40423824955485,1,0.03272065891388841,1.0611643506367048,3.570578229969738,115.7991240993409,0.18376585661991762,-0.0021645578252637073,5.969612999251694,30.0
1454,48.46666666666648,track,1,321.00312815338043,240.4686175580222,320.9802421781086,240.46370940641316,1,0.023406362732392605,1.084389755272121,2.5542556190123467,118.33279285820686,0.1871100774132621,-0.0025636861482126413,6.572761998540955,30.0
1455,48.49999999999981,track,1,320.9948270615681,240.60411806471245,320.96493594950675,240.52993741306307,1,0.07997654443268011,1.100879216087975,8.726297952579708,120.13114300746685,0.18757733610414284,0.028707193020835582,5.657972998960759,30.0
1456,48.53333333333314,track,1,320.9293695131684,240.43884676775738,320.95056385562566,240.43401251208275,1,0.021738679355539053,1.0449586136619458,2.3722647821212273,114.03012449638567,0.18502057739794747,-0.0010725633240199638,7.742581999991671,30.0
1457,48.56666666666647,track,1,321.02556588520616,240.4887833468068,320.9532396793845,240.5015347735956,1,0.07344167028128173,1.0771272048735505,8.014455832209405,117.53956616766342,0.19070888515573656,-0.0013558044653006218,7.814155000232859,30.0
1458,48.5999999999998,track,1,320.98986452584046,240.5958855995986,320.9289753735949,240.57518586227206,1,0.06431149187021709,1.0926271188760632,7.0180168637853635,119.22968796131123,0.18984029115111198,0.029548238574471745,7.179341000664863,30.0
1459,48.633333333333134,track,1,320.9419963107194,240.5439639270342,320.9127266723034,240.48862974015083,1,0.06259859400217081,1.035291746945705,6.830273222868653,112.97422764430482,0.1881885808795961,0.028715799113418004,6.252205999771832,30.0
1460,48.666666666666465,track,1,320.8705870587059,240.38143814381436,320.9086557378164,240.41112352371215,1,0.0482746942910429,0.9973353506299374,5.267737961031127,108.83333072416286,0.1850727442509212,0.001951330857227583,6.0016190000169445,30.0
1461,48.6999999999998,track,1,320.88312607420886,240.37842483065413,320.9245567373681,240.48096697538472,1,0.11059562059939157,1.0421777161422527,12.06716867600438,113.72584342333944,0.18605616912426895,0.0016793268949820586,7.262719000209472,30.0
1462,48.73333333333313,track,1,320.90743670886076,240.6529865506329,320.9385523876001,240.55686229375476,1,0.10103493565982828,1.0913185595762973,11.023906235927914,119.08724993374996,0.18766682281706798,0.035614251628544424,6.196932001330424,30.0
1463,48.76666666666646,track,1,320.96632016632014,240.52557172557172,320.9472828643287,240.45636760016816,1,0.0717748552069905,1.0514828631670896,7.831309249274611,114.741753413969,0.19117538391787064,0.031055671635302463,6.474155999967479,30.0
1464,48.79999999999979,track,1,321.00348574943615,240.44638097190895,320.9406113426446,240.38477639408165,1,0.0880245138507847,1.016268946369113,9.605050323146486,110.8999663437546,0.19377038278943612,0.0052388691335387046,5.206187999647227,30.0
1465,48.83333333333312,track,1,321.0009291761305,240.44755316952302,320.9233954543289,240.45546040327747,1,0.0779358862274481,1.0296132011726282,8.50492533384704,112.35510796523953,0.19443883029745473,0.005023368315745772,6.129987999884179,30.0
1466,48.866666666666454,track,1,320.84825416159157,240.55278116118555,320.90589539205234,240.53187362698657,1,0.061315874252217434,1.0504932253115746,6.691103883356072,114.63237537420886,0.1871918687130597,0.033703549123123545,8.128420000502956,30.0
1467,48.899999999999785,track,1,320.8953926701571,240.52146596858637,320.9303118754249,240.45989977222587,1,0.07077956930381468,1.0377803168541773,7.722951863439033,113.24631889526543,0.1898225719940208,0.03379015769197563,6.9674469996243715,30.0
1468,48.93333333333312,track,1,320.9035641547862,240.30957230142565,320.943949182217,240.3920316344403,1,0.09181771093753184,1.0221197879945807,10.018391907909207,111.53836271946375,0.19055124408355645,0.008069463417362368,6.894063000800088,30.0
1469,48.96666666666645,track,1,320.98634742740705,240.49037187977586,320.9569365886516,240.46590164048507,1,0.03825950923949584,1.064327004875321,4.1748573096826265,116.14328736209917,0.19522114961023213,0.007779804214119104,6.3759189997654175,30.0
1470,48.99999999999978,track,1,320.8698522477208,240.59582940375145,320.94823924596517,240.5458708168993,1,0.09295365454904672,1.0941355566523339,10.143270174188928,119.39489058017259,0.18972610334124795,0.038672245802039436,16.640563000692055,30.0
1471,49.03333333333311,track,1,321.0054264359578,240.46544486536294,320.97205524655146,240.4656275753399,1,0.0333716895785986,1.0778220823796234,3.6417658064957403,117.61602425210926,0.19703744358400754,0.009332699761161026,6.553744999109767,30.0
1472,49.06666666666644,track,1,320.8580760095012,240.49940617577198,320.9600688319658,240.54640186840322,1,0.11229929189533344,1.1046660870628557,12.2545486341114,120.54410019072485,0.18999067337138342,0.009067715118267134,5.901159000131884,30.0
1473,49.099999999999774,track,1,320.9331522874452,240.56716106120743,320.9888415146055,240.6331217903329,1,0.086325591851293,1.1741595898350534,9.419510026279353,128.12636614023847,0.19405906669970543,0.03846257172938581,6.7544700013968395,30.0
1474,49.133333333333105,track,1,321.11575013347573,240.60309663641218,320.9990772994586,240.56759367970494,1,0.1219549512424548,1.1490509281726544,13.308426615957526,125.38750661845674,0.2040927059189896,0.04211721939930345,8.082620999630308,30.0
1475,49.16666666666644,track,1,320.9453316953317,240.5011261261261,320.95894637310266,240.48709054682206,1,0.019553949401798963,1.0755628049027004,2.1336763140900974,117.36909820265097,0.19630438920755555,0.038703509119895785,6.338544000755064,30.0
1476,49.19999999999977,track,1,321.0207805907173,240.60400843881857,320.96348395284076,240.42930193451957,1,0.18386208787113478,1.0547992597475144,20.06117204526316,115.10411605479199,0.20080197933041685,0.045685010134239895,6.92633199832926,30.0
1477,49.2333333333331,track,1,321.0037215851941,240.35204184268758,320.9471499424603,240.3387780879791,1,0.058105747999365284,1.0059143136457414,6.340870667821299,109.77060484942479,0.2007291212793904,0.01599343315368553,6.373624000843847,30.0
1478,49.26666666666643,track,1,320.98830049261085,240.49599753694582,320.934304760578,240.41109986739684,1,0.1006138826037891,1.0207489831552343,10.978342178987415,111.38847541785596,0.20067840416975774,0.01572340116428716,7.414936999339261,30.0
1479,49.29999999999976,track,1,320.814833552565,240.48386117575635,320.9248149722033,240.48934321636943,1,0.11011796145470493,1.0462980054545588,12.016881918360806,114.17534617665534,0.1922382105222102,0.015385003155564871,6.3053819994820515,30.0
1480,49.333333333333094,track,1,321.00143398545526,240.6805285260678,320.9634090574657,240.57386334373905,1,0.1132402590505613,1.1213724400458145,12.355666464668845,122.36676705896222,0.2020148491588002,0.05065659945182287,6.3690770002722275,30.0
1481,49.366666666666426,track,1,320.9458531164764,240.4213556924942,320.95291513823133,240.47473061035453,1,0.053840078081895906,1.0646203140453512,5.8744015115901576,116.17514520877013,0.1997563911836786,0.01709198723252185,6.663809999736259,30.0
1482,49.39999999999976,track,1,321.02751738736015,240.54268722910996,320.9575049128217,240.55906153307137,1,0.07190176924954679,1.1087675391342586,7.846381047041482,120.99145556588454,0.20449844510906368,0.0451146763878844,6.944514001588686,30.0
1483,49.43333333333309,track,1,320.9213995943205,240.45689655172413,320.9398267900632,240.49838031753802,1,0.045392338219580684,1.06379384103772,4.9528126036323945,116.08453153412157,0.19967452207492858,0.01823981718198711,8.799331000773236,30.0
1484,49.46666666666642,track,1,320.984706117553,240.5701719312275,320.9508837421629,240.58546344345962,1,0.037118505133897174,1.116667960826891,4.050523898864456,121.85312185266748,0.20334006727045853,0.04767328936836166,6.811225999626913,30.0
1485,49.49999999999975,track,1,320.96628198695436,240.54862017059708,320.9453829900068,240.51998910792713,1,0.03544722588615427,1.0789521167118872,3.867815133946677,117.73838281014844,0.20294286622612767,0.048161327218716764,7.157039000958321,30.0
1486,49.53333333333308,track,1,320.87963449217517,240.4102510240521,320.94497685489864,240.45632200194188,1,0.07995098104468629,1.049386023229954,8.724328007143592,114.51292380874574,0.19886199861869483,0.02097043725828437,6.484812000053353,30.0
1487,49.566666666666414,track,1,321.0031977615669,240.54401918656941,320.9692958566743,240.5420718590326,1,0.03395778614520701,1.1105747872705565,3.7057228533390827,121.18901151107568,0.20548237889730786,0.04898521073690215,7.192957998995553,30.0
1488,49.599999999999746,track,1,320.9728752260398,240.45358649789029,320.9612509284764,240.4827970040427,1,0.031438479026875396,1.075684105399586,3.4302731321031876,117.38241098461977,0.20448694996649808,0.021964886595161822,8.595597000748967,30.0
1489,49.63333333333308,track,1,321.06502759658804,240.42870045158054,320.96144393188774,240.57200623277765,1,0.17682229078161574,1.1187339113928056,19.293904654092074,122.0788547404481,0.20983134000339349,0.021438747210340784,6.659034001131658,30.0
1490,49.66666666666641,track,1,320.8863453005244,240.59923356192013,320.93604666903946,240.66838524769048,1,0.08515974211533876,1.1501835531558107,9.292172284462994,125.50901146656007,0.20129035206797255,0.05225891880005408,6.914767000125721,30.0
1491,49.69999999999974,track,1,320.92033161459915,240.64280659185118,320.9590986167999,240.60474149142897,1,0.054330767800454205,1.1338352738397344,5.928458329701144,123.72624375761154,0.20321556878600577,0.056187680242689206,11.489253998661297,30.0
1492,49.73333333333307,track,1,321.0808386251386,240.480899102913,320.9747641026528,240.52448333335428,1,0.11467950760162315,1.10690913032051,12.514355599940517,120.78929962166106,0.21191592334497258,0.024384872250075712,9.219597000992508,30.0
1493,49.7666666666664,track,1,320.93389447752,240.6094231164032,320.94689310193326,240.6181664071546,1,0.015665547223114844,1.1308122096189157,1.7094458317362378,123.39604626700722,0.20508014831332516,0.055827423979134344,7.209429000795353,30.0
1494,49.799999999999734,track,1,321.01684128072066,240.69235288357976,320.9583289746939,240.54846913987694,1,0.15532617827817358,1.10417970509119,16.94775705188816,120.49098051863297,0.20976876585207205,0.06192519923367079,7.032554000033997,30.0
1495,49.833333333333066,track,1,321.07624513219923,240.40530846484936,320.94759225477674,240.45055043456466,1,0.13637594616650148,1.049250577983765,14.88206177863934,114.49823928398246,0.2135516470300311,0.027711523842820076,7.672550000279443,30.0
1496,49.8666666666664,track,1,320.8485820222467,240.51678524902294,320.9194974558711,240.5393912068904,1,0.07443136474123536,1.0660292891961982,8.122368387205967,116.32771527355672,0.20245854958003534,0.05425489926509869,6.071505000363686,30.0
1497,49.89999999999973,track,1,321.0251702083763,240.4070559108727,320.9533670095385,240.49094011591637,1,0.11041856374337261,1.0723482887067917,12.048455073417959,117.01822546831715,0.21171832998902468,0.028468978999191832,6.009259999700589,30.0
1498,49.93333333333306,track,1,320.85860043285584,240.4657322477584,320.94063607209216,240.58427275400993,1,0.14415858534016954,1.1073260004169134,15.729761315768346,120.83363213840266,0.20359866453711423,0.02785465685767511,6.962671999644954,30.0
1499,49.96666666666639,track,1,320.91019367991845,240.7283384301733,320.9739788192668,240.68512636598234,1,0.07704431512662215,1.1908118565686605,8.407175963403192,129.94256065488827,0.20627471513007156,0.06535855885095403,9.56988300094963,30.0
1500,49.99999999999972,track,1,321.07495864350705,240.6368899917287,320.9958018564513,240.59018927819227,1,0.09190622167079908,1.1575598133163383,10.029026978374716,126.31566075618633,0.2150966854139729,0.06260151217754109,18.455175999406492,30.0
1501,50.033333333333054,track,1,320.8218811167199,240.67899454002267,320.9733106629758,240.51417182638352,1,0.22382456167864445,1.1007753239008113,24.4230390054007,120.12009512121426,0.2025723922970713,0.06659193388066788,6.347999000354321,30.0
1502,50.066666666666386,track,1,321.22972412362583,240.3414229412985,321.02033565494935,240.42107254403447,1,0.22402586911041947,1.10380566047678,24.44681206274202,120.45233075121473,0.2238150355608841,0.03294479088063953,6.909800000357791,30.0
1503,50.09999999999972,track,1,320.69495789128297,240.7538007218637,320.9567701435067,240.51160989721586,1,0.3566539652913658,1.0849671858793732,38.917531210065285,118.3949731763187,0.19709424722772576,0.07187520035363917,6.422201999157551,30.0
1504,50.13333333333305,track,1,321.2053893486102,240.29662635264162,321.0384026964275,240.3986881507758,1,0.1957068027574976,1.1123094899878136,21.355942796942507,121.38067539366361,0.22327303507556331,0.034447363276676995,5.538262999834842,30.0
1505,50.16666666666638,track,1,320.9644074593944,240.51072789252055,320.98308580101116,240.4895355889662,1,0.02824879069078902,1.098227109943214,3.0824088002890333,119.84244108358614,0.2119229984067248,0.06046946936284464,6.5915640007006004,30.0
1506,50.19999999999971,track,1,321.12287964458807,240.3863085621971,320.9909567095192,240.44573657642786,1,0.1446905306943026,1.0865892948611005,15.789228467617008,118.57312247239507,0.22067736468778928,0.03478162797271678,7.176925999374362,30.0
1507,50.23333333333304,track,1,320.97410579345086,240.5088161209068,320.95477542253764,240.54306132099543,1,0.03932425420466843,1.0984132673284808,4.290775289488065,119.86178063686805,0.21389513553187167,0.06060153172296716,8.215055000619031,30.0
1508,50.266666666666374,track,1,320.9160569105691,240.65528455284553,320.95738722710234,240.50678543060542,1,0.15414338899485583,1.083245944046243,16.818492747665186,118.20721906773352,0.2112861328399056,0.06931407330632083,7.2998050000023795,30.0
1509,50.299999999999706,track,1,321.0203317823184,240.42696742868702,320.97651832207055,240.428131513842,1,0.04382892187972424,1.066247919802952,4.782935832829705,116.35353324414363,0.21695418521842985,0.036602150004172176,6.531906001328025,30.0
1510,50.33333333333304,track,1,321.10298693217175,240.50124455507157,320.9680077825991,240.52801315643205,1,0.13760788072690738,1.1026499719030376,15.016689687775076,120.32442474968934,0.22189383784240627,0.06204782820122551,6.293215999903623,30.0
1511,50.36666666666637,track,1,320.92727827502034,240.47111472742068,320.93572373868676,240.49623935367458,1,0.02650608799764476,1.0591659035662433,2.8920785967940925,115.57951594405395,0.2135798227067403,0.03679558442648613,8.376384999792208,30.0
1512,50.3999999999997,track,1,320.94502074688796,240.71753112033196,320.95033571237707,240.6031816573318,1,0.11447291621417237,1.125595876840686,12.489916350566581,122.82708643142877,0.2147270727385153,0.07360498283663475,6.759416999557288,30.0
1513,50.43333333333303,track,1,321.057867097556,240.41900626136135,320.9613668796952,240.51782704262394,1,0.13812255013766472,1.091957473277954,15.071583870524599,119.15772135385735,0.22092272778533872,0.03782881211659232,5.888593999770819,30.0
1514,50.46666666666636,track,1,321.0003112678979,240.4639966798091,320.94187563398214,240.62728071176537,1,0.1734254837186144,1.1316407562659245,18.922490643622965,123.48627363626083,0.21859204233495236,0.037031958505266374,5.607871000393061,30.0
1515,50.499999999999694,track,1,320.9482496194825,240.66676813800103,320.9373189747239,240.74496824137998,1,0.07896033917934413,1.1973072041219124,8.615234470538986,130.65003606694893,0.2163143979722068,0.07113874015201811,5.733771999075543,30.0
1516,50.533333333333026,track,1,320.9109344746764,240.6614694792622,320.9473971632773,240.68471861336047,1,0.043244073539888815,1.1689315482388782,4.718870990206965,127.55468557472692,0.21457593235203942,0.07250476377378702,6.727596999553498,30.0
1517,50.56666666666636,track,1,321.0562577704103,240.68338168255283,320.9692176907413,240.62113067690234,1,0.10701010780896086,1.1511673422378845,11.677032707608136,125.61740303308108,0.22227006852405273,0.07535134646598479,8.36225800048851,30.0
1518,50.59999999999969,track,1,320.9361105547767,240.58321650310435,320.9524564227635,240.5462893608959,1,0.040383180062048746,1.0980005933930366,4.406256595431813,119.81668252272489,0.21656223650608933,0.07190471597198526,6.528206000439241,30.0
1519,50.63333333333302,track,1,320.99969484284406,240.4439019428339,320.96857356262205,240.4937394848913,1,0.058756401191544565,1.087158417688569,6.411113536397446,118.6344265957436,0.2200480344254995,0.0427846673310221,7.747112998913508,30.0
1520,50.66666666666635,track,1,320.9662682333874,240.6356361426256,320.9685194215542,240.60038673462282,1,0.035321220430631135,1.1395148533646975,3.8538306958431674,124.34616204040286,0.21867206748563794,0.07534411727693918,6.786429999920074,30.0
1521,50.69999999999968,track,1,321.0521327014218,240.60925683170314,320.9782063812646,240.53725434742012,1,0.10319621385935998,1.1160331348883081,11.260560337048616,121.7847822857516,0.22343915922459823,0.07549410570417787,7.5435300004755845,30.0
1522,50.733333333333015,track,1,320.99588223183036,240.50319127033148,320.9648543963867,240.47717312314592,1,0.04049284572967564,1.0764005739870375,4.418554826807679,117.46069742613216,0.2210801785025909,0.07134721899016339,6.063619000997278,30.0
1523,50.766666666666346,track,1,320.9755923929625,240.41706498525375,320.9664520863462,240.4430398440951,1,0.02753613075339673,1.0631622353426087,3.0044711729522784,116.01655387819314,0.22039845313412187,0.0459810397563454,6.273054001212586,30.0
1524,50.79999999999968,track,1,320.99735960190924,240.58098913374633,320.97403695451953,240.54800396284793,1,0.04039761602447753,1.117611887940855,4.407964498978326,121.95687211690992,0.2218432577945698,0.07551464037358724,5.829371000800165,30.0
1525,50.83333333333301,track,1,321.09128205128206,240.5500512820513,320.9762503385575,240.4992463247729,1,0.12575149548375514,1.0964997110500907,13.722535983557295,119.65375800411073,0.22718674594827393,0.0750609221813838,7.798741999067715,30.0
1526,50.86666666666634,track,1,320.9259562282675,240.61157700961343,320.9522820570942,240.45667874804167,1,0.15711944724114693,1.0561233806598682,17.143075115359053,115.2481727017554,0.2192751184075041,0.07936266826583047,8.135856998706004,30.0
1527,50.89999999999967,track,1,320.96723963599595,240.35389282103134,320.9728088241403,240.39491798883932,1,0.04140145227236411,1.049912961265914,4.517244422731447,114.5713947913854,0.22156828635628395,0.04858870593313164,6.353351000143448,30.0
1528,50.933333333333,track,1,320.9622465866777,240.41177079023583,320.98338779401683,240.5010135067298,1,0.09171266594631491,1.1036603133876808,10.00668060260167,120.43517348255648,0.22156475162909753,0.04758325886598425,6.995398000071873,30.0
1529,50.966666666666335,track,1,320.9415400202634,240.46494427558258,320.9962507448047,240.61617868519943,1,0.16082633500763585,1.1714058727093628,17.54780167099441,127.82619508082824,0.22069405782828844,0.04651487412018829,6.526140999994823,30.0
1530,50.999999999999666,track,1,321.0442567911283,240.72296266151184,321.0160051891661,240.74072777489744,1,0.03337292715711603,1.2573560279081413,3.6417174555276026,137.20353485255683,0.22622945292957095,0.08332685657336832,17.174270000396064,30.0
1531,51.033333333333,track,1,321.08560832388997,240.6850726280004,321.0084679512713,240.67261051982962,1,0.07814052231592503,1.212193268471175,8.527233703545333,132.27626540070267,0.22896090058394958,0.08297949499576182,6.8469330017251195,30.0
1532,51.06666666666633,track,1,320.96512441291094,240.5783951234136,320.98857601678367,240.60998824452076,1,0.03934594039409097,1.1616230883610166,4.293228222257512,126.75869903313483,0.22335919422881245,0.07895513306127806,6.686718999844743,30.0
1533,51.09999999999966,track,1,321.03482333774565,240.57153039405355,321.0007554409169,240.57244956246188,1,0.03408029437807002,1.152913680241335,3.719093542317406,125.80896380221283,0.2272927702014734,0.0797935025728013,9.254169000996626,30.0
1534,51.13333333333299,track,1,321.01280397022333,240.49895781637719,320.99413391988935,240.53403764070345,1,0.03973870725419553,1.128493886719227,4.3359812617660864,123.1447064007277,0.22667047422491998,0.05104915054384359,6.4745829986350145,30.0
1535,51.16666666666632,track,1,321.133881748072,240.54838046272494,320.9929919411195,240.6525045200243,1,0.17519063049030917,1.1881898601572154,19.11689822768083,129.65712449110418,0.23349259849152051,0.07882476369824012,6.9645500007027294,30.0
1536,51.199999999999655,track,1,320.9427581992259,240.63689142391524,320.9576084023113,240.62638770444778,1,0.018189465476687813,1.1442794276139552,1.9848514900107237,124.86559249291778,0.22438355456420594,0.08447728172966283,6.823898000220652,30.0
1537,51.233333333332986,track,1,321.08545362392294,240.60050684237203,320.97293197506406,240.5736541467196,1,0.11568141045874415,1.1294581480296846,12.62389098552004,123.24918427730815,0.2320852875922894,0.08393522886762915,6.999004999670433,30.0
1538,51.26666666666632,track,1,320.9098110907983,240.533211456429,320.9492875926675,240.5273184654451,1,0.03991392667431051,1.085915142905639,4.355686303788341,118.49813383214514,0.22358731636439,0.08163760185606142,7.00743000015791,30.0
1539,51.29999999999965,track,1,320.9335403726708,240.47412008281574,320.9730560576139,240.49672042635245,1,0.04552213620318864,1.092505960265161,4.967494871205767,119.2179588995324,0.22484565952111385,0.05468140991345367,5.819260999487597,30.0
1540,51.33333333333298,track,1,321.09656561373754,240.63345346618613,320.99218604264286,240.61334887711484,1,0.10629811552250076,1.1664604529401472,11.59996352050258,127.28654546797395,0.2335015947967558,0.08685988512786234,6.91527700109873,30.0
1541,51.36666666666631,track,1,320.89507772020727,240.58658828218415,320.9672060424981,240.56179522674313,1,0.0762705085507661,1.1185264437804816,8.32304624207548,122.05641405707658,0.22360689899546052,0.0856684712118235,6.809460001022671,30.0
1542,51.39999999999964,track,1,320.9947056991591,240.5434444098412,320.99703504581134,240.52000831829753,1,0.023551565609720982,1.1244943457726466,2.5696688215667223,122.70848452844751,0.22874908469258937,0.08450501730651847,8.761998999034404,30.0
1543,51.433333333332975,track,1,321.0460033305579,240.50738967527062,321.0014586112467,240.48781493465594,1,0.04865596046370573,1.1139491732181965,5.309545854108982,121.55823804252813,0.23172908424008976,0.0835301759226311,7.626024000273901,30.0
1544,51.466666666666306,track,1,321.06607884868754,240.47319347319348,320.99199062894843,240.46418484860817,1,0.07463390396481782,1.0952227999813047,8.14458302978241,119.5150051268974,0.23328626855698542,0.05773523964593621,7.392782999886549,30.0
1545,51.49999999999964,track,1,320.99786541980075,240.54929863793456,320.97620164844284,240.5814674105328,1,0.0387833588015,1.136254376420283,4.231809684741357,123.99071876344618,0.2302945886688719,0.0853817608084067,7.3555349990783725,30.0
1546,51.53333333333297,track,1,320.96064490286403,240.58702183056278,320.97833445165975,240.55461683117244,1,0.036918885710212776,1.1246057659127207,4.0283104205354485,122.72000250811423,0.22866349556042256,0.08819565091656817,7.806470999639714,30.0
1547,51.5666666666663,track,1,320.94016830870277,240.57009441707717,320.99111472007746,240.51604893413537,1,0.07427281506966323,1.1174143773804224,8.104436647992596,121.93590761858117,0.2277452097368105,0.08830555559820719,6.4927679995889775,30.0
1548,51.59999999999963,track,1,320.98410908345295,240.54541726471192,321.0107229308717,240.4801599086926,1,0.07047566522608512,1.118979169111527,7.689654254736889,122.10729550537756,0.23011064779783919,0.08795396799807884,6.568549999428797,30.0
1549,51.63333333333296,track,1,321.109100204499,240.540490797546,321.01962797800434,240.4493857911432,1,0.12769260552422948,1.1142660377174742,13.933501582015655,121.59344477990435,0.23692486922896777,0.08854129319684262,7.850939999116235,30.0
1550,51.666666666666295,track,1,320.9397061824118,240.41205876351765,320.99408507709313,240.4186936026215,1,0.05478216203016366,1.0786609631276265,5.978219502045741,117.70831852100935,0.22875103898057492,0.06103612439493512,9.649292000176501,30.0
1551,51.699999999999626,track,1,320.99001019367995,240.4920489296636,321.01401253652534,240.5378843472688,1,0.05173971365508225,1.1478418860049246,5.645432954281094,125.25611626701011,0.23146727798320615,0.05985670904952817,8.282049999252195,30.0
1552,51.73333333333296,track,1,320.9861784424961,240.59102630221764,321.0213119924913,240.6665281910191,1,0.08327605626980095,1.2195646827576314,9.086371913932831,133.08086200363863,0.2315170510457225,0.08956289434337104,8.553866000511334,30.0
1553,51.76666666666629,track,1,321.07451673248806,240.55435460403243,321.0301865752282,240.63987593122727,1,0.09632787887134464,1.2127347554780223,10.51053851024177,132.3360468982662,0.23639948974247355,0.0885321082556726,7.801100000506267,30.0
1554,51.79999999999962,track,1,321.0620563780166,240.6132630298114,321.0148440198649,240.62183190059773,1,0.04798366710455507,1.1902030487511333,5.236303305010744,129.8774673168511,0.2363491957187988,0.09244715905221673,8.111974000712507,30.0
1555,51.83333333333295,track,1,320.98233973050225,240.63260514495713,321.0015741596392,240.5859919405085,1,0.050425728484497785,1.160403960523165,5.501992998536083,126.62613198479914,0.23272173828103326,0.09456026713195269,7.389783000689931,30.0
1556,51.86666666666628,track,1,320.88793374567564,240.53517140161443,321.0094370986345,240.5419398711656,1,0.1216917292190218,1.1457146590921592,13.279895106687807,125.02389429917247,0.22798450563255812,0.09063171417681204,8.101514000372845,30.0
1557,51.899999999999615,track,1,320.9941961103757,240.56817024742898,321.0443335112585,240.52187116630023,1,0.0682448817176136,1.1674681995468228,7.4467774823882715,127.39824903791347,0.2334011602547429,0.09318383859586989,7.607407000250532,30.0
1558,51.933333333332946,track,1,321.0680182463254,240.59097820577801,321.05209117969025,240.49119531884253,1,0.10104600920758752,1.1611066667773626,11.02497721024052,126.70452585249124,0.23752233371600903,0.09532127641460186,7.854855999539723,30.0
1559,51.96666666666628,track,1,321.10350805629207,240.41545992249644,321.0396011590126,240.45209692186086,1,0.0736638394486633,1.1336499444609804,8.038390087711612,123.70877847600158,0.23993544432323557,0.06538565613573885,7.735945000604261,30.0
1560,51.99999999999961,track,1,321.01818929195355,240.5652039872572,321.0159549148706,240.575605043589,1,0.010638346383071437,1.1676838421656708,1.1607378605722414,127.42080277573638,0.2361630009730678,0.09380495339344244,19.36130200010666,30.0
1561,52.03333333333294,track,1,321.1643254168772,240.61677614957048,321.0141238405906,240.55046604430595,1,0.16418752565029407,1.1538890891191078,17.916838773200688,125.91582727333896,0.2442694178964411,0.09735429287407518,8.692724000866292,30.0
1562,52.06666666666627,track,1,320.81626928471246,240.35462293667064,320.970735762329,240.509292116315,1,0.21859196654755605,1.0962236906786462,23.852250900412557,119.6234562345558,0.2269314837273276,0.06604759903773388,6.756830998710939,30.0
1563,52.0999999999996,track,1,320.9189703525641,240.57852564102564,321.0214756091866,240.63795435341967,1,0.11848670597186076,1.2043247806178645,12.929568339955978,131.41828199992838,0.23189193779092884,0.0950875606113406,7.761671999105602,30.0
1564,52.133333333332935,track,1,320.9614742117352,240.51190227604928,321.047400343121,240.61457600977667,1,0.13388500906543865,1.2143933261357407,14.608996024111775,132.51755828967566,0.23403568565296798,0.09239577476122293,7.090884000717779,30.0
1565,52.166666666666266,track,1,321.0695165394402,240.5747582697201,321.0635140725967,240.60836498984077,1,0.034138559510857716,1.22522248733657,3.7248106122863716,133.699490101598,0.2397975947530353,0.09628078816922067,9.000422998724389,30.0
1566,52.1999999999996,track,1,321.13087490961675,240.5390972007024,321.05050158952315,240.5842167859115,1,0.09217183708872309,1.2020244766773425,10.058044834106658,131.16830309449045,0.24356615248286945,0.09524204687468335,6.832233000750421,30.0
1567,52.23333333333293,track,1,320.78789737299394,240.54574261473985,321.0189757297759,240.56836301653334,1,0.23218287953754257,1.1667682102436552,25.337471996737758,127.32101565300142,0.2263021395502661,0.0962970257810965,7.867340000302647,30.0
1568,52.26666666666626,track,1,320.96925695974363,240.43911476066492,321.08109180911174,240.54960860753545,1,0.1572129884247311,1.2127774409204468,17.15473879762567,132.34242258762785,0.23524271316800827,0.06845531054699305,7.525017999796546,30.0
1569,52.29999999999959,track,1,321.18517382413086,240.67065439672803,321.0970736154085,240.68204053632985,1,0.088832938440419,1.291800995054012,9.694079548351402,140.9639041531694,0.24671858379539804,0.10234939688719843,8.01555699945311,30.0
1570,52.333333333332924,track,1,321.11641821316294,240.63269445289524,321.0533811249512,240.6363723132789,1,0.06314428831822491,1.230683353065053,6.890768038579079,134.29489672551716,0.2441115224446971,0.10155255863809934,6.314821999694686,30.0
1571,52.366666666666255,track,1,321.140587529976,240.51808553157474,321.02510484641675,240.59759316672285,1,0.14020597080329092,1.1865738658258709,15.299438996091267,129.48188791808676,0.24617354557225493,0.09661737040173021,6.069569000828778,30.0
1572,52.39999999999959,track,1,321.0217569786535,240.6194581280788,320.9873245121073,240.58774510724948,1,0.04681143495533032,1.1490230647396198,5.107993586276937,125.38407279126596,0.24082784649063244,0.10260180525792251,7.720854000581312,30.0
1573,52.43333333333292,track,1,320.9605397669188,240.55489674913105,320.97952946831856,240.548560804173,1,0.020018815093863544,1.1226740110910993,2.1845624157654764,122.50930142211025,0.2380388323678128,0.10025241792047027,7.862328999181045,30.0
1574,52.46666666666625,track,1,320.9422953622569,240.53675999145116,320.9880655350453,240.52445781852305,1,0.04739464290223264,1.118628403427281,5.171992379851594,122.06824442807478,0.23722975244733663,0.10008390817368128,6.626424001296982,30.0
1575,52.49999999999958,track,1,320.94617478076805,240.46588045559923,321.002354515182,240.50377516438027,1,0.06776556287983695,1.1218306424554894,7.394668861754014,122.41807778383694,0.2374555730029626,0.07266443756107682,5.249407000519568,30.0
1576,52.53333333333291,track,1,320.965005192108,240.52959501557632,321.01685837062985,240.6318215145484,1,0.11462551729395921,1.1971630516208778,12.507016573255497,130.63682807625938,0.2384469323485025,0.09907780635841645,6.930707999345032,30.0
1577,52.566666666666244,track,1,320.99979360165116,240.69463364293085,321.0274756383528,240.6214584623766,1,0.07823619498095793,1.200798404341064,8.536385208244436,131.03377406034886,0.2403340738902779,0.10831257774781478,7.164889999330626,30.0
1578,52.599999999999575,track,1,321.075560561073,240.39961093478038,321.0294102034876,240.56427512133155,1,0.17100920980408774,1.1739215389446247,18.658715444664306,128.10174906666532,0.24452233770270954,0.07311419337622434,7.901257999037625,30.0
1579,52.63333333333291,track,1,320.9722250797243,240.76350169735625,321.0103707840501,240.6972181082624,1,0.0764761985304824,1.2275838919401967,8.344534601173741,133.9553622964433,0.23959772901692225,0.11181564708608087,6.30434099912236,30.0
1580,52.66666666666624,track,1,321.03739359546006,240.57367247669234,321.01894071703725,240.6261246001128,1,0.05560336296846286,1.1959398813079232,6.066890838605715,130.5034562957104,0.24313507896286352,0.10333134891048112,6.360334999044426,30.0
1581,52.69999999999957,track,1,321.01683845290336,240.68200836820085,321.0099708872366,240.6026214493328,1,0.07968341323984848,1.176092600206895,8.694109753303179,128.33794305868724,0.24242082158146194,0.10984181277123395,7.506456999180955,30.0
1582,52.7333333333329,track,1,320.99468831429147,240.52204850671478,321.0061178453062,240.54670596490882,1,0.027177645663452793,1.1450591821868954,2.965391950898231,124.9522730662425,0.24154455639563277,0.10266469023776736,6.953511001484003,30.0
1583,52.76666666666623,track,1,320.9789125491007,240.52222451933017,321.00822692547445,240.5313478466877,1,0.030701266492680967,1.139671912188468,3.3502968960182336,124.36463214558755,0.24090920585450692,0.10326293044047169,8.446828000160167,30.0
1584,52.799999999999564,track,1,320.95492899773615,240.56030047334843,321.0149945235388,240.51504760016996,1,0.0752043211581371,1.1381950242619239,8.206324132034975,124.20374764346703,0.23976591837016328,0.1058188476952439,5.589845999566023,30.0
1585,52.833333333332895,track,1,320.98121728420404,240.44883506106947,321.02911089200165,240.48733325731484,1,0.06144842375536737,1.138667173374879,6.705239059961118,124.25574715931626,0.241160089032677,0.07716498356816066,7.856813999751466,30.0
1586,52.86666666666623,track,1,321.0415110004151,240.60076795350767,321.0370241580599,240.61462583300602,1,0.014566144943352885,1.2054808248156534,1.5893098355234292,131.54491457821814,0.24444204031793124,0.10723930901709249,7.259363999764901,30.0
1587,52.89999999999956,track,1,321.03794369645044,240.51346389228885,321.02864737781954,240.58367703677106,1,0.07082589355713743,1.1827063503460455,7.72769565823889,129.06008651462147,0.24462262941499832,0.10339178337080329,7.997045999218244,30.0
1588,52.93333333333289,track,1,320.99285282866924,240.53784980873766,321.020502351431,240.5753720032851,1,0.046609132073115254,1.1715280583240437,5.085747605626771,127.8403346026987,0.24262071578675548,0.10508508371653871,6.5243549997831,30.0
1589,52.96666666666622,track,1,320.9631403581841,240.53467305289462,321.02421027790217,240.5601281328161,1,0.06616264949487087,1.1673689299156802,7.2199681545733885,127.38672780829152,0.2412514369336882,0.10541927390145772,7.901008000771981,30.0
1590,52.99999999999955,track,1,321.0355225113589,240.49421726559274,321.0363782725036,240.54516236366783,1,0.050952284983279084,1.1710174748813373,5.559302467906519,127.78517428777144,0.24513482378201512,0.07792646526579965,17.771671000446077,30.0
1591,53.033333333332884,track,1,321.0291614777916,240.72945205479454,321.0289732687713,240.67885358738806,1,0.050598817441905405,1.2327319988365615,5.520736050271902,134.51759155651956,0.24516714805320935,0.11473284592290688,6.691653999951086,30.0
1592,53.066666666666215,track,1,321.16507276507275,240.73617463617464,321.0225154012064,240.61824090782306,1,0.18501612436601358,1.1948889345082296,20.188870924169052,130.3889228629694,0.2526922165570715,0.11637041199905512,7.276611000634148,30.0
1593,53.09999999999955,track,1,321.0068283734203,240.6114961271912,320.97702448507675,240.5508593335652,1,0.06756546826329377,1.1216161775827735,7.372188496708854,122.3938141920957,0.24530151584125365,0.11118986827408532,6.868639999083825,30.0
1594,53.13333333333288,track,1,320.97012933689183,240.5938205707247,320.9720323914231,240.51304000032633,1,0.08080298367284154,1.0991164687650596,8.816253260000469,119.9390820549041,0.24367977351102682,0.11116441580560368,7.791849000568618,30.0
1595,53.16666666666621,track,1,320.9066265060241,240.42802243456583,320.9767524283593,240.4772568593197,1,0.08568356647693191,1.0871151806839565,9.349876362390921,118.62999364569349,0.24047820885935733,0.08088343434018143,6.972089999180753,30.0
1596,53.19999999999954,track,1,320.99342171844955,240.58961643558345,320.99959138567874,240.60484039279004,1,0.01642661458569262,1.1683384950747593,1.7923201020234727,127.4916734688206,0.244895517838109,0.11036576572896557,7.131432999813114,30.0
1597,53.23333333333287,track,1,320.9979349509551,240.65699535363964,320.9998963262823,240.5770204846665,1,0.07999891662045887,1.1544458857120836,8.728523160658394,125.97608844244397,0.24530477213381668,0.1146054592486269,7.049072000882006,30.0
1598,53.266666666666204,track,1,320.95228301110654,240.50843274372687,320.99902458253405,240.52839198284335,1,0.05082465666997666,1.1301540620820028,5.546210760926338,123.32598717521546,0.24308048523088513,0.10775489238445769,6.150765999336727,30.0
1599,53.299999999999535,track,1,321.05035532994924,240.5418274111675,321.0110027336153,240.5180702839574,1,0.045967683555917245,1.1360120362466968,5.01609576590477,123.96546182238556,0.2482311548304203,0.10988638609464636,8.862958999088733,30.0
1600,53.33333333333287,track,1,321.0138286893705,240.50515995872033,320.99647868997715,240.49811830342765,1,0.01872451302997138,1.1140429182882579,2.043306115104323,121.56829167445593,0.24669642676499967,0.10842915380597135,6.745861001036246,30.0
1601,53.3666666666662,track,1,320.8862399841725,240.55129092887526,320.9910889035815,240.48764305085865,1,0.12265540459861918,1.1045600752576161,13.384425219048953,120.53359788662806,0.24021995523104434,0.11116242176102853,8.118562000163365,30.0
1602,53.39999999999953,track,1,321.1153046371387,240.39342898731545,321.02117032357,240.46426223026322,1,0.11780754346623408,1.1217523114257633,12.855205232420191,122.41019082432771,0.25200363464967634,0.08274049739342006,7.251319000715739,30.0
1603,53.43333333333286,track,1,320.85535084280673,240.531458251666,320.9893164486746,240.59410380895758,1,0.14788931470498526,1.1539958281709584,16.138262146727353,125.92663636138651,0.2389512808311207,0.1089812952603427,7.568617000288214,30.0
1604,53.46666666666619,track,1,321.02432103769763,240.52847588163763,321.027967080085,240.5856001148211,1,0.057240472062068386,1.1830654302349082,6.24539824039246,129.09923679854526,0.24744283740601503,0.10912561761679043,5.272345999401296,30.0
1605,53.499999999999524,track,1,321.09163005036976,240.54184974815132,321.02220230668354,240.5778991038327,1,0.07822894373824409,1.1742507951880539,8.536599280068067,128.13742437221168,0.2512565182636999,0.11014347464044327,6.60999499996251,30.0
1606,53.533333333332855,track,1,320.91792228390165,240.62172878667724,320.99695173060786,240.56630858641256,1,0.0965248778505702,1.1465679954571393,10.532892106217354,125.11656349399068,0.24267746670176507,0.11474417372936534,8.527875999789103,30.0
1607,53.56666666666619,track,1,321.1078211149684,240.52348376557075,321.0182908440173,240.53168664418274,1,0.0899052647740562,1.1487414550767292,9.811113551478362,125.35439966474581,0.25256336831368814,0.11031681359689473,6.359257000440266,30.0
1608,53.59999999999952,track,1,321.1229150119142,240.5813145353455,320.98772080379194,240.52214941155933,1,0.147573662224786,1.1172432117650817,16.103870385720573,121.91711809137907,0.2540261396347174,0.11373397583890964,8.116438000797643,30.0
1609,53.63333333333285,track,1,320.84492307692307,240.5500512820513,320.95014586678667,240.49582583565723,1,0.11837328475342851,1.0717371074461226,12.917287422642726,116.95143910288597,0.24013504489643892,0.11270021318460444,6.209535999005311,30.0
1610,53.66666666666618,track,1,320.9815186822017,240.45831659300924,320.98743420239475,240.47642049886372,1,0.019045860084078336,1.096358880931109,2.0780914483884523,119.63878302661091,0.2469369828063454,0.0844018031727232,7.14220000008936,30.0
1611,53.69999999999951,track,1,320.95859129199226,240.59748300010148,320.98920384228677,240.60931108847547,1,0.03281816433191491,1.1618021536105296,3.5812783565721356,126.77825470150187,0.24584884555803452,0.11418602409135505,7.390830000076676,30.0
1612,53.733333333332844,track,1,321.0470395745986,240.56130483689537,320.9975160487627,240.58468972799596,1,0.05476707718153143,1.1562440683364072,5.97639525083924,126.17217867705234,0.2505334100601717,0.11292467824145136,8.516713000062737,30.0
1613,53.766666666666175,track,1,320.95164673799036,240.29934969582547,320.98156392988255,240.5680988510312,1,0.2704092209864766,1.134109365532912,29.503875013515994,123.75689122695033,0.24589762363224915,0.08398529230025371,6.442172001698054,30.0
1614,53.79999999999951,track,1,320.9263923013923,240.70137182637183,320.9910368642197,240.70712067325258,1,0.06489968215336037,1.217445568714937,7.082323896077228,132.84870787413263,0.2445694557734965,0.11918802007305812,7.560300000477582,30.0
1615,53.83333333333284,track,1,321.1512111077328,240.49255092733353,321.00827504951405,240.65962984968678,1,0.21987742729494403,1.2048776344801049,23.9921900900554,131.47816371519858,0.25629903771634505,0.08348225549157748,7.873739999922691,30.0
1616,53.86666666666617,track,1,321.0111830488523,240.8306847164999,320.9636179737057,240.8037708626864,1,0.05465154984803166,1.2548335343591779,5.963724593980809,136.92673948425332,0.24974906726481258,0.12556831508582644,8.575809999456396,30.0
1617,53.8999999999995,track,1,320.9293166939444,240.6387070376432,320.9545373934991,240.72461977005435,1,0.08953815542202484,1.1984220653599713,9.7694673358912,130.77219036789737,0.24571932709051772,0.11712426293816283,7.164230999478605,30.0
1618,53.93333333333283,track,1,320.96983298538623,240.77974947807934,320.967572882014,240.69163622008432,1,0.08814223903299699,1.1893519003816309,9.617024999099673,129.78308386890603,0.24778919296076402,0.12551926481385095,8.311083000080544,30.0
1619,53.966666666666164,track,1,321.02077816255854,240.60236300672236,320.9701739992198,240.61497757790823,1,0.05215274444760048,1.1486666226943476,5.6912343964757035,125.34462029051917,0.2505567994304364,0.11775742674179038,7.499703000576119,30.0
1620,53.999999999999496,track,1,320.9410569105691,240.62317073170732,320.9586002453484,240.58077924608426,1,0.04587817180869986,1.1208117429186,5.005805970883042,122.30543858864328,0.24665385632133824,0.11973762939355685,18.850656000722665,30.0
1621,54.03333333333283,track,1,320.82801706623326,240.49085737505078,320.96840865974843,240.53704920183316,1,0.14779541397223192,1.107355939824855,16.128249722478916,120.83782707133595,0.240653311403472,0.0880310949861434,8.846967999488697,30.0
1622,54.06666666666616,track,1,321.0999900309042,240.69823547004287,321.0107672187744,240.66341551079768,1,0.09577650946966439,1.209037017843481,10.451596172651191,131.9320101614535,0.2544472895613876,0.12323269592846317,7.163742000557249,30.0
1623,54.09999999999949,track,1,320.94334219676824,240.56841889957047,320.9800858914547,240.603000194689,1,0.050457557127597336,1.1507291555459458,5.505842451272969,125.56995649851163,0.24677405204139205,0.11753448520634088,8.074897999904351,30.0
1624,54.13333333333282,track,1,320.93960073334694,240.57139947036057,320.9908372458415,240.5739009368865,1,0.05129753938917084,1.1450418040866137,5.597964898279869,124.9498603123198,0.2465461086744952,0.11831533919306145,7.0330700000340585,30.0
1625,54.16666666666615,track,1,321.01109460128777,240.61773155027242,321.0032937901723,240.5415280263801,1,0.07660176047369073,1.1401100967684545,8.357880703688242,124.41226611602805,0.2502563640311089,0.12136713722040526,8.262409000963089,30.0
1626,54.199999999999484,track,1,321.0660106601066,240.5533005330053,320.9964325345377,240.4937350106744,1,0.09159239601755091,1.1120485855621896,9.994488914953644,121.35072340880572,0.25340349167422005,0.1187458943283111,6.63866600007168,30.0
1627,54.233333333332816,track,1,320.96851962542337,240.44919306634787,320.97323755653565,240.46074330736167,1,0.01247665586032391,1.0767895508083516,1.361337644525844,117.50342452744432,0.24877181778353533,0.09025066841243531,7.949331000418169,30.0
1628,54.26666666666615,track,1,320.9800909550278,240.5853461344113,320.97517652092756,240.58051264424478,1,0.0068930609829975144,1.1348850942260396,0.7521561009513081,123.84130455153579,0.24950156448191002,0.11932244829431073,6.84348299910198,30.0
1629,54.29999999999948,track,1,320.87729566094856,240.5356205852674,320.97363590155476,240.54598409642256,1,0.0968960490604385,1.1162730411251105,10.573992723740048,121.81079938694782,0.24424111212508062,0.11719518407068533,8.134328998494311,30.0
1630,54.33333333333281,track,1,320.95156365167946,240.69969464041276,321.00054413770977,240.52351762818034,1,0.18285903765169825,1.129229506575591,19.95163942665374,123.22517698508652,0.24786946000769622,0.12614660556244178,7.574041001134901,30.0
1631,54.36666666666614,track,1,320.94222085385877,240.43534482758622,321.0084750000757,240.45399193648973,1,0.06882823956336764,1.1059523064650478,7.510949059706669,120.68608947136407,0.2473771131290277,0.0904668011362539,7.090142000379274,30.0
1632,54.39999999999947,track,1,320.9465517241379,240.44969574036512,321.0193862272472,240.5754052074617,1,0.145285012857082,1.170572267344188,15.85246627424806,127.73602650651897,0.247566892563713,0.08884439267737322,6.447944000683492,30.0
1633,54.433333333332804,track,1,321.0215805158771,240.71452060425446,321.02962050694316,240.7060829396131,1,0.011654854822887611,1.2484676631497444,1.2717455571993586,136.23428921719332,0.2515043865917148,0.12461700343359149,6.821413999205106,30.0
1634,54.466666666666136,track,1,321.0795574288725,240.76122233930454,321.01917071785795,240.64654993863564,1,0.1296005954551127,1.206953095728594,14.141008217988357,131.7049400317059,0.2548774408810101,0.12807507348285574,6.721837999066338,30.0
1635,54.49999999999947,track,1,320.94801066447906,240.58613617719442,320.9910278905386,240.56911529633783,1,0.0462622105285862,1.1428160395930131,5.048353447733023,124.70705039121147,0.24854137289957828,0.12013499742971248,6.178042000101414,30.0
1636,54.5333333333328,track,1,320.917661717371,240.6013913404631,320.9969546913991,240.53453396854286,1,0.10371732695310953,1.131214047043626,11.317566658240807,123.44155312648297,0.24700752895502787,0.12154672839677585,7.912539000244578,30.0
1637,54.56666666666613,track,1,320.97392095421003,240.64045284544628,321.01131993585545,240.49289446503292,1,0.15222404362756883,1.1250390954623606,16.609040059741975,122.76840741488789,0.24989151782531177,0.12426669305631326,6.0269910009083105,30.0
1638,54.59999999999946,track,1,321.11279443810315,240.48106257133963,321.01054252209804,240.43718432599326,1,0.11126883993910511,1.101056912181399,12.142143905404058,120.15211560598502,0.257361716709257,0.09152233353410988,7.167425999796251,30.0
1639,54.63333333333279,track,1,321.0378756689996,240.5668999588308,320.97014333312734,240.55651137497114,1,0.06852438979899192,1.1184288074274953,7.477858155656141,122.04586125866652,0.25416236952856996,0.11962455319300214,6.679714000711101,30.0
1640,54.666666666666124,track,1,320.936935980465,240.5091835651343,320.94700728117846,240.52632526099035,1,0.019881369039427145,1.083439463450345,2.1693154894100473,118.22797674797752,0.24931166796290205,0.11699308612596018,8.020256000236259,30.0
1641,54.699999999999456,track,1,320.97654370489175,240.51353247794708,320.9499222532942,240.51050369670486,1,0.026793193183631516,1.078409157812011,2.9238649550866183,117.67930448306566,0.25143970912461455,0.11739104032677128,6.2010789988562465,30.0
1642,54.73333333333279,track,1,321.0196019300362,240.5592078809811,320.941648949296,240.49285446630768,1,0.10236914986997223,1.0628303103834011,11.170445234309799,115.97947979537643,0.2538910018595938,0.11997331301348867,7.871312000133912,30.0
1643,54.76666666666612,track,1,320.91407569285786,240.4277341809874,320.9204440194874,240.46169255171924,1,0.034550347709134545,1.0297461849033966,3.7697423038632296,112.36951297137666,0.24868342114349215,0.0910376250780486,6.777055999918957,30.0
1644,54.79999999999945,track,1,320.98842470798695,240.42144585920235,320.9271354455748,240.58507840837558,1,0.17473404028968614,1.0963105756985299,19.065299721702196,119.63147068973556,0.25250871910154565,0.08931701191824597,6.3964990004024,30.0
1645,54.83333333333278,track,1,320.9295194047858,240.63201286949527,320.9135285294843,240.71782962324892,1,0.08729389049482326,1.1618148485001707,9.524519114315629,126.77723559828664,0.24959584909318439,0.12067162718699513,8.3643200014194,30.0
1646,54.86666666666611,track,1,320.9045149481391,240.63799064470206,320.91554082039386,240.683509619539,1,0.0468353171141654,1.142541200049171,5.1101583808112245,124.67462378935339,0.24821653020223347,0.12157378057360754,6.256751999899279,30.0
1647,54.899999999999444,track,1,320.97520080321283,240.6097389558233,320.9249740311494,240.6444961598644,1,0.06108020845301255,1.1273651841265757,6.665140927049829,123.01928925952495,0.2517560430696882,0.12078554785904334,8.388951000597444,30.0
1648,54.933333333332776,track,1,321.01282860147217,240.65173501577289,320.91557504357536,240.60976926249384,1,0.10592156990842348,1.1000437327217059,11.55862333933302,120.03836076122538,0.253838947393316,0.12364564958462859,7.37130800007435,30.0
1649,54.96666666666611,track,1,320.9406485825005,240.59014888843564,320.8950930871182,240.5598357646776,1,0.05471917974072496,1.0557498368547942,5.971036259171002,115.20548088562926,0.25030840175033436,0.12125966152384478,7.7539339999930235,30.0
1650,54.99999999999944,track,1,320.8654772890393,240.49625756177588,320.89344721177065,240.52263943012952,1,0.03844892138183961,1.0350844864777233,4.195479823565996,112.95096443664279,0.24632510995492918,0.09099197538774234,18.537314001150662,30.0
1651,55.03333333333277,track,1,320.9176971838304,240.64979736049048,320.91303271375614,240.64684726608107,1,0.005519088520591579,1.1189459870902836,0.6022532103586269,122.10041774216518,0.2487244717213093,0.1235073688525758,8.49110699891753,30.0
1652,55.0666666666661,track,1,320.8520661157025,240.5663223140496,320.9197894243413,240.59758080018685,1,0.07458913787260298,1.0968661713636747,8.139464833887585,119.69184298733428,0.24511345713112956,0.11993923948007885,6.718348000504193,30.0
1653,55.09999999999943,track,1,320.9824772203865,240.48012416140983,320.94575333482476,240.5672501098568,1,0.09454932397184582,1.102824581456492,10.316364897484469,120.34272434260592,0.2515547420027581,0.09080840139047851,6.448991998695419,30.0
1654,55.133333333332764,track,1,320.8571574225122,240.78232055464926,320.9372928328886,240.6921542693301,1,0.12063019109844478,1.1651589535922684,13.16275227311043,127.14279648568349,0.24506146191333483,0.13027617088259716,8.311900999615318,30.0
1655,55.166666666666096,track,1,320.92631043256995,240.46809160305344,320.963372917499,240.60639867344378,1,0.14318684824058953,1.1383350690042378,15.623017516162765,124.2172852493739,0.24831020392513395,0.09062463475832748,6.704665000142995,30.0
1656,55.19999999999943,track,1,320.99678089304257,240.63094496365525,320.972016791266,240.7319175970016,1,0.1039650586576804,1.2167662106188155,11.343534624209047,132.7739979738251,0.25192058792799504,0.12216156573425221,7.059659999868018,30.0
1657,55.23333333333276,track,1,320.85478823283955,240.6855831420822,320.9612763523114,240.6890038719489,1,0.1065430475510931,1.182699691838006,11.626763984002606,129.05716135129347,0.24464626317232102,0.12581484159128875,6.499519999124459,30.0
1658,55.26666666666609,track,1,320.973491773309,240.6092829575462,320.98918403795903,240.62633499574713,1,0.023173674215645954,1.1708033941915685,2.5286394962186916,127.76023585750164,0.2505453132296071,0.12284080216315915,8.899615000700578,30.0
1659,55.29999999999942,track,1,320.9351278877888,240.6185024752475,320.9854625086364,240.57922133581053,1,0.06384811642749093,1.1430807984504114,6.967110413182057,124.73574718017917,0.24866046674316514,0.12408721581590729,8.119787999021355,30.0
1660,55.33333333333275,track,1,321.0250600396784,240.54390727785318,320.99160654110597,240.5251185127163,1,0.03836866250086861,1.122066390531998,4.186894030317001,122.44342565876268,0.25339514537007224,0.12096067543984916,7.231512001453666,30.0
1661,55.366666666666084,track,1,321.04840349806796,240.51962578808218,320.9722926660057,240.48731367145774,1,0.08268574023346395,1.087578798413315,9.023035175817563,118.68041576755975,0.2550134181596834,0.12016614311064672,6.39051100006327,30.0
1662,55.399999999999416,track,1,321.0748035513828,240.4950505153587,320.94412238203734,240.45333418117036,1,0.13717806150988032,1.047319890043751,14.969639542562037,114.28749480321206,0.2569440139954295,0.09332397331287899,10.667528998965281,30.0
1663,55.43333333333275,track,1,320.99889258028793,240.44508204973323,320.9054106371319,240.5620655443305,1,0.1497464914594363,1.0656857407111948,16.33967314501647,116.28976842834162,0.2536348486709222,0.09173566975704397,7.344884001213359,30.0
1664,55.46666666666608,track,1,320.8808432630614,240.68123026784804,320.88408349854285,240.67878526959578,1,0.004059204654689313,1.1146089334901181,0.44294189933291095,121.62636130917872,0.24781048690344432,0.12578286681150497,6.568519998836564,30.0
1665,55.49999999999941,track,1,320.85017848036716,240.58123406425293,320.8935360255331,240.61340217700695,1,0.053987630073657374,1.083821415032161,5.8911580905840015,118.26788369223024,0.2460824712063121,0.12137894946241443,6.4728859997558175,30.0
1666,55.53333333333274,track,1,320.89456869009587,240.54457384314128,320.9119017214107,240.5709537300678,1,0.03156473362498908,1.0758963292948378,3.4441497639578715,117.40389645739286,0.24813304286311533,0.11995804265258267,6.145081999420654,30.0
1667,55.56666666666607,track,1,320.97055421179937,240.58176464402146,320.91900880703315,240.53549542468363,1,0.0692659325400683,1.0636411694089312,7.558211824134284,116.06717044279092,0.25199745193669804,0.12229000287446624,7.722644999375916,30.0
1668,55.599999999999405,track,1,320.86766616691654,240.43568215892054,320.9051641742667,240.48697688960146,1,0.06353935749487453,1.0278466195799045,6.933081856211908,112.16175825575111,0.24675347473892828,0.09234910530366168,7.645650000995374,30.0
1669,55.633333333332736,track,1,321.02125464300457,240.57346264960793,320.9189265796035,240.5974849888031,1,0.10510996784233326,1.096090493776345,11.470271371779315,119.60719286369789,0.2546078771373178,0.12076863147574338,7.118966999769327,30.0
1670,55.66666666666607,track,1,320.8417280917281,240.4723587223587,320.89041870014603,240.5557291229527,1,0.09654739273181198,1.0496096034562177,10.534569808441608,114.53546413558675,0.24553438546602213,0.09117524348948522,7.206504000350833,30.0
1671,55.6999999999994,track,1,320.8882624295233,240.7089697590979,320.9099033447312,240.67107653509163,1,0.043637433891387405,1.1306050648673245,4.76140158531927,123.37226956572898,0.24763984643684267,0.1267162413759907,7.86673499897006,30.0
1672,55.73333333333273,track,1,320.91445458316053,240.62515553712154,320.9177401455297,240.59610891036345,1,0.029231856699590664,1.094345835525311,3.1894367481549635,119.41682188053981,0.24884301142154813,0.12331907440442885,6.176498000058928,30.0
1673,55.76666666666606,track,1,320.9803356326573,240.5324822402965,320.9187220668059,240.5384615821032,1,0.06190302113274547,1.0648901875016055,6.7553047544733955,116.20342065234905,0.2522469615979818,0.11918132304499937,7.094739999956801,30.0
1674,55.79999999999939,track,1,320.9838440692099,240.62956014175526,320.9010923128992,240.5020495007915,1,0.15200926528175404,1.0315139638468431,16.586301613355747,112.56170160018408,0.25265869835952454,0.12468115568972309,6.7627280004671775,30.0
1675,55.833333333332725,track,1,320.84605155482814,240.41315466448447,320.8807900873535,240.43543743382622,1,0.041270903207380055,0.9825461499376675,4.503553145577229,107.21896782810384,0.2456619865472013,0.09245066458440972,6.940880999536603,30.0
1676,55.866666666666056,track,1,320.9142626588663,240.646156949768,320.8973078548099,240.5398190403215,1,0.10768108638958056,1.047170464918304,11.748920348342159,114.26959685713739,0.24895490982214266,0.1247401083825294,7.498765000491403,30.0
1677,55.89999999999939,track,1,320.9148957803762,240.45236400610065,320.8957483075785,240.47105331894954,1,0.026756609077034702,1.0120554628196787,2.919626067762318,110.4387328767926,0.248952691860528,0.09165357350868784,8.707887000127812,30.0
1678,55.93333333333272,track,1,320.9817304731602,240.58195627630093,320.8936662858382,240.57777752850893,1,0.08816327479055083,1.0641740002902471,9.62102539969753,116.12446151051417,0.2524467459444624,0.12053260088882677,8.156322999639087,30.0
1679,55.96666666666605,track,1,320.8321988448845,240.55342409240924,320.8723957666839,240.52947409925935,1,0.046790968081754584,1.0204985034356864,5.105939088513025,111.35902413654293,0.2448278674635778,0.11952752663239571,8.0651640000724,30.0
1680,55.99999999999938,track,1,320.8548959918823,240.44109589041096,320.8911864931656,240.4854903939513,1,0.057339972340296835,1.0148469284674382,6.256695574918032,110.7431060224122,0.24567057451307922,0.09095616863568087,18.121877999874414,30.0
1681,56.03333333333271,track,1,320.9323214471359,240.64965173094916,320.904890786805,240.59281214029897,1,0.06311244086128046,1.081782588938494,6.886303807598553,118.04582453803364,0.24947203198231216,0.12340759688675437,7.001143998422776,30.0
1682,56.066666666666045,track,1,320.8997584541063,240.54579307568437,320.89770943163785,240.52595008849005,1,0.019948499539320104,1.0404353508191855,2.176545081925256,113.53485197257544,0.2478002065473744,0.11873435095627546,6.630214998949668,30.0
1683,56.099999999999376,track,1,320.82648448736387,240.36675570166426,320.89881406496465,240.48286817540964,1,0.13679793256909267,1.020307991834679,14.92649147001896,111.3391300740742,0.24386347117109958,0.0905417532688938,6.263557999773184,30.0
1684,56.13333333333271,track,1,320.94084026872554,240.5026571743708,320.92026501076657,240.5889686847437,1,0.0887300290934715,1.0925986461871113,9.681249080068552,119.22629579784382,0.24950935991664402,0.1152454227312017,5.932981999649201,30.0
1685,56.16666666666604,track,1,320.9215289715846,240.56901607847104,320.9109357541149,240.562104001065,1,0.012648836722306663,1.0704040620897268,1.3802614389927705,116.80469115197023,0.24858772922122135,0.11892033831731769,8.813181999357766,30.0
1686,56.19999999999937,track,1,320.90019489178377,240.4911272951072,320.90583388878827,240.51439335812313,1,0.023939673671091396,1.0416984021099687,2.612035815224808,113.67291561064381,0.24750660417733242,0.08962219544922194,6.227736999790068,30.0
1687,56.2333333333327,track,1,320.9048645320197,240.57307060755338,320.9057908847233,240.62165901977164,1,0.048597242012520595,1.0985977715757524,5.302348492736047,119.88029962990203,0.24772180492246695,0.1180737029350402,7.155838000471704,30.0
1688,56.26666666666603,track,1,320.82213968843496,240.60290931600125,320.90387384805194,240.57586887721664,1,0.08609098778594122,1.0717335942009922,9.394721239832808,116.94950313715832,0.24335437605871174,0.12016843894164563,5.605193999144831,30.0
1689,56.299999999999365,track,1,320.8672947779894,240.56519995990777,320.9245043242356,240.5175584810769,1,0.0744489267007326,1.05951641179595,8.12382673607388,115.617371801824,0.24538150341502604,0.11887860840256079,4.874522999671171,30.0
1690,56.333333333332696,track,1,320.9979116945107,240.4911495624503,320.93355887846565,240.46474503392892,1,0.0695592126131883,1.042842330423746,7.590621823471672,113.798659149491,0.25209962642473727,0.08987164902708336,5.9789309998450335,30.0
1691,56.36666666666603,track,1,320.85445205479454,240.50050362610799,320.90599974338556,240.56521948413274,1,0.08273636732995907,1.067852330735851,9.027823025268546,116.52614985556082,0.24493445968100383,0.1145802417709934,6.08702300087316,30.0
1692,56.39999999999936,track,1,320.9527333728044,240.53394513518847,320.91585201851467,240.53246523047574,1,0.03691103374607082,1.0593885696395702,4.028004115574881,115.60313353363516,0.24994221870546826,0.11661319512603363,8.499405999828014,30.0
1693,56.43333333333269,track,1,320.8988831874434,240.47962571687293,320.89817433224175,240.48738544393495,1,0.007792036946396088,1.0218912378808171,0.8501748630288647,111.51182927709274,0.2473431416725972,0.08910272915691046,6.801816000006511,30.0
1694,56.46666666666602,track,1,320.9580838323353,240.60119760479043,320.893517387952,240.58751154123593,1,0.0660010157188786,1.0693657623367026,7.202464406661101,116.69084881177213,0.2505018489617423,0.11911301597855262,6.667334999292507,30.0
1695,56.49999999999935,track,1,320.9136865565799,240.47269780164117,320.87115392588044,240.52603277586354,1,0.06821762345256162,1.0176539902440305,7.443603293925483,111.04866413877491,0.24845572421981404,0.08833582157446407,6.562517999554984,30.0
1696,56.533333333332685,track,1,320.81833892446883,240.52637999390058,320.85882398595913,240.6271157393669,1,0.10856671045274145,1.0634156240249757,11.845790107440108,116.04061317504417,0.2435490889412524,0.11441738082882402,6.791321000491735,30.0
1697,56.566666666666016,track,1,320.9370103092783,240.56443298969072,320.87176457290934,240.5874805291569,1,0.06919678597865146,1.0512406207516285,7.551116695503259,114.71279189538902,0.24951428007554627,0.11682763479640368,7.037382998532848,30.0
1698,56.59999999999935,track,1,320.8379413896655,240.53557005281144,320.85197357408924,240.53334098419077,1,0.014208129596026988,1.005142565193605,1.5504895103217153,109.68310974926308,0.24447727884780804,0.11590437982709595,6.024045998856309,30.0
1699,56.63333333333268,track,1,320.8660282154258,240.42384924312637,320.8581103236354,240.48244279198798,1,0.05912611080226712,0.9844309905071092,6.451152613418942,107.42381262082529,0.24573345648829845,0.08835474621597394,6.54595500054711,30.0
1700,56.66666666666601,track,1,320.9088403429971,240.4958146182115,320.85659218937553,240.57676037617193,1,0.09634357938467393,1.032667763814267,10.512405497635964,112.68610414435801,0.2478685983922342,0.08691289538161551,6.622687998969923,30.0
1701,56.69999999999934,track,1,320.91730266596966,240.55023523261892,320.84271236422774,240.67701939905805,1,0.1470983955507931,1.0809807563149445,16.050346337603838,117.95639917021653,0.24837200536553358,0.1142244075511465,8.665462999488227,30.0
1702,56.73333333333267,track,1,320.80770008084073,240.63449878738885,320.8251544509501,240.62983586324594,1,0.01806648547662507,1.0380621766317832,1.9715253107720991,113.27361819428127,0.24270861491441748,0.11915300694917061,6.7697639988182345,30.0
1703,56.766666666666005,track,1,320.83167583580195,240.47016504443505,320.83678906668206,240.554552678866,1,0.08454240341323162,1.0038648393863043,9.224259033825259,109.54322196990034,0.2436236227412355,0.08680476133236306,6.950062999749207,30.0
1704,56.799999999999336,track,1,320.810224866391,240.64182716547344,320.84251246617373,240.64994716663568,1,0.033292995038039765,1.0640763953193841,3.6331396848284268,116.11219436308102,0.24221972989109342,0.11903021863300345,6.434417000491521,30.0
1705,56.83333333333267,track,1,320.78644743398104,240.54130543099154,320.854673180233,240.57159383214525,1,0.07464676614621772,1.0281953870525404,8.145769382388615,112.1981300315474,0.24058948985300133,0.11468588489657108,7.065317000524374,30.0
1706,56.866666666666,track,1,320.8483610742367,240.49290309404677,320.8744594696325,240.51449925780025,1,0.03387507241469736,1.0145880199898558,3.696431631496436,110.71429626736956,0.24336648284327173,0.08694592620869193,7.071244001053856,30.0
1707,56.89999999999933,track,1,320.9568619376094,240.54813137032843,320.8783471828392,240.6034079178171,1,0.09602116130775654,1.0656429462469743,10.47792280937939,116.28422108664284,0.24886232631559257,0.11426711992892129,5.246556998827145,30.0
1708,56.93333333333266,track,1,320.7403885903266,240.59063662670525,320.8518168910225,240.5446282532971,1,0.12055304483772501,1.0110449792767422,13.155300228530736,110.32702348316563,0.2377134861076863,0.11708300783600833,5.596349999905215,30.0
1709,56.96666666666599,track,1,320.9117405582923,240.47557471264366,320.8836213636132,240.4688232638532,1,0.028918353517647273,1.0002909411584362,3.1557542555861513,109.15489180200701,0.24613136886494547,0.08693160001210516,6.768799999917974,30.0
1710,56.999999999999325,track,1,320.8696090286175,240.61225312374043,320.8693858842705,240.5517866785142,1,0.06046685696890032,1.0297088687364726,6.597418185012084,112.36372057624588,0.24400289548635665,0.11763184610401345,16.286017000311404,30.0
1711,57.033333333332656,track,1,320.85859194536505,240.469719795119,320.86533884180335,240.4689446132286,1,0.006791282538106628,0.98423592771737,0.7411133143774349,107.40277810470592,0.24337153986508475,0.08640420119609571,4.694285000368836,30.0
1712,57.06666666666599,track,1,320.8075007622726,240.43622319341398,320.8634767811402,240.55054754370508,1,0.1272924654398313,1.0240579814873516,13.889104539749367,111.74704814762865,0.240594774518957,0.08499809740348596,6.301651999820024,30.0
1713,57.09999999999932,track,1,320.95698593573553,240.62878554563187,320.8752230776063,240.63751576308573,1,0.0822276210665001,1.082793509288538,8.973268795624273,118.15516424406589,0.24818582503545872,0.11649393164231658,5.978887998935534,30.0
1714,57.13333333333265,track,1,320.8101030927835,240.46670103092782,320.84526392082284,240.55434090483277,1,0.0944300340277818,1.0108238890210415,10.303326655370668,110.30269040377911,0.2407964491156016,0.08442932827697214,6.058330000087153,30.0
1715,57.16666666666598,track,1,320.985601439856,240.63203679632036,320.8534761437097,240.6399807314931,1,0.132363892311204,1.0667693586544573,14.444518617052646,116.4063236666852,0.24981947079953146,0.11615245554345115,6.578964999789605,30.0
1716,57.199999999999314,track,1,320.9427761444771,240.69004619907602,320.81230820228075,240.5542029025296,1,0.18834883901300237,0.9833541949190064,20.552119251401358,107.30483230031743,0.2480710247764508,0.12013364645527197,5.906950000280631,30.0
1717,57.233333333332645,track,1,320.7420963398823,240.4372195073302,320.7791891857887,240.44493343064732,1,0.03788645972345793,0.8972745092543696,4.134420521092787,97.91295862824632,0.23785683158574972,0.08517743665778187,6.171081000502454,30.0
1718,57.26666666666598,track,1,320.7834766584767,240.5703316953317,320.7992510257959,240.51980760288757,1,0.052929335737620826,0.9534160404857552,5.775105476760508,104.0383205634932,0.23956537540740164,0.11371054566778835,5.677469998772722,30.0
1719,57.29999999999931,track,1,320.6727707834773,240.51076891062326,320.80888709036253,240.44018500177253,1,0.15332885308618333,0.9209023622190621,16.73174944452285,100.49160320737218,0.23337292118623468,0.1112738667918048,6.505269000626868,30.0
1720,57.33333333333264,track,1,320.91394446712945,240.32462229481422,320.8502173535728,240.37120724687497,1,0.07893860120855613,0.9277199838576621,8.61383136132536,101.2367927452105,0.2452353760371759,0.08495628076734558,8.095408000372117,30.0
1721,57.36666666666597,track,1,320.86557010864044,240.46898162249974,320.8269303042314,240.44020873029694,1,0.048175863360026654,0.9368017155651749,5.256973550183366,102.22672719195816,0.24282318648328993,0.08353119617351391,6.498437998743611,30.0
1722,57.3999999999993,track,1,320.8198362147407,240.5897280355879,320.8151387359585,240.5143991366133,1,0.0754752232698742,0.9638763564941925,8.23495676032849,105.1799999137253,0.2403917597160854,0.11296016952960944,6.688202000077581,30.0
1723,57.433333333332634,track,1,320.7752335040675,240.43979110173746,320.81492662389405,240.42919332228485,1,0.04108353308676327,0.9210387126637306,4.483286281070615,100.50668463037185,0.23784376934911827,0.0827636221952293,6.638676999500603,30.0
1724,57.466666666665965,track,1,320.8950514453699,240.49955903968643,320.8268970373856,240.50256403826006,1,0.06822062257205805,0.967641112701064,7.444736843136723,105.59109997262742,0.24376887915062245,0.08135349582678224,6.691171000056784,30.0
1725,57.4999999999993,track,1,320.83304577286106,240.53496397036434,320.805841526098,240.58095382346937,1,0.05343348791317649,0.9934223221710009,5.830290002282946,108.40300935396304,0.24061826201609873,0.1079152956601235,6.733754000379122,30.0
1726,57.53333333333263,track,1,320.82877489937044,240.4710496439261,320.80014540493926,240.51514933413614,1,0.05257785301822571,0.9516362254067031,5.7369671204819745,103.84418195333589,0.24028332927941382,0.08041728077293328,6.470068999988143,30.0
1727,57.56666666666596,track,1,320.7656602998562,240.45871842267405,320.7947731493239,240.5934399916789,1,0.13783127061467387,0.991884762767353,15.038614348469967,108.23492250522884,0.23683727157711576,0.07902632245110924,5.983244000162813,30.0
1728,57.59999999999929,track,1,320.8051948051948,240.7255969836615,320.8062989058292,240.6765587193197,1,0.049050692226165614,1.0525443583188536,5.351823679047976,114.85299817144237,0.23853897268582014,0.11569537781638446,6.687133000014001,30.0
1729,57.63333333333262,track,1,320.83734398402396,240.56555167249127,320.80724946238274,240.5614894860014,1,0.03036744295939696,0.9833219907066728,3.3139096613004226,107.30115737148368,0.24000686986192132,0.10864206238966051,8.778059000178473,30.0
1730,57.666666666665954,track,1,320.80867474707003,240.50095161775016,320.7988532966385,240.48138912995864,1,0.021889536705278767,0.9326854153424834,2.388409180265676,101.77671903735255,0.2384159021500797,0.10605637208817251,6.798662998335203,30.0
1731,57.699999999999285,track,1,320.98804865150714,240.36478053939715,320.79740590004167,240.41240133163114,1,0.19650037796228453,0.8977366137973893,21.443352216118935,97.96399173236149,0.2477042898189552,0.08036016670222734,7.177583000157028,30.0
1732,57.73333333333262,track,1,320.7701781170483,240.45587786259543,320.7448656115678,240.47775334135304,1,0.03345533596568742,0.8849141396035134,3.650616515567271,96.56338000882455,0.2368268740783629,0.07907016810838274,6.543384999531554,30.0
1733,57.76666666666595,track,1,320.75910848768575,240.58243435782617,320.74876497297123,240.5472500499036,1,0.03667320303219014,0.9274328018072767,4.001396637107396,101.20207071807191,0.2359838897167858,0.10823522450921458,7.05478500094614,30.0
1734,57.79999999999928,track,1,320.78120939530237,240.38830584707645,320.75556862996564,240.45843598309602,1,0.07467050840309672,0.8837689206944132,8.147321088194527,96.43879569056159,0.23681756114903896,0.07850369311273808,6.453543999668909,30.0
1735,57.83333333333261,track,1,320.75234284510896,240.5668105717595,320.75631605448484,240.52539792207358,1,0.04160281176499593,0.9209000764419305,4.5392071899756425,100.48962065077143,0.23504099811359228,0.10686992567313784,5.921329000557307,30.0
1736,57.86666666666594,track,1,320.7515274949084,240.46558044806517,320.7649101565539,240.43825293404007,1,0.030428418550945087,0.881562919929187,3.3200982563891337,96.19844722532314,0.23460635499401045,0.07794221345017073,6.0979530007898575,30.0
1737,57.899999999999274,track,1,320.79383527033855,240.55725113693785,320.77417571311867,240.50254069653465,1,0.05813544941938373,0.9229816826223195,6.3431719129421085,100.71728783269992,0.23642939844508135,0.10584096600281406,6.35535099900153,30.0
1738,57.933333333332605,track,1,320.7655759294904,240.4918447978928,320.77205343619494,240.41515886812954,1,0.07695901452568563,0.876597623842895,8.39685518947513,95.65700952899499,0.2347092570217384,0.07742265028488297,7.361592999586719,30.0
1739,57.96666666666594,track,1,320.7959204487506,240.49433962264152,320.777422043001,240.47643745060805,1,0.025742548024482337,0.9117991430604555,2.808975937058886,99.49744487056539,0.23597370890648214,0.07620087934890316,7.883959999162471,30.0
1740,57.99999999999927,track,1,320.5690636862083,240.47163644032054,320.7743454582103,240.54130067804545,1,0.21678033105902442,0.9447842678111045,23.65624048434371,103.09583915551929,0.22380793898557735,0.07495160766272135,16.939723000177764,30.0
1741,58.0333333333326,track,1,320.797048346056,240.6018320610687,320.83443331179456,240.6098678641929,1,0.03823885190646514,1.0335462077757482,4.172873863967622,112.781234441075,0.23466316508801344,0.10521948114944911,6.513102998724207,30.0
1742,58.06666666666593,track,1,320.73333992485664,240.53984575835477,320.8348887635932,240.51402038296987,1,0.10478128011489068,0.9804367402758206,11.434385606228721,106.98728924838805,0.23106843694706047,0.10293014246960305,6.6351450004731305,30.0
1743,58.09999999999926,track,1,320.79510546795,240.42484128609462,320.8527600667569,240.42736968744316,1,0.05771001279641968,0.9538577363530152,6.297741711978266,104.08830471651395,0.23385406310756743,0.07544810605637815,5.95431399960944,30.0
1744,58.133333333332594,track,1,320.8815005954744,240.41990869392617,320.85400052101454,240.48424999527356,1,0.06997183114920001,0.9817407742451916,7.6346966369864955,107.13018922072135,0.2382246255298884,0.07426778670285948,6.93269699877419,30.0
1745,58.166666666665925,track,1,320.8267455858748,240.56621187800963,320.8301390147201,240.54435882168832,1,0.02211495941461896,0.9927020250358798,2.412929221128764,108.32520509378614,0.23555815224262283,0.10269801839830602,7.282530999873416,30.0
1746,58.19999999999926,track,1,320.71269305512936,240.40595274624118,320.8186883127528,240.44974674531545,1,0.11468613252513157,0.9340892293351,12.515075505870923,101.93053269145848,0.22958971074223192,0.07387553943711084,9.484493000854854,30.0
1747,58.23333333333259,track,1,320.83829744415374,240.54095391426847,320.83724084628375,240.5057352534268,1,0.035234506815621236,0.9781310654736352,3.84436738547648,106.73583217017591,0.2357957631587754,0.1010073313202884,6.415476000256604,30.0
1748,58.26666666666592,track,1,320.826579565173,240.35419005818108,320.82084794165917,240.41387544636314,1,0.05995996222937153,0.9192846286261815,6.542122544161483,100.31553108024117,0.23529193535022597,0.07340883413811625,7.078746999468422,30.0
1749,58.29999999999925,track,1,320.889575524263,240.27869516766285,320.80527761411304,240.4660362599077,1,0.20543325558231396,0.9304094965875728,22.415083927664487,101.52864539410938,0.23870258474390968,0.07214749997741401,7.0441669995489065,30.0
1750,58.33333333333258,track,1,320.78339058395636,240.52081228531017,320.7696346663258,240.5217270694775,1,0.013786301169305428,0.9298046325094542,1.5044620763833132,101.46148760965706,0.23349224682680608,0.09813477777677623,7.552564000434359,30.0
1751,58.366666666665914,track,1,320.7547379032258,240.47610887096775,320.75987973903284,240.43559637507497,1,0.040837492564177506,0.8758775141371462,4.455709941165611,95.57803763069205,0.23194368986514902,0.07152344761104619,6.031328999597463,30.0
1752,58.399999999999245,track,1,320.774068004916,240.44377304383448,320.75646540313096,240.48814470337902,1,0.04773568644461605,0.9002917069323022,5.208471485682496,98.24136321207514,0.23279561360863898,0.07033817662958124,5.657583000356681,30.0
1753,58.43333333333258,track,1,320.7308473887421,240.50518187360294,320.74657119202425,240.5437412114884,1,0.0416420523968271,0.9235924695618599,4.5435964668449715,100.78303958478261,0.23041509245174258,0.09558987179008394,7.599372998811305,30.0
1754,58.46666666666591,track,1,320.88113565930223,240.55283414975509,320.7474189371146,240.46136374273897,1,0.16200925020594933,0.8783459288182827,17.678647072595336,95.84691071577325,0.2380398570356341,0.09874693842677201,10.293633000401314,30.0
1755,58.49999999999924,track,1,320.63615488988626,240.31124099780817,320.7056292680759,240.35882550348038,1,0.08420792364678728,0.7916239043341535,9.188870529701799,86.38470709753138,0.22545669236594798,0.07064615648087055,8.022260999496211,30.0
1756,58.53333333333257,track,1,320.69821998147955,240.42998250848854,320.72895998983836,240.40281039994647,1,0.041027693044100554,0.8328498574714285,4.476896575103944,90.88296427390121,0.22804024307973225,0.06952075739041051,6.1075539997546,30.0
1757,58.5666666666659,track,1,320.68940699442476,240.4705524581855,320.73650416481087,240.44942529836771,1,0.05161879832332663,0.8627986344429748,5.632857734860251,94.15043459407235,0.22710192901260007,0.06839588859958662,7.3481350009387825,30.0
1758,58.599999999999234,track,1,320.68278953403524,240.470759929115,320.74702731208185,240.49864314102206,1,0.07002832023275245,0.8981618935829911,7.641793425913083,98.00870629922396,0.22623426556075163,0.06727516331036086,6.0329040006763535,30.0
1759,58.633333333332565,track,1,320.79955314395147,240.69294605809128,320.7601348980195,240.55041779693488,1,0.14787867777547012,0.9384907108595925,16.13495142088342,102.40879355911814,0.23182817178662263,0.10247903486009835,7.012276000750717,30.0
1760,58.6666666666659,track,1,320.6654482688598,240.4183165803635,320.74134751697534,240.41099424921754,1,0.07625163865725429,0.8476511156220978,8.321129734546325,92.49810073074477,0.22469589559925318,0.06765274545597368,5.924970000705798,30.0
1761,58.69999999999923,track,1,320.9414000633513,240.42762115932848,320.7585204710276,240.45384305581229,1,0.18474992055121436,0.8839269337886476,20.161206969537567,96.4561320219455,0.23865612286362461,0.0666432253360365,6.138574000942754,30.0
1762,58.73333333333256,track,1,320.91203999149116,240.3845990214848,320.6991427678049,240.49858468136586,1,0.24149111476786947,0.8587125795437078,26.352254842209828,93.70345969546416,0.23768784213567157,0.06559501053254048,9.40006299970264,30.0
1763,58.76666666666589,track,1,320.5863939899833,240.52128547579298,320.64281550638975,240.54540226768813,1,0.06135965421117746,0.8430156634692326,6.695835906351022,91.98926678212307,0.22105431841773443,0.09183666534082775,11.363296000126866,30.0
1764,58.79999999999922,track,1,320.60174156741067,240.4220798718847,320.67306906986187,240.44872681769561,1,0.07614244760299685,0.8089361716006727,8.309046752801647,88.27227654186129,0.22104598032353673,0.0653990981455509,6.229317999896011,30.0
1765,58.833333333332554,track,1,320.657152020526,240.44665383793028,320.7012182529577,240.48949136160832,1,0.06145637701321783,0.8551659671491812,6.705995678998111,93.31660760614548,0.22315426203584407,0.06441247327943513,6.648438000411261,30.0
1766,58.866666666665886,track,1,320.72329645331405,240.48712646055216,320.71595689929063,240.5319349265476,1,0.04540559082454832,0.8919355625397205,4.954136489078994,97.3284593123273,0.22603335314922754,0.06343460227384883,6.174550999276107,30.0
1767,58.89999999999922,track,1,320.70856325362763,240.54291845493563,320.7131565394088,240.575988419459,1,0.03338743517919911,0.9167087373056191,3.64284872804159,100.03102507397274,0.2249307774483271,0.09088094813797876,6.343857001411379,30.0
1768,58.93333333333255,track,1,320.70454545454544,240.5224228896104,320.71403527536927,240.47003382053026,1,0.053241630876144135,0.8548556409791905,5.809120993480124,93.28316418395211,0.22435297206074653,0.09081455816493059,6.515826000395464,30.0
1769,58.96666666666588,track,1,320.73034640116157,240.26125285210537,320.71577690982804,240.36078373496457,1,0.1005915837456067,0.8015619053185843,10.97538807153716,87.46922035980948,0.22535054167274415,0.0643677293421446,5.1013520005653845,30.0
1770,58.99999999999921,track,1,320.65041145992075,240.33506044905008,320.70996205264646,240.38891206255585,1,0.08028866278098483,0.8095052245658566,8.760992714238345,88.33557977851397,0.2209011383090007,0.06336335939040212,23.488279000957846,30.0
1771,59.03333333333254,track,1,320.7760324560491,240.31852699469468,320.7256238686732,240.41870412837307,1,0.11214492317198668,0.8377607927713762,12.236348521371216,91.41860173021615,0.2269609570923385,0.06230154759625813,10.15479600027902,30.0
1772,59.066666666665874,track,1,320.5881986933527,240.45774136679455,320.7066958481382,240.45044494232866,1,0.11872157976649517,0.8380451466629187,12.955769101494186,91.44899537137329,0.2170423386849315,0.06125307770419183,8.747607998884632,30.0
1773,59.099999999999206,track,1,320.8363768416684,240.31074911807428,320.7383790306951,240.48404221664123,1,0.19908307051704172,0.8828932327644209,21.722492667310917,96.34269935020855,0.22933341469179452,0.06017025343050916,7.830234000721248,30.0
1774,59.13333333333254,track,1,320.7350497486922,240.43686531951994,320.7022044539767,240.5196582605472,1,0.0890701098511131,0.8735764436726116,9.718497050236653,95.32513367369056,0.22425066589726783,0.05912576974689005,7.313841000723187,30.0
1775,59.16666666666587,track,1,320.66745501285345,240.5282262210797,320.6908152915548,240.55706789481792,1,0.037115290178408665,0.8874403678461157,4.049860511938598,96.8372809637532,0.2205811125040198,0.08576130625478617,7.094589998814627,30.0
1776,59.1999999999992,track,1,320.8003081664099,240.49070364663584,320.6966573096279,240.4486238682705,1,0.11186692030675909,0.8286101509394711,12.207439545021698,90.41936363498183,0.2272134447985014,0.059085550056888585,17.79284300027939,30.0
1777,59.23333333333253,track,1,320.75351014040564,240.45429017160686,320.6647699601549,240.4786328189482,1,0.09201838984963001,0.8191510698879945,10.041603097063751,89.38640535073856,0.2249422048033497,0.05822144215308343,12.637499999982538,30.0
1778,59.26666666666586,track,1,320.5305291723202,240.56371986222732,320.64262183851315,240.50941258784678,1,0.12455539275714546,0.8200390307727903,13.59194740521109,89.48259271355582,0.21323952477979521,0.08687177415810932,9.370988998853136,30.0
1779,59.299999999999194,track,1,320.66364099949004,240.42386537480877,320.680496869139,240.38353301679558,1,0.043712920796108515,0.7811360725765449,4.769555721490736,85.23969942153688,0.21935429244217694,0.058554719504893854,6.73792800080264,30.0
1780,59.333333333332526,track,1,320.7365868757738,240.2907552620718,320.68335161002733,240.40480057991317,1,0.12585836500065564,0.7942499181145593,13.732592085753437,86.67043019189312,0.2228069797811547,0.05768892564120344,6.725982000716613,30.0
1781,59.36666666666586,track,1,320.632442903752,240.39743066884176,320.6653668035053,240.42678918999673,1,0.04411242386644114,0.790482128770126,4.813495290831709,86.25879334589439,0.21723802323443953,0.056800535790682644,7.528648999141296,30.0
1782,59.39999999999919,track,1,320.6122322260168,240.45855324433404,320.67464089942814,240.44960022217583,1,0.06304759410740662,0.8107285013873438,6.880195616270263,88.46786074040912,0.2156786305493421,0.05592384888257856,6.618087998504052,30.0
1783,59.43333333333252,track,1,320.7053670325244,240.46682106535093,320.68977260844053,240.47315235125984,1,0.016830663794635693,0.8364564536528939,1.8366404519818027,91.27513015483261,0.21999164927005135,0.055068194502841436,7.5959619989589555,30.0
1784,59.46666666666585,track,1,320.6018737774117,240.53279110470504,320.6794254899735,240.49731472266626,1,0.08528095803769592,0.8419863002486003,9.306203316840978,91.87808184524593,0.21432437952884026,0.08213149465259631,6.806465000408934,30.0
1785,59.49999999999918,track,1,320.68161434977577,240.41449245821443,320.69681087201957,240.37316779395746,1,0.04403024147397857,0.7904426568776206,4.804153605313659,86.25553828658273,0.21789945865903715,0.055359598477724384,9.560417000102461,30.0
1786,59.533333333332514,track,1,320.6395430403848,240.5324180779637,320.69261938630575,240.38781439114086,1,0.15403676424503246,0.7938020006667367,16.806999000322616,86.62187685827729,0.21538712899080353,0.08247495955330605,6.329212999844458,30.0
1787,59.566666666665846,track,1,320.6974605078984,240.25864827034593,320.69930040855365,240.25383781943583,1,0.005150307988808268,0.7439453608829378,0.5619525870029651,81.18314631155295,0.21799072757442173,0.05569303876489616,8.49332100005995,30.0
1788,59.59999999999918,track,1,320.67638422818794,240.1204907718121,320.6895522202183,240.25867249199678,1,0.1388077224339873,0.7364738437471995,15.145058069410943,80.36771674014263,0.21668742755705614,0.05475979457259342,9.879789000478922,30.0
1789,59.63333333333251,track,1,320.6947612799031,240.29252044009286,320.68419488287896,240.26444127721265,1,0.030001468866123076,0.7335201611759607,3.2734726401077,80.0453021333903,0.21740287791327428,0.053782844995966486,7.733050999377156,30.0
1790,59.66666666666584,track,1,320.71647471206813,240.29844767150726,320.6724450340712,240.2713599820736,1,0.05169483014160835,0.7251334799317855,5.641047296265934,79.1299648327309,0.21838621280505308,0.052786767913835325,5.970576999970945,30.0
1791,59.69999999999917,track,1,320.62213470665455,240.27769362819348,320.6528572998616,240.2795135672584,1,0.03077645060049505,0.7101763782780051,3.3585520730742013,77.49757099476564,0.21336339071760818,0.05177470672631188,9.333329999208217,30.0
1792,59.7333333333325,track,1,320.67154658579943,240.15946878594582,320.65744789869905,240.28897046534416,1,0.13026687201643528,0.7181515643267897,14.213188281912535,78.36776083637172,0.21553761678249772,0.05072003271499329,11.4282260001346,30.0
1793,59.766666666665834,track,1,320.6233256118441,240.2584348877027,320.6478159928761,240.29994136641517,1,0.04819301337538765,0.7138840129271805,5.258485025712228,77.90186499853004,0.21276657874838673,0.049676057051746665,6.980664998991415,30.0
1794,59.799999999999166,track,1,320.60918346145854,240.28589237481822,320.6503197814782,240.31235287294317,1,0.048911703975407894,0.7214430922932658,5.337329620273995,78.72658899572973,0.2115957652732984,0.048664807350886685,7.472400999176898,30.0
1795,59.8333333333325,track,1,320.72098585690514,240.42470881863562,320.65640822910655,240.3260143463758,1,0.1179443464806025,0.7329100335523052,12.86935836355772,79.97775675958755,0.21700289346781054,0.047750876653861955,8.051124999838066,30.0
1796,59.86666666666583,track,1,320.5294841554712,240.298430930161,320.630982514371,240.3403908924613,1,0.10982966491614529,0.7169413456570546,11.985115284313022,78.23481344279676,0.20689776681461136,0.04686605050718556,6.30396399901656,30.0
1797,59.89999999999916,track,1,320.6931806458269,240.3708862065408,320.6567582361447,240.35531166880673,1,0.03961260093312593,0.7467112981160255,4.322701526877925,81.48338640193704,0.2147247053880083,0.046033234519057886,6.321421000393457,30.0
1798,59.93333333333249,track,1,320.6581231491882,240.35096497498213,320.6380813253138,240.3704839121242,1,0.02797612573907858,0.7378388081804013,3.052697825024573,80.51482567636853,0.21275111035013403,0.0452546840787985,6.228275000466965,30.0
1799,59.96666666666582,track,1,320.53698940220187,240.3741125630209,320.62720494587984,240.3856030736231,1,0.09094435746658952,0.7362579537931692,9.9244934877332,80.34200222359071,0.20613304570339575,0.04452433245269449,10.135061000255519,30.0
1800,59.999999999999154,track,1,320.65572715572716,240.31349206349205,320.6488832933826,240.40039720454456,1,0.08717420486100425,0.7624745568464191,9.511414100784584,83.20279092982538,0.21165704478859648,0.043820043108024315,25.07865299958212,30.0
