frame_index,timestamp_s,state,detected,selected_x_px,selected_y_px,truth_x_px,truth_y_px,truth_visible,centroid_error_px,pointing_offset_px,pan_rate_deg_s,tilt_rate_deg_s,processing_time_ms,source_fps
1,0.03333333333333333,acquire,1,321.7839687863646,242.19056745841604,321.7994344605369,242.18856423255295,1,0.015594870677936629,2.83333333333332,0.09327926791703883,0.11453929598192873,12.423176000083913,30.0
2,0.06666666666666667,acquire,1,322.86245327896705,243.8836561331974,322.8842403761539,243.92803247707207,1,0.049436196248414256,4.873220874162114,0.15609203855030537,0.21098474257484498,10.871266998947249,30.0
3,0.1,track,1,323.53859951707483,245.18378751293548,323.59276400235797,245.18039530744034,1,0.05427060460422931,6.304319845787417,0.20202307059231847,0.2934092953128251,10.841786999662872,30.0
4,0.13333333333333333,track,1,324.1775758827173,245.9132768944869,324.1666829011881,245.91787878346133,1,0.011825160833089078,7.237578026853669,0.2488863847944193,0.3513073561428085,3.83513400083757,30.0
5,0.16666666666666666,track,1,324.5415074678708,246.3084404307051,324.56774862328666,246.28927954728806,1,0.03249211736529548,7.772989431967157,0.28414803962846735,0.3950421407945763,3.932128000087687,30.0
6,0.19999999999999998,track,1,324.6130374479889,246.5124826629681,324.6369052158601,246.53117080153106,1,0.030313641584306956,8.009811609497604,0.3058130728264229,0.43077597457091027,3.661909999209456,30.0
7,0.2333333333333333,track,1,324.6378269617706,246.5140498161382,324.65996109077867,246.5341047348088,1,0.029868368382462374,8.025569266601712,0.3255231390593871,0.45697019313688036,4.460842999833403,30.0
8,0.26666666666666666,track,1,324.4837035499273,246.48910110026986,324.4642553798494,246.47493186328575,1,0.02406238965878682,7.864751663638688,0.3359356021612739,0.4818340722244162,4.5830369999748655,30.0
9,0.3,track,1,324.10807066158645,246.3740907516453,324.1006809595175,246.35226257032593,1,0.02304511220148584,7.5608745588134925,0.3338564131077295,0.501657692762963,4.344850000052247,30.0
10,0.3333333333333333,track,1,323.747464293107,246.1200579590147,323.76224878784865,246.1156118552151,1,0.01543855964017085,7.1801966759494835,0.33060832491346315,0.5132649269500607,4.222691000904888,30.0
11,0.36666666666666664,track,1,323.76254946886064,245.55842532805664,323.7759447831627,245.5850656068029,1,0.029818432167529933,6.741714680835011,0.34510908769667203,0.5069754057995967,4.208872000162955,30.0
12,0.39999999999999997,track,1,323.718212583742,245.07459078665653,323.7342222613697,245.07023379502232,1,0.016591960518400072,6.2969585224531714,0.355936192246183,0.5016200041430992,3.3697340004437137,30.0
13,0.4333333333333333,track,1,323.90032532705754,244.34886135529868,323.90561287128423,244.32988174340926,1,0.019702380349141572,5.831096621755627,0.377984942031546,0.48048698222747327,2.9827260004822165,30.0
14,0.4666666666666666,track,1,324.02079146163976,243.61327881350059,324.02084038114094,243.63436494950406,1,0.021086192749632707,5.419941508614027,0.39708268435043925,0.45468821330902776,2.984844999446068,30.0
15,0.49999999999999994,track,1,323.82168774621607,243.30271615177276,323.83024933597005,243.28631622808075,1,0.018500224761313074,5.046848950250633,0.39945505035677875,0.44701808373383334,3.1446569992112927,30.0
16,0.5333333333333333,track,1,323.64273350411963,242.94184033787994,323.66142888325646,242.94669472277587,1,0.01931533726828736,4.6999011964486925,0.40168345645490333,0.43422004683118154,3.8542849997611484,30.0
17,0.5666666666666667,track,1,323.44580237483507,242.7166863412263,323.4205266655845,242.7314304655922,1,0.029261761420628408,4.377295404509471,0.4017818163297453,0.42605234382263635,3.1033619998197537,30.0
18,0.6,track,1,323.1415585316772,242.57532440496843,323.13176416841634,242.6016236815774,1,0.028063882515450802,4.0714116209394495,0.39493215185748515,0.4205140490245721,2.9910379998909775,30.0
19,0.6333333333333333,track,1,322.94163018553263,242.466958515739,322.94691278792766,242.4411391545682,1,0.026354227352231207,3.826676802607906,0.39180764818889924,0.4154668566434401,3.058871001485386,30.0
20,0.6666666666666666,track,1,322.92983421613815,242.16096856297725,322.93310426119456,242.1537085635798,1,0.007962461046792782,3.638895599474474,0.3972571237672193,0.3990754558312457,3.426852001211955,30.0
21,0.7,track,1,322.801639231352,242.0371926441215,322.81016151941367,242.03645310453294,1,0.00855431543778421,3.470468125794441,0.3960685940548343,0.3906968660608323,3.551188001438277,30.0
22,0.7333333333333333,track,1,322.5964218847514,242.03744539213648,322.6201683118652,242.0341449651919,1,0.023974687040442113,3.3170812052040697,0.38991070702217345,0.3881583601671475,3.23957099863037,30.0
23,0.7666666666666666,track,1,322.42467559503154,242.1082506418708,322.40068616909275,242.10126040737396,1,0.02498711538360687,3.1903901614176586,0.3843248438229681,0.3893464767352239,2.89578499905474,30.0
24,0.7999999999999999,track,1,322.1613014406838,242.2233404563314,322.1540544062675,242.21029053556595,1,0.014927154444707947,3.086314085891592,0.3728798384094366,0.39335781013288706,3.0601649996242486,30.0
25,0.8333333333333333,track,1,321.7790899617923,242.4584925321292,321.79193155643566,242.43230657646654,1,0.02916523318870749,3.021114692439252,0.35377134831720736,0.4045618194695443,3.5866859998350265,30.0
26,0.8666666666666666,track,1,321.3825098745756,242.68817129790034,321.3622125348272,242.7046125833333,1,0.026120832060804632,3.0282919634614553,0.3319995022887243,0.41699807920089726,2.7552850006031804,30.0
27,0.8999999999999999,track,1,321.35306334371757,242.70093457943926,321.3322381897906,242.71619373015824,1,0.025817217447795218,3.025320970424035,0.32763711393504236,0.4195986715252643,2.9309759993338957,30.0
28,0.9333333333333332,track,1,321.18588640275385,242.81411359724612,321.1773255401431,242.82178638303276,1,0.011496086741486614,3.057543755850821,0.3156712398494397,0.4282128893778072,2.8705949989671353,30.0
29,0.9666666666666666,track,1,321.3488613552987,242.68021042430954,321.3284637645336,242.69705517446027,1,0.026453871487222096,3.0064800993456906,0.320357682634947,0.42489541308056666,3.260090999901877,30.0
30,0.9999999999999999,track,1,321.40779527012967,242.62549413967682,321.3833992608918,242.6485601010727,1,0.033573856523348315,2.988087034212714,0.32031816062547613,0.42574972674080375,11.034115999791538,30.0
31,1.0333333333333332,track,1,321.6462018730489,242.41623309053068,321.6673284535734,242.39247859853322,1,0.03179006597535478,2.916151233481383,0.3302432067235079,0.418658989024268,2.9577379991678754,30.0
32,1.0666666666666667,track,1,321.92987280852526,242.14437951185974,321.93326431127207,242.13905085065198,1,0.0063164009648413256,2.883235931885083,0.3439299512802312,0.40771117024772285,3.4621639988472452,30.0
33,1.1,track,1,321.87612690110797,242.17342233844883,321.88191314922824,242.1666121474177,1,0.00893640695076784,2.869809279129212,0.3415002030590871,0.41169556131069157,3.38083499991626,30.0
34,1.1333333333333335,track,1,321.92171942594246,242.1071207855524,321.9266140058446,242.10296490127257,1,0.006420925678281377,2.8520699331364545,0.34460380614006025,0.4109105410066542,2.9046639992884593,30.0
35,1.166666666666667,track,1,322.0164304785377,241.98767714109673,322.015839802345,241.98846252087628,1,0.000982710416532508,2.8315355031586638,0.3509562314760672,0.4071801855430233,3.0127409991109744,30.0
36,1.2000000000000004,track,1,322.0741707300323,241.88874390495158,322.0691992374125,241.89569696940111,1,0.008547563635803305,2.806288025827881,0.35620171345693,0.40412915537382255,3.326335001474945,30.0
37,1.2333333333333338,track,1,321.8721913007627,242.0,321.8797159611995,241.99927734341372,1,0.007559282190170236,2.744165080798826,0.34840761631034173,0.4118142653098469,3.568786998584983,30.0
38,1.2666666666666673,track,1,321.90114642685523,241.91350312349832,321.9062943573779,241.918469127447,1,0.00715278853904107,2.7045298981408883,0.35228208044800624,0.4096046848254959,3.0569440004910575,30.0
39,1.3000000000000007,track,1,321.5499687478297,242.11250781304255,321.5759291965585,242.1066750992345,1,0.026607620122167035,2.6308996191987664,0.3364629127600525,0.4221817102660337,2.6794410005095415,30.0
40,1.3333333333333341,track,1,321.49377076411963,242.12458471760797,321.4855021965161,242.11866893850492,1,0.010166890016622089,2.58756156387433,0.33488033462124167,0.4258307775416679,2.9311389989743475,30.0
41,1.3666666666666676,track,1,321.2776051377667,242.21959809405428,321.26433291217086,242.2095607819956,1,0.016640300647247964,2.545721226319071,0.32466856178663905,0.43403447178318066,3.3281619998888345,30.0
42,1.400000000000001,track,1,321.0663304083466,242.29434118703793,321.0637624137846,242.27878903635633,1,0.015762740462668165,2.5148498852215178,0.31381464276951526,0.44168346957920834,3.9806400000088615,30.0
43,1.4333333333333345,track,1,320.83905358002613,242.40497970974621,320.8488851898733,242.35206910021338,1,0.053816290780041735,2.5005669592643947,0.3011713956478854,0.4516545273289676,3.378429000804317,30.0
44,1.466666666666668,track,1,320.68907621087544,242.4037863608098,320.7039586756239,242.37065487444397,1,0.03632056092348935,2.472966306020179,0.291547622587945,0.456296167010669,2.8791439999622526,30.0
45,1.5000000000000013,track,1,320.4225935644248,242.48902085347328,320.3996082927006,242.47948593994124,1,0.024884478943707253,2.511481099662383,0.2529286460739454,0.46557097207203807,3.2407100006821565,30.0
46,1.5333333333333348,track,1,320.33591374066907,242.50414708321813,320.31958712999676,242.5297370925034,1,0.030354683185069127,2.5498442483507056,0.2476754059268773,0.47154582769747355,3.55033999949228,30.0
47,1.5666666666666682,track,1,320.2903761061947,242.49626659292036,320.27529036652754,242.54424715443292,1,0.05029626054057446,2.5590971784484657,0.2422325911111642,0.47638305827932403,3.354573998876731,30.0
48,1.6000000000000016,track,1,320.10405827263264,242.58376690946932,320.0964954919409,242.60906218571677,1,0.02640164108963452,2.610846006355424,0.23662721165757378,0.48618553453597413,3.2669360007275827,30.0
49,1.633333333333335,track,1,320.1209005002779,242.51876042245692,320.1151517860476,242.54345610210567,1,0.025355952133873504,2.5460614441070533,0.23097314267702015,0.48824895995163864,2.9972719985380536,30.0
50,1.6666666666666685,track,1,320.1371096184475,242.49220968077003,320.1294759616578,242.4840266120732,1,0.011190859184153518,2.4873986882152703,0.2253604579623534,0.49197602297056653,2.9076089995214716,30.0
51,1.700000000000002,track,1,320.2868029095947,242.3740907516453,320.2718279761632,242.35428839978408,1,0.024827037086889478,2.3699291799509266,0.21992393022757456,0.4906129266763391,2.9204989987192675,30.0
52,1.7333333333333354,track,1,320.35726649588037,242.3032610953403,320.3364871038898,242.2864420560236,1,0.02673318565070538,2.311069199880764,0.21473004144193955,0.49105330500625655,3.1479970002692426,30.0
53,1.7666666666666688,track,1,320.2902757619739,242.30271615177276,320.2730260649555,242.28618550852548,1,0.023891718510697893,2.3024307615077118,0.20976013684541206,0.4946668544505542,2.9749130007985514,30.0
54,1.8000000000000023,track,1,320.11623884314673,242.33626236767452,320.1081727732694,242.3159043171811,1,0.0218977556648782,2.31842924308999,0.20494440683462412,0.499836711673446,3.5627249999379274,30.0
55,1.8333333333333357,track,1,320.10774224739276,242.28178741625803,320.1026657625787,242.26641443945505,1,0.016189475403871143,2.2687385636463713,0.2003033091942857,0.5002847216975366,3.4194449999631615,30.0
56,1.8666666666666691,track,1,319.7965257111219,242.3446605301405,319.8076952183642,242.3239885253463,1,0.023496588566150032,2.331931344397009,0.19570727527937565,0.5064844961780677,2.9984360007802024,30.0
57,1.9000000000000026,track,1,319.50155504872487,242.37735849056605,319.50362666326737,242.35780943058035,1,0.019658518080909865,2.4094920212261965,0.1910586119894323,0.5111595744623132,3.1248380000761244,30.0
58,1.933333333333336,track,1,319.01666319516767,242.44157467194333,319.0142942109958,242.4150136216017,1,0.02666648610629193,2.6084299290949313,0.13478128857467284,0.5174753590033734,3.0632260004495038,30.0
59,1.9666666666666694,track,1,318.73159933591586,242.48132263420032,318.724423539564,242.45581793010547,1,0.026494942616464897,2.7673339177348972,0.11128100787432307,0.5226362003588692,3.3884109998325584,30.0
60,2.0000000000000027,track,1,318.3692435347808,242.49688839717882,318.349703295002,242.49329897578627,1,0.01986718189749537,2.9899864543479504,0.0823612648311064,0.5265786110550779,10.772264999104664,30.0
61,2.033333333333336,track,1,317.65441277708936,242.50309789343248,317.65071129698026,242.50628311018727,1,0.004883294049413833,3.4352019501837345,0.033180930127484895,0.5299923682133717,3.3813120007835096,30.0
62,2.066666666666669,track,1,317.43189368770766,242.5062292358804,317.40905715651775,242.51225190875084,1,0.023617361099244238,3.6089325944403763,0.00676617871126986,0.53317048067051,3.516938999382546,30.0
63,2.1000000000000023,track,1,317.37735849056605,242.50155504872487,317.3572230977918,242.50196558148446,1,0.020139577436481235,3.639244636703887,-0.011937212310011408,0.5358504706012903,3.03033100135508,30.0
64,2.1333333333333355,track,1,317.14160766347356,242.4843815077051,317.1339162038869,242.46285940206576,1,0.022855187195138876,3.7789036453296725,-0.04049046444518725,0.537752230877199,3.0333490012708353,30.0
65,2.1666666666666687,track,1,316.9417111928388,242.42467559503157,316.9468717319189,242.39937490158513,1,0.02582162373802586,3.8831162923240474,-0.06807236013823834,0.5372356082955025,3.1310560007113963,30.0
66,2.200000000000002,track,1,316.9501350509038,242.36567629337213,316.95429888162334,242.34504491960683,1,0.021047353033210283,3.8438952870043996,-0.08535634676220323,0.5363927545874072,3.527136001139297,30.0
67,2.233333333333335,track,1,317.19921145465867,242.327868852459,317.18762493245003,242.308913574165,1,0.022215986858446776,3.6387546514625053,-0.08964598086486336,0.5362939952315187,3.2159870006580604,30.0
68,2.2666666666666684,track,1,317.54573869556157,242.30006251302353,317.57338509275314,242.2805067762731,1,0.033863699111674195,3.3300407001567214,-0.0872950935833508,0.5364350716804117,3.1531710010312963,30.0
69,2.3000000000000016,track,1,317.718212583742,242.2486359555218,317.7350557738357,242.23650759600514,1,0.020755484988262397,3.1830706204267036,-0.0920170825443508,0.5350942497720835,2.957382999738911,30.0
70,2.333333333333335,track,1,317.863608183509,242.2025211820624,317.86992593543664,242.1935650113196,1,0.01096024560828114,3.0576041240505702,-0.09666302010827622,0.5337081529786688,3.033720000530593,30.0
71,2.366666666666668,track,1,317.8473282442748,242.1361667010522,317.8552712539306,242.13040654925976,1,0.009811765950305707,3.0229941216193783,-0.10841068237717637,0.530957471787263,3.429451999181765,30.0
72,2.4000000000000012,track,1,317.83903143702275,242.07429318291258,317.84683422078774,242.0705724246593,1,0.008644505564952614,2.987204887270078,-0.11901397656008618,0.5280681430968144,3.22956099989824,30.0
73,2.4333333333333345,track,1,318.0287888134896,242.05346493933786,318.0273589574431,242.05089724605364,1,0.0029389687163325104,2.8456092839057203,-0.11848463075569972,0.5269943410457945,3.048169000976486,30.0
74,2.4666666666666677,track,1,318.29434118703796,242.04974780625992,318.279449375327,242.04801943285565,1,0.01499177543387998,2.674822994034769,-0.11246598183591267,0.5266633676678983,3.1017660003271885,30.0
75,2.500000000000001,track,1,318.7766595436686,242.07444681877715,318.78849862657376,242.07102714532698,1,0.012323069850538429,2.399351790483191,-0.09318164145323782,0.5277733741615043,2.972009000586695,30.0
76,2.533333333333334,track,1,319.04939965694683,242.08233276157804,319.04581185130087,242.07941540778916,1,0.004624208308753887,2.2878906139212205,-0.08217368223086524,0.5280910289936995,3.0191280002327403,30.0
77,2.5666666666666673,track,1,318.863908172383,242.02886796343392,318.8719485723707,242.02935058769958,1,0.00805487170250906,2.3218018501097757,-0.09342025317649667,0.5252264974027843,2.87644199852366,30.0
78,2.6000000000000005,track,1,318.55842532805667,241.94584461570506,318.5852772296205,241.95058449112503,1,0.027267032045855854,2.4096100045542155,-0.11115099252536556,0.5206074907943004,3.1907350003166357,30.0
79,2.6333333333333337,track,1,318.49220968077003,241.916903261547,318.483788365196,241.9209610426326,1,0.009347948616463117,2.4472411096635165,-0.11717322197786718,0.5185108401439811,4.234113999700639,30.0
80,2.666666666666667,track,1,318.56783710783293,241.94542558348917,318.5930488787451,241.94158301445145,1,0.025502916094774154,2.3977606343433924,-0.11580500459669159,0.5193390127570078,3.571175000615767,30.0
81,2.7,track,1,318.9014710913445,241.99096818337324,318.90642814891953,241.98872565322222,1,0.005440713306223246,2.2695658433409025,-0.1003857199583939,0.5212213120888116,2.9952670010970905,30.0
82,2.7333333333333334,track,1,319.3017152304195,242.03802438520356,319.28464630801955,242.03784925105742,1,0.017069820850418842,2.1597593557304866,-0.07990713062463453,0.5234443216036581,3.1531979984720238,30.0
83,2.7666666666666666,track,1,319.46225303292897,242.06294627383016,319.43335223724284,242.06586085307708,1,0.02904738823849444,2.142164968277202,-0.07017709027130345,0.524795030861532,3.250826001021778,30.0
84,2.8,track,1,319.77249224405375,242.10754912099276,319.78364472144426,242.10018583049168,1,0.013363973920547386,2.1113005776433087,-0.039756315298991485,0.5273994411807194,3.673579998576315,30.0
85,2.833333333333333,track,1,319.65953913223996,242.10795100685073,319.6776989893722,242.1028225021887,1,0.018870134369712226,2.1273787667368658,-0.03535927315495852,0.5279763399813575,3.0516369988617953,30.0
86,2.8666666666666663,track,1,319.8721913007627,242.12780869923728,319.8793722331857,242.12025178213094,1,0.010424624051502743,2.123680455660884,-0.030772195506721015,0.5296949973856894,3.100726000411669,30.0
87,2.8999999999999995,track,1,320.0164959791051,242.136091827617,320.01703765463276,242.12842163986807,1,0.007689290765816931,2.128489830545133,-0.0260801784095134,0.5309880740076479,3.6676670006272616,30.0
88,2.9333333333333327,track,1,320.22750775594625,242.13650465356773,320.21451450915856,242.1292170103186,1,0.014897456367189187,2.139995689638091,-0.021321514970595735,0.5319930950387741,3.3347460012009833,30.0
89,2.966666666666666,track,1,320.206682741991,242.12814330003445,320.1943604151336,242.12208956399832,1,0.01372907350029643,2.130971630172833,-0.016637049220851723,0.532614857762169,3.6002859997097403,30.0
90,2.999999999999999,track,1,320.09478672985784,242.11539254069646,320.0914813340089,242.10832388673543,1,0.0078033012590151335,2.1103076661594287,-0.01218188413658963,0.5330307682724944,10.56880100077251,30.0
91,3.0333333333333323,track,1,320.3993621299314,242.09568051029606,320.3758178060034,242.09032163955612,1,0.0241464839020712,2.123836994711648,-0.007885701590438,0.5330690403325128,3.6298830000305315,30.0
92,3.0666666666666655,track,1,320.5140498161382,242.0832581697079,320.5329554770333,242.07828203051463,1,0.019549577365018504,2.145529710551635,0.023102300242319664,0.5334344684056962,3.7199849994067336,30.0
93,3.0999999999999988,track,1,320.50779031922997,242.06647739076243,320.5183425596192,242.06454950521402,1,0.010726906353659929,2.128624830399205,0.028443888595215912,0.5335282277902101,3.0931969995435793,30.0
94,3.133333333333332,track,1,320.6132788135006,242.04158292327952,320.63503655851287,242.03965812212368,1,0.02184271795150327,2.1362295489466887,0.03937384881458446,0.533122625945895,3.092753999226261,30.0
95,3.166666666666665,track,1,320.63432370662787,242.02077706212341,320.6555664910279,242.02027735039314,1,0.02124866115500321,2.123979283484232,0.045968268208245136,0.5328158573913266,3.0210160002752673,30.0
96,3.1999999999999984,track,1,320.466958515739,242.01250781738588,320.43758811633165,242.01179568499947,1,0.029379031534129112,2.058835893833496,0.017950984900618718,0.5330609473399088,3.433443998801522,30.0
97,3.2333333333333316,track,1,320.35726649588037,242.00415426158,320.33671605651716,242.00213264873264,1,0.020649636232277453,2.0302494540912077,0.020364960320959927,0.5332410565972127,3.33933900037664,30.0
98,3.266666666666665,track,1,320.3110957483581,241.99170411337712,320.29543345060733,241.9907135557628,1,0.01569359025914153,2.0125161825027664,0.022232571431587377,0.533144398128164,3.063363999899593,30.0
99,3.299999999999998,track,1,320.1651186790506,241.9793601651187,320.15665049878066,241.98053802523077,1,0.008549703592956193,1.9867234956463455,0.023535530319305477,0.5329754961862803,2.970692999952007,30.0
100,3.3333333333333313,track,1,320.1278086992373,241.96701710987426,320.12009659722526,241.96993818677151,1,0.008246769530154643,1.9735956152073626,0.02431359822034792,0.5327282822011032,3.154190000714152,30.0
101,3.3666666666666645,track,1,320.0699540497908,241.95885055894658,320.0675377556636,241.96100443474757,1,0.0032369211104512742,1.9621671033680312,0.024599830970139437,0.5326229851584008,3.2546540005569113,30.0
102,3.3999999999999977,track,1,320.3867211864994,241.916834153441,320.36373109608826,241.92126148665307,1,0.023412508120316693,1.9553889665122677,0.024608137746616746,0.5306720022289025,4.014160000224365,30.0
103,3.433333333333331,track,1,320.87617802847905,241.83903143702275,320.8819746697777,241.8488984865728,1,0.011443763243298865,2.0484884504875134,0.07041585027754954,0.5266281116911714,4.603765000865678,30.0
104,3.466666666666664,track,1,321.0950478683105,241.80163923135203,321.09116195293996,241.81255334976572,1,0.011585263010176747,2.1156521579150662,0.08502977614380008,0.5243464186862441,3.0536449994542636,30.0
105,3.4999999999999973,track,1,320.8720154131976,241.8307300626161,320.8796222930232,241.83902278222877,1,0.01125316929827716,2.0385632616967846,0.07730100203751394,0.5253623687190118,3.249556999435299,30.0
106,3.5333333333333306,track,1,320.5031116028212,241.8630894758678,320.5059669119182,241.87016030944915,1,0.0076255804745915205,1.937395700159106,0.060937169886331174,0.5266373597648446,2.996651999637834,30.0
107,3.5666666666666638,track,1,320.3782997297859,241.8836000831428,320.35601992997294,241.88934830903236,1,0.02300938027377444,1.9225990802508377,0.03595953236909598,0.5274173508898061,3.3862470008898526,30.0
108,3.599999999999997,track,1,320.48751733703193,241.8876560332871,320.4691820030705,241.89333091284243,1,0.01919345538053818,1.9505982921990872,0.03527650704962352,0.5274304372069141,3.7078419991303235,30.0
109,3.63333333333333,track,1,320.194201501274,241.90909716961642,320.1842494876805,241.9120481625455,1,0.010380314727029332,1.9209050079595587,0.03423517706444911,0.5284019654654717,2.677454000149737,30.0
110,3.6666666666666634,track,1,319.8348813209494,241.9174406604747,319.8437662692686,241.9228346666457,1,0.010394114161739517,1.929171359385366,0.0327512172076746,0.5288035523415584,3.610073001254932,30.0
111,3.6999999999999966,track,1,319.1568195886925,241.88032189283996,319.1482368006439,241.88759599845116,1,0.01125063834323847,2.070874018656428,-0.013465199481822433,0.5268781296244539,3.5682229990925407,30.0
112,3.73333333333333,track,1,318.55842532805667,241.82920224953136,318.58254398809095,241.83826080545487,1,0.025763679808369584,2.321289368986273,-0.05064185578186314,0.5240867036435604,4.0798169993649935,30.0
113,3.766666666666663,track,1,318.1860657432293,241.78499069671284,318.1772993749273,241.79480413381225,1,0.013158752255048338,2.5580382028792874,-0.07890263760381513,0.5214552561800768,3.146443999867188,30.0
114,3.7999999999999963,track,1,317.7845155052145,241.71821258374197,317.79761609271054,241.7316096846214,1,0.018737868200929944,2.801600787935742,-0.11077128113590007,0.5174424513724225,3.261668000050122,30.0
115,3.8333333333333295,track,1,317.5108448667631,241.68381188459685,317.5272112121793,241.67120134798847,1,0.020661144591567777,2.984559990130931,-0.13800622138796853,0.514840050252202,3.117625999948359,30.0
116,3.8666666666666627,track,1,317.6940252222452,241.69567913996278,317.7084665425193,241.7038764211727,1,0.016605636106270586,2.8555770774716773,-0.14260770379699983,0.5145110525622101,4.037485001390451,30.0
117,3.899999999999996,track,1,318.0041268312814,241.7441364605544,318.00544917091815,241.75496692068077,1,0.010910886703847728,2.6567163759940255,-0.1398475754688457,0.5161525517170752,3.889792000336456,30.0
118,3.933333333333329,track,1,318.5246969172151,241.8071354347073,318.5529308990972,241.82853373962485,1,0.03542661691808734,2.331854330727819,-0.1244749806542455,0.5187836439751283,3.037119000509847,30.0
119,3.9666666666666623,track,1,318.97539134595667,241.85644951808052,318.9757786208238,241.88475116865038,1,0.02830430014681654,2.1450679246332904,-0.11011006335398098,0.5210068202017164,3.6675390001619235,30.0
120,3.9999999999999956,track,1,319.0329692973419,241.88460745930354,319.0301026016393,241.8888100151355,1,0.005087181908662036,2.123276768728699,-0.11385493705447719,0.5223927903680319,14.790433000598568,30.0
121,4.033333333333329,track,1,319.2734240143617,241.90471587378306,319.2575548448983,241.91048104579636,1,0.01688394941357394,2.0496737873820567,-0.10689237013137479,0.5235517796816439,3.1289239996112883,30.0
122,4.066666666666662,track,1,319.4754292069229,241.92076179884617,319.4453907223815,241.92563387942846,1,0.03043103223266546,2.0039104991049945,-0.10013591301274415,0.524657826259056,3.1977609996829415,30.0
123,4.099999999999995,track,1,319.44157467194333,241.90002082899395,319.41512030300737,241.90402340714036,1,0.026755453044527953,1.9918306642113344,-0.1041649453477398,0.5239594208152204,3.134259999569622,30.0
124,4.133333333333328,track,1,319.19004337946706,241.82235075397645,319.18037219934786,241.83045765399788,1,0.012619570232597722,2.005583444955931,-0.11909243007573668,0.5202237595670471,3.3242049994441913,30.0
125,4.166666666666662,track,1,319.14879107253563,241.7974788179376,319.14145240834296,241.80791108083986,1,0.012754924593854335,2.0014111130309167,-0.12341626594645713,0.5189691289906311,4.32599499981734,30.0
126,4.199999999999995,track,1,318.7717052922864,241.66793497059842,318.78412986764374,241.68515624542647,1,0.021235403916879794,2.0780018648345484,-0.14520633216776374,0.5120822316260795,4.1315229991596425,30.0
127,4.233333333333328,track,1,318.38677479725516,241.51091703056767,318.3651803330572,241.5238008154936,1,0.025145830628840193,2.234861129627946,-0.16870371577754542,0.5031693172248267,3.0468709992419463,30.0
128,4.266666666666661,track,1,318.17101147028154,241.47966631908238,318.1613969119139,241.4498258837641,1,0.0313510974702418,2.3414645862690344,-0.1847812602265621,0.5001563115597977,3.0615619998570764,30.0
129,4.2999999999999945,track,1,318.0582807187955,241.42045375702492,318.0542061609517,241.3964802144783,1,0.024317334637198866,2.3950512841080496,-0.19632017274676414,0.4954487247671005,3.6982689998694696,30.0
130,4.333333333333328,track,1,317.9501350509038,241.36567629337213,317.9541187149091,241.34481554001218,1,0.021237716676990735,2.4482971774977473,-0.20809809501153087,0.4906561098001881,4.0917709993664175,30.0
131,4.366666666666661,track,1,317.7432889379615,241.2567110620385,317.75833715172917,241.24255787041284,1,0.02065820831510682,2.5630065131877053,-0.22553083117369882,0.4827157928113265,3.6472079991654027,30.0
132,4.399999999999994,track,1,317.7014719093359,241.2280422914795,317.7184184738394,241.21431612235824,1,0.02180811241754947,2.584604013294207,-0.23512102557501655,0.47850019912594915,3.237150998756988,30.0
133,4.433333333333327,track,1,317.83014568804805,241.27342401436167,317.84016260333146,241.25958717196067,1,0.017082060748779406,2.5002914677724695,-0.23587533933422722,0.4780285619354493,3.4830849999707425,30.0
134,4.466666666666661,track,1,318.07481815032907,241.3740907516453,318.0722422416259,241.3511735398531,1,0.02306152427692718,2.354128269608693,-0.22987331097840166,0.48066550258811225,4.119613999137073,30.0
135,4.499999999999994,track,1,318.1747694014841,241.4077952701297,318.1662813296607,241.38501955444872,1,0.024305978442768852,2.29799985381989,-0.23026490594882915,0.4802550320701322,3.57712599907245,30.0
136,4.533333333333327,track,1,318.1997641673025,241.41201359506138,318.1901214500474,241.3883397335169,1,0.025562349588589432,2.281040898633838,-0.233896438008327,0.47853822253693323,2.9883959996368503,30.0
137,4.56666666666666,track,1,318.2414486921529,241.42045375702492,318.2267636165566,241.39772285137747,1,0.02706188309824847,2.2578743190953405,-0.23624203513618242,0.47718101696643456,3.235336998841376,30.0
138,4.599999999999993,track,1,318.3418328354061,241.46272493573264,318.32140995170994,241.4353583681891,1,0.034147081831119606,2.2086009588309308,-0.2350313473903918,0.4777647963289273,4.0089310004987055,30.0
139,4.633333333333327,track,1,318.2037280853718,241.38250987457556,318.19409246054306,241.36136906466095,1,0.023233146788276225,2.26155428218808,-0.24570389138368642,0.4721896229541246,3.451036000114982,30.0
140,4.66666666666666,track,1,318.2412478336222,241.3951473136915,318.2278315477222,241.3724238829434,1,0.026388464000666693,2.2414567445574662,-0.24745613606480896,0.4712890137721205,2.9936649989394937,30.0
141,4.699999999999993,track,1,318.2955254942768,241.41623309053068,318.2789075005476,241.39229977148148,1,0.029136943496097484,2.2137429944189013,-0.24798994427709478,0.4709788127316397,3.5629049998533446,30.0
142,4.733333333333326,track,1,318.4803160521209,241.4875242583865,318.4557455514407,241.4717401252808,1,0.029203567617196176,2.1332465394924935,-0.24123754512653173,0.47350360596504437,4.308423000111361,30.0
143,4.7666666666666595,track,1,318.49044629923435,241.4922397737463,318.47938671038287,241.4826667513205,1,0.014627278076546754,2.1238091891767255,-0.2427345111904879,0.4729251497587828,3.8044640004955,30.0
144,4.799999999999993,track,1,318.5506241331484,241.5124826629681,318.5774594079894,241.52869411679626,1,0.031351925156438844,2.0881875966122725,-0.2413578635035012,0.4732998731381974,2.946557000541361,30.0
145,4.833333333333326,track,1,318.4906780831377,241.48888275100126,318.47928883737995,241.47594789336063,1,0.017234426625620716,2.119194333711017,-0.24591211548028863,0.47154877396622635,3.3763640003598994,30.0
146,4.866666666666659,track,1,318.1533255059051,241.28178741625803,318.1460139991939,241.26805178851146,1,0.015560385598716373,2.246156590608091,-0.26524177925300974,0.4601037138775454,2.774148999378667,30.0
147,4.899999999999992,track,1,317.82242411728265,241.0619450753665,317.83049870097375,241.05791214967712,1,0.009025707252102744,2.4136930216808974,-0.28565484582778056,0.4471430400397506,3.0494960010400973,30.0
148,4.933333333333326,track,1,317.5171886936593,240.84165567053267,317.5396013835634,240.84933109276085,1,0.023690520786145516,2.602868543913304,-0.3062560896039475,0.4331760405106036,3.1772439997439506,30.0
149,4.966666666666659,track,1,317.466958515739,240.7665207421305,317.440134799888,240.7807255934522,1,0.03035275165657244,2.676273957392176,-0.3149267270566436,0.4258234319774109,3.3046930002456065,30.0
150,4.999999999999992,track,1,317.4120135950614,240.7378095304155,317.38952053887806,240.7533483085217,1,0.0273384564579213,2.7170087763737563,-0.3242978958970203,0.42047728843667315,13.6746280004445,30.0
151,5.033333333333325,track,1,317.25369099604904,240.60906633395717,317.23978607920594,240.63116168926308,1,0.026106540148167937,2.831456509738183,-0.33952678694689004,0.40964795323462544,3.00798199896235,30.0
152,5.066666666666658,track,1,317.4331227875338,240.74179218435484,317.40901595263904,240.75570021477256,1,0.027831147995448408,2.698940745604891,-0.3377401488273094,0.4120140393000652,3.7472019994311268,30.0
153,5.099999999999992,track,1,317.5245707930771,240.84569402933204,317.55244968413103,240.85596928798532,1,0.02971217775238844,2.592910713982332,-0.33990391054490654,0.4134113103628607,4.011396000350942,30.0
154,5.133333333333325,track,1,317.9753846153846,241.15179487179486,317.9760958868558,241.12051609323862,1,0.03128686457726526,2.3133837066965044,-0.322666788193003,0.42599937811547745,3.3211289992323145,30.0
155,5.166666666666658,track,1,318.33556583580753,241.3474418283505,318.31748124062733,241.32334182503018,1,0.030130760741653752,2.14058472420859,-0.30811932944131476,0.43423605438923873,3.2187970009545097,30.0
156,5.199999999999991,track,1,318.55234083690095,241.49564977213092,318.57778070604036,241.48028472848978,1,0.029719884049641727,2.0527909288359396,-0.29926837964683295,0.4410740561235231,3.3174689997395035,30.0
157,5.2333333333333245,track,1,318.7133162523371,241.53216536250952,318.72750725932747,241.56423689380313,1,0.035070896750973295,2.0164510494924364,-0.29203930716042265,0.4429474372421953,4.408066000905819,30.0
158,5.266666666666658,track,1,318.8340822675423,241.61479433114414,318.8446018344382,241.6417042859548,1,0.028893026071853137,2.007520332028027,-0.28585871721763395,0.44768940525291917,3.6671210000349674,30.0
159,5.299999999999991,track,1,318.67675093244924,241.49316203895566,318.6933306322735,241.53860643709254,1,0.048374370985945575,2.018587279464866,-0.2934895078338639,0.44224213904542714,3.048200998819084,30.0
160,5.333333333333324,track,1,318.5140498161382,241.45375702490807,318.53501059696305,241.42875686092475,1,0.03262456945279726,2.046347995491019,-0.30181759881994813,0.440794833556118,3.13026100047864,30.0
161,5.366666666666657,track,1,318.57455683003127,241.47966631908238,318.59838323303757,241.45201797774826,1,0.0364983322735014,2.0181391847774917,-0.29895523643972877,0.44271447309430345,4.026470000098925,30.0
162,5.399999999999991,track,1,318.4906470832756,241.365802965221,318.4768573960405,241.34548727105016,1,0.02455367393456582,2.0323138016936695,-0.3034339676502532,0.437418417765182,3.7516280008276226,30.0
163,5.433333333333324,track,1,318.3614708122706,241.24929021535905,318.3400756046765,241.23686753416746,1,0.024740208487082586,2.0700701184422776,-0.3106626408237208,0.4315129047428719,3.1473489998461446,30.0
164,5.466666666666657,track,1,318.1195301229649,241.0577041972934,318.1156341232413,241.05406269539753,1,0.005332855698738459,2.1591393941386166,-0.3244563773998932,0.42110494682816624,3.083613000853802,30.0
165,5.49999999999999,track,1,318.03699390285675,240.98766869904776,318.03632834210623,240.98822002488805,1,0.0008642518700038005,2.1983141717245522,-0.3310109895040799,0.41619131653688907,3.985631999967154,30.0
166,5.5333333333333234,track,1,318.06170723345906,241.00411381556393,318.0597231034575,241.0030852165196,1,0.002234902203038808,2.1842285564603374,-0.33245685616694887,0.4153984017434812,3.8905460005480563,30.0
167,5.566666666666657,track,1,317.96706689536876,240.91766723842196,317.96872709431454,240.92138240044892,1,0.004069236958716223,2.2304741973914077,-0.3402724828420082,0.40912144794257604,3.411232000871678,30.0
168,5.59999999999999,track,1,318.016448495648,240.950654513056,318.01437420622995,240.9525265868906,1,0.002794161239428072,2.202275344188009,-0.34103576921861467,0.40868014810437564,3.4489370009396225,30.0
169,5.633333333333323,track,1,318.3488613552987,241.18273690039456,318.3287945243144,241.17382535504794,1,0.02195662419904574,2.0422521161979454,-0.32678129531146505,0.41879886207351,3.0879369987815153,30.0
170,5.666666666666656,track,1,318.5187604224569,241.34602556976097,318.5442359661704,241.32662012858123,1,0.03202459172069669,1.969560836264959,-0.31971710678185083,0.4262628129570786,2.9923350011813454,30.0
171,5.6999999999999895,track,1,318.7290161200667,241.48123957754308,318.74396460769754,241.45352271456,1,0.031490979280926874,1.921029200313796,-0.3097115904947111,0.4330212366316153,2.9984350003360305,30.0
172,5.733333333333323,track,1,318.74998263768316,241.48281130634072,318.763969545432,241.46033139078827,1,0.0264760305110199,1.9132012585039586,-0.3086626110546292,0.43342845838226185,3.230614000131027,30.0
173,5.766666666666656,track,1,318.7625989171179,241.4843815077051,318.77592201794323,241.4632346808637,1,0.024993865268553225,1.9077270867287297,-0.307815423993576,0.433968667857743,4.169574000115972,30.0
174,5.799999999999989,track,1,318.8341281360149,241.50155504872487,318.8425081287995,241.50391024930968,1,0.008704668222574439,1.897770657870412,-0.3037029995208029,0.4354272567981936,4.143238000324345,30.0
175,5.833333333333322,track,1,318.86685159500695,241.5124826629681,318.8753928034299,241.52889342799358,1,0.018500417564104428,1.8979611325680987,-0.30126220556865535,0.43668927274575386,3.1386120008392027,30.0
176,5.866666666666656,track,1,318.664437857586,241.43840904390984,318.7138913493542,241.41373335117373,1,0.055267871861266804,1.9112083741672208,-0.3110334791478718,0.43355271424127273,3.333816001031664,30.0
177,5.899999999999989,track,1,318.5026959767731,241.26130236416424,318.5233879728853,241.24800468605508,1,0.02459648239487948,1.933364625474259,-0.31952417276132405,0.42467349538585836,3.377381999598583,30.0
178,5.933333333333322,track,1,318.7732087227414,241.45316718587748,318.7933403404164,241.42662503684437,1,0.03331317615461972,1.868498469311003,-0.3059974865159907,0.43445891508448287,4.257504999259254,30.0
179,5.966666666666655,track,1,318.8170858449387,241.4797339430472,318.8290549069758,241.45038531559248,1,0.03169543152448797,1.8640627603607662,-0.3033770930749162,0.43627226070020414,3.7070850012241863,30.0
180,5.9999999999999885,track,1,318.97839335180055,241.51869806094183,318.9778868786892,241.5462617425885,1,0.027568334388065274,1.8535481135779917,-0.29439133531541467,0.4388468761411828,12.876484999651439,30.0
181,6.033333333333322,track,1,318.9229015544041,241.51088082901555,318.9192863606188,241.52418298142493,1,0.01378466121556204,1.8684420599017637,-0.2961590151228507,0.43911499041610985,3.2725399996706983,30.0
182,6.066666666666655,track,1,318.8670436521619,241.49844838287015,318.867069475384,241.49853290498208,1,8.837887873768715e-05,1.8785985310652906,-0.29817314541973317,0.439099576658555,3.0633249989477918,30.0
183,6.099999999999988,track,1,318.89801543550163,241.50620176405732,318.882997178668,241.51235645296083,1,0.016230472384368793,1.8801375863685876,-0.29588561897497556,0.44007423078644864,3.19559399940772,30.0
184,6.133333333333321,track,1,318.90837151187003,241.5156184922949,318.91223656445766,241.53783322622166,1,0.02254845970221628,1.883656105390316,-0.29462072536997763,0.44113810429637346,3.8254719984252006,30.0
185,6.1666666666666545,track,1,319.2693184172364,241.72239486223327,319.2535446017305,241.7375213275518,1,0.021854592392600933,1.891078006139114,-0.2748793310149637,0.45262179440442657,3.509045000100741,30.0
186,6.199999999999988,track,1,319.4120135950614,241.81272109315393,319.38972343194666,241.82539613369158,1,0.02564191927904946,1.924709987091858,-0.2651376481051626,0.4588349227958405,2.9402210002444917,30.0
187,6.233333333333321,track,1,319.55842532805667,241.9333472193293,319.5856843741175,241.93639974368807,1,0.027429427575251762,1.9802276144942665,-0.23143413871383509,0.46707736261574023,3.05909700000484,30.0
188,6.266666666666654,track,1,319.65953913223996,242.04151961801952,319.6797744965744,242.0390945759484,1,0.020380156986494466,2.064086011460378,-0.22623623279725694,0.47522985369137527,3.8981279994914075,30.0
189,6.299999999999987,track,1,319.466958515739,241.93746091307065,319.43749993178994,241.9393987728497,1,0.0295222537894275,2.0193251166831057,-0.24888586529089357,0.4727061275847401,3.6830909994023386,30.0
190,6.333333333333321,track,1,319.2859708503143,241.81349727153417,319.2695082196584,241.82487530859476,1,0.020011944819640755,1.9656520885104354,-0.2551458990267541,0.46871979789853885,3.132140998786781,30.0
191,6.366666666666654,track,1,319.22343286669883,241.76415419626233,319.21010281579436,241.7767412041817,1,0.018333658267731284,1.9444142738246404,-0.2560791792504144,0.4680904492321164,3.0064270013099303,30.0
192,6.399999999999987,track,1,319.1781398881447,241.72657598563833,319.16911296492253,241.739698775109,1,0.015927741407684284,1.9279328549447845,-0.25658190614230675,0.4677641120330257,3.1003980002424214,30.0
193,6.43333333333332,track,1,319.04571586894787,241.6301170603311,319.0439485874035,241.65263896664737,1,0.022591138709160307,1.9092537436414843,-0.2620957638283042,0.4640456942960662,3.07236600019678,30.0
194,6.4666666666666535,track,1,319.1990187271094,241.7014719093359,319.18636372034155,241.7177435482738,1,0.0206134769027209,1.9006964232124814,-0.2533270013022013,0.46863068459601787,2.9909590011811815,30.0
195,6.499999999999987,track,1,319.24449202292976,241.71821258374197,319.23323947089773,241.73370015327396,1,0.019143791088540158,1.8956893021936214,-0.24980856685643857,0.4704976606198281,3.384638999705203,30.0
196,6.53333333333332,track,1,319.0620903759917,241.62745774404968,319.05807870414196,241.62340046374334,1,0.00570570193002793,1.8768710113571916,-0.2582547316407888,0.46666541803708866,4.098497000086354,30.0
197,6.566666666666653,track,1,318.73123837089105,241.46364826683205,318.74516728487083,241.40844988344224,1,0.05692869376249893,1.8863552733053532,-0.2754474941072893,0.4584948159353714,3.5847510007442906,30.0
198,6.599999999999986,track,1,318.5031013094418,241.24231564438318,318.505368487959,241.223144703353,1,0.019304535177302858,1.9313224283186001,-0.2888418467682261,0.4464613808610274,3.1685680005466565,30.0
199,6.6333333333333195,track,1,318.41485169052066,241.15349512549264,318.393571648037,241.14369639413894,1,0.023427661945854144,1.971966909447782,-0.29610415588730604,0.4403053709080043,3.096319998803665,30.0
200,6.666666666666653,track,1,318.3560830860534,241.1093092264164,318.336462687011,241.1084506334721,1,0.0196391761646386,1.9990045519085984,-0.3024533607116189,0.4359350702080456,4.102671999135055,30.0
201,6.699999999999986,track,1,318.3421974850546,241.0777846492132,318.3245143495857,241.10446461801052,1,0.032008030477333894,2.00676213268574,-0.30689061807180373,0.4318892408921088,3.9222200011863606,30.0
202,6.733333333333319,track,1,318.3740907516453,241.14132317284378,318.35382571760647,241.1342760559853,1,0.021455383021820422,1.9991177902253403,-0.3091088150017206,0.4326167816812755,2.679892999367439,30.0
203,6.766666666666652,track,1,318.5795462429751,241.30805522791923,318.6035527452956,241.29092388440972,1,0.029492288553195956,1.9017227480658097,-0.3020934385462525,0.4390091037435797,3.229497999200248,30.0
204,6.799999999999986,track,1,318.9125789218067,241.4859501838618,318.917334035359,241.46838563573692,1,0.0181968254299015,1.824368922732078,-0.28743698211609875,0.4467331044361476,3.575147000447032,30.0
205,6.833333333333319,track,1,319.34046086776004,241.6678430558439,319.3219222336163,241.68474555678904,1,0.025087357256518054,1.8160828858794715,-0.26618562921349376,0.4555510622890949,4.046342999572516,30.0
206,6.866666666666652,track,1,319.49220968077003,241.7797936430995,319.48390362699854,241.7940433215142,1,0.01649375227706757,1.8668012496500528,-0.25736464925339914,0.46164852613789253,3.4319950009376043,30.0
207,6.899999999999985,track,1,319.49377076411963,241.80066445182723,319.48652134691565,241.81201762954493,1,0.013470289309696029,1.8833661930052072,-0.25542695942775445,0.4636467192246275,3.2565010005782824,30.0
208,6.9333333333333185,track,1,319.53727506426736,241.8582644340999,319.56631376165876,241.8656972316944,1,0.029974863240224178,1.9154398747229748,-0.22672956286643792,0.46788844480115815,3.14966100086167,30.0
209,6.966666666666652,track,1,319.6889042516419,241.99585205668856,319.70699462794016,241.9944096887184,1,0.018147786090183086,2.0158179864535817,-0.22236026911496837,0.4767772838624933,3.3908839996001916,30.0
210,6.999999999999985,track,1,319.75581154721664,242.05380423535905,319.7689059625078,242.05243950087265,1,0.013165341318622853,2.0654085210695787,-0.21767132992888638,0.48221978374536906,10.495933000129298,30.0
211,7.033333333333318,track,1,320.16125697746537,242.21500930328716,320.1524555079976,242.20520753529945,1,0.013173477918785615,2.210471206702383,-0.21258211200289184,0.4935178263322333,3.4836100003303727,30.0
212,7.066666666666651,track,1,320.7131970904053,242.3740907516453,320.72916646298745,242.35114442496615,1,0.027956301056006286,2.4616181340319705,-0.16966337775588874,0.5055352726427279,3.962490998674184,30.0
213,7.0999999999999845,track,1,321.0708579367836,242.4584925321292,321.06788545161817,242.43114961226593,1,0.027504016701365517,2.6553470159281445,-0.1422750457630146,0.514435073358648,3.567732001101831,30.0
214,7.133333333333318,track,1,321.29972941094843,242.4859501838618,321.2814392754457,242.46787070396385,1,0.025717633057678407,2.780732354639294,-0.11984037878302345,0.5208191957593248,3.761226000278839,30.0
215,7.166666666666651,track,1,321.4653417353369,242.49220968077003,321.4394448146635,242.4823500988282,1,0.027710320395701017,2.8695057741036067,-0.0994962137155716,0.5262811945247631,3.071683999223751,30.0
216,7.199999999999984,track,1,321.5847176079734,242.4937707641196,321.6091541544855,242.4857665455836,1,0.025714049074589677,2.961150521679133,-0.08071569230589186,0.5315384895021474,3.0173380000633188,30.0
217,7.233333333333317,track,1,321.62497395652474,242.48281130634072,321.6489729357331,242.4571659186497,1,0.03512316775102978,2.9591850389176386,-0.06554644128891572,0.5361004289452187,3.1957589999365155,30.0
218,7.266666666666651,track,1,321.49377076411963,242.40697674418604,321.48490003849304,242.38434792440694,1,0.024305416222260418,2.8089220617418884,-0.05932151720858825,0.5371016566479752,3.123283000604715,30.0
219,7.299999999999984,track,1,321.40779527012967,242.3412164505167,321.38533309457864,242.32244107475594,1,0.029275656533076403,2.7042337784755914,-0.05148386753819355,0.5381704096729384,3.3860179992188932,30.0
220,7.333333333333317,track,1,321.0579190512308,242.23167620492313,321.0546179742263,242.22012136638,1,0.012017129571885738,2.4578767163993716,-0.05829666111511494,0.536458451008471,3.402118998565129,30.0
221,7.36666666666665,track,1,320.9876109849267,242.17757588271732,320.9869534573636,242.16693678643924,1,0.010659395485229874,2.381111539475958,-0.05234812551339254,0.5369730901011522,3.072797999266186,30.0
222,7.3999999999999835,track,1,320.76832379507687,242.09928980210992,320.77974359199106,242.0943511537539,1,0.01244194555308336,2.2347945821666566,-0.055188265396646036,0.5357182532893938,3.2194649993471103,30.0
223,7.433333333333317,track,1,320.5499687478297,242.0291686922703,320.57797741822435,242.02674964788594,1,0.028112939956688662,2.1075511930159725,-0.059569661314619694,0.5342934953328893,3.2403109998995205,30.0
224,7.46666666666665,track,1,320.5171886936593,241.98749913188416,320.54304417824756,241.98848726655433,1,0.025874359768302387,2.061305069313437,-0.055789252129400974,0.5338032086045088,3.566699000657536,30.0
225,7.499999999999983,track,1,320.718212583742,241.9709924718558,320.73187948997975,241.97278398159665,1,0.01378382505920948,2.1041682979023664,-0.04049907954131241,0.5342089579636426,3.15371200122172,30.0
226,7.533333333333316,track,1,320.5837669094693,241.93340270551508,320.6068640488353,241.93640656821503,1,0.02329165168062067,2.02927434596584,-0.042635365171328723,0.5332053761377273,3.2501349996891804,30.0
227,7.5666666666666496,track,1,320.6132788135006,241.91267586111303,320.63568144145006,241.9190110011848,1,0.023281145563986763,2.021557349587766,-0.03716875498913046,0.53273627761073,3.3418830007576616,30.0
228,7.599999999999983,track,1,320.5711013949615,241.89589839683532,320.5961713333936,241.90109210521155,1,0.025602273721054912,1.992378340390697,-0.035808169870872736,0.5322191912247826,3.354122000018833,30.0
229,7.633333333333316,track,1,320.4288986050385,241.86258588382262,320.40224694104063,241.86965739785273,1,0.027573855452840027,1.912438596902395,-0.06271327678850502,0.5306215390778515,3.538565000781091,30.0
230,7.666666666666649,track,1,320.3740907516453,241.83789400762038,320.35140431080606,241.84668695884466,1,0.024330856729389175,1.8798238517531398,-0.06219458704679678,0.5292280749750213,3.1592899995303014,30.0
231,7.699999999999982,track,1,320.1405442645539,241.79331725800895,320.13489568568093,241.80392861825226,1,0.012021123470683034,1.8089652583078613,-0.062157867915132656,0.5265947917614329,3.3274830002483213,30.0
232,7.733333333333316,track,1,319.97932032811747,241.7766595436686,319.98165918125005,241.78698175466184,1,0.010583868563290496,1.7870758733547716,-0.06256434907007437,0.5251802181919526,3.393200999198598,30.0
233,7.766666666666649,track,1,319.91315735060994,241.78082569439658,319.91799119205814,241.7913539244878,1,0.0115848889506911,1.7932301378679385,-0.06332829913927338,0.5247479330539273,3.5985070007882314,30.0
234,7.799999999999982,track,1,320.2134793020869,241.85275401984262,320.20477290555016,241.82557313172993,1,0.028541233667276112,1.837021829522355,-0.06420035544224038,0.5278906075784903,3.394489000129397,30.0
235,7.833333333333315,track,1,320.50465420947387,241.8444459766945,320.5087128925129,241.8432288230913,1,0.0042372598345046955,1.9121405024954008,-0.03859016609712253,0.5271282630180325,3.265508999902522,30.0
236,7.8666666666666485,track,1,320.8684300692113,241.85609538819983,320.87255610362524,241.86080095895318,1,0.006258318951594879,2.055221244249565,-0.018272117132426685,0.5274409047033127,4.094219000762678,30.0
237,7.899999999999982,track,1,321.48286841558803,241.819754966429,321.45964408271186,241.83848767418726,1,0.02983762687445969,2.347466246047905,0.017034696577291876,0.5253378575907508,4.2430339999555144,30.0
238,7.933333333333315,track,1,321.71128067642815,241.81439472056093,321.72669359692475,241.84732350389436,1,0.036357432390842104,2.528650807387499,0.0349464817512703,0.5247858547459133,3.673482000522199,30.0
239,7.966666666666648,track,1,321.9752356056958,241.83903143702275,321.9755082386156,241.8481767266228,1,0.009149352467666481,2.7052523012961696,0.05616320851470226,0.5258592094358359,3.71182899834821,30.0
240,7.999999999999981,track,1,321.8182694293385,241.86783231224615,321.8264637959977,241.87292807318704,1,0.009649581571875872,2.6160713991446194,0.056720135047457286,0.5273318158017548,10.869170999285416,30.0
241,8.033333333333315,track,1,321.306905370844,241.8755789037119,321.29093373902026,241.88422652087866,1,0.01816244217542477,2.2840357923034644,0.03824337175617853,0.5279040174261052,3.2599450005363906,30.0
242,8.066666666666649,track,1,320.75163849603314,241.87581924801657,320.76453601267565,241.88366554753748,1,0.015096700027344352,2.0329070833802603,0.015367731094839264,0.5282076962854885,3.8539630004379433,30.0
243,8.099999999999982,track,1,320.3825098745756,241.87526851916016,320.36097909296655,241.8815807454223,1,0.022436995277460937,1.915894570977975,-0.020233061767531996,0.528560882263686,4.0316989998245845,30.0
244,8.133333333333315,track,1,320.3194799806376,241.88382546158633,320.3026444682207,241.89104135537946,1,0.01831675739788539,1.9151060236707438,-0.019676112147916317,0.5294745026952784,3.580743999918923,30.0
245,8.166666666666648,track,1,320.1651186790506,241.8844169246646,320.1554305514052,241.8892681529353,1,0.01083486192842514,1.8956510253751035,-0.019621410072035213,0.5300790701956261,3.4969900007126853,30.0
246,8.199999999999982,track,1,319.86803216715924,241.863908172383,319.87332971465105,241.86899353904028,1,0.007343361864089352,1.8732811348446012,-0.020084866681872617,0.5296429793712988,3.5603069991339,30.0
247,8.233333333333315,track,1,319.5668772124662,241.84174359686264,319.5927543662633,241.85091419322112,1,0.027454087604765354,1.8951866285052172,-0.021074464960399726,0.5290909265997822,4.033238999909372,30.0
248,8.266666666666648,track,1,319.4500312521703,241.83748871449407,319.4220592906803,241.84825121200652,1,0.029971019040106305,1.9365040682044852,-0.05125506782780208,0.5294318662503068,3.645173001132207,30.0
249,8.299999999999981,track,1,319.50622923588037,241.8421926910299,319.51384153308595,241.85212359541288,1,0.012512790680331846,1.9148660181948345,-0.026143965507857875,0.5302584137447642,3.630568000517087,30.0
250,8.333333333333314,track,1,319.50155504872487,241.8465685258138,319.5018399642455,241.8533621826448,1,0.006799628665670482,1.9191442888122738,-0.028040502047121392,0.5311149402845529,3.7694630009355024,30.0
251,8.366666666666648,track,1,319.3488613552987,241.82556932235065,319.3297645220008,241.8357687546686,1,0.021649883639797352,1.9542933547925556,-0.06410398108363846,0.5306766350871318,3.827526999884867,30.0
252,8.39999999999998,track,1,319.2108454489079,241.7891545510921,319.19831860545764,241.79900958849134,1,0.015938744271970336,1.9695503440732796,-0.07574664605415604,0.529355025418208,3.2246719983959338,30.0
253,8.433333333333314,track,1,319.0041422160856,241.7307559544356,319.00531858789054,241.74551023032654,1,0.014801098192004055,2.009028888734727,-0.09162639335656221,0.5267238498886514,2.9608669992740033,30.0
254,8.466666666666647,track,1,318.86724745903336,241.6847127152043,318.8733925267285,241.7008476482779,1,0.017265512510963456,2.040129192351223,-0.10469859338133866,0.524483576012536,3.2757980006863363,30.0
255,8.49999999999998,track,1,319.01244382993434,241.6889042516419,319.0108736617599,241.70549616205858,1,0.01666604090272087,1.971569951028073,-0.10344521186706049,0.5246692219434271,3.45360700157471,30.0
256,8.533333333333314,track,1,319.2735751295337,241.7098445595855,319.2599944569148,241.72438985864756,1,0.019899758631366074,1.8764670496449871,-0.09535329675591553,0.5257269700823517,3.7251430003379937,30.0
257,8.566666666666647,track,1,319.52033368091764,241.7288842544317,319.54772717720675,241.74522808685924,1,0.03189865980508867,1.802878748390957,-0.06156950521767905,0.5267598729518819,3.587393000998418,30.0
258,8.59999999999998,track,1,319.8510036559288,241.75581154721667,319.8601729607128,241.76913067732903,1,0.01617020028236804,1.7746478395395788,-0.06259109767185915,0.5282922483813148,3.6257379997550743,30.0
259,8.633333333333313,track,1,320.3740907516453,241.76723242119849,320.35161941058107,241.78051730401944,1,0.026104583520769425,1.814904427183435,-0.06277042096326807,0.5291353918686198,3.540977000739076,30.0
260,8.666666666666647,track,1,320.8965873836608,241.77249224405378,320.9011200756073,241.78364699235112,1,0.01204050272451402,1.9983528176940453,-0.015127096660243686,0.529724420676081,3.3471370006736834,30.0
261,8.69999999999998,track,1,321.0951264906597,241.7766595436686,321.08977534749636,241.78972517537022,1,0.014118975349418543,2.0954060492813267,4.7476540499219455e-05,0.5303006709307589,3.2056439995358232,30.0
262,8.733333333333313,track,1,321.306905370844,241.7760420266814,321.28869629610165,241.7877789445688,1,0.02166392495527123,2.2038356785907696,0.017456442532119087,0.530662388512564,3.341814001032617,30.0
263,8.766666666666646,track,1,321.6553394698595,241.73423766350612,321.67390153291046,241.75024867387333,1,0.024513315518047793,2.421841605529839,0.04356039311183994,0.5288650749261844,3.5508239998307545,30.0
264,8.79999999999998,track,1,321.8342426963188,241.71821258374197,321.84458323836134,241.73416087472606,1,0.019007230072949147,2.5317585316681064,0.0626949288196662,0.5282568430729339,3.322563999972772,30.0
265,8.833333333333313,track,1,322.1079211345555,241.66793497059842,322.10056608852506,241.68793842517243,1,0.02131278717119299,2.6947196550726846,0.08800154356255219,0.5257658585267884,4.222565001327894,30.0
266,8.866666666666646,track,1,321.6090663339572,236.05406529423996,321.63122452285813,236.0505205130296,1,0.02243993781631273,4.273088070935789,0.07401187073929837,0.2294873999022263,3.549494000253617,30.0
267,8.899999999999979,track,1,321.1568195886925,231.99587316871862,321.1497714066787,231.99458190936275,1,0.007165488149681451,8.087564101354506,0.060474037248734167,-0.009308276719911801,3.461559999777819,30.0
268,8.933333333333312,track,1,320.86765009995173,229.2233404563314,320.87289652369554,229.21126054686442,1,0.013170010433949284,10.82399405620328,0.053378308633730505,-0.2000207091613413,3.2185760010179365,30.0
269,8.966666666666645,track,1,320.5496559872125,227.47119327263883,320.57560946124875,227.444732357897,1,0.03706430659711818,12.56845542685009,0.043071010336548254,-0.3517066341283662,3.6624149997805944,30.0
270,8.999999999999979,track,1,319.9418604651163,226.5062292358804,319.9451512961655,226.51565164179328,1,0.00998054618653069,13.484459908568251,0.018595863608597135,-0.4720224242544807,11.431330000050366,30.0
271,9.033333333333312,track,1,319.50622923588037,226.2325581395349,319.51431102238416,226.2192499420646,1,0.015569951605605295,13.789306216857462,0.019863799857677562,-0.5619895857573675,3.312374999950407,30.0
272,9.066666666666645,track,1,319.332894098065,226.4077952701297,319.313726764738,226.38477557331066,1,0.02995485116819565,13.63250920199781,-0.014736382650952295,-0.6304705877298528,3.5957489999418613,30.0
273,9.099999999999978,track,1,319.3951473136915,226.90849220103985,319.37247801685794,226.91402152492492,1,0.02333389040759958,13.101015857156073,-0.014332759932831566,-0.6810084869564024,3.4994140005437657,30.0
274,9.133333333333312,track,1,319.3362623676745,227.70110011762264,319.3176168917588,227.71577750519577,1,0.023729295777488016,12.303160935640364,-0.020721013377876046,-0.7129791656985842,3.2939559987426037,30.0
275,9.166666666666645,track,1,318.96268914530503,228.70565881296207,318.96339087438594,228.72337397061597,1,0.01772905057822827,11.324171187591958,-0.04444924862146455,-0.7284559541526702,3.068373998758034,30.0
276,9.199999999999978,track,1,318.9379609843524,229.7766595436686,318.9421185839275,229.78694074638724,1,0.011090029917401701,10.267701417955077,-0.05177461154018685,-0.7334266132354711,4.058345000885311,30.0
277,9.233333333333311,track,1,319.07010791119666,230.863908172383,319.0675953705239,230.86922416451785,1,0.0058798497438283985,9.178259407474451,-0.05129993478355595,-0.7296552360246182,3.43370100017637,30.0
278,9.266666666666644,track,1,319.36567629337213,231.921047163931,319.34314767843716,231.9273860961746,1,0.023403430365586234,8.099293192160527,-0.04185020292473973,-0.7190560156893818,3.333438000481692,30.0
279,9.299999999999978,track,1,319.2859708503143,232.94197692892175,319.2724145338884,232.94430601176236,1,0.013754938819091865,7.093109210081959,-0.05095695470574736,-0.7018794962296255,3.4963460002472857,30.0
280,9.33333333333331,track,1,318.9176672384219,233.91766723842196,318.9223042581493,233.92341981695358,1,0.007388782830399755,6.171406228161901,-0.07550164967236948,-0.6786934789266109,3.7600010000460315,30.0
281,9.366666666666644,track,1,318.8343570984885,234.7391124301194,318.84121683558556,234.75138929295645,1,0.014063333678758125,5.375006304761194,-0.0864775248467521,-0.6555142698367767,3.8658490011584945,30.0
282,9.399999999999977,track,1,319.0166701396124,235.45426130443843,319.01555309293326,235.42869275005955,1,0.025592943681981662,4.676107963487515,-0.08374446851754361,-0.6307040214705935,3.781800998694962,30.0
283,9.43333333333331,track,1,319.1526717557252,235.9752424179905,319.1447670913541,235.97695107220352,1,0.008087225608288194,4.1129485777815615,-0.08254798416098846,-0.6096773941166953,3.1694870012870524,30.0
284,9.466666666666644,track,1,319.4584925321292,236.42514762070164,319.43054040078425,236.39944509072166,1,0.03797290736954637,3.645309299616062,-0.07154774972997408,-0.5871362955554843,3.316292999443249,30.0
285,9.499999999999977,track,1,319.9543663140427,236.6847127152043,319.95742816032146,236.7012334370893,1,0.016802058035706842,3.2990412543815486,-0.04647494499305016,-0.5701870840705647,3.241836999222869,30.0
286,9.53333333333331,track,1,320.49377076411963,236.91694352159467,320.4855742899505,236.92279492124408,1,0.010070802682140926,3.11528064350263,-0.04692181828909701,-0.5515316173314613,3.0539370000042254,30.0
287,9.566666666666643,track,1,320.90114642685523,237.0370700899293,320.90411537619184,237.03596596154057,1,0.0031676110339073607,3.0988582404835228,0.0007011246525031878,-0.536290635077291,2.928076000898727,30.0
288,9.599999999999977,track,1,320.9300459502092,237.06583910568548,320.9328471875275,237.06303542092633,1,0.003963278786830537,3.08155233835341,0.006684418240805116,-0.5243328813955982,3.1746819986437913,30.0
289,9.63333333333331,track,1,320.78499069671284,237.02894356005788,320.7961521991325,237.0279464672658,1,0.011205950664726965,3.0768426228231776,0.0042716796600417925,-0.5151632584508128,3.3637630003795493,30.0
290,9.666666666666643,track,1,320.6385291877294,236.94183228308287,320.6579180251164,236.94450369021047,1,0.019572006316696644,3.125526168009233,0.0016285523118963197,-0.5086839917844133,3.597975999582559,30.0
291,9.699999999999976,track,1,320.3194799806376,236.8381854643524,320.30045102505926,236.8457009692895,1,0.02045932464335254,3.1685758936153476,-0.027196535780555968,-0.5037074715945928,3.108283000983647,30.0
292,9.73333333333331,track,1,320.3095975232198,236.66150670794633,320.29293612121853,236.70291790683018,1,0.04463731297519395,3.310069772711089,-0.024913939619736383,-0.5036098033018063,3.106293999735499,30.0
293,9.766666666666643,track,1,320.11630321910695,236.53727933541018,320.11042223643267,236.57311172159257,1,0.0363117867467205,3.428666846309954,-0.022826284470916277,-0.5023369720403281,2.9335970011743484,30.0
294,9.799999999999976,track,1,319.8462284408118,236.47295144420588,319.85416812182723,236.44423616932613,1,0.02979270961235727,3.558753061989536,-0.02105543203415372,-0.4995103860466409,4.037352999148425,30.0
295,9.833333333333309,track,1,319.4022392701638,236.36657681940702,319.381682529973,236.33596245204376,1,0.03687572448544091,3.715842790885239,-0.05103590336422166,-0.5003955067698168,3.262898999309982,30.0
296,9.866666666666642,track,1,319.02884021149487,236.28016205452172,319.0282299814536,236.24134432126175,1,0.0388225294918539,3.8822454173141843,-0.07198898392671224,-0.5019360826796396,3.035061999980826,30.0
297,9.899999999999975,track,1,318.96701710987423,236.12780869923728,318.96674299401184,236.12023535855405,1,0.0075782998495820125,4.01499610378862,-0.07852885562490503,-0.5086422256151346,3.1378009989566635,30.0
298,9.933333333333309,track,1,318.81826942933844,236.0578233633923,318.8266347186935,236.055337269323,1,0.008726896912171456,4.115476903369477,-0.0903569291274189,-0.5129843886055834,3.5398480013100198,30.0
299,9.966666666666642,track,1,319.0164372303267,235.9712348469283,319.0166597386858,235.9729948544898,1,0.0017740170761343093,4.145326104359839,-0.0848641529784176,-0.5198018535889466,3.589137000744813,30.0
300,9.999999999999975,track,1,318.983551504352,235.95065451305598,318.98255493390536,235.9540552510141,1,0.003543751023270707,4.171913634576694,-0.09096749947869562,-0.5247435204397285,11.273330999756581,30.0
301,10.033333333333308,track,1,318.8514749363955,235.98349721515507,318.85853038845676,235.98561815764742,1,0.0073673469339033655,4.173513441967901,-0.10254881386093617,-0.5281098016698604,3.540546000294853,30.0
302,10.066666666666642,track,1,318.88460745930354,236.01648464867094,318.8905972149853,236.0160421107846,1,0.006006081327115967,4.135540472833017,-0.10603998312948817,-0.5323571305712789,3.2704980003472883,30.0
303,10.099999999999975,track,1,318.88460745930354,236.08242324335464,318.89097566659564,236.07888629808826,1,0.007284507253924068,4.074931611132014,-0.11116855242440406,-0.5356147015533548,3.1531549993815133,30.0
304,10.133333333333308,track,1,318.87612690110797,236.17342233844883,318.8828300888497,236.16664931542823,1,0.009529247962894389,3.9928243238698156,-0.11670411411082274,-0.5380205725373592,3.12508400020306,30.0
305,10.166666666666641,track,1,318.9585778391439,236.2692440455644,318.96231638680626,236.2552653940686,1,0.014469949421626785,3.8858492701018386,-0.11739173349587918,-0.5403920925753969,3.5364279992791126,30.0
306,10.199999999999974,track,1,319.07481815032907,236.3740907516453,319.0694186615316,236.35196065762943,1,0.022779278751204897,3.7648602458775464,-0.11581335767527402,-0.5423491020662452,3.4869749997596955,30.0
307,10.233333333333308,track,1,319.0207540643376,236.49533033552405,319.0197053797466,236.49087781389403,1,0.0045743511274466886,3.6434758211793996,-0.12252928286080167,-0.54334012668695,3.136706000077538,30.0
308,10.26666666666664,track,1,318.88369678089305,236.64693665628243,318.89075267914893,236.66553887693703,1,0.019895434488339928,3.514123020048331,-0.13362610856834717,-0.5424428119604383,3.24470499981544,30.0
309,10.299999999999974,track,1,318.7140291496857,236.85494232230434,318.72816497015765,236.86381356262518,1,0.01668892822338638,3.384262063302404,-0.14683463464968105,-0.5380440881771271,3.1872390009084484,30.0
310,10.333333333333307,track,1,318.57532440496846,237.05412532093538,318.59895616430754,237.050950769441,1,0.02384403125838571,3.2649372419378215,-0.15899236086063978,-0.533236842587088,3.022044000317692,30.0
311,10.36666666666664,track,1,318.35726649588037,237.3074153569203,318.3363944459559,237.28825040818128,1,0.028336155847603392,3.181378520103421,-0.1758291840016589,-0.5246391331349654,3.00059599976521,30.0
312,10.399999999999974,track,1,318.2502606882169,237.47966631908238,318.2370795963651,237.4496114354149,1,0.03281824514916119,3.100382263515036,-0.18766594950159837,-0.5190729359761883,3.013805000591674,30.0
313,10.433333333333307,track,1,317.81372887202485,237.7516384960331,317.8218552850469,237.76394011529692,1,0.014743419722607343,3.1215826446301853,-0.21729852341067962,-0.5072805390062536,3.394383000340895,30.0
314,10.46666666666664,track,1,317.6301170603311,237.96675209531065,317.64934405242514,237.96842570437298,1,0.019299694098043503,3.1069080292988276,-0.23542615851276216,-0.49706134756056913,3.2901530012168223,30.0
315,10.499999999999973,track,1,317.5499687478297,238.12500868115842,317.57544009580647,238.11738427095406,1,0.026587989745689045,3.0696470012485317,-0.24891999339835003,-0.48862067697214967,3.1366419989353744,30.0
316,10.533333333333307,track,1,317.5245707930771,238.2460554667408,317.5542433658426,238.23165553613717,1,0.03298210993725512,3.018073500827863,-0.2598642068850876,-0.4811684601778208,4.167965998931322,30.0
317,10.56666666666664,track,1,317.3453536754508,238.4875173370319,317.3241718706871,238.47059775222033,1,0.027109799026225855,3.082065445952703,-0.2789539979254775,-0.4665820716425631,3.9225790005730232,30.0
318,10.599999999999973,track,1,317.39470950765184,238.50779031922997,317.37171621391553,238.51904119841015,1,0.02559831711599593,3.0168053686310197,-0.2866135346735062,-0.46239840502836965,4.601086000548094,30.0
319,10.633333333333306,track,1,317.4081349344069,238.56687721246615,317.3830678594819,238.59231867038557,1,0.035715907189389495,2.971514858421819,-0.2957894898766602,-0.45586992152378064,4.081623999809381,30.0
320,10.66666666666664,track,1,317.67208578346595,238.49533033552405,317.69158014723666,238.49037869516064,1,0.020113402524524867,2.7582165797226263,-0.29143557265969455,-0.4558545963243995,7.08076899900334,30.0
321,10.699999999999973,track,1,317.85820532425106,238.4754292069229,317.8676436997606,238.44608739923456,1,0.030822469250200536,2.6384820943088205,-0.2897264978160966,-0.4533676643818072,4.513670000960701,30.0
322,10.733333333333306,track,1,317.9708313077297,238.45003125217028,317.97091941408235,238.42507121682274,1,0.02496019085022125,2.568573280291634,-0.29065278518621657,-0.4512917175139193,4.220024999085581,30.0
323,10.766666666666639,track,1,317.958370915146,238.4859501838618,317.96271622555685,238.46567240496324,1,0.02073813008989293,2.5504286593630923,-0.2972056177390898,-0.4461787145578238,4.857083000388229,30.0
324,10.799999999999972,track,1,317.8126171143036,238.5711013949615,317.82437888749814,238.59639178625866,1,0.027891633165604484,2.5891008560591002,-0.3103652300669949,-0.4384389709466494,4.639995999241364,30.0
325,10.833333333333306,track,1,317.9958431481225,238.5093529167244,317.9958209134751,238.52102233508845,1,0.01166943954672989,2.4908048386357113,-0.30638432817914774,-0.4382127781994815,3.347538000525674,30.0
326,10.866666666666639,track,1,318.2290235269623,238.4288986050385,318.21713223266795,238.40215472888758,1,0.029268375280685408,2.394102542960073,-0.2986371342921472,-0.4393704834063914,3.589104000639054,30.0
327,10.899999999999972,track,1,318.3100241129866,238.3554943162246,318.3182365807186,238.3365582954707,1,0.0206401915747191,2.3654527056782397,-0.29752966956151083,-0.44068011195132195,4.1502220010443125,30.0
328,10.933333333333305,track,1,318.28684046746423,238.3858654311597,318.2802441552898,238.36570026560048,1,0.021216626412627494,2.372445107325627,-0.3011690558038268,-0.4370411829255916,3.5889000009774463,30.0
329,10.966666666666638,track,1,317.96432275461524,238.58514830947937,317.9732290393529,238.606789477137,1,0.023402180355976375,2.459438165097605,-0.32035530993905853,-0.4245791603994382,3.2006729998101946,30.0
330,10.999999999999972,track,1,317.7200082593434,238.80177575882718,317.73617918930915,238.81150934351717,1,0.018874364807195173,2.5568329439883115,-0.3365665712077972,-0.4105204065299041,11.89967299978889,30.0
331,11.033333333333305,track,1,317.74923171481254,238.74786587447926,317.7553416091921,238.79321476368273,1,0.04575863373526073,2.5484940451210876,-0.33932668655247444,-0.4098943320598586,3.525288000673754,30.0
332,11.066666666666638,track,1,317.9127982944777,238.6580702840245,317.90886243429304,238.6804685666807,1,0.022741461284196518,2.4726543475036102,-0.3348775902806107,-0.41144186917031567,3.2020580001699273,30.0
333,11.099999999999971,track,1,318.15585128275484,238.50761421319797,318.11945282792567,238.51986897724396,1,0.038406077068270386,2.393166419395359,-0.3254994874430651,-0.41667547284553,4.881179998847074,30.0
334,11.133333333333304,track,1,318.1624101335159,238.50893529613145,318.1220408485883,238.50091747945362,1,0.041157800595311114,2.402910522216463,-0.327451276957656,-0.41469965354246646,3.8140540000313194,30.0
335,11.166666666666638,track,1,318.12377939760694,238.5212487965892,318.0932077482182,238.5044141412593,1,0.03490030610786769,2.4233517599226446,-0.3316095476744158,-0.41232678665632994,3.5322749990882585,30.0
336,11.19999999999997,track,1,318.1459143968872,238.48123957754308,318.1377543105448,238.455052698185,1,0.027428810758580106,2.419673774143945,-0.33262474154801636,-0.4128259169206948,3.5075539999525063,30.0
337,11.233333333333304,track,1,318.27021409270424,238.3782997297859,318.2547643235798,238.35849448115687,1,0.02511858354397951,2.395910669169922,-0.3280975920237862,-0.4169615821714955,4.64990900036355,30.0
338,11.266666666666637,track,1,318.17917910966037,238.45003125217028,318.1704279837073,238.42277014414321,1,0.028631280381937626,2.415571936624379,-0.3343494293933575,-0.41246846235701173,3.718809999554651,30.0
339,11.29999999999997,track,1,317.95006588529026,238.5922047298703,317.9541364371946,238.61515991357237,1,0.02331329774188393,2.4704938337489546,-0.3482302902447779,-0.4040928744388811,3.159792000587913,30.0
340,11.333333333333304,track,1,317.8177424922333,238.7307559544356,317.82904534939394,238.74592373804717,1,0.0189160312877824,2.5071400770163765,-0.3580217323861178,-0.39537527127632616,3.3088639993366087,30.0
341,11.366666666666637,track,1,317.63432370662787,238.9293579887804,317.65471987895955,238.93478437771955,1,0.02110567560403729,2.5758538716506822,-0.3711976827123704,-0.3829026968128786,3.8716779999958817,30.0
342,11.39999999999997,track,1,317.55842532805667,239.02082899395958,317.5841262627356,239.02143014903368,1,0.025707964345575592,2.606538867468532,-0.3796415641903685,-0.3751855865344306,3.676531998280552,30.0
343,11.433333333333303,track,1,317.5245707930771,239.07506776951413,317.5541512206737,239.0715580330923,1,0.029787916116259767,2.6161385164488906,-0.3863677138386722,-0.3689543180327668,3.5615100005088607,30.0
344,11.466666666666637,track,1,317.42467559503154,239.28728054958017,317.40140603909106,239.27048489861863,1,0.02869784181588188,2.6990522145404845,-0.3968703395942162,-0.35407880499943317,4.355850998763344,30.0
345,11.49999999999997,track,1,317.2752867570386,239.47966631908238,317.2587634828269,239.44910639535055,1,0.03474086252772084,2.796043884978726,-0.41052462712118026,-0.3392710198593635,5.081057999632321,30.0
346,11.533333333333303,track,1,317.01703413696,239.7810289168212,317.0326199341937,239.77780382318952,1,0.015915976386750397,2.9756874156963895,-0.4306657231951872,-0.30634077066215254,4.303808000258869,30.0
347,11.566666666666636,track,1,316.9505120626847,239.863908172383,316.9512822516929,239.87154331848683,1,0.007673893870469971,3.051422787466242,-0.44191461509903934,-0.2985306003582354,3.75136900038342,30.0
348,11.59999999999997,track,1,317.06214182144583,239.72657598563833,317.0587272780954,239.74096762183103,1,0.01479115609393496,2.952656938684227,-0.44417332018669475,-0.29061475775951406,4.13408399981563,30.0
349,11.633333333333303,track,1,317.179154225401,239.55419762516493,317.1700380876599,239.57890868289473,1,0.02633895103151257,2.861119068238332,-0.44571592664031845,-0.28277007924324915,4.343368998888764,30.0
350,11.666666666666636,track,1,317.33243299397463,239.36567629337213,317.31262718445737,239.34503180040542,1,0.02860883046345558,2.766036151643302,-0.4447734239865506,-0.3083123599722354,3.1958670006133616,30.0
351,11.699999999999969,track,1,317.4500312521703,239.30002083478018,317.42437419907526,239.28101153496505,1,0.031931768710523264,2.6740966099306376,-0.44489343193044617,-0.3066439568984678,3.3574429999134736,30.0
352,11.733333333333302,track,1,317.54573869556157,239.17086893102731,317.57450819275857,239.15926376163134,1,0.0310219910011875,2.567069911299959,-0.4454288930296836,-0.3089130840416309,3.7300940002751304,30.0
353,11.766666666666636,track,1,317.8844963905122,238.85562048814026,317.88873093739426,238.86298540684788,1,0.008495493797670365,2.3979698162731333,-0.4324604282735866,-0.3218657406584525,4.358784999567433,30.0
354,11.799999999999969,track,1,318.14974003466205,238.6048526863085,318.1430347348612,238.62602886644618,1,0.022212421089163718,2.310003608605662,-0.42161203105833844,-0.333111562099464,3.4500259989727056,30.0
355,11.833333333333302,track,1,318.4843815077051,238.3456892961266,318.46376447278794,238.32630412166964,1,0.028299242348565495,2.271844512331016,-0.40556449150608376,-0.34629354786396693,3.1447010005649645,30.0
356,11.866666666666635,track,1,318.81411359724615,237.98760757314975,318.8243160218642,237.98712914950306,1,0.010213635849826175,2.331068827217565,-0.38791601166637935,-0.36623096991795523,3.4086039995600004,30.0
357,11.899999999999968,track,1,319.24527125337767,237.6217002702141,319.2325994583317,237.64467396526288,1,0.026236711948742598,2.4771887940290793,-0.3630570409568658,-0.3885427981546875,4.052903999763657,30.0
358,11.933333333333302,track,1,319.45287722456897,237.49220968077003,319.4259153986875,237.4831229939075,1,0.028451852892219392,2.5815195124696007,-0.3476837018186757,-0.40039632270790526,4.353172000264749,30.0
359,11.966666666666635,track,1,319.54573869556157,237.37924567618253,319.5734817868174,237.3569791215964,1,0.03557356554476278,2.6772144385263252,-0.31327601716545855,-0.4123424821892065,3.8739320007152855,30.0
360,11.999999999999968,track,1,319.6679349705984,237.19923901764096,319.68586560411404,237.18989730801718,1,0.020218188765725186,2.827606330125841,-0.3051171793248588,-0.4286016460348244,14.645290000771638,30.0
361,12.033333333333301,track,1,319.6217002702141,237.19954271461233,319.64381436583756,237.18643394307946,1,0.025707452544831078,2.8360222429732587,-0.2967095262088085,-0.43630873674903975,4.092133000085596,30.0
362,12.066666666666634,track,1,319.793317258009,237.06613847743714,319.8027661255752,237.06363260833655,1,0.009775503988708559,2.942983972101283,-0.28814268319657615,-0.45116767678048036,4.590108001139015,30.0
363,12.099999999999968,track,1,320.1526717557252,236.8968434082938,320.14615171100127,236.90010673696133,1,0.007291110834039182,3.103336682485661,-0.27940181771532796,-0.46847315426705394,4.04521400014346,30.0
364,12.1333333333333,track,1,320.36567629337213,236.87118221483482,320.3448575896613,236.87673255448067,1,0.021545874184744084,3.1422486046441067,-0.27054633806441564,-0.47885055405644417,3.226390999770956,30.0
365,12.166666666666634,track,1,320.6259092483547,236.82542431589886,320.6467998705815,236.83715625156628,1,0.023959474358356915,3.228301511567729,-0.22888001182001452,-0.490265940355162,3.482811000139918,30.0
366,12.199999999999967,track,1,320.5795462429751,236.9084160133213,320.6055920442236,236.91510224877607,1,0.026890323672920345,3.1437773234651054,-0.22023793315941725,-0.4948644596791859,4.363427000498632,30.0
367,12.2333333333333,track,1,320.44580237483507,237.07499479202835,320.41819938105084,237.0698779139907,1,0.02807325607592333,2.9598152241703923,-0.23987279930956762,-0.4944004115386206,4.524670999671798,30.0
368,12.266666666666634,track,1,320.44157467194333,237.19162674442825,320.41453984090003,237.18047006588517,1,0.029246428254626176,2.849840755035793,-0.2316061020411913,-0.4954600908413991,4.559286000585416,30.0
369,12.299999999999967,track,1,320.4584925321292,237.28343174713441,320.43040707830846,237.26540046713217,1,0.03337543669879663,2.768263870771534,-0.22379483706319478,-0.4968443237322602,4.428283999004634,30.0
370,12.3333333333333,track,1,320.4968883971788,237.33605310468815,320.49337357264267,237.31725535189707,1,0.019123532663031986,2.7277346515207594,-0.216452784677576,-0.49937817965601217,4.244019000907429,30.0
371,12.366666666666633,track,1,320.261754726127,237.50779031922997,320.2456567523835,237.51853242098582,1,0.019352971574879106,2.4935975187848802,-0.20970874282999513,-0.49487796054269323,4.214195998429204,30.0
372,12.399999999999967,track,1,319.98754583823427,237.66373763232548,319.9880521121455,237.68113757572678,1,0.017407307190995706,2.3188932046841786,-0.20368098459764933,-0.48995584743790765,3.6635849992308067,30.0
373,12.4333333333333,track,1,319.83843126424085,237.72657598563833,319.8489663865272,237.73959042986075,1,0.016744090300959247,2.2654497516333794,-0.19839687112932042,-0.48874149263435734,3.669241999887163,30.0
374,12.466666666666633,track,1,319.90040805034926,237.6763261636351,319.9049577816812,237.69601875747412,1,0.020211341056478534,2.3059407167518526,-0.19375902452777802,-0.49270991855591467,3.7343809999583755,30.0
375,12.499999999999966,track,1,319.90451809312947,237.66373763232548,319.9109484117796,237.68330392900975,1,0.02059584821946631,2.318406968309538,-0.18970437385541786,-0.4944622309737716,3.529036999680102,30.0
376,12.5333333333333,track,1,319.7014719093359,237.74293414415035,319.71578818650687,237.7570144013048,1,0.02008007553697893,2.260920332714795,-0.186269917284136,-0.4910742265082641,5.775985999207478,30.0
377,12.566666666666633,track,1,319.3858654311597,237.8677823110435,319.36457213997176,237.88214849930455,1,0.025686409145031185,2.21112268865797,-0.21563331266364008,-0.4846485970300247,4.093788000318455,30.0
378,12.599999999999966,track,1,319.12738853503186,237.9934251078693,319.12321982281617,237.9987851999265,1,0.00679034228876565,2.184857925617998,-0.2292663123797518,-0.4773867314892363,3.8189199985936284,30.0
379,12.633333333333299,track,1,319.02867872994193,238.04015022191874,319.0287660524184,238.03631386393067,1,0.0038373516684659824,2.19074385128107,-0.23611241571189234,-0.4735091198063586,4.3503090000740485,30.0
380,12.666666666666632,track,1,319.0368726527825,238.03031751451007,319.0349378107271,238.0205283771586,1,0.009978518119709167,2.2021927560498753,-0.2382280132751203,-0.472210056950234,4.2110970007342985,30.0
381,12.699999999999966,track,1,318.94679762635565,238.07775731532638,318.9508621604281,238.05045459029088,1,0.027603609031970445,2.2139145220490195,-0.2458660673015286,-0.46779315505278424,4.09561299966299,30.0
382,12.733333333333299,track,1,318.8804698770351,238.0741911108058,318.8843239757881,238.06959312088202,1,0.005999632366813929,2.2296196334682925,-0.25288907960670926,-0.4657952249027458,4.446365999683621,30.0
383,12.766666666666632,track,1,319.0905908997323,237.96294008647314,319.084700158686,237.96365396295164,1,0.005933839372710326,2.232594674837321,-0.24578325888423055,-0.4694719601749664,4.286241999579943,30.0
384,12.799999999999965,track,1,319.2358458037377,237.88414592097098,319.2217052912058,237.88876829660944,1,0.014876842783565823,2.2501204321410078,-0.2412639671334698,-0.471958449671376,4.441110999323428,30.0
385,12.833333333333298,track,1,319.48751733703193,237.75450762829405,319.47017599911055,237.76963795847382,1,0.023014102030112324,2.2924284739549283,-0.23040807299627578,-0.4775939359374849,5.000539000320714,30.0
386,12.866666666666632,track,1,319.3110957483581,237.84652609747667,319.29351174972066,237.856657858576,1,0.020294077733570344,2.2567767242212455,-0.24085450372333778,-0.47226922400969945,5.700325998986955,30.0
387,12.899999999999965,track,1,319.3194799806376,237.8381854643524,319.30094609322407,237.84625038965373,1,0.020212570414804742,2.2643572484582437,-0.24203504086427455,-0.47205315817947074,6.7792969985021045,30.0
388,12.933333333333298,track,1,319.54573869556157,237.70410502187957,319.5707623741546,237.72090286152707,1,0.030138877005447668,2.319165519327357,-0.2077144907418175,-0.4786828005876206,6.732040999850142,30.0
389,12.966666666666631,track,1,319.84849533033554,237.52929782082325,319.8798186471771,237.55546479123973,1,0.04081495459674271,2.4474876801395684,-0.20611706534508367,-0.4882213480047182,5.104338000819553,30.0
390,12.999999999999964,track,1,320.054472556339,237.49066777270843,320.05891373112956,237.47956997325105,1,0.011953459177851783,2.521118471522777,-0.20397900289720497,-0.49155642278568196,14.479659001153777,30.0
391,13.033333333333298,track,1,320.25160888519827,237.44010795100684,320.2481827778515,237.41414975772273,1,0.02618331549148584,2.5977328897920855,-0.20129969731268071,-0.49594504720089744,4.053829999975278,30.0
392,13.066666666666631,track,1,320.49328373630914,237.3637115106427,320.50268053180514,237.34683827472895,1,0.01931335951601188,2.7003619863824073,-0.19806419637756215,-0.5021462357141049,5.87143700067827,30.0
393,13.099999999999964,track,1,320.8487707458164,237.29336822532883,320.8625252558188,237.2785595729481,1,0.020210955710693427,2.8548533788826607,-0.149851372649831,-0.5085607182150087,4.058562999489368,30.0
394,13.133333333333297,track,1,320.9843201980607,237.25170208376315,320.98849810277954,237.23869643285116,1,0.01366022852973073,2.932904002716026,-0.13540483918824703,-0.513948966795219,3.5118140003760345,30.0
395,13.16666666666663,track,1,321.1203544686405,237.2184516040393,321.11892993844947,237.20890274404496,1,0.009654533311182609,3.007029780257966,-0.11995411806989778,-0.5192295188373978,3.466728998319013,30.0
396,13.199999999999964,track,1,321.2558635394456,237.20221473278767,321.24295018126645,237.192127000234,1,0.016386493448500034,3.07068004453822,-0.10364507193655581,-0.5238773010707548,5.622947001029388,30.0
397,13.233333333333297,track,1,321.0247746197784,237.27252081756245,321.0242382502935,237.25986201731303,1,0.012670158482797386,2.9253068484396794,-0.10588568537001497,-0.5241118624703078,4.1952569990826305,30.0
398,13.26666666666663,track,1,320.5967083880783,237.4190581564207,320.613859207637,237.39487106547995,1,0.02965073320698485,2.6764752739889675,-0.11942026664597091,-0.5200573553730452,3.3795119998103473,30.0
399,13.299999999999963,track,1,320.1221014743545,237.5512563161902,320.1066325119501,237.57645833232027,1,0.029570769602571552,2.4258863756541924,-0.1437568707187046,-0.5160954825275119,5.126952999489731,30.0
400,13.333333333333297,track,1,319.5190977027401,237.82562967063382,319.530066338358,237.8342922687682,1,0.013976822734633774,2.216106410681014,-0.13978509782168877,-0.5039517622576241,4.222151001158636,30.0
401,13.36666666666663,track,1,319.1807878746501,237.92216836212194,319.1407426864731,237.9259020151119,1,0.04021886697532317,2.245040218295958,-0.17950578137331735,-0.49984446679148575,3.608758001064416,30.0
402,13.399999999999963,track,1,318.98772922489604,237.995909741632,318.9634736588464,237.99551397102937,1,0.024258794668298566,2.2566238269245784,-0.19019520095316653,-0.4962911617839735,3.3473629991931375,30.0
403,13.433333333333296,track,1,319.17757588271735,237.92153623786908,319.16846805571834,237.92713189683923,1,0.010689429917174677,2.233434025768879,-0.18216125548224318,-0.5000178112481223,5.041833999712253,30.0
404,13.46666666666663,track,1,319.18588640275385,237.92564543889844,319.176454797956,237.9294295327777,1,0.010162407960207691,2.2283376673078146,-0.18342177134972354,-0.4997430120782985,3.7736869999207556,30.0
405,13.499999999999963,track,1,319.0699540497908,237.97942527947328,319.06578160082836,237.97899907241276,1,0.00419416055994078,2.2264790065615485,-0.19153676416277676,-0.4967185677035777,3.4307810001337202,30.0
406,13.533333333333296,track,1,319.1195301229649,237.9629044445971,319.1156273985863,237.96665979075578,1,0.005416076287016817,2.2173378868951277,-0.19165975648686379,-0.49708803290484593,3.220541000700905,30.0
407,13.56666666666663,track,1,319.1402351000206,237.9670035058775,319.13246613120896,237.96882335018472,1,0.007979267491385424,2.2086859433279273,-0.19327635860594705,-0.496372492843998,3.9541160003864206,30.0
408,13.599999999999962,track,1,319.21500930328716,237.9462476741782,319.2041440672285,237.95008840922583,1,0.011524087830099883,2.198982536474051,-0.1920356606805308,-0.4969165408062104,4.735921998872072,30.0
409,13.633333333333296,track,1,319.1195301229649,237.9958782716219,319.11405412654244,237.9952845155035,1,0.0055080925143505335,2.191753696124753,-0.19946424748472627,-0.4938259375652666,3.655343998616445,30.0
410,13.666666666666629,track,1,319.1775758827173,237.9793516415445,319.1672921631606,237.98203900731005,1,0.01062905558733431,2.1830183026149754,-0.1991504519606816,-0.4940224076194809,3.5007970000151545,30.0
411,13.699999999999962,track,1,319.136091827617,238.00412399477628,319.1300493910179,238.0054759789557,1,0.0061918415092427305,2.175991758392259,-0.20377297958796847,-0.4921228781543762,4.00693400115415,30.0
412,13.733333333333295,track,1,319.2358458037377,237.97517412592236,319.22325150739607,237.97672551084565,1,0.012689487598809506,2.16725122660601,-0.20100793384731325,-0.49298185595030564,4.049102999488241,30.0
413,13.766666666666628,track,1,319.34046086776004,237.94187253477267,319.32115696920664,237.94535403050918,1,0.01961533359194804,2.1638849138532272,-0.19742248427989972,-0.49423297374032726,3.4297630008950364,30.0
414,13.799999999999962,track,1,319.50779031922997,237.87120005539782,319.51919409614254,237.87997590207442,1,0.01438963560215849,2.1738621145255177,-0.16415063967447746,-0.4976590030992184,3.544114000760601,30.0
415,13.833333333333295,track,1,319.6937719842748,237.7646734257535,319.7093431084454,237.78495503777958,1,0.025569585337133244,2.2340334852607358,-0.1626590201924677,-0.5033590901347313,4.424651999215712,30.0
416,13.866666666666628,track,1,320.1158860453887,237.64985859143272,320.10941552385634,237.6750287701043,1,0.025988565625287396,2.327544409179667,-0.16061238379346252,-0.5100564624347088,4.275740999219124,30.0
417,13.899999999999961,track,1,320.50776451100836,237.57678238663814,320.5195730849824,237.59739003955906,1,0.02375116372327651,2.4581478419021456,-0.13138367811175486,-0.5151767054526327,3.5263850004412234,30.0
418,13.933333333333294,track,1,320.55518603201,237.56710316635488,320.5817426682181,237.58455711515307,1,0.03177884918212053,2.4845097830322915,-0.12391413059333627,-0.5174093573361034,3.6206210006639594,30.0
419,13.966666666666628,track,1,320.60413917633167,237.54996874782972,320.6275625927058,237.57830352631322,1,0.0367629719465572,2.5016891530385172,-0.11575745441175131,-0.5202048479516934,4.413298000145005,30.0
420,13.999999999999961,track,1,320.7165288681998,237.53727506426736,320.7349536379645,237.56567070100482,1,0.033849436134263014,2.542855872027283,-0.10375410665937776,-0.5229331143798504,13.045002000581007,30.0
421,14.033333333333294,track,1,320.6833553225471,237.55419762516493,320.7035663273308,237.58231004213667,1,0.03462358592579444,2.5179813957428183,-0.09874998110222057,-0.5242188613001841,4.6770040007686475,30.0
422,14.066666666666627,track,1,320.7791820012499,237.55419762516493,320.79399345357683,237.57859526810398,1,0.028541620504339022,2.548259500123818,-0.08696094101633053,-0.5263616266524359,3.8526509997609537,30.0
423,14.09999999999996,track,1,320.70027058905157,237.57954624297508,320.7158743427368,237.6048304042181,1,0.029711377262457404,2.4998626896585603,-0.08395605140154955,-0.5271727360274266,4.063831000166829,30.0
424,14.133333333333294,track,1,320.66303820287044,237.60063787006862,320.68123882823227,237.62445362087874,1,0.02997420141073215,2.4712966111835715,-0.07912793456006514,-0.5280827029572497,4.264420000254177,30.0
425,14.166666666666627,track,1,320.327868852459,237.70533305665077,320.3085465169704,237.72129601370966,1,0.025063292816343723,2.2994983823151625,-0.10745654076761797,-0.5244495289122827,4.25924500086694,30.0
426,14.19999999999996,track,1,320.2401159180294,237.74746429310702,320.2271555059508,237.76165610973453,1,0.01921925962247566,2.24984065990739,-0.10382405925921179,-0.5236013992484349,3.2162869993044296,30.0
427,14.233333333333293,track,1,320.22757051237846,237.76415419626233,320.2175415354643,237.77743201723115,1,0.016639738808792444,2.2331889211800617,-0.1005941458164198,-0.523812542847312,3.0563300006178906,30.0
428,14.266666666666627,track,1,319.8473282442748,237.87621208995256,319.85527269671854,237.88409527311273,1,0.011191912319503157,2.120848605058597,-0.0979110261031431,-0.5188141317664128,3.705824999997276,30.0
429,14.29999999999996,track,1,319.7432889379615,237.879925470982,319.7555059714882,237.88687805371183,1,0.014056824492336169,2.127219238786318,-0.09575051028064674,-0.5189433838559653,4.2659299997467315,30.0
430,14.333333333333293,track,1,319.4968883971788,237.92532153229152,319.49358149309455,237.9286126941579,1,0.004665550455522599,2.1323942118989567,-0.1204599939153858,-0.5167352300733005,4.112443000849453,30.0
431,14.366666666666626,track,1,319.2233404563314,238.008271868753,319.2118290451323,238.00617219964374,1,0.011701333178918206,2.1439595965340787,-0.13553832598894217,-0.5122517732674304,3.42338999871572,30.0
432,14.39999999999996,track,1,318.68471271520434,238.1991288114499,318.70205619549813,238.18703157516939,1,0.0211456717634496,2.2296889085873812,-0.16621770016348253,-0.5016213982648,3.3254120007768506,30.0
433,14.433333333333293,track,1,318.4373481430059,238.30406108989934,318.41182104843483,238.28492734965994,1,0.03190192114575612,2.3374744016008226,-0.18430279486857115,-0.4945940739717203,3.938146999644232,30.0
434,14.466666666666626,track,1,317.9916660879228,238.48281130634072,317.99343099275245,238.46023753567965,1,0.022642659095527394,2.529266223112206,-0.21440397908878084,-0.48308779211331554,4.687235999881523,30.0
435,14.49999999999996,track,1,318.2245166655117,238.38250987457556,318.2098998379595,238.35931645889355,1,0.027415072108065902,2.428230028682435,-0.21105340261086303,-0.48540812730120664,4.161201999522746,30.0
436,14.533333333333292,track,1,318.4162330905307,238.2913631633715,318.39346435206596,238.27602344382467,1,0.02745400602917922,2.3564914500852727,-0.20923043274194936,-0.4875658560066717,3.4996390004380373,30.0
437,14.566666666666626,track,1,318.55842532805667,238.20828993959591,318.5861839153778,238.19765787357846,1,0.02972507355521073,2.2907014344541334,-0.20928315960718774,-0.489679153694463,3.737186998478137,30.0
438,14.599999999999959,track,1,319.1071207855524,238.04120030213556,319.1003433629709,238.04064266800674,1,0.006800324453313858,2.156029503273622,-0.18717944658308933,-0.4966416695206075,4.021878999992623,30.0
439,14.633333333333292,track,1,319.8224241172827,237.86372083419369,319.82979129698754,237.8688483781957,1,0.008975914677397393,2.1379378470152615,-0.14437044569405605,-0.5049906381949993,3.7204629988991655,30.0
440,14.666666666666625,track,1,320.4711932726388,237.71645006602265,320.4426343401277,237.73315898198575,1,0.03308776962617957,2.3096522162464552,-0.1440482759625208,-0.5126953600715447,3.605786001571687,30.0
441,14.699999999999958,track,1,321.0956407235429,237.61327881350059,321.091042827563,237.63673682176864,1,0.023904367788037853,2.602957414396339,-0.08523371541079258,-0.5189301780242741,3.9814829997339984,30.0
442,14.733333333333292,track,1,321.37502604347526,237.54996874782972,321.3520619112577,237.57765044089183,1,0.03596703350695699,2.774139289650999,-0.06411413794582747,-0.5237432513487813,4.351695000877953,30.0
443,14.766666666666625,track,1,321.6293211162016,237.5156184922949,321.6520500399158,237.53792507683897,1,0.03184631355792087,2.964975929353262,-0.042267781951756456,-0.5275206175292898,4.140322998864576,30.0
444,14.799999999999958,track,1,322.0581959262852,237.5093529167244,322.0533923224707,237.52350132908964,1,0.014941625817276238,3.2170585473382967,-0.009422529060550133,-0.5301454896808406,3.599054000005708,30.0
445,14.833333333333291,track,1,322.2618816682832,237.5093529167244,322.2490005925231,237.5213415366352,1,0.017596849720989943,3.3469017677815405,0.01396187161268704,-0.5326051202733953,3.865405000397004,30.0
446,14.866666666666625,track,1,322.38715048914173,237.5140498161382,322.36334864761193,237.53486697417338,1,0.03162090651565442,3.415010639103519,0.03456908123580171,-0.5349074689373444,4.52794499869924,30.0
447,14.899999999999958,track,1,322.31690874973935,237.52880672736117,322.2966865441267,237.55681949218456,1,0.03454927774773732,3.353192519934104,0.04570607786827888,-0.5367059582593788,3.7188179994700477,30.0
448,14.933333333333291,track,1,322.1624435959736,237.5626518569941,322.1513660949993,237.5876287133674,1,0.02732314736864173,3.2323228952692653,0.0522102731188922,-0.5374433668848253,3.394192999621737,30.0
449,14.966666666666624,track,1,321.908466819222,237.5964218847514,321.9123913257848,237.62093507654413,1,0.024825356465285546,3.0524073274966317,0.05268524775688905,-0.5380126193966637,4.04558599984739,30.0
450,14.999999999999957,track,1,321.73409043695034,237.63852918772938,321.7476215752422,237.6593869149458,1,0.024862350816203648,2.9210701436595023,0.05593890855218972,-0.5379360560250747,12.704154998573358,30.0
451,15.03333333333329,track,1,321.504638856436,237.64758435846335,321.5110864072532,237.69572006799808,1,0.04856559938837982,2.7555558668283378,0.05502630697818754,-0.5393356237160817,3.8608369995927205,30.0
452,15.066666666666624,track,1,321.35189401780167,237.7201407576071,321.33142128366944,237.7411300309218,1,0.029320341695268676,2.622055714856448,0.05655991774648367,-0.5372426056675402,3.8536100000783335,30.0
453,15.099999999999957,track,1,321.6229542158691,237.83343691733995,321.6449068314521,237.84067222630233,1,0.023114216982559648,2.7144824402489482,0.07909914113730446,-0.5325766081486084,3.1505889983236557,30.0
454,15.13333333333329,track,1,322.17699115044246,238.02222679563695,322.1697988107733,238.0106062165371,1,0.013666294616060698,2.9437585677011535,0.11705388106765342,-0.5233073704227464,3.4029729995381786,30.0
455,15.166666666666623,track,1,322.7362456212652,238.276117865238,322.75084101470657,238.23741068833965,1,0.04136751204929977,3.2670854549232646,0.15715043503849263,-0.5096226979563565,4.255116000422277,30.0
456,15.199999999999957,track,1,322.90042182421683,238.31947998063757,322.90565617984726,238.30175441628944,1,0.018482264750978812,3.3655424374202987,0.17849791854587538,-0.5057406801800226,4.156683000474004,30.0
457,15.23333333333329,track,1,322.92936777231495,238.36147081227062,322.933080132794,238.3403676537789,1,0.021427200438988256,3.3700650720741336,0.19321821400651937,-0.5015087790865588,3.22101100027794,30.0
458,15.266666666666623,track,1,322.80477673935616,238.35306334371757,322.81408777225704,238.33237042129076,1,0.0226912399891022,3.27109743079483,0.19970958164982733,-0.4995745180371653,3.464228999291663,30.0
459,15.299999999999956,track,1,322.6132788135006,238.32434680158013,322.635947050171,238.30584802734506,1,0.029258393700724018,3.1334274776601854,0.20178604540030556,-0.49862107152031193,3.7600340001517907,30.0
460,15.33333333333329,track,1,322.3698829396689,238.25767126134238,322.34737110074843,238.2434994539226,1,0.026601184506053473,2.931798978954582,0.19983642715867345,-0.4997307236486882,4.117074999157921,30.0
461,15.366666666666623,track,1,321.9958708967036,238.17342233844883,321.9945961186676,238.16658095762727,1,0.0069591343273904035,2.7092137349309793,0.18938902549160574,-0.5020510239079844,3.589924999687355,30.0
462,15.399999999999956,track,1,321.5124826629681,238.06657420249653,321.5302680354214,238.06390976028138,1,0.01798384624097655,2.4678261033885973,0.17090491338810704,-0.5059842044613043,3.666983000584878,30.0
463,15.43333333333329,track,1,321.5626518569941,238.10829573064908,321.58823479303123,238.10017631147616,1,0.026840484049036308,2.4762511595699026,0.17774689319872405,-0.5026471462128054,4.6280319984361995,30.0
464,15.466666666666622,track,1,321.50779031922997,238.0914064122983,321.51921542530306,238.08741325351411,1,0.012102824705711926,2.44254039297454,0.17849024669912733,-0.5023615945617588,4.168854999079485,30.0
465,15.499999999999956,track,1,321.5711013949615,238.1332500520508,321.5965868205618,238.12692521731333,1,0.026258531042045508,2.461198613913228,0.18461380743223615,-0.49916940289360245,3.2133229997270973,30.0
466,15.533333333333289,track,1,321.5093529167244,238.1122350006928,321.5224023045157,238.10608381403836,1,0.01442649018247987,2.4299438874678234,0.18390305165800258,-0.499230633952908,3.668245000881143,30.0
467,15.566666666666622,track,1,321.50466966447595,238.11207194742303,321.50842422113976,238.10537820982995,1,0.007674817177417266,2.4217628617823546,0.18555210295214647,-0.498383639743262,4.487505999350105,30.0
468,15.599999999999955,track,1,321.6132788135006,238.16633169311802,321.6339157257315,238.15875085386756,1,0.021985251196403575,2.4616821518884646,0.19284695416203929,-0.4947711673767434,4.510504999416298,30.0
469,15.633333333333288,track,1,321.5245707930771,238.13762424410925,321.55335126536374,238.12748105188643,1,0.03051556870700384,2.432946231352325,0.18998156976208763,-0.4953978947406451,3.6655019994213944,30.0
470,15.666666666666622,track,1,321.5245707930771,238.12928338082992,321.5519199538676,238.12309016923064,1,0.028041620243090756,2.4354149658838513,0.19129409800489805,-0.49515110707005155,3.7762860010843724,30.0
471,15.699999999999955,track,1,321.63432370662787,238.170371909412,321.65416295844034,238.16239256948893,1,0.02138377371014557,2.4724595369278726,0.19830515205591748,-0.4924179458122021,3.976682000939036,30.0
472,15.733333333333288,track,1,321.59220472987033,238.1539635203551,321.61380869585196,238.14420618054737,1,0.02370521095157302,2.459339180984594,0.19774794420208844,-0.4926207909744189,3.7660010002582567,30.0
473,15.766666666666621,track,1,321.6805200193624,238.18670907959338,321.6970735517814,238.17673102819072,1,0.019328242168924425,2.490856957699172,0.20393484137915713,-0.4903640875903873,3.4225919989694376,30.0
474,15.799999999999955,track,1,321.6511386447013,238.17443067764935,321.6712950449628,238.16518271395398,1,0.02217668379205227,2.4818907309731526,0.20435678805021457,-0.4904048952339212,3.244765000999905,30.0
475,15.833333333333288,track,1,321.6805200193624,238.18670907959338,321.69815430007145,238.17671309737193,1,0.02027036054679534,2.4916065411991153,0.20786219907390283,-0.4892533984140228,3.118696999081294,30.0
476,15.866666666666621,track,1,321.6679349705984,238.18263576617088,321.686115453653,238.1735303578978,1,0.020333185287022236,2.485754749883494,0.2093922028093862,-0.4889632012602482,3.748236998944776,30.0
477,15.899999999999954,track,1,321.57532440496846,238.1498855041288,321.6012526719867,238.14259023396744,1,0.026935032899477504,2.452341974215185,0.20677294429309795,-0.4902484110875153,3.672602999358787,30.0
478,15.933333333333287,track,1,321.252535706893,238.02483957772716,321.2383636588172,238.02223001083757,1,0.014410301385266635,2.3334778082318843,0.19172669205133924,-0.496589437515238,4.070418000992504,30.0
479,15.96666666666662,track,1,321.016448495648,237.950654513056,321.0166716616774,237.95291075698105,1,0.002267253785086062,2.285649937444866,0.1799308072720231,-0.500845945953079,3.845804998491076,30.0
480,15.999999999999954,track,1,320.65113864470135,237.8504879905863,320.669100554952,237.85765451680368,1,0.019338803424149075,2.244401862859856,0.16027009967784603,-0.5068853656267964,12.832717000492266,30.0
481,16.03333333333329,track,1,320.3362623676745,237.759219539196,320.31741011047677,237.77273094690122,1,0.023194088462936243,2.249772569199921,0.12403797507170275,-0.5129831821954778,3.3459630012657726,30.0
482,16.066666666666624,track,1,320.31528728479566,237.7344949180668,320.29731955746513,237.74887211542568,1,0.023011801957276208,2.2706773597231504,0.11930651812861617,-0.5160648387368655,3.9119239991123322,30.0
483,16.09999999999996,track,1,320.25695931477514,237.7140291496857,320.2439615248022,237.72850178558565,1,0.019452499429966682,2.2845615254729745,0.11438987609575671,-0.519119685400679,3.7881159987591673,30.0
484,16.133333333333294,track,1,320.12443829934324,237.6889042516419,320.11664042520795,237.7052371259033,1,0.018098884569728923,2.297725318032001,0.10935821308921637,-0.5225669972658894,3.691763999086106,30.0
485,16.16666666666663,track,1,319.7217030114226,237.64693665628243,319.7361307556704,237.66619022600207,1,0.02405950438034772,2.3486794245514515,0.10413813146916456,-0.5270405613948934,3.4192009989055805,30.0
486,16.199999999999964,track,1,319.3616210599238,237.6259092483547,319.3421386791704,237.64834131821158,1,0.029711292766964922,2.4419418652118963,0.06531459908471675,-0.5305968241098655,3.724154999872553,30.0
487,16.2333333333333,track,1,319.2451693330563,237.63432370662787,319.2305195680474,237.65476425395013,1,0.02514819257224189,2.46824448540011,0.05138565277249397,-0.5326807296712165,4.00973000068916,30.0
488,16.266666666666634,track,1,319.4332397067891,237.62129204631088,319.3808269591036,237.6943547683136,1,0.08991805973432745,2.387336421405908,0.053011863447032195,-0.5358261533931512,4.175558999122586,30.0
489,16.29999999999997,track,1,319.7767912027867,237.7803428727546,319.7544801998065,237.79583974741377,1,0.02716494023891483,2.217792233589087,0.0754209327073739,-0.5298885512254938,3.331505000460311,30.0
490,16.333333333333304,track,1,320.149004146557,237.88906260621303,320.11071869749253,237.8919888348305,1,0.03839711478729989,2.110916791930397,0.07075838602838744,-0.5258364288503716,3.8617269983660663,30.0
491,16.36666666666664,track,1,320.4264127509832,237.94783688677293,320.3956636098476,237.94161657058362,1,0.03137199410419911,2.0960658469269435,0.0668186751237371,-0.5237969560031748,4.196231999230804,30.0
492,16.399999999999974,track,1,320.8698877169105,238.0647839401157,320.86040204524613,238.02345461685536,1,0.042403902274214006,2.155695556217092,0.10921374482533844,-0.5182592190631672,3.8297499995678663,30.0
493,16.43333333333331,track,1,321.03110292613053,238.06629834254144,321.0174266117332,238.05237660812054,1,0.019515539059456993,2.197360641055292,0.11845056150245226,-0.5181291897750592,4.010329999800888,30.0
494,16.466666666666644,track,1,321.0968602503591,238.07387646213832,321.08716759515244,238.07060799841884,1,0.01022890121375753,2.2146076121324296,0.12404337603520223,-0.5174906937123596,3.631853998740553,30.0
495,16.49999999999998,track,1,320.94588315681585,238.04509736932013,320.94342352354295,238.0449453976198,1,0.0024643236871167455,2.1707801461829663,0.1190979124878628,-0.5185922251015797,4.055852999954368,30.0
496,16.533333333333314,track,1,320.6556053811659,238.0,320.6705425294783,238.00069750600278,1,0.014953424836168124,2.108752651768978,0.10663371618444566,-0.5205666589463334,3.3541329994477564,30.0
497,16.56666666666665,track,1,320.50320314114487,237.9710684025625,320.50311397685084,237.9722805791157,1,0.0012154514665121906,2.089203131228271,0.10048284883015128,-0.5218120073318395,3.1643460006307578,30.0
498,16.599999999999984,track,1,320.38036047234306,237.94613631655272,320.3557502247021,237.9487123037111,1,0.024744696376995053,2.0819076433218284,0.07545631982410818,-0.5229373809254423,3.6283179997553816,30.0
499,16.63333333333332,track,1,320.2558635394456,237.913336543091,320.2418872484867,237.91911189006078,1,0.015122544150686165,2.094899703343075,0.07487981985931878,-0.5245750507114321,4.987673999494291,30.0
500,16.666666666666654,track,1,320.0903552604559,237.88910945307686,320.0861336312821,237.89400398641487,1,0.006463637480400057,2.1077566775304706,0.07411820960815955,-0.5259094218637694,4.066131999934441,30.0
501,16.69999999999999,track,1,319.8898554695527,237.8684841427495,319.89873892049934,237.87315885877297,1,0.010038359956766345,2.129250348417852,0.07311399167471207,-0.5271818142230129,3.721451999808778,30.0
502,16.733333333333324,track,1,319.5860352575181,237.84652609747667,319.6132601827446,237.85338824482005,1,0.028076424625495415,2.1811716378422523,0.07177227362119835,-0.5286459242331215,4.247355000188691,30.0
503,16.76666666666666,track,1,319.28502581755595,237.83063683304647,319.2701966126158,237.83977829473292,1,0.017420437449216328,2.2801690288538836,0.03264505642468308,-0.5299211905296531,4.926309000438778,30.0
504,16.799999999999994,track,1,319.2068539248678,237.82693496325803,319.19810994595525,237.83452863752132,1,0.011581064546925287,2.309176017650273,0.02393706061316158,-0.5306612638245725,3.788981999605312,30.0
505,16.83333333333333,track,1,319.22345908060197,237.82683982683983,319.2141132853237,237.83503347859664,1,0.012428991048949897,2.303192993889577,0.019612331201407374,-0.5312649101095303,3.5666469993884675,30.0
506,16.866666666666664,track,1,319.21100350298786,237.82691118895528,319.2040513833871,237.8366906057595,1,0.011998706595879222,2.3050903963830307,0.013626606427343611,-0.5318920129905653,4.423447000590386,30.0
507,16.9,track,1,318.91854645183406,237.83956119300652,318.9238107304037,237.8477278568505,1,0.00971632786599422,2.406337200429636,-0.007291349621904072,-0.5318808177371822,4.348339998614392,30.0
508,16.933333333333334,track,1,318.54392523364487,237.87123572170302,318.5734347479257,237.87795945435892,1,0.03026582253829367,2.556979564988832,-0.033866444563401585,-0.5308305958003803,3.716246999829309,30.0
509,16.96666666666667,track,1,318.2517020837632,237.91747472663502,318.2404093775731,237.92267028752076,1,0.012430569818520884,2.722399289759277,-0.057811736435636134,-0.5288841685619852,3.7059080004837597,30.0
510,17.000000000000004,track,1,318.1265493391769,237.93836882832295,318.1181828077613,237.94295741197425,1,0.009542219231053084,2.7879490945777468,-0.07434237460724621,-0.5280700377515224,11.81699999870034,30.0
511,17.03333333333334,track,1,317.7391124871001,238.0330237358101,317.7484426308524,238.03157270765246,1,0.009442301899075342,2.9906883140543803,-0.10536921957872711,-0.5232559500164307,3.1808040002943017,30.0
512,17.066666666666674,track,1,318.0557415123984,238.0,318.04541206260797,238.00135761811794,1,0.010418284884159993,2.795529534033518,-0.10097131677060114,-0.5247466463543833,3.853177000564756,30.0
513,17.10000000000001,track,1,318.73078246507464,237.9710962769252,318.7403579213426,237.97099477724396,1,0.009575994200331155,2.3882127962758353,-0.07631118474573617,-0.5261239584565347,3.438288000324974,30.0
514,17.133333333333344,track,1,319.0894603652281,237.94254838930306,319.08196319181,237.94441049889838,1,0.007724963521315779,2.251275144941387,-0.06517587467942254,-0.5275977073219889,3.222543000447331,30.0
515,17.16666666666668,track,1,319.42148931756896,237.92117817880109,319.39181405153226,237.92518314810104,1,0.029944301518685504,2.162118201402852,-0.053355631331490724,-0.5288272751048745,3.1992730000638403,30.0
516,17.200000000000014,track,1,319.78069391961526,237.90930951563035,319.78917736806727,237.9145082206012,1,0.009949644768118382,2.0961207369984796,-0.026570904427429598,-0.5296729586899098,3.101391999734915,30.0
517,17.23333333333335,track,1,320.16372985944463,237.9094960575934,320.151719385442,237.91471622897654,1,0.013095864806777569,2.090795823989683,-0.02703387605796659,-0.5299653121487942,3.387855000255513,30.0
518,17.266666666666683,track,1,320.33845941659195,237.904834149369,320.3176230336164,237.9079478359571,1,0.021067745481451215,2.1160261455285307,-0.026592128760591954,-0.530545125692018,3.109362000031979,30.0
519,17.30000000000002,track,1,320.3752847773559,237.90058681394547,320.3481181843988,237.90637657452896,1,0.027776700677191186,2.122367856425977,-0.025428590501961862,-0.5311518341291682,3.0937110004742863,30.0
520,17.333333333333353,track,1,320.1215855411789,237.9260628465804,320.11032729652493,237.93056699432316,1,0.012125816243738853,2.07237184823168,-0.023842968662334072,-0.5302349568907496,3.8260389992501587,30.0
521,17.36666666666669,track,1,320.21674335553877,237.92170867385482,320.19977867505725,237.9254044060683,1,0.017362569522795926,2.084192504872909,-0.02191289472519431,-0.5308037437390465,3.5140590007358696,30.0
522,17.400000000000023,track,1,320.3250396305741,237.91729271486662,320.30208010647505,237.92306182129016,1,0.023673240922647203,2.0987912208960937,-0.019701414528296712,-0.5314057404301611,3.549217000909266,30.0
523,17.43333333333336,track,1,320.48302095580607,237.9111971782281,320.4476455140955,237.924181781754,1,0.037683176683284345,2.1235366211798334,-0.017243312672210482,-0.5321276202759843,3.246741000111797,30.0
524,17.466666666666693,track,1,321.0769493144144,237.9718943993451,321.0712091719156,237.9791794186698,1,0.00927473678695607,2.2871827456335625,0.04194005968983127,-0.5293643403604252,3.4836569993785815,30.0
525,17.50000000000003,track,1,321.5613490585558,238.06703910614524,321.5854358359056,238.06689909014233,1,0.024087184301664576,2.500097181604414,0.07445116202049779,-0.5245291083238921,3.9510749993496574,30.0
526,17.533333333333363,track,1,321.92215773301467,238.14175486514168,321.9243409716655,238.12831125053663,1,0.013619739522314671,2.6844565465096184,0.1027651153971796,-0.5203435512145586,3.3931849993678043,30.0
527,17.5666666666667,track,1,322.1569325573434,238.1925368024649,322.15202642333225,238.17841451151003,1,0.014950225842757655,2.8194665131186483,0.12621810850765403,-0.5170551118735032,3.4042539991787635,30.0
528,17.600000000000033,track,1,322.3545173479904,238.28608725523875,322.35242697393164,238.24073769697281,1,0.045397710279499716,2.9375017478350034,0.148885549187695,-0.5112382059590759,3.452121000009356,30.0
529,17.63333333333337,track,1,322.2584462946398,238.23119796325602,322.25570184285436,238.2211610107779,1,0.010405403915776941,2.872709340228012,0.1569602769582488,-0.5127989394547574,3.675187999760965,30.0
530,17.666666666666703,track,1,322.312676638864,238.28124353760253,322.3044527390082,238.26480499489662,1,0.018380919866330604,2.884684407705292,0.17246312217839088,-0.509012161569202,3.5509850004018517,30.0
531,17.70000000000004,track,1,322.2819504793434,238.30622801572522,322.2748169316102,238.28967043359887,1,0.018028894284803657,2.8460532844706665,0.18344231352485701,-0.5063261088432875,3.2298000005539507,30.0
532,17.733333333333373,track,1,322.29237433816957,238.36306126658874,322.30962027849296,238.3440831831224,1,0.02564351983823132,2.841901886984129,0.19608028976791395,-0.5018490925239715,3.178748998834635,30.0
533,17.76666666666671,track,1,322.0743443243615,238.3304192193846,322.0951454322977,238.31196991336446,1,0.027804010214334048,2.6905538381279053,0.19623444101484672,-0.501854303536517,3.770481000174186,30.0
534,17.800000000000043,track,1,321.7391124301194,238.25674649734282,321.75161784276554,238.24380582992546,1,0.017995727789024696,2.4803997722339832,0.1886973139794233,-0.5041786651442766,3.5679350003192667,30.0
535,17.83333333333338,track,1,321.2400165528657,238.14897579143388,321.228795792322,238.14099511052882,1,0.013769413019006947,2.228416091825308,0.17038271267127705,-0.5086688683903954,3.197068999725161,30.0
536,17.866666666666713,track,1,320.6637376323255,238.04566525980766,320.6804024163598,238.04356634969326,1,0.016796441604675798,2.071371544711573,0.1450212774708688,-0.5134799517067165,3.13590999940061,30.0
537,17.90000000000005,track,1,320.2358458037377,237.96276118888352,320.2235963587848,237.9665415329889,1,0.012819512596388602,2.045714708536089,0.11174209452901473,-0.5177863066396821,3.465485000560875,30.0
538,17.933333333333383,track,1,320.18173057066156,237.94630687685,320.17343189091343,237.94780100103173,1,0.00843211080526923,2.059514348615265,0.10966400536108412,-0.5190906053417363,3.4560359999886714,30.0
539,17.96666666666672,track,1,320.198360768648,237.94627729182452,320.19003525668256,237.9475296503141,1,0.008419177588878744,2.061249120102223,0.10661611896656029,-0.5197446388022735,3.268319998824154,30.0
540,18.000000000000053,track,1,320.29434118703796,237.96268914530506,320.27985164627523,237.96373615093546,1,0.01452731951547637,2.0554044387735693,0.10286080809667844,-0.5196498492152083,11.216110000532353,30.0
541,18.03333333333339,track,1,320.7265759856383,238.09114133812056,320.74054419181505,238.0877268860762,1,0.01437947379284626,2.0506570074653596,0.13677441725617875,-0.5136606255763305,3.309779000119306,30.0
542,18.066666666666723,track,1,321.40779527012967,238.37034468409738,321.3839949484304,238.3487659960698,1,0.03212623678520012,2.1545337669705473,0.17100476471729742,-0.49921165168116827,3.264621000198531,30.0
543,18.10000000000006,track,1,322.01247487698384,238.61327881350059,322.0132656017885,238.6337958644176,1,0.020532282485109042,2.4330540732641244,0.20411057373834857,-0.48544821165797736,3.8823390004836256,30.0
544,18.133333333333393,track,1,322.4906470832756,238.8461964805321,322.4792276559864,238.85406711467567,1,0.013869037509327612,2.731250985880924,0.23341195288643196,-0.4710437821126539,3.561101999366656,30.0
545,18.16666666666673,track,1,323.09933089604743,239.24418845278333,323.09507577989257,239.22959074079108,1,0.015205236232960625,3.189517911840663,0.2720651217869494,-0.4467618246810663,3.1213709989970084,30.0
546,18.200000000000063,track,1,323.58318860715525,239.5415074678708,323.6060415496021,239.56820373694313,1,0.03514182352783239,3.631801711306175,0.3072461434321969,-0.4018962254119275,3.1021960003272397,30.0
547,18.2333333333334,track,1,323.5835935873412,239.4288986050385,323.60895702124833,239.4023098060552,1,0.03674599312761773,3.658114862761336,0.319552082017,-0.4234393965388198,3.5360299989406485,30.0
548,18.266666666666733,track,1,323.50622923588037,239.34883720930233,323.51528690067676,239.32961898275516,1,0.021245741295185566,3.578638386642581,0.3282430236221544,-0.42115297198554896,3.839992999928654,30.0
549,18.300000000000068,track,1,323.07820539205596,239.06585717225767,323.0750616064448,239.06367368161148,1,0.00382766500243033,3.214453430668735,0.3183627427642428,-0.4298797593198935,3.0801570010225987,30.0
550,18.333333333333403,track,1,322.7223948622333,238.86326911124922,322.7362034114939,238.87026657265505,1,0.015480326185470933,2.9602545035741903,0.310485115022341,-0.43567419642542987,3.150742999423528,30.0
551,18.366666666666738,track,1,322.26631527845205,238.5922047298703,322.2525551781206,238.61441365501037,1,0.026126169198888962,2.644589637334988,0.2955541968651099,-0.4461874252849136,3.1675150003138697,30.0
552,18.400000000000073,track,1,321.69652878819375,238.3782997297859,321.71194475851973,238.35681854964605,1,0.02644037142879846,2.372930705901566,0.27224064229646305,-0.4551762267719868,3.70196699986991,30.0
553,18.433333333333408,track,1,321.4754292069229,238.22520330854243,321.4486476243969,238.21248381726082,1,0.02964858548159087,2.3008246441711537,0.2642898014924441,-0.462271484532629,3.36973699995724,30.0
554,18.466666666666743,track,1,321.0041070572934,238.01232117188033,321.0025098890585,238.01341995045402,1,0.0019386234097037178,2.225202546042537,0.241512265453385,-0.47358329676403366,2.98636799925589,30.0
555,18.500000000000078,track,1,320.49220968077003,237.80056782771277,320.4829584135815,237.81208108878366,1,0.014769601385270096,2.240588759970754,0.18817481636267577,-0.4861474344922061,3.049165999982506,30.0
556,18.533333333333413,track,1,320.257421631721,237.65953913223998,320.24401279941765,237.67666599382562,1,0.021751463663696163,2.336112829151434,0.18284929490027935,-0.49627291377494553,3.638435999164358,30.0
557,18.566666666666748,track,1,320.01249566122874,237.5626518569941,320.0114064609587,237.5891655598673,1,0.026536065972105977,2.410861423865247,0.17665264754875604,-0.5050305620139623,3.536792000886635,30.0
558,18.600000000000083,track,1,320.0166470139419,237.58798640493862,320.01484842152206,237.6117746901425,1,0.023856182587212955,2.3882714682936688,0.16985952781730235,-0.5080507071826472,3.1299689999286784,30.0
559,18.633333333333418,track,1,320.35306334371757,237.75493250259606,320.3352344034279,237.76717455587732,1,0.021627273993603733,2.2578510954363873,0.16285528364758597,-0.5037017520397598,3.514109999741777,30.0
560,18.666666666666753,track,1,320.805798498726,237.95868053164384,320.8149118183313,237.9615908078763,1,0.00956672890688828,2.1952661128415607,0.19814250050891877,-0.4967818749027358,3.0566859986720374,30.0
561,18.700000000000088,track,1,321.0989214810744,238.1195301229649,321.0928661805483,238.11183118097176,1,0.009794915633895628,2.1816365365790693,0.20984923830343122,-0.4911993227915778,4.455001999303931,30.0
562,18.733333333333423,track,1,321.1310848637946,238.11415306888784,321.125882858114,238.14308956461548,1,0.029400368162607764,2.171572834430114,0.20941739159930844,-0.493533265634683,3.3131799991679145,30.0
563,18.766666666666758,track,1,320.8932311272329,238.0837725001711,320.89844744526124,238.08516597692358,1,0.005399236171183809,2.1151352552088696,0.19533857233092886,-0.49699234182515,3.7233539987937547,30.0
564,18.800000000000093,track,1,320.7815483959607,238.06924503675208,320.79116883819006,238.061013892451,1,0.012661147072565071,2.094186060451895,0.18731039888002524,-0.4995438370503612,3.663502999188495,30.0
565,18.833333333333428,track,1,320.82714863845257,238.1045339186501,320.833422744715,238.0901781622557,1,0.01566691262014898,2.0837497266546308,0.18741147292285149,-0.4993478056879038,3.389774999959627,30.0
566,18.866666666666763,track,1,320.79019540623926,238.11930065135414,320.8011876203469,238.09026252777005,1,0.0310490159630435,2.0709898154835047,0.1836361209348285,-0.49990932599950927,4.094264999366715,30.0
567,18.900000000000098,track,1,320.65953913223996,238.05812746522733,320.67877098680594,238.05582161750215,1,0.019369593794889325,2.0592619152262985,0.17505916226561674,-0.5042346293202088,3.244022000217228,30.0
568,18.933333333333433,track,1,320.50779031922997,238.02077418461326,320.5192018056314,238.0195311157828,1,0.011478991332295912,2.0473953004545606,0.16508150507657263,-0.5074007653942171,3.18176700056938,30.0
569,18.966666666666768,track,1,320.36567629337213,237.97922293787659,320.34426084085135,237.9815737121255,1,0.021544088429065286,2.0475742248149325,0.1360594817408419,-0.510817868474404,3.517291999742156,30.0
570,19.000000000000103,track,1,320.2400165528657,237.9337885371405,320.22885504408293,237.9391001029893,1,0.012360906523159975,2.0735677024637784,0.13186251237641888,-0.5145081297650551,13.087651999740046,30.0
571,19.033333333333438,track,1,320.22750775594625,237.93381592554292,320.2175321990177,237.93560066240116,1,0.010133953902018157,2.0758287219055456,0.1277435863336339,-0.5159028991546173,3.6993819994677324,30.0
572,19.066666666666773,track,1,320.3614708122706,237.96676130461879,320.3403682518626,237.97025663003467,1,0.021390076099351757,2.0580837433870958,0.12382228171631537,-0.5154797448360601,3.8056919984228443,30.0
573,19.100000000000108,track,1,320.1651186790506,237.921568627451,320.1574141270295,237.92666309862886,1,0.00923654472342977,2.0793039974894763,0.12002755197670704,-0.5189520122726657,3.251641999668209,30.0
574,19.133333333333443,track,1,320.194201501274,237.93802079746575,320.18525775799606,237.94094273364283,1,0.009408945469316768,2.0673744854370226,0.11640632815194121,-0.5192760678118236,3.0085739999776706,30.0
575,19.166666666666778,track,1,320.5140498161382,238.04995490182475,320.5323742695657,238.04755008396432,1,0.018481578459612413,2.0237299813767984,0.14001080601761165,-0.5144166751994402,3.142863000903162,30.0
576,19.200000000000113,track,1,321.0828901015404,238.2859708503143,321.0778143355575,238.26958054491104,1,0.01715824908099143,2.038635630141792,0.16888756566970997,-0.502445302543298,3.707896001287736,30.0
577,19.233333333333448,track,1,321.46272493573264,238.4377127770444,321.43717509568353,238.4115851839066,1,0.03654374706717313,2.142086338978428,0.19062139705983389,-0.49377402441671875,3.4089230011886684,30.0
578,19.266666666666783,track,1,321.4754292069229,238.42955445888649,321.44744650823327,238.40436199656347,1,0.03765224540252538,2.154335635922967,0.19512707505116716,-0.4927031568302868,2.993078000145033,30.0
579,19.300000000000118,track,1,321.77902855951635,238.533041484261,321.79153167435254,238.56022837267267,1,0.029924150482778987,2.298375095380476,0.21552214710777548,-0.4856043633354335,3.0513129986502463,30.0
580,19.333333333333453,track,1,322.18213176957573,238.7516384960331,322.17073620599604,238.76453899638136,1,0.01721283760842941,2.497690847059427,0.2428404727476201,-0.4718686388571102,3.1059789998835186,30.0
581,19.366666666666788,track,1,322.3909336660428,238.86691619879394,322.3701949501658,238.87411442419273,1,0.021952420939838176,2.624012658430275,0.2620082298129222,-0.46252441750413764,3.8936969995120307,30.0
582,19.400000000000123,track,1,322.8181191870479,239.20668274199105,322.82608194918487,239.19773855473375,1,0.01197514369615609,2.937747880616926,0.2939420023206443,-0.44070869070652313,3.3871029991132673,30.0
583,19.433333333333458,track,1,323.04571586894787,239.3698829396689,323.04317613569106,239.34765752258897,1,0.022370056088282898,3.1123097051344843,0.3174494634317866,-0.42662988125941276,3.17783999889798,30.0
584,19.466666666666793,track,1,323.44157467194333,239.66673609664653,323.416492703818,239.6844994322114,1,0.030735016112413388,3.4310294378679584,0.3510508954064946,-0.38722242890732944,3.2212930000241613,30.0
585,19.500000000000128,track,1,323.48751733703193,239.6504854368932,323.47063931291086,239.67202085993972,1,0.02736132569931128,3.486102057690948,0.36803586229632834,-0.37833664639876524,3.2832249999046326,30.0
586,19.533333333333463,track,1,323.3033030953535,239.49220968077003,323.2846671765774,239.48290565083516,1,0.020829364888511975,3.3251203026090748,0.3731444828198152,-0.3959706293669689,3.285123999376083,30.0
587,19.566666666666798,track,1,323.3453776267425,239.5922047298703,323.32367901361283,239.61725891405388,1,0.03314425978741468,3.34564387291917,0.38927292217899706,-0.36233824345984883,3.6514779985736823,30.0
588,19.600000000000133,track,1,323.30826911060194,239.55842532805667,323.2893647129272,239.58534718253213,1,0.03289623838440124,3.3153969858351138,0.4010748862050407,-0.3536405424417785,3.480830000626156,30.0
589,19.633333333333468,track,1,323.1623534309304,239.4859501838618,323.15248373557085,239.46667755377644,1,0.021652832537519106,3.1972779883339286,0.4065563406567777,-0.3720542872334174,3.5198300010961248,30.0
590,19.666666666666803,track,1,322.96665972077517,239.45426130443843,322.9676730841004,239.42771577554322,1,0.026564864192302622,3.022348882517712,0.40825673146676644,-0.36737200223491184,4.078606998518808,30.0
591,19.700000000000138,track,1,322.820845774599,239.44580237483507,322.82955671901254,239.41999842043742,1,0.027234621626377856,2.8883893536717165,0.4111072440589252,-0.36196454469427364,3.154168998662499,30.0
592,19.733333333333473,track,1,322.44157467194333,239.15413455530097,322.4173231993922,239.1463496831733,1,0.025470338728484268,2.5636244486542745,0.4002875154127645,-0.37191393279550167,3.9275839990295935,30.0
593,19.766666666666808,track,1,321.9049521316895,238.80163923135203,321.91167568903586,238.81182628222064,1,0.01220582765686393,2.2508355612244015,0.37876988162784286,-0.38672050728983076,5.278206999719259,30.0
594,19.800000000000143,track,1,321.6385291877294,238.63852918772938,321.6584532120296,238.65940895834626,1,0.028860553794577554,2.1325223087821494,0.3683297331451941,-0.3935430421093284,3.705305000039516,30.0
595,19.833333333333478,track,1,321.6217002702141,238.68405736853046,321.64305004498567,238.70182986737257,1,0.027779031622607447,2.0940055261563524,0.36897685485944154,-0.39060494912905197,3.5461190000205534,30.0
596,19.866666666666813,track,1,321.5668772124662,238.67932255153744,321.59182105051536,238.69837471294557,1,0.03138757574176663,2.0562399287931785,0.3666971595387763,-0.39061595456101494,3.4485319993109442,30.0
597,19.900000000000148,track,1,321.437591164826,238.54573869556157,321.4107568165872,238.572954043874,1,0.03821985647761782,2.006662641413048,0.359563353340412,-0.3978282600294797,3.5067520002485253,30.0
598,19.933333333333483,track,1,321.5964218847514,238.81277303931768,321.6190108938463,238.8216806270965,1,0.02428185437576058,2.0024067566188024,0.3665090250069825,-0.38479386838734186,3.298735999123892,30.0
599,19.966666666666818,track,1,321.9462624870823,239.20668274199105,321.9488050715887,239.19796814035112,1,0.0090779412707214,2.107390877588139,0.38376774441728645,-0.36417436725365016,3.0602890001318883,30.0
600,20.000000000000153,track,1,322.21988659936386,239.49688839717882,322.208290554226,239.49432635037522,1,0.011875704049173957,2.2654476404915087,0.398266947054161,-0.34740976103046506,11.257666999881621,30.0
601,20.033333333333488,track,1,322.56135734072024,239.99584487534625,322.5753884720797,239.99745302193264,1,0.01412298773876588,2.5753897315199086,0.41749407776106107,-0.3180780429297036,3.0685709989484167,30.0
602,20.066666666666823,track,1,322.95680764172494,240.5512563161902,322.95236075700814,240.5762796751444,1,0.025415414162182622,3.008077841995815,0.4411415323581337,-0.28386398867217977,3.0370469994522864,30.0
603,20.100000000000158,track,1,323.27755214428305,241.14455840848075,323.2685162895216,241.13906627856522,1,0.01057403245121122,3.4613105497531396,0.46278167795030234,-0.24474814606853684,3.2283460004691733,30.0
604,20.133333333333493,track,1,323.4995856353591,241.61049723756906,323.514288460309,241.63057071752246,1,0.024882075053069722,3.8741430338982887,0.4809217123910492,-0.20939095095898722,3.559847998985788,30.0
605,20.166666666666828,track,1,323.52033368091764,241.59541188738268,323.5478771205786,241.61791891836447,1,0.0355697555793226,3.899370935051816,0.4897445077414168,-0.19696073638017764,3.280693999840878,30.0
606,20.200000000000163,track,1,323.49844752639206,241.48230180086938,323.4994172095104,241.46164912954555,1,0.020675423046703653,3.792405435092456,0.4967109843074331,-0.1893947402427112,3.244266999899992,30.0
607,20.233333333333498,track,1,323.3320650294016,241.07471463161536,323.313186059848,241.07106514120358,1,0.019228475542012798,3.4820083865310685,0.4961520451473663,-0.19770980055498522,3.0424659998971038,30.0
608,20.266666666666833,track,1,323.19004337946706,240.80995662053294,323.1805782996213,240.81788132281656,1,0.012344579489424749,3.284053619878033,0.49624057821933554,-0.20033206800721956,2.9966960009915056,30.0
609,20.300000000000168,track,1,323.00825650199533,240.48080363286087,323.0085594684165,240.5064115707578,1,0.02560973002561619,3.0508822910751277,0.49356991638703435,-0.23297264098269135,3.2135450001078425,30.0
610,20.333333333333503,track,1,322.7688338493292,240.25428276573788,322.7805069991217,240.24992561658576,1,0.01245982242297358,2.7917166736598826,0.4869324721240657,-0.22682651086354033,3.0840740000712685,30.0
611,20.366666666666838,track,1,322.4794710240255,239.73412725887974,322.4475704525887,239.75616594270173,1,0.03877305820539133,2.4596861929693032,0.47640331334177016,-0.22162218714234577,3.1127620004554046,30.0
612,20.400000000000173,track,1,322.5088201757328,239.33456301562813,322.2743884192121,239.38184786475335,1,0.23915289131054182,2.356895149079819,0.48114559313355754,-0.25219373518345123,4.221676999804913,30.0
613,20.433333333333508,track,1,322.27412035514635,239.116803682999,322.0631302232965,239.15130136576386,1,0.21379178154024356,2.2308733021025344,0.47175364243231566,-0.26263095626246574,3.933640999093768,30.0
614,20.466666666666843,track,1,321.9336110921385,239.03524349429682,321.93366648671565,239.02486859405406,1,0.010375048125504173,2.1656286248360694,0.4554941688469895,-0.26755754257883835,3.054451999560115,30.0
615,20.500000000000178,track,1,321.97536102936147,239.0815823694477,321.97776847725356,239.06979681493078,1,0.012028927658943665,2.1855997152110884,0.4576275238557772,-0.2667305856434734,3.2104900001286296,30.0
616,20.533333333333513,track,1,321.99182505620274,239.11499420941482,321.99182502536985,239.07742332053,1,0.03757088888484205,2.1951115373008983,0.45828640822634387,-0.26688514720838913,3.5376300002099015,30.0
617,20.566666666666848,track,1,321.72989063612243,239.3335274703941,321.9920815798947,239.06817739355677,1,0.3730345215576974,2.199245868663731,0.44413486067029356,-0.25746574873848405,3.8874380006745923,30.0
618,20.600000000000183,track,1,321.9203654462399,238.90236585532148,321.9718406279437,238.85626419707717,1,0.06910178886481994,2.2795365864352832,0.45258245748928383,-0.28157591837651763,3.5983809993922478,30.0
619,20.633333333333518,track,1,321.8715203426124,238.7140291496857,321.8775505455286,238.73080352285967,1,0.017825345511097667,2.2662867754545504,0.44909329399749526,-0.29480537332104817,3.553161001036642,30.0
620,20.666666666666853,track,1,321.7546267415263,238.60906633395717,321.76978995449133,238.63110532184749,1,0.02675144883277036,2.2374157241989474,0.44180437323330124,-0.3045936992275168,3.2992169999488397,30.0
621,20.700000000000188,track,1,321.7298233460339,238.6259092483547,321.74687403299674,238.6483890632395,1,0.02821467708762713,2.2087147872753707,0.4388948591477911,-0.3085116937712008,3.621095000198693,30.0
622,20.733333333333523,track,1,321.8057182225284,238.79331725800895,321.81548103108526,238.8029233290656,1,0.013696314543081064,2.174618111376283,0.4412246151637559,-0.30443917789779906,3.543819999322295,30.0
623,20.766666666666858,track,1,321.8307300626161,238.88027248331383,321.84008351376076,238.88587090497413,1,0.010900888651929938,2.151090648484465,0.44127601825609764,-0.3038019467590768,3.0690150015288964,30.0
624,20.800000000000193,track,1,321.95876572056903,239.1319496941791,321.96077448971573,239.1254615799778,1,0.00679196432364746,2.146963913906076,0.4470101050796038,-0.29388690573673387,3.045641000426258,30.0
625,20.833333333333528,track,1,321.8597648999794,239.02474737059188,321.8651573038113,239.02227910628233,1,0.005930459323566873,2.1058845917981315,0.44149440263044465,-0.3015272569788979,3.8922080002521398,30.0
626,20.866666666666863,track,1,321.8431804113075,239.03301465025106,321.8505266165679,239.0328797656049,1,0.007347443473436684,2.0880062994164215,0.44011387362000576,-0.3031676202094922,3.3144240005640313,30.0
627,20.900000000000198,track,1,321.93385240818577,239.2108454489079,321.93779725993,239.20037034793484,1,0.011193283507512926,2.0962981183634275,0.4444948861092157,-0.29550780408490085,4.522509998423629,30.0
628,20.933333333333533,track,1,322.15404899035457,239.57532440496843,322.14558569428755,239.60189601876982,1,0.02788687935801517,2.1822063952345787,0.4562735321107591,-0.2547099633191578,4.209315999105456,30.0
629,20.966666666666868,track,1,322.2491866823562,239.65113864470132,322.23515647072566,239.6711248381979,1,0.024419147587096905,2.2592218396335335,0.4626191809447816,-0.25184781566476117,4.182213999229134,30.0
630,21.000000000000203,track,1,322.29861063109144,239.693094629156,322.2834465342953,239.71063652362,1,0.0231876668301929,2.3017079085861383,0.4672295269150979,-0.24846221824224715,12.005918999420828,30.0
631,21.033333333333537,track,1,322.3194799806376,239.7054145633082,322.3010478255537,239.72038735604508,1,0.02374718643075786,2.317974185823686,0.47079725386108656,-0.24465937104096339,3.5116250001010485,30.0
632,21.066666666666872,track,1,322.1825473655096,239.49688839717882,322.17442293343913,239.49457706033854,1,0.00844681445617095,2.232390521705839,0.4663418772471279,-0.26694262205944513,3.742019998753676,30.0
633,21.100000000000207,track,1,322.22048117589964,239.60063787006862,322.20840613915493,239.6253551691127,1,0.027509114569914138,2.239959023010858,0.4706780521646003,-0.23818886180134044,3.7411489993246505,30.0
634,21.133333333333542,track,1,322.2577069622445,239.6259092483547,322.2414301126978,239.64694931534495,1,0.026601132496965694,2.2690645068053628,0.47521494879581183,-0.2338343389108798,4.161689999818918,30.0
635,21.166666666666877,track,1,322.3825098745756,239.89189938327212,322.3594182491165,239.8979774341277,1,0.023878146254374778,2.361622975458024,0.484596171548452,-0.22923143560744322,3.777465999519336,30.0
636,21.200000000000212,track,1,322.3867211864994,239.9667336613764,322.36395299361413,239.96962806718602,1,0.022951431159126717,2.3641480939907473,0.4882073871388012,-0.22443013588807975,3.6528560012811795,30.0
637,21.233333333333547,track,1,322.44580237483507,240.20415248941046,322.4206029911983,240.1919459440826,1,0.02800015508020306,2.4282014097779894,0.4947906241366887,-0.2193986101491922,3.656491000583628,30.0
638,21.266666666666882,track,1,322.4035781152486,240.24963594757645,322.3815398810036,240.23570043010318,1,0.02607455495083647,2.3931750662167515,0.4963071602236026,-0.21421066051537116,3.8687790001858957,30.0
639,21.300000000000217,track,1,322.327868852459,240.2116621705748,322.31059323100465,240.1983803408391,1,0.021791147233748934,2.3190937537745047,0.4958766554951683,-0.20897064203313334,3.671451999252895,30.0
640,21.333333333333552,track,1,322.2358458037377,240.0993034963106,322.22426966199384,240.0952643825276,1,0.012260566782381391,2.2263087907665855,0.49420862643539076,-0.20380060159100807,3.309191999505856,30.0
641,21.366666666666887,track,1,322.27172498801616,240.16024104636034,322.22842278114945,240.1533499226681,1,0.04384710600791535,2.233692971365615,0.4987895417695184,-0.19871919143674444,3.1606989996362245,30.0
642,21.400000000000222,track,1,322.12487163688644,239.95892380365578,322.10981484932165,239.96097469213555,1,0.015195821640425261,2.110175744593814,0.49375074139665787,-0.19386451733691334,4.07850800002052,30.0
643,21.433333333333557,track,1,321.9668531178786,239.62295421586907,321.96684355932257,239.6436767720328,1,0.020722558368224515,1.9988596322997885,0.4873576508101618,-0.18941132978475467,3.8450810006906977,30.0
644,21.466666666666892,track,1,321.88224725312693,239.39803745421878,321.8964744585685,239.37614376640147,1,0.02611028419834119,1.9964498421454009,0.4839722579726117,-0.216916051361914,4.252106000421918,30.0
645,21.500000000000227,track,1,321.90290994345605,239.48448489863466,321.9390070702865,239.46350532088763,1,0.04175099098053275,2.011858583334547,0.48556323686571834,-0.2109492743428951,4.660601000068709,30.0
646,21.533333333333562,track,1,321.9791753436068,239.5156184922949,321.9807461307487,239.53811060067528,1,0.022546891396383457,2.0338871777176912,0.4899788870924856,-0.18261779979776283,6.352117999995244,30.0
647,21.566666666666897,track,1,321.793317258009,239.07027213227695,321.8043615099075,239.066524708428,1,0.011662704896439707,2.031525677517041,0.4807474880898837,-0.22855043384386278,5.614252999293967,30.0
648,21.600000000000232,track,1,321.7432889379615,238.98343799599752,321.7571741490359,238.9841151470266,1,0.013901712847599477,2.0297002302164753,0.47777518363828697,-0.23414007219352387,6.606602000829298,30.0
649,21.633333333333567,track,1,321.6217002702141,238.77135730617334,321.6429655572333,238.78241972735714,1,0.02397059854190994,2.0449541663773374,0.4706711827780611,-0.24711125082494836,6.409178999092546,30.0
650,21.666666666666902,track,1,321.492006615215,238.50620176405732,321.4808552929144,238.51477555565418,1,0.014066338947963504,2.0973373712006587,0.4624923845608298,-0.2641364401063641,5.108986999402987,30.0
651,21.700000000000237,track,1,321.31528728479566,238.261356565028,321.2970398666314,238.24524418902467,1,0.02434290307530961,2.182081660200382,0.4511494016866051,-0.28155263468868086,6.264830000873189,30.0
652,21.733333333333572,track,1,321.206682741991,238.1033413709955,321.1942093107234,238.0968313339556,1,0.014070077108837984,2.2468170484558097,0.4425159239889451,-0.2957453877653815,6.265410000196425,30.0
653,21.766666666666907,track,1,321.252535706893,238.18629683295384,321.240456234833,238.17836441855331,1,0.014451188306511117,2.2038801832515027,0.44143994951327464,-0.29816872578613907,6.797031999667524,30.0
654,21.800000000000242,track,1,321.3194799806376,238.30703270866468,321.3032078024646,238.29028263425482,1,0.023352703809816466,2.149763718908493,0.44159297403396747,-0.2984114782283076,15.517265001108171,30.0
655,21.833333333333577,track,1,321.09885357314477,238.0370700899293,321.09602505628914,238.03411989634333,1,0.004087071053615653,2.2507677592250106,0.42686709367318376,-0.3187606802155907,14.745537999260705,30.0
656,21.866666666666912,track,1,320.7466602062712,237.65113864470132,320.76183290335734,237.6714761141876,1,0.025373675373775828,2.4499822161470277,0.40430337253150667,-0.34630293545535107,12.331320998782758,30.0
657,21.900000000000247,track,1,320.6752931381392,237.57954624297508,320.6931358064435,237.60276438923188,1,0.029282129837481043,2.4954309887690456,0.39503864880182255,-0.3588774429844479,21.025790001658606,30.0
658,21.933333333333582,track,1,320.68392597213557,237.60906633395717,320.7016272858373,237.63183397893874,1,0.028839246952253567,2.4699172357673214,0.38964002711323326,-0.36640789491499814,15.519950999077992,30.0
659,21.966666666666917,track,1,320.5265780730897,237.5062292358804,320.5543611801595,237.51242919942854,1,0.028466481806691927,2.5485927108746855,0.3755397577203551,-0.3806831571661792,20.023316999868257,30.0
660,22.000000000000252,track,1,320.3951473136915,237.3951473136915,320.3730515317052,237.37256335515713,1,0.03159523325865148,2.653788003584831,0.34155094617068327,-0.39563159376237567,45.628177000253345,30.0
661,22.033333333333587,track,1,320.327868852459,237.27806598879437,320.31023610893453,237.26123928976608,1,0.024373170585468812,2.7562758699389724,0.3332472071848262,-0.4111372284233772,13.999393999256426,30.0
662,22.066666666666922,track,1,320.29434118703796,237.23630207973468,320.2789022769209,237.22253317816876,1,0.020686773453929316,2.7914348329210554,0.32499265541542754,-0.422910646278188,12.13910099977511,30.0
663,22.100000000000257,track,1,320.136091827617,237.136091827617,320.12974958747714,237.12895603709626,1,0.009546911351207995,2.8739743200621164,0.3168022786100285,-0.4376610388528801,6.468353998570819,30.0
664,22.133333333333592,track,1,320.16125697746537,237.21500930328716,320.1511431242568,237.20477774575897,1,0.01438661864987741,2.799305573640432,0.3087726617368152,-0.44306665712549853,4.849533999731648,30.0
665,22.166666666666927,track,1,320.2826071898594,237.3698829396689,320.2683888434442,237.35060247975662,1,0.023956158064514448,2.6629569638950423,0.30102550018378627,-0.44377072812441076,3.7491109997063177,30.0
666,22.200000000000262,track,1,320.50622923588037,237.54734219269102,320.5144896454908,237.5727431752547,1,0.026710377798376945,2.4811842512376954,0.32017142181182623,-0.44218495673646596,7.1663949984213104,30.0
667,22.233333333333597,track,1,320.6259092483547,237.7630758572913,320.6474606604281,237.7769630475549,1,0.02563820227270904,2.315404629592521,0.32137719546045507,-0.43731482295208884,6.017278999934206,30.0
668,22.266666666666932,track,1,320.5795462429751,237.80850620967183,320.6031378551768,237.82022232728457,1,0.02634068294845053,2.2616821117955443,0.3147910891792974,-0.43995151197116455,5.489626999406028,30.0
669,22.300000000000267,track,1,320.4584925321292,237.7540812782216,320.4305211279352,237.76685306161698,1,0.030749274848056538,2.27426772610615,0.2805350961492865,-0.44709283728362903,5.974651001452003,30.0
670,22.333333333333602,track,1,320.6048526863085,237.87105719237434,320.62850418138737,237.88032089328192,1,0.025400971909963394,2.2108950724714576,0.30656013312293245,-0.4449187482905592,5.059019998952863,30.0
671,22.366666666666937,track,1,320.806756664154,238.0616734050572,320.8155726840316,238.08345358086103,1,0.023496771363908913,2.0828607681870968,0.314078750616184,-0.43792401356746014,6.720895000398741,30.0
672,22.400000000000272,track,1,320.7521855854616,238.09554622427203,320.7637209645279,238.0967894899079,1,0.011602184261837182,2.050726690074635,0.30929934320911834,-0.43795631917843486,5.727894000301603,30.0
673,22.433333333333607,track,1,320.55989204899316,238.0091343159643,320.58482688565255,238.01081909657978,1,0.02499168991789923,2.073369998990469,0.29738431947341004,-0.44378159143225226,4.76284100113844,30.0
674,22.466666666666942,track,1,320.15252490553075,237.78069391961526,320.1455806532292,237.78678189283994,1,0.0092350451006925,2.2180009279654964,0.26558856529179087,-0.4571485895300682,5.365263999919989,30.0
675,22.500000000000277,track,1,320.0041405010006,237.68476985715273,320.00266138390475,237.6939315415891,1,0.0092803151398576,2.3060699941332814,0.2610283386620984,-0.46430369309123676,5.751384998802678,30.0
676,22.533333333333612,track,1,319.84684373922045,237.62745774404968,319.8540026004616,237.62433799042424,1,0.007809107308388318,2.380143950355423,0.25633188374201354,-0.46975672931903145,4.8591920003673295,30.0
677,22.566666666666947,track,1,320.0124283642892,237.72657598563833,320.01169311485455,237.74165751600106,1,0.015099442036472732,2.2583727557623265,0.25164219389426606,-0.467178656489992,5.240923999735969,30.0
678,22.600000000000282,track,1,320.11990903452556,237.78499069671284,320.1152228479068,237.79648477175533,1,0.012412659107066602,2.2065257002323606,0.24704450985255202,-0.466313547195234,5.838732000484015,30.0
679,22.633333333333617,track,1,320.2608875698806,237.84263924356407,320.24857858724954,237.84985312219487,1,0.014267133500168354,2.164468274235988,0.24261968553967644,-0.46520269243804047,4.5338460004131775,30.0
680,22.666666666666952,track,1,320.7974788179376,238.1983880967142,320.80758916970035,238.18751757656503,1,0.014845451191546184,1.984261273693061,0.28031484679379415,-0.44807745444020475,6.567931999597931,30.0
681,22.700000000000287,track,1,321.2082465639317,238.4843815077051,321.19646493451046,238.4609599761693,1,0.026217836129289487,1.9494031226162278,0.3011639735894007,-0.4330415284702499,5.257083001197316,30.0
682,22.733333333333622,track,1,321.5499687478297,238.73331481352872,321.57668854533813,238.7501515122733,1,0.03158198859328016,2.011981116032944,0.3205232386146013,-0.4185770771598637,4.972302000169293,30.0
683,22.766666666666957,track,1,321.7223948622333,238.84669567018852,321.7362164168069,238.85308558683005,1,0.015227160126461898,2.0808315926875744,0.33284916619637595,-0.4100109483856347,5.406881999078905,30.0
684,22.800000000000292,track,1,321.6637376323255,238.7799764754722,321.6839126013135,238.79049478479806,1,0.022752235159270245,2.0732738638354498,0.33413058614791447,-0.41029096398197673,6.180056001539924,30.0
685,22.833333333333627,track,1,321.5837669094693,238.7003121748179,321.6073269242006,238.71613991335664,1,0.028382945608048257,2.057133093247997,0.334334656278039,-0.411450717641379,4.821184998945682,30.0
686,22.866666666666962,track,1,321.6132788135006,238.71723612169936,321.6359622736045,238.73216659844365,1,0.02715618710528936,2.0697280243450127,0.34010818374649215,-0.40788635366328463,7.241984001666424,30.0
687,22.900000000000297,track,1,321.9094091002677,238.99588223183034,321.913207656645,238.99579542811523,1,0.003799548056891463,2.1607383829698876,0.36008729836607534,-0.3905556822516777,5.465025999001227,30.0
688,22.933333333333632,track,1,322.00411720304675,239.08646126398133,322.0033898483316,239.08249423701352,1,0.00403315606504361,2.2034944314682408,0.37068111512659846,-0.38207840032397034,5.129516001034062,30.0
689,22.966666666666967,track,1,321.99588279695325,239.08646126398133,321.99519108164236,239.08266538400653,1,0.003858390189500141,2.1959713682024855,0.3762387000090526,-0.378074426526164,6.527423998704762,30.0
690,23.000000000000302,track,1,322.1574694384971,239.28178741625803,322.1488839493386,239.26579070033472,1,0.018155041845781258,2.270851277261465,0.3906444569404205,-0.3638844419323777,19.885667999915313,30.0
691,23.033333333333637,track,1,322.2875199666644,239.45003125217028,322.2688705279402,239.42529974787203,1,0.030974971663936493,2.3405242686952645,0.4039353503540289,-0.35044205991598565,4.444014999535284,30.0
692,23.066666666666972,track,1,322.40548949115043,239.54286504424778,322.362654825866,239.5698541656834,1,0.0506282650887488,2.4014918831775853,0.416993639220296,-0.31648716625049134,6.070813999031088,30.0
693,23.100000000000307,track,1,322.3664248704663,239.48911917098445,322.33909632203336,239.47285314471173,1,0.03180303712156939,2.397760499047034,0.42209823466163415,-0.33618647509280025,5.839464000018779,30.0
694,23.133333333333642,track,1,322.42237742894685,239.5975382062098,322.3941966818088,239.62000447323146,1,0.0360400841168047,2.4241646708811686,0.4318354183405225,-0.3043789727002214,3.9622809999855235,30.0
695,23.166666666666977,track,1,322.1371995316482,239.29754115297197,322.1345174413957,239.2806775322714,1,0.017075576454558924,2.2524629897518,0.4235400357639171,-0.3345618371333162,6.789457000195398,30.0
696,23.200000000000312,track,1,321.86274912677214,239.06574892130675,321.87864623417113,239.06107799280642,1,0.016569115749190212,2.100210991485805,0.41425396493605326,-0.3430683447417129,4.953649000526639,30.0
697,23.233333333333647,track,1,321.49626659292034,238.75110619469027,321.54343433435497,238.76583645154108,1,0.049414332930187405,1.9761956403176508,0.3984713215343765,-0.35736260506810635,3.730914000698249,30.0
698,23.266666666666982,track,1,321.49533033552405,238.72189553787618,321.48932800227635,238.73826832570876,1,0.017438353873776187,1.951938707099751,0.39985073996582376,-0.35843335151410616,5.850828998518409,30.0
699,23.300000000000317,track,1,321.5288067273612,238.85822503301134,321.5573744214639,238.8651974384145,1,0.029406250754772528,1.9269644372460781,0.4024560240790438,-0.35140528413380345,5.09458899978199,30.0
700,23.333333333333652,track,1,321.6090663339572,238.97920565606154,321.63117331608214,238.97914533547748,1,0.022107064419467255,1.9242844470544855,0.4071881777003591,-0.3450164418389635,3.9192450003611157,30.0
701,23.366666666666987,track,1,321.6006378700686,238.98751993343964,321.62293202570527,238.9896558118253,1,0.02239623521999066,1.9117279457700627,0.407203004130174,-0.34433999977143964,5.808943998999894,30.0
702,23.400000000000322,track,1,321.6174901254244,239.02494629616797,321.6381148370424,239.02471818106028,1,0.020625973088010993,1.9064613412531606,0.40822408477574923,-0.34229382828801613,5.183805000342545,30.0
703,23.433333333333657,track,1,321.65953913223996,239.09134315964292,321.6777063593554,239.08573581411645,1,0.01901290259053714,1.910648484104509,0.4104104039237553,-0.3387201108056728,4.1984760009654565,30.0
704,23.466666666666992,track,1,321.7140291496857,239.16578020308074,321.7283605784264,239.1566238590351,1,0.017006718849687602,1.9231519971669782,0.41325682017592835,-0.3345515683279277,4.92879099874699,30.0
705,23.500000000000327,track,1,321.86285239315646,239.3698829396689,321.86909204555354,239.35035132788585,1,0.020504075713887633,1.9787744873863753,0.42119724509138873,-0.32328874454114104,5.8608609997463645,30.0
706,23.533333333333662,track,1,321.9000901963505,239.42045375702492,321.9047587590069,239.39526753403015,1,0.025615255337755147,1.998451221674276,0.423834751537935,-0.31926362288474525,4.492846999710309,30.0
707,23.566666666666997,track,1,321.97925598119207,239.49688839717882,321.9786548059101,239.49220582998896,1,0.004721000657405871,2.0427750145447408,0.4288551412822427,-0.3136087695911188,4.85205899894936,30.0
708,23.600000000000332,track,1,322.0458237867111,239.55842532805667,322.0430563747623,239.5844002613685,1,0.0261219396188031,2.0848986769642623,0.4335827885621484,-0.28527324648894287,5.556898000577348,30.0
709,23.633333333333667,track,1,322.1991838993015,239.6763261636351,322.1863602154467,239.69267237652593,1,0.020776081042376125,2.2078544471586907,0.44323446003085276,-0.2813323521959046,4.5862400002079085,30.0
710,23.666666666667002,track,1,322.2036998545001,239.6217002702141,322.19342922800934,239.6419176815342,1,0.02267662869562752,2.2224659108934532,0.4457744650195013,-0.27729629691693647,4.067567000674899,30.0
711,23.700000000000337,track,1,322.28624766645925,239.6847127152043,322.26866161735234,239.7023605693612,1,0.024914170255761214,2.2881028745925547,0.4525599784402049,-0.2731844616006867,5.8364599990454735,30.0
712,23.733333333333672,track,1,322.29877584895223,239.6763261636351,322.28101714968875,239.69569846497632,1,0.026280362607568834,2.3012254694818504,0.45609353314910417,-0.2690453942723155,4.610377000062726,30.0
713,23.766666666667007,track,1,322.4711932726388,239.99166029605948,322.4428181007545,239.99157854563657,1,0.02837528964778293,2.442832616915737,0.46820375092216787,-0.2647616549389406,4.1642380001576385,30.0
714,23.80000000000034,track,1,322.44157467194333,240.01249739637575,322.41412290589597,240.01266216651072,1,0.027452260531995443,2.4141561124401885,0.47046848470028035,-0.2603844070338939,6.041112999810139,30.0
715,23.833333333333677,track,1,322.4120135950614,240.0374557813692,322.38782487680714,240.0364071609132,1,0.024211437289945976,2.3881024106316744,0.47269572915283414,-0.25595448099602985,4.544856001302833,30.0
716,23.86666666666701,track,1,322.2233404563314,239.79733921555112,322.2102589762376,239.80905033419458,1,0.017557773814653285,2.2184919465506314,0.46643456641679815,-0.2516311153231785,3.9517759996670065,30.0
717,23.900000000000347,track,1,321.9833182734413,239.4754292069229,321.9852279698405,239.44570074933392,1,0.02978973197189483,2.061159322208239,0.45663183481946423,-0.27500701563332486,5.372091000026558,30.0
718,23.93333333333368,track,1,321.90028391385636,239.36147081227062,321.906423093802,239.33938874750697,1,0.022919579285649073,2.017636300105153,0.4539665337009392,-0.2790744223692539,4.505378999965615,30.0
719,23.966666666667017,track,1,321.89608590232075,239.3740907516453,321.9034063054419,239.35117261322625,1,0.024058873008731625,2.010953142523103,0.4549274303032708,-0.2772221554413089,3.4681910001381766,30.0
720,24.00000000000035,track,1,322.0333078898064,239.57532440496843,322.0301040016145,239.60083579691627,1,0.025711787543121166,2.0689742188811215,0.46316860784510866,-0.24340980906646148,13.85647600000084,30.0
721,24.033333333333687,track,1,322.0290416263311,239.50311160282118,322.02810827505436,239.5077685434145,1,0.004749551588886434,2.086987058464013,0.4644216882875149,-0.24026063323133426,3.6040439990756568,30.0
722,24.06666666666702,track,1,321.93784101111953,239.28178741625803,321.94014204017367,239.26577473218185,1,0.01617716866547802,2.0744247106009595,0.46102422415609356,-0.2748517972646062,4.008940999483457,30.0
723,24.100000000000357,track,1,321.83483586814395,239.17342233844883,321.8412475907862,239.16364489379157,1,0.011692245775178297,2.0222963566839036,0.456567370783371,-0.2803178113331854,5.43528799971682,30.0
724,24.13333333333369,track,1,321.7974788179376,239.1653234139285,321.8079023403716,239.15544088261584,1,0.014363643168696096,1.995442551184516,0.4550640072449815,-0.2811579437338702,3.891660000590491,30.0
725,24.166666666667027,track,1,321.7694682675815,239.12761578044598,321.7796496131466,239.1470537875647,1,0.02194301525003462,1.9734918258965755,0.4538157011617923,-0.2837673845399029,3.9884430007077754,30.0
726,24.20000000000036,track,1,321.50929112181694,238.79160357880247,321.52345683340286,238.83176456655372,1,0.04258605783459465,1.9198163326738575,0.44013638739109867,-0.3023988624389803,5.571374998908141,30.0
727,24.233333333333697,track,1,321.1619265102761,238.43346481212373,321.1546665209182,238.41652867630637,1,0.018426615041845142,1.9597541191408316,0.4206790887318493,-0.3237504127610537,4.382469000120182,30.0
728,24.26666666666703,track,1,320.8602261048304,238.0912641315519,320.8654618412784,238.09184884857007,1,0.005268285313440275,2.095248198999903,0.40200422152242343,-0.34598679310787483,3.819105999355088,30.0
729,24.300000000000367,track,1,320.7316452212207,237.95788894240692,320.74682073734857,237.95579705072282,1,0.015319017610998444,2.1763517435303,0.39097022543944915,-0.3589082382893546,4.666347998863785,30.0
730,24.3333333333337,track,1,320.9259106812101,238.18686972628115,320.92797466494403,238.16952347716472,1,0.017468611486410227,2.0522624782003733,0.3962196773753217,-0.353508483966726,5.061603000285686,30.0
731,24.366666666667037,track,1,321.240880459611,238.55977019450404,321.2292052590328,238.57218841038195,1,0.01704471748463278,1.8840359615149498,0.4085649653531716,-0.3396420109463616,3.6633629988500616,30.0
732,24.40000000000037,track,1,321.4953509194848,238.96005234520283,321.4890122636707,238.9414148269044,1,0.019685925069790812,1.8269537733778531,0.41914665417808217,-0.32262380412858715,3.7100999998074258,30.0
733,24.433333333333707,track,1,321.75472874662233,239.3782997297859,321.7674841144337,239.35517778702592,1,0.0264068863177768,1.8814345008849938,0.43131460993418247,-0.30263666115388993,6.9146409987297375,30.0
734,24.46666666666704,track,1,321.86291105869293,239.48855279589287,321.86574807407624,239.46111040284256,1,0.027588649706223194,1.9420138706620222,0.43694407256737444,-0.2966605047434858,5.086668999865651,30.0
735,24.500000000000377,track,1,322.0,239.58163617535382,321.976741693798,239.60540917808953,1,0.033258148873007425,2.015740469588104,0.4449321341948603,-0.26873301875169103,4.820710000785766,30.0
736,24.53333333333371,track,1,321.9953061365362,239.50465934976185,321.9881205938427,239.50807966339028,1,0.007958050585211186,2.048074489180451,0.4463793838124997,-0.26529278779634324,5.446058999950765,30.0
737,24.566666666667047,track,1,322.00248945439455,239.4190581564207,321.99448212941866,239.39661857056547,1,0.0238254541745623,2.083753371672579,0.4487537666138911,-0.29188685579764184,3.8503570012835553,30.0
738,24.60000000000038,track,1,321.852239113985,239.260026140194,321.8618827376879,239.2454933827703,1,0.017441345030110113,2.0089518571492895,0.4431016159125112,-0.29830577643805967,3.9391219997924054,30.0
739,24.633333333333717,track,1,321.87009584223955,239.33096600703303,321.88724324706595,239.31247743841834,1,0.02521627771302676,2.0085752030431543,0.44584768675459574,-0.29315636274494067,5.036315000324976,30.0
740,24.66666666666705,track,1,321.7815690304899,239.25488180883866,321.82506770497525,239.24336984056026,1,0.04499622312624066,1.975692619290117,0.4431407940525845,-0.2954145313642306,5.274404998999671,30.0
741,24.700000000000387,track,1,321.52033368091764,238.89572471324297,321.5477381763444,238.9016204808537,1,0.02803152591842362,1.8978753991223951,0.43099144858718164,-0.31289699194030496,4.124921000766335,30.0
742,24.73333333333372,track,1,321.31217481789804,238.58376690946932,321.29434171365665,238.6095795788159,1,0.0313737709827823,1.8996287582992135,0.42049879356630787,-0.32946890094781567,3.9410050012520514,30.0
743,24.766666666667057,track,1,320.81826942933844,238.1693398499346,320.8287689587994,238.1599987923297,1,0.014053308367767959,2.01803429884073,0.3939147478366208,-0.3529591042963087,6.326005999653717,30.0
744,24.80000000000039,track,1,320.54573869556157,237.88747655761617,320.5729679372023,237.89222263845477,1,0.02763976996386809,2.18426593227666,0.37668900674609185,-0.3714939682896495,4.012381999928039,30.0
745,24.833333333333727,track,1,320.5156184922949,237.829237817576,320.5372113610608,237.84028587905107,1,0.02425513644364325,2.2255249112690363,0.37077621373534875,-0.37976502260260236,3.9153730012913,30.0
746,24.86666666666706,track,1,320.6763261636351,238.00414966456879,320.6959772993,238.00444696457453,1,0.01965338444680113,2.1134370864392342,0.3745210451042309,-0.37628148503544906,4.712256000857451,30.0
747,24.900000000000396,track,1,320.68471271520434,238.0082970338104,320.70085984486695,238.00667189371302,1,0.016228705329673836,2.1129508895051425,0.37075644357830717,-0.38123330043618103,4.067070000019157,30.0
748,24.93333333333373,track,1,320.6174901254244,237.95010740766406,320.64077477689534,237.95381810887181,1,0.02357847106103211,2.144167121818211,0.3630101326766873,-0.3894862694495318,4.495309000049019,30.0
749,24.966666666667066,track,1,320.64693665628243,237.98753894080997,320.66685690034205,237.98711161547476,1,0.01992482698386414,2.120475836714591,0.36009873455539715,-0.39291693618129603,5.613334998997743,30.0
750,25.0000000000004,track,1,320.69728384822724,238.0456147625959,320.7143172283545,238.04433465867703,1,0.017081414010637952,2.082036510240862,0.3584693891828958,-0.3950329636672938,14.34299599895894,30.0
751,25.033333333333736,track,1,320.7391124301194,238.09938574090688,320.7512792356624,238.09449018133364,1,0.013114787861676278,2.048264670146761,0.3567144626264724,-0.3970018017222232,5.127671000082046,30.0
752,25.06666666666707,track,1,321.0124817973788,238.4035781152486,321.0119426383942,238.38191487537983,1,0.02166994817765016,1.9084620441384934,0.3675063802514399,-0.3853553901019656,4.247524999300367,30.0
753,25.100000000000406,track,1,321.48908296943233,238.96672904969847,321.4749024040964,238.96851199640867,1,0.014292212292660969,1.7998068238458615,0.3904046258493086,-0.35850264564544043,4.166079999777139,30.0
754,25.13333333333374,track,1,321.89578267213227,239.53727506426736,321.90280226469326,239.5662250407438,1,0.02978885391734281,1.9516191159648777,0.41198092100675265,-0.3042876867638813,5.236172000877559,30.0
755,25.166666666667076,track,1,322.1655514934124,239.75581154721667,322.15708002045426,239.7685717565023,1,0.015316291819293252,2.1694592060076583,0.42852147509085875,-0.29966249412204193,5.157790999874123,30.0
756,25.20000000000041,track,1,322.327868852459,239.91699522722556,322.3079134556556,239.9202893735204,1,0.02022546072142774,2.30928956667843,0.4410412335743069,-0.29428694006254374,4.430423001394956,30.0
757,25.233333333333746,track,1,322.3488613552987,239.94185644078357,322.33039872304676,239.94432527314518,1,0.01862696762494172,2.331063680723525,0.4472481394025456,-0.28836545728877716,5.085684000732726,30.0
758,25.26666666666708,track,1,322.4035781152486,240.03744539213648,322.38091793474973,240.03505342134758,1,0.022786076987841675,2.3811759603945903,0.4556746622520149,-0.2820346882005669,4.9303409996355185,30.0
759,25.300000000000416,track,1,322.2400165528657,239.8468859921374,322.2281276853955,239.85374527727822,1,0.013725704439730209,2.2329226198738783,0.45304320440510176,-0.2755475170155483,3.886055999828386,30.0
760,25.33333333333375,track,1,322.0208550573514,239.52033368091762,322.0193284535983,239.5470929427638,1,0.02680277249786397,2.069495640489733,0.4468847087375918,-0.26917086643687765,4.164682999544311,30.0
761,25.366666666667086,track,1,321.55842532805667,238.92084982295356,321.5823649877211,238.92373414518772,1,0.02411278954414409,1.9136946320143309,0.4268918794368468,-0.31968001388880574,5.5316719990514684,30.0
762,25.40000000000042,track,1,321.2791472814388,238.55419762516493,321.26385387338246,238.58099989590926,1,0.03085854901043433,1.9002336458113198,0.4143640202593365,-0.33736858208683507,3.5420120002527256,30.0
763,25.433333333333756,track,1,320.718212583742,238.10359831480073,320.7346655435133,238.0993240430539,1,0.016999096570162242,2.0377199400650285,0.38539381485718793,-0.36158689181407805,3.7612100004480453,30.0
764,25.46666666666709,track,1,320.2740674095093,237.6553394698595,320.2583673203346,237.6753187650604,1,0.025409939724794904,2.3389947661970414,0.3453899910082876,-0.3881965057623164,3.8772529987909365,30.0
765,25.500000000000426,track,1,320.1123439667129,237.4875173370319,320.10536527469526,237.47088286088854,1,0.018039067016930026,2.5313109932323528,0.33962834839685674,-0.4025614274500997,4.9133520005852915,30.0
766,25.53333333333376,track,1,319.8384981710263,237.2608875698806,319.847648868591,237.24848972368477,1,0.01540914845851531,2.7557248897358946,0.3330993135305573,-0.421371931375096,4.224315000101342,30.0
767,25.566666666667096,track,1,319.5124826629681,237.07073509015257,319.5300797618811,237.0669773750251,1,0.01799384097774028,2.970428714648517,0.3258641487864709,-0.4397425314384903,4.332721999162459,30.0
768,25.60000000000043,track,1,319.4875173370319,237.1373092926491,319.47014357933017,237.12927419871392,1,0.019141843987053063,2.919214697944411,0.2913348802408611,-0.4457994843470051,5.689159999747062,30.0
769,25.633333333333766,track,1,319.5837669094693,237.24973985431842,319.60900578634937,237.234709541827,1,0.02937535020653535,2.7927956948496937,0.30831838633631053,-0.4494375570438661,4.268316000889172,30.0
770,25.6666666666671,track,1,319.5668772124662,237.3290067328382,319.59036862367543,237.31119532036723,1,0.029480380167372557,2.7198287574192292,0.30016393026655713,-0.454439428535586,3.915642000720254,30.0
771,25.700000000000436,track,1,319.50779031922997,237.36978048611593,319.51581754155654,237.34779974991648,1,0.023400620977875642,2.6960339055003475,0.29200394197664364,-0.4610678344678477,4.624842998964596,30.0
772,25.73333333333377,track,1,319.47966631908236,237.42127215849843,319.44919748977077,237.39736996080399,1,0.038725503408512815,2.6602756485372474,0.2567207618659323,-0.466780268785013,5.2114169993728865,30.0
773,25.766666666667106,track,1,319.50155504872487,237.46029442255858,319.5034420251329,237.43703865600776,1,0.023332195735308012,2.61062074480431,0.27418853570527646,-0.47267813942308706,4.5637049988727085,30.0
774,25.80000000000044,track,1,319.47273481235743,237.49844495127513,319.44814054172775,237.49871574954352,1,0.02459576141346252,2.5614393928543704,0.2389266702681401,-0.4781440117362981,4.95201300145709,30.0
775,25.833333333333776,track,1,319.82607495341296,237.7391124301194,319.8358491650738,237.75413060848717,1,0.01791873028640703,2.251860302137138,0.2574143338804524,-0.472415117190768,5.285590999847045,30.0
776,25.86666666666711,track,1,320.09885357314477,237.95469211230863,320.094690373782,237.95737151528948,1,0.004950901864105882,2.044822093346452,0.2507711910827213,-0.4665898582134133,3.955514999688603,30.0
777,25.900000000000446,track,1,320.3462979361079,238.00776513861453,320.29575833072727,238.06661737466322,1,0.07757472139787915,1.9558735557670144,0.2448453747314121,-0.4679382585507435,4.383421999591519,30.0
778,25.93333333333378,track,1,320.37326328886434,238.07520564042304,320.3513826085816,238.07749687720542,1,0.022000316716528676,1.9543510418470207,0.23958035488823812,-0.46780107953180944,4.841087000386324,30.0
779,25.966666666667116,track,1,320.5186980609418,238.15872576177287,320.5450623988693,238.15114764336113,1,0.027431846328975343,1.9275238144599516,0.26209537326140564,-0.4660676565015275,4.082699000719003,30.0
780,26.00000000000045,track,1,320.51713158441197,238.18190627812004,320.53980084877503,238.1693537173466,1,0.025912590158703275,1.9085729665199913,0.2598189444367387,-0.4667393012064248,14.750954998817178,30.0
781,26.033333333333786,track,1,320.44059577416004,238.13661240041566,320.4162571229365,238.12195170976827,1,0.028413127135894178,1.9236255802098525,0.2310680626766613,-0.47054923833144063,3.787151001233724,30.0
782,26.06666666666712,track,1,320.5690310104289,238.2071966296015,320.591936760871,238.17285008482452,1,0.04128387749999344,1.9206420648825355,0.2577420822813544,-0.4681289770483449,3.6533189995680004,30.0
783,26.100000000000456,track,1,320.846185824153,238.3782997297859,320.85582726361486,238.35803486615913,1,0.022441525186773975,1.8516181587723635,0.27164392977309265,-0.45985972284030385,4.338325001299381,30.0
784,26.13333333333379,track,1,321.17493925720237,238.5626518569941,321.16618266129603,238.58952483668088,1,0.0282636694205206,1.8301426681675936,0.28980199799914963,-0.4499335535521283,5.234340998867992,30.0
785,26.166666666667126,track,1,321.4968883971788,238.85479186834462,321.4930302018481,238.86274667849182,1,0.008841078875772042,1.8768282555716214,0.3093874019409791,-0.43329351065179283,4.622665999704623,30.0
786,26.20000000000046,track,1,321.6385291877294,239.0,321.6588854510844,238.99874143339662,1,0.020395132940849263,1.9376324876034172,0.3212239912037435,-0.42291291660381436,4.088314000910032,30.0
787,26.233333333333796,track,1,321.4968883971788,238.87553588715252,321.4959717106983,238.88269376788753,1,0.00721634053520837,1.8671648495853281,0.319070231547458,-0.42589402648155517,4.593321000356809,30.0
788,26.26666666666713,track,1,321.42467559503154,238.80847963361322,321.39853023178966,238.81872560780982,1,0.02808131062267973,1.8306545274502013,0.32019514910856006,-0.4262175645477199,4.867728999670362,30.0
789,26.300000000000466,track,1,321.14891416752846,238.62357807652535,321.116555625199,238.6434040544318,1,0.03794923795855683,1.7570000067431906,0.3103187346844981,-0.43302180637461546,4.224578000503243,30.0
790,26.3333333333338,track,1,321.03684465683216,238.56783710783296,321.0258697562415,238.59052537846958,1,0.02520329477381097,1.7432806617149461,0.30780321274080247,-0.4338849691291442,4.739037000035751,30.0
791,26.366666666667136,track,1,320.7648687945718,238.45759191303745,320.7698946578464,238.43318745604563,1,0.024916597334320903,1.745748931568684,0.2961264992467012,-0.43804520215695947,4.808718000276713,30.0
792,26.40000000000047,track,1,320.4593977154725,238.2326064382139,320.42752021608817,238.22037170925836,1,0.034144744245843725,1.8302596505337951,0.2571754723629433,-0.4489553416561848,4.07665199963958,30.0
793,26.433333333333806,track,1,320.4013544330039,238.11194803399903,320.37582916982456,238.10768801846973,1,0.0258783073767489,1.929272453629614,0.2549841982431356,-0.4555986155697251,4.10147199909261,30.0
794,26.46666666666714,track,1,320.15714775454234,237.93829276654097,320.15275128002986,237.94228671409496,1,0.0059397479073525555,2.063375128409972,0.25218551033486003,-0.46587411950982405,5.020216000048094,30.0
795,26.500000000000476,track,1,320.0016448495648,237.85196353916797,320.0064838923647,237.85968489965182,1,0.009112395016737754,2.140324921510427,0.24882136707276398,-0.47261555954795786,4.200204999506241,30.0
796,26.53333333333381,track,1,319.94488242956055,237.84369644203744,319.95777596143694,237.85173912424648,1,0.015196312097445281,2.1486757921393966,0.24498364182632243,-0.47593671404862936,3.722833998835995,30.0
797,26.566666666667146,track,1,319.81901442143396,237.81956120565923,319.8603993733327,237.8277243619732,1,0.042182358453126706,2.1767567118377418,0.24072252029484348,-0.480412700136716,4.397040998810553,30.0
798,26.60000000000048,track,1,319.8975059788179,237.8934062179706,319.92679370789506,237.89902022827818,1,0.02982093536814525,2.10225478056016,0.23618470259348948,-0.480039167206458,4.93970800016541,30.0
799,26.633333333333816,track,1,319.8473282442748,237.8803383536208,319.85301782497663,237.88600619686702,1,0.008030926199766667,2.1190973454419835,0.2314315370346796,-0.48408967213143816,4.124232000322081,30.0
800,26.66666666666715,track,1,319.9094091002677,237.9464690137945,319.91266485162623,237.94720775454698,1,0.003338510866848701,2.0546492233793874,0.22657386497569043,-0.48409993547198366,3.5662530008266913,30.0
801,26.700000000000486,track,1,320.0947216692978,238.06177500171597,320.09085402811365,238.05821086338312,1,0.005259442022228365,1.9439134511360812,0.22176225843706424,-0.4812727109189312,4.647469000701676,30.0
802,26.73333333333382,track,1,320.4120135950614,238.22057293472983,320.3878412515148,238.20876011860827,1,0.02690436427897528,1.8327468862515781,0.21718416603369967,-0.47563286006095673,3.8114859999041073,30.0
803,26.766666666667156,track,1,320.51718869365925,238.2458504062782,320.5393881860027,238.23309173472188,1,0.025604709726732428,1.8474047832317204,0.23992718486571585,-0.4762675554036022,3.484911001578439,30.0
804,26.80000000000049,track,1,320.49220968077003,238.2285160307458,320.48305698876334,238.21753227572412,1,0.014297364979095001,1.8467634506017063,0.21066708602525733,-0.4789076790970497,3.6493910010904074,30.0
805,26.833333333333826,track,1,320.7261978842564,238.3152872847957,320.7417342157489,238.29840833521723,1,0.022940717842239992,1.856228391246847,0.2449634515052974,-0.4760070504401259,4.582281000693911,30.0
806,26.86666666666716,track,1,320.8958694897605,238.4373481430059,320.9002730106065,238.41192768209766,1,0.025799047048838578,1.8255040894268664,0.25309231714920155,-0.4707626983285429,4.015423999589984,30.0
807,26.900000000000496,track,1,321.0290416263311,238.50311160282118,321.0291462058026,238.50579894499964,1,0.002689376293863783,1.8143259645615106,0.26033436957476086,-0.4678332359916421,3.622842001277604,30.0
808,26.93333333333383,track,1,320.89171178675554,238.4843815077051,320.8984317594584,238.46203594269485,1,0.023334144697302186,1.7811549814561352,0.2541842082935116,-0.4689296716291925,3.446312000960461,30.0
809,26.966666666667166,track,1,320.88349514563106,238.4875173370319,320.8910286909643,238.47100494844597,1,0.018149746061601843,1.7696773705391147,0.25451359056350226,-0.46882044023349095,4.861219000304118,30.0
810,27.0000000000005,track,1,321.14554023147826,238.61327881350059,321.13714556909804,238.6354669441949,1,0.023723058407074494,1.776246183867579,0.26921140750428574,-0.4621359080291693,13.029521000134991,30.0
811,27.033333333333836,track,1,321.34046086776004,238.76333817728877,321.32135749414965,238.77567936095897,1,0.022742992276300677,1.801373546638029,0.28161726054907477,-0.4535497591290133,4.239600000801147,30.0
812,27.06666666666717,track,1,321.3909336660428,238.81285090455395,321.3704387787079,238.8235245970327,1,0.023107750171778352,1.806155259099706,0.28740970304311636,-0.44952192351959713,3.8889140014362056,30.0
813,27.100000000000506,track,1,321.49844495127513,238.92121086460708,321.49869373208685,238.92565302668766,1,0.004449123041950453,1.8439914104089001,0.29658869897831036,-0.44206691480538274,3.4136470003431896,30.0
814,27.13333333333384,track,1,321.50622923588037,238.9418604651163,321.51479163218755,238.94358264376996,1,0.008733872556685084,1.8467840478760646,0.30107323555859744,-0.43869004292972263,4.218447000312153,30.0
815,27.166666666667176,track,1,321.50466966447595,238.94188861985472,321.5081305139636,238.94429388528414,1,0.004214591434757698,1.8409163608910932,0.3051623505871983,-0.4362443030223257,4.930130000502686,30.0
816,27.20000000000051,track,1,321.5795462429751,239.0249774509124,321.60389636548484,239.02192584532145,1,0.024540594184390144,1.8785932511498207,0.3132746849043179,-0.4293925004040925,3.5592940002970863,30.0
817,27.233333333333846,track,1,321.5626518569941,239.01249566122874,321.5879133932708,239.01215745796685,1,0.025263800120071102,1.8701074387262708,0.3168140776911287,-0.42723745993672413,3.4126050013583153,30.0
818,27.26666666666718,track,1,321.6553394698595,239.08720326666204,321.6749970284334,239.0837442759949,1,0.019959564762831353,1.9092248681160604,0.32598290502917215,-0.42056128627088235,3.98971899994649,30.0
819,27.300000000000516,track,1,321.85609538819983,239.22558761049817,321.8611603262034,239.2475171884078,1,0.02250688748528072,2.007522886936832,0.3411328417553618,-0.41026322095421,4.46148099945276,30.0
820,27.33333333333385,track,1,321.92551210428303,239.33271260086903,321.9289001200068,239.32216040217156,1,0.011082759038045027,2.0445347131673923,0.350107560952163,-0.4010742954424311,4.164579000644153,30.0
821,27.366666666667186,track,1,322.01245243860257,239.43168453822207,322.01234139834196,239.4063220824566,1,0.02536269883894713,2.0980875513809103,0.3602198329407461,-0.39189480297738516,4.023863000838901,30.0
822,27.40000000000052,track,1,321.9461363165527,239.3836751605552,321.94743528918207,239.35585462599278,1,0.02785084331275342,2.051201469482349,0.3625102122981029,-0.3900873659319216,3.8276870000117924,30.0
823,27.433333333333856,track,1,321.735518975136,239.21433983056684,321.74707715849945,239.19480636915915,1,0.022696865801878133,1.923698360163875,0.3567613393553164,-0.3949534157582022,3.3854839984996943,30.0
824,27.46666666666719,track,1,321.5338221054088,239.07296998201687,321.5593373567051,239.04587623284476,1,0.03721692213114745,1.8280823709741725,0.35035799168458515,-0.39920955637485483,3.3946779985853937,30.0
825,27.500000000000526,track,1,321.6090663339572,239.11644832605532,321.6312737018709,239.1104867130286,1,0.022993651722505372,1.858033309204723,0.3573834828811045,-0.39454250882636066,4.224111999064917,30.0
826,27.53333333333386,track,1,321.7307559544356,239.24024853296515,321.74566528918785,239.22835676282716,1,0.01907098476139623,1.9086069756107187,0.36683530798090325,-0.38570222412292143,3.854397000395693,30.0
827,27.566666666667196,track,1,321.8751993343964,239.39936212993138,321.8813370292762,239.37473291224268,1,0.02538246761831081,1.9825206048761155,0.3777323428213504,-0.37467405419148087,3.6785689990210813,30.0
828,27.60000000000053,track,1,321.8462071354347,239.3740907516453,321.8547338753192,239.35414444688308,1,0.02169240343356669,1.9639671951813575,0.37989091956749477,-0.3728368416163831,3.446613000051002,30.0
829,27.633333333333866,track,1,321.76774728692885,239.306905370844,321.78225069802033,239.2904823453208,1,0.021910378833411234,1.9182890431046689,0.37915072450532145,-0.37342790159983125,4.144324999288074,30.0
830,27.6666666666672,track,1,321.693094629156,239.24054745282368,321.7090869150636,239.2255763867097,1,0.021906301128665873,1.8763555143051276,0.37809058162349324,-0.37440104868858215,3.9189430008264026,30.0
831,27.700000000000536,track,1,321.64693665628243,239.1993769470405,321.66673926135195,239.19000233761585,1,0.021909506370608175,1.8531367943030617,0.3780068354091321,-0.3744971297217498,3.7134039994271006,30.0
832,27.73333333333387,track,1,321.53727506426736,239.10421732786773,321.5655966751267,239.09902937561958,1,0.028792854846242156,1.8063335835786862,0.37416191244004143,-0.3777997736252223,4.061155999806942,30.0
833,27.766666666667206,track,1,321.4331227875338,238.95418893593393,321.4061822554047,238.956079062662,1,0.02700675564462028,1.7513193480424045,0.36992967378009056,-0.3845898758234103,4.202639000141062,30.0
834,27.80000000000054,track,1,321.4711932726388,239.00833970394052,321.4413803933737,239.00845403003348,1,0.02981309847247966,1.749497313218581,0.37254042881585625,-0.3814523716588295,4.3726169988076435,30.0
835,27.833333333333876,track,1,321.49533033552405,239.0788654444829,321.4909952109622,239.0729790372353,1,0.007310478455692232,1.7556863571029222,0.37438556581222365,-0.37741962733462386,4.134863000217592,30.0
836,27.86666666666721,track,1,321.2567110620385,238.84680146297703,321.24239763417063,238.85612246887678,1,0.017080847997451916,1.688788822677761,0.36234027815650066,-0.3891814485573133,4.342557000200031,30.0
837,27.900000000000546,track,1,320.9875320357415,238.6301170603311,320.98913018699477,238.6496486258033,1,0.019596839980569335,1.6738659924316532,0.34754887965461734,-0.4012315173216142,4.247348999342648,30.0
838,27.93333333333388,track,1,320.6377766983554,238.42467559503157,320.65732532073594,238.3995844587431,1,0.031807448140683196,1.7301463758818778,0.3271836472750718,-0.41378215975387,3.948270001274068,30.0
839,27.966666666667216,track,1,320.51091703056767,238.29527968392597,320.5269430439746,238.2781499497899,1,0.023457640488575623,1.8006766969674808,0.31686558541068305,-0.4233922827937926,4.0408290005871095,30.0
840,28.00000000000055,track,1,320.52033368091764,238.29614181438998,320.5493754141153,238.27891513922157,1,0.0337665604478818,1.806639544467863,0.3129636321347511,-0.4268706929083991,16.32524500018917,30.0
841,28.033333333333886,track,1,320.51248266296807,238.26629680998613,320.52995052275514,238.25203546559322,1,0.02255021218157392,1.8265343057584076,0.3080405715085089,-0.43210189880206845,3.5655729989230167,30.0
842,28.06666666666722,track,1,320.3867211864994,238.14969852380622,320.36594624439,238.13982586393695,1,0.023001470225713385,1.8958281752999284,0.27659779868753853,-0.4420950451609672,3.488873000605963,30.0
843,28.100000000000556,track,1,320.466958515739,238.13341671878257,320.4386372572112,238.1245147114833,1,0.029687361259541706,1.9260964957281719,0.2701635561011515,-0.44730422169972217,4.519064999840339,30.0
844,28.13333333333389,track,1,320.5031116028212,238.11616650532432,320.50555507221225,238.11131527690765,1,0.0054318468144493644,1.9551766964348696,0.29011837405880986,-0.4526156038285215,5.167780998817761,30.0
845,28.166666666667226,track,1,320.64273350411963,238.27833552586029,320.6621062806057,238.26149051311893,1,0.025672142938135464,1.8603225426772143,0.2930729080561101,-0.4484617315010936,3.5410979999142,30.0
846,28.20000000000056,track,1,320.8126171143036,238.4288986050385,320.8232056552963,238.40493864050455,1,0.026195364109384237,1.794961919224829,0.29847863307877387,-0.444092765190091,3.45888400079275,30.0
847,28.233333333333896,track,1,320.89612907693373,238.49220968077003,320.9005077700019,238.48398177881137,1,0.009320478723047202,1.7632996032466453,0.3003806449933733,-0.44345523131776227,4.477326001506299,30.0
848,28.26666666666723,track,1,321.19064723354285,238.7140291496857,321.1800169087064,238.73068359518192,1,0.01975789363556632,1.7330908921269434,0.3141404279260477,-0.4339061164877815,4.171149999820045,30.0
849,28.300000000000566,track,1,321.4859501838618,239.0,321.46532101960406,238.9995241644524,1,0.02063465137677956,1.7742935461777918,0.32960414348884676,-0.4197108481662547,3.6955870000383584,30.0
850,28.3333333333339,track,1,321.58128929731225,239.11607821460652,321.5784649795919,239.11030386927314,1,0.00642805060765805,1.811935676791095,0.3362422594263637,-0.41288671824393886,3.805011998338159,30.0
851,28.366666666667236,track,1,321.6386757896192,239.19075264358284,321.6513095753746,239.18039268099045,1,0.01633834041235739,1.8435236562349686,0.34175282773260984,-0.4073533900843921,3.9362440002150834,30.0
852,28.40000000000057,track,1,321.5917859365277,239.15764364239783,321.60758611784195,239.14770370450225,1,0.018666764447315312,1.8195444763998856,0.34240111491042485,-0.4068367434128467,4.057835998537485,30.0
853,28.433333333333906,track,1,321.5174177495162,239.091235830799,321.52759958017987,239.08619324042115,1,0.011362103387245543,1.780057097740884,0.34170361133668875,-0.40793767876559583,3.703289999975823,30.0
854,28.46666666666724,track,1,321.39803745421875,238.97512265911132,321.3781416827776,238.97516497878183,1,0.019895816449526326,1.7174286938689194,0.3385070491906399,-0.4117608914215354,4.158307001489447,30.0
855,28.500000000000576,track,1,321.01817055544086,238.72331199669625,321.0251781074194,238.7384693474645,1,0.01669883430193116,1.6255613612591249,0.32115004247589096,-0.42314798178918717,5.340477000572719,30.0
856,28.53333333333391,track,1,320.91351799405953,238.6477170684534,320.92649288072516,238.66665158697856,1,0.022953511185992575,1.6236400612639506,0.31665937599918265,-0.4263253543306586,3.9408729990100255,30.0
857,28.566666666667246,track,1,320.70421561852106,238.51554941257774,320.7406090134282,238.53853948651232,1,0.04304675007922427,1.6384042673451324,0.306039770560545,-0.432914915031306,3.9268050004466204,30.0
858,28.60000000000058,track,1,320.5540737653678,238.45426130443843,320.5799990904254,238.42622825564712,1,0.03818342970295674,1.6772466867511842,0.2974574798576484,-0.4364596050998413,5.82681600099022,30.0
859,28.633333333333916,track,1,318.9916695591808,243.5626518569941,318.99355919785125,243.587346149513,1,0.02476648576833592,3.7258523165385298,0.21350778083934785,-0.16768316809965245,5.0330260000919225,30.0
860,28.66666666666725,track,1,318.112025447756,247.31947998063757,318.1058834142125,247.30384711027256,1,0.0167961665834556,7.545452951996462,0.1585280305671101,0.05202826820367762,4.247673001373187,30.0
861,28.700000000000585,track,1,317.3614708122706,249.85042587078456,317.34014719196375,249.85857385568715,1,0.022827317866200784,10.211086887714579,0.10580694534486113,0.22521228080141142,5.506819999936852,30.0
862,28.73333333333392,track,1,316.9169435215947,251.4937707641196,316.9225196758273,251.48697590615052,1,0.008789971037813371,11.892077220324156,0.06519823983619275,0.3649831012968858,4.499336000662879,30.0
863,28.766666666667255,track,1,316.72967352880016,252.39093366604283,316.7469277580119,252.36849914184938,1,0.02830223138689918,12.789145789829842,0.03551310677638814,0.47483930965881604,3.7259340006130515,30.0
864,28.80000000000059,track,1,316.5499687478297,252.64997569275644,316.57479581266466,252.66930351578048,1,0.03146343737049236,13.124148555236156,0.004899804491318299,0.556666771095586,3.9746719994582236,30.0
865,28.833333333333925,track,1,316.42857142857144,252.5124826629681,316.40477051933226,252.53009118606707,1,0.02960647507453264,13.035676436219873,-0.02365989603295096,0.6196215454547318,5.205891000514384,30.0
866,28.86666666666726,track,1,316.2859708503143,252.0497340609242,316.2707683928634,252.0468042920425,1,0.015482191648709696,12.610815280164905,-0.053872715072013785,0.6648212888032343,3.9029069994285237,30.0
867,28.900000000000595,track,1,316.0536561876591,251.30955492880236,316.0764648409629,251.2931895012905,1,0.028072439922078748,11.95534429685144,-0.08923202193306978,0.6925062726429352,3.781250001338776,30.0
868,28.93333333333393,track,1,316.05384137502585,250.41416442327605,316.0735581343006,250.39240538460632,1,0.02936335062843381,11.10941201876641,-0.11296337967885643,0.7071134606602327,4.20802000007825,30.0
869,28.966666666667265,track,1,316.1276097292083,249.42582512230413,316.15230336502896,249.40564229813805,1,0.03189235082840687,10.162227926753614,-0.1323223112712563,0.7105457439963939,5.137092000950361,30.0
870,29.0000000000006,track,1,316.4089624267494,248.43846949327818,316.4177360938909,248.4149801050392,1,0.025074461010177507,9.145736977478514,-0.13973142047985393,0.7067512014367583,14.414133000173024,30.0
871,29.033333333333935,track,1,316.49430681112415,247.43475260506523,316.5530824633511,247.41255463087992,1,0.06282775941120379,8.17479092455809,-0.15542070561152416,0.6944457682877849,4.428176000146777,30.0
872,29.06666666666727,track,1,317.091890395793,246.51245502352614,317.0958665501894,246.5276928327579,1,0.015748035876505896,7.144561904913965,-0.14272168469094432,0.6785730038890423,3.78993999947852,30.0
873,29.100000000000605,track,1,317.68604731360784,245.7227394992758,317.7083072634987,245.73806320489302,1,0.02702445786664082,6.178772122507845,-0.12652466476514657,0.6620520688431678,4.737752000437467,30.0
874,29.13333333333394,track,1,318.2567669949721,245.041325160135,318.2516755396732,245.03740220688627,1,0.0064274784521056744,5.332172110174202,-0.1077199640364771,0.6442919762171171,4.565946999719017,30.0
875,29.166666666667275,track,1,318.5930417908379,244.45353108323516,318.62334841450684,244.42724208185524,1,0.04011985832183335,4.6363392929326,-0.09742900771913758,0.6251808875408287,3.661049000584171,30.0
876,29.20000000000061,track,1,319.0375111232802,243.92196591142448,319.044218613843,243.92455592043757,1,0.007190172205029897,4.039264441797021,-0.07859382537908874,0.6034878914022828,3.4831670000130543,30.0
877,29.233333333333945,track,1,319.14749344013256,243.50932191686232,319.1498222819839,243.52188276878354,1,0.012774917039083924,3.623045733808153,-0.07420648637237992,0.5831268609096931,4.980719999366556,30.0
878,29.26666666666728,track,1,319.0024720181281,243.20600151067774,319.0101132018174,243.19414568321832,1,0.014104904569701357,3.344015926821895,-0.08162184275727782,0.5644860371325116,4.015255999547662,30.0
879,29.300000000000615,track,1,318.96887584465225,242.97542829840967,318.9760243242504,242.9777325013223,1,0.007510666523513227,3.148875518968323,-0.08285406172726051,0.54653711188299,3.762156000448158,30.0
880,29.33333333333395,track,1,319.03863807631706,242.86435568952524,319.0450245279037,242.87155660640872,1,0.009624965861308994,3.0261882783652254,-0.07813549881363217,0.5325057289810876,3.4967239989782684,30.0
881,29.366666666667285,track,1,319.1324648611587,242.83956119300652,319.1280406451285,242.84513898202022,1,0.007119369197003469,2.9757568690265876,-0.07140110905885319,0.521586886130332,4.069560000061756,30.0
882,29.40000000000062,track,1,319.51214785076485,242.8920191043123,319.54151316341563,242.8964872700717,1,0.029703301034255006,2.9325498606176446,-0.023361486426995735,0.514109480591437,3.7345520013332134,30.0
883,29.433333333333955,track,1,319.67077962363,242.98759219687048,319.6951076149278,242.98775495939344,1,0.024328535759991405,3.0032713936397966,-0.017207254776906114,0.5090012300851661,3.5813779995805817,30.0
884,29.46666666666729,track,1,319.99918150194395,243.1268671986904,320.0129420633248,243.09738227554362,1,0.0325378816533434,3.0974093139032974,-0.010628692840418019,0.5068234174236154,4.070807000971399,30.0
885,29.500000000000625,track,1,320.313736226131,243.26500581753473,320.3052896377901,243.21783986659977,1,0.04791629975487836,3.2322894625978154,-0.0037086687120189508,0.5057115926705715,4.475581999940914,30.0
886,29.53333333333396,track,1,320.688965280165,243.34898590580957,320.7138797025568,243.3272402202732,1,0.03306967315478151,3.4029621968406207,0.03953114616583072,0.5031195522118926,3.851084999041632,30.0
887,29.566666666667295,track,1,320.94036032304825,243.46489956512735,320.954236073645,243.44111418570543,1,0.02753689758974593,3.5709709216554235,0.06252627886613142,0.5035209234043846,3.8939180012675934,30.0
888,29.60000000000063,track,1,321.03151565415715,243.52187435206304,321.0397808723626,243.55784724483885,1,0.036910199764349054,3.7066725347862266,0.07810620008720176,0.5023750512563095,4.065509998326888,30.0
889,29.633333333333965,track,1,321.05183704418556,243.65092713862273,321.0619505975726,243.6776721527292,1,0.02859335135425194,3.82792522584293,0.09019176660681136,0.5064252947066751,4.2206100006296765,30.0
890,29.6666666666673,track,1,321.0170646115737,243.76467350168582,321.02409863358093,243.77519707895652,1,0.012657928115252261,3.9116353352867907,0.0991624215293923,0.5114040940608208,3.7956529995426536,30.0
891,29.700000000000635,track,1,321.3420238013345,243.7317190617046,321.35689101296634,243.7468421766896,1,0.0212071353217501,3.9849691991392944,0.12652511742829117,0.5103370150222557,3.823732000455493,30.0
892,29.73333333333397,track,1,321.52311839104294,243.69728384822724,321.571489339658,243.71516507285634,1,0.05157021295434741,4.033860466504806,0.1471667270324525,0.5102231215924773,4.2302180008846335,30.0
893,29.766666666667305,track,1,321.5140498161382,243.70859640602234,321.53350498155805,243.7270888681586,1,0.02684165824562971,4.030239317908447,0.15804926454679458,0.5134546297371837,3.9772510008333484,30.0
894,29.80000000000064,track,1,321.4711932726388,243.7039405101119,321.4437878605829,243.72004643143396,1,0.03178769119620635,3.9903970777845044,0.1665642348052656,0.5168720213724891,3.6409500007721363,30.0
895,29.833333333333975,track,1,321.3825098745756,243.6590672857044,321.35948683835863,243.68024951915442,1,0.03128493584104591,3.9233201484083176,0.17184778922480304,0.5190339663179815,4.322111999499612,30.0
896,29.86666666666731,track,1,321.27036395147314,243.6048526863085,321.25493359318216,243.62656376274077,1,0.026635817930672937,3.8375543056120516,0.17481905347352208,0.521290068838725,4.044535999128129,30.0
897,29.900000000000645,track,1,321.01249219237974,243.5711013949615,321.01273809372856,243.59433829070008,1,0.02323819681127444,3.734287909961111,0.16887006157929432,0.5250625929126697,3.9740169995639008,30.0
898,29.93333333333398,track,1,320.84188626907076,243.5124826629681,320.85016327359995,243.52951850552597,1,0.01894013557588538,3.6304653245318925,0.1656152952000855,0.5279442963004048,3.660753000076511,30.0
899,29.966666666667315,track,1,320.77078558032923,243.45426130443843,320.7839593052149,243.42677743528355,1,0.030478026364682557,3.515308774944471,0.1660276744493329,0.5310624203746886,5.511925000973861,30.0
900,30.00000000000065,track,1,320.84255230992335,243.27760513776673,320.85026281521436,243.26313037489638,1,0.016400324752749218,3.3720864014001224,0.17284890434187947,0.5280468943759692,13.49737000055029,30.0
901,30.033333333333985,track,1,320.48908296943233,243.241214389686,320.4732101891036,243.2273409898939,1,0.02108118538307932,3.261848823615335,0.13122633196469932,0.5319346377308038,3.4890750011982163,30.0
902,30.06666666666732,track,1,320.11163944593756,243.21500930328716,320.1077950135873,243.20387988701168,1,0.011774700281904174,3.205692763717737,0.1297537891911812,0.5363516471771678,4.201891000775504,30.0
903,30.100000000000655,track,1,319.5499687478297,243.183346065699,319.5750601504469,243.17219017852193,1,0.027459648650438696,3.200525645022891,0.12718430110552756,0.5404632025700318,4.758168000989826,30.0
904,30.13333333333399,track,1,319.252535706893,243.10763817015112,319.2403158105035,243.10214507136004,1,0.013397761085317678,3.1938102810803226,0.08454502069797458,0.5421632860239824,4.284032998839393,30.0
905,30.166666666667325,track,1,319.29434118703796,243.0,319.2765520217365,243.0017487975624,1,0.017874918042795625,3.0876970092483056,0.07979674305847265,0.5418512448978716,4.134405000513652,30.0
906,30.20000000000066,track,1,319.0699540497908,242.93416089431452,319.06822007026585,242.93686751277613,1,0.0032144157306859293,3.0811369046271277,0.06060373706570287,0.5432213675085009,3.8103789993328974,30.0
907,30.233333333333995,track,1,318.7558115472167,242.86755880527005,318.76805396550503,242.87292642745,1,0.013367429573909606,3.125923429876132,0.035335361660985644,0.5441509151859772,4.3388129997765645,30.0
908,30.26666666666733,track,1,318.7558115472167,242.78478305856385,318.7679731569867,242.79785256382166,1,0.017852639017318216,3.057101423045809,0.02501009504662772,0.5437944369563186,4.009627000414184,30.0
909,30.300000000000665,track,1,318.6090663339572,242.7130380536494,318.6299903010961,242.73094517294112,1,0.02754046699237712,3.0553212781475523,0.006759559413468556,0.5434926665409655,3.3299540009466,30.0
910,30.333333333334,track,1,318.6217002702141,242.64664310954063,318.64314514296075,242.66522364624052,1,0.028374617374972582,2.9907310456727165,-0.0037222578099187498,0.5429731349624007,4.6741660007683095,30.0
911,30.366666666667335,track,1,318.3416429414624,242.55419762516493,318.3227472790609,242.58219606799042,1,0.03377808251284444,3.079109160689646,-0.02948687156637103,0.5405942682565035,4.148549000092316,30.0
912,30.40000000000067,track,1,318.3619972260749,242.5124826629681,318.339302134121,242.52886389534348,1,0.02798949754696979,3.0254041057199044,-0.040379435236500075,0.5402888167365142,3.554233000613749,30.0
913,30.433333333334005,track,1,318.4323125952612,242.4906470832756,318.4070460359808,242.4768090323273,1,0.028807823102715967,2.9448404564768325,-0.04828078267238485,0.5406443108470138,3.672534001452732,30.0
914,30.46666666666734,track,1,318.66659720775164,242.45426130443843,318.68437720608495,242.4266366213219,1,0.032851962772734104,2.7603312532754907,-0.04683070250253612,0.5399499034961721,4.179785999440355,30.0
915,30.500000000000675,track,1,318.7420786244193,242.39936212993138,318.75670298711316,242.37467563684527,1,0.028693116336350615,2.680461124970818,-0.052228105992201485,0.5379576900593983,4.682799000875093,30.0
916,30.53333333333401,track,1,319.1121650626601,242.35726649588037,319.10504392434245,242.33804160842857,1,0.02050138796455819,2.503474573487736,-0.04112047906471936,0.5362578696522815,3.4662969992496073,30.0
917,30.566666666667345,track,1,319.2158124092135,242.327868852459,319.2046434009569,242.30880294250005,1,0.02209650804989972,2.441958874948201,-0.041773083540388875,0.534909269397065,4.33253200026229,30.0
918,30.60000000000068,track,1,319.4204537570249,242.30805522791923,319.39459720950117,242.28909656190427,1,0.03206231537045009,2.367799739941225,-0.03584509698957276,0.5338187009921549,4.497440999330138,30.0
919,30.633333333334015,track,1,319.70565881296204,242.2860498859946,319.7205781779646,242.27218801348812,1,0.02036514084081591,2.2893044627721872,-0.008616507306635867,0.5324293933813015,4.067739000674919,30.0
920,30.66666666666735,track,1,320.01656886434245,242.2692440455644,320.01757700870576,242.25475426834498,1,0.014524806330048146,2.2548227783697232,-0.008640698772069865,0.5311462686646514,3.4910610011138488,30.0
921,30.700000000000685,track,1,320.0452395640551,242.30077455617246,320.04418932307544,242.255240595008,1,0.04554607146003377,2.2556734776216745,-0.007774677465489172,0.5322875760074626,4.176804000962875,30.0
922,30.73333333333402,track,1,320.2435165439912,242.2666299786751,320.23254617193425,242.2458965475774,1,0.023456858872214804,2.2579036791903464,-0.006089952654892131,0.5300692138632678,3.557195001121727,30.0
923,30.766666666667355,track,1,320.3351493000483,242.26149920695124,320.3194203373812,242.25167189269104,1,0.018546600015942494,2.274215395310555,-0.003711458586086581,0.529232350521754,3.5034610009461176,30.0
924,30.80000000000069,track,1,320.33551950293406,242.26979634104245,320.3181168073663,242.26235413742234,1,0.018927234550949804,2.284610370772421,-0.0008018170251633521,0.5290848585500336,3.3653899990895297,30.0
925,30.833333333334025,track,1,320.4204537570249,242.29140359397766,320.3948414213746,242.27297515706027,1,0.03155311434203482,2.3070144803720467,0.002536691241990333,0.5296935138642053,4.598049999913201,30.0
926,30.86666666666736,track,1,320.2113989637306,242.2901554404145,320.1985789845487,242.27537765815885,1,0.019563606891863893,2.284026510431266,0.006069900385554736,0.5292240038795083,4.035834999740473,30.0
927,30.900000000000695,track,1,319.9917075530371,242.2985280906641,319.9917049641979,242.28080421676947,1,0.01772387408369389,2.280819300789158,0.009599980800382431,0.5293057775831702,3.7027390008006478,30.0
928,30.93333333333403,track,1,319.7346050176239,242.30271615177276,319.7506988860034,242.2848086566064,1,0.024076772677221577,2.2983693442837865,0.012944076329447975,0.5292563304876484,3.415768000195385,30.0
929,30.966666666667365,track,1,319.672131147541,242.31126789790414,319.6907601969017,242.29542695871464,1,0.02445356486258816,2.316163676991381,0.016050700386578298,0.5295133740813734,4.42522400044254,30.0
930,31.0000000000007,track,1,319.50779031922997,242.3199224430441,319.51891362683546,242.30337610182482,1,0.01993763726802165,2.3530800166807624,0.018832377527636772,0.5298724252715611,13.861138999345712,30.0
931,31.033333333334035,track,1,319.2448302095581,242.3236738363649,319.2321338540901,242.30458898188488,1,0.022922240568778625,2.429145692102416,-0.018301670174811997,0.5300702677951934,4.7931320004863665,30.0
932,31.06666666666737,track,1,319.23656360240716,242.327868852459,319.2224181637771,242.30884746860534,1,0.02370456660109205,2.436269719326876,-0.019451983884529334,0.5303669063582026,3.67377799921087,30.0
933,31.100000000000705,track,1,318.9751157807424,242.306905370844,318.9768559249019,242.29194283543063,1,0.01506338500111785,2.5099453697820167,-0.03439468972921693,0.5294097319665354,3.4221419991808943,30.0
934,31.13333333333404,track,1,318.73889618014783,242.2859708503143,318.7545042540744,242.27254841352283,1,0.02058576646904274,2.5914737013760933,-0.049487462457865464,0.5284131183015267,3.8572980010940228,30.0
935,31.166666666667375,track,1,318.44580237483507,242.23748350808972,318.4199248260652,242.2237422510259,1,0.029299653172540917,2.727941926486489,-0.0689802760737333,0.5259083630099363,4.502928000874817,30.0
936,31.20000000000071,track,1,318.3362623676745,242.22417491178302,318.3172269371519,242.2128769419893,1,0.02213575697017505,2.7800268958114693,-0.08042927941545745,0.5250737637947942,3.7264780003170017,30.0
937,31.233333333334045,track,1,318.190095736621,242.19836076864797,318.18193733916064,242.1890649774126,1,0.012368151996666724,2.845585583684451,-0.0946411075700594,0.5235302506422268,3.5034569991694298,30.0
938,31.26666666666738,track,1,318.2692440455644,242.2071108042803,318.2553215438609,242.19720703635926,1,0.017085686193949845,2.8056410454551464,-0.0978766904553738,0.5237058209217246,3.909449998900527,30.0
939,31.300000000000715,track,1,318.3740907516453,242.21614132317285,318.352517351944,242.20541464843552,1,0.024093009890690575,2.7528263379987363,-0.09961561692796078,0.5239387552036863,4.648916999940411,30.0
940,31.33333333333405,track,1,318.34046086776004,242.19929416649367,318.3209251369574,242.18793416760707,1,0.0225985475793821,2.757960898469014,-0.10826594819898336,0.5228592812018867,3.6740889991051517,30.0
941,31.366666666667385,track,1,318.3951473136915,242.19549393414212,318.37367805247527,242.18368319644094,1,0.0245035242815528,2.7227551082348818,-0.11234954242902934,0.5224139330977466,3.4544129994174,30.0
942,31.40000000000072,track,1,318.3236738363649,242.15768725361366,318.30414515678444,242.15076038339964,1,0.020720783216798773,2.7389220281086932,-0.12275096142956107,0.5201726470160153,3.4027130004687933,30.0
943,31.433333333334055,track,1,318.65953913223996,242.20759809009758,318.6774801796171,242.19583728570933,1,0.021452219019175798,2.563349383251725,-0.11180716038701313,0.5224095497211378,4.245718999300152,30.0
944,31.46666666666739,track,1,319.35726649588037,242.25756421796027,319.3386466528325,242.24224383960564,1,0.024112497756483726,2.3377437169328643,-0.08012362166219875,0.5248733197710722,3.8781590010330547,30.0
945,31.500000000000725,track,1,320.09114133812056,242.27342401436167,320.08555705267713,242.25817142385097,1,0.01624271409588883,2.259791625075176,-0.04792587319884191,0.5257843496089043,4.056666999531444,30.0
946,31.53333333333406,track,1,320.5626518569941,242.29573064908018,320.5875910946563,242.2765846079982,1,0.0314409997342175,2.3511913516117047,-0.016591914091413244,0.5271484867521212,3.8995039994915714,30.0
947,31.566666666667395,track,1,320.92950445780633,242.30271615177276,320.9344140431406,242.28665786068598,1,0.01679204397272612,2.4702092575033583,0.007528576397527152,0.5278424259865988,4.887139999482315,30.0
948,31.60000000000073,track,1,321.09126737191457,242.3152872847957,321.0850432647451,242.2984011804981,1,0.01799666714717271,2.5416464885746293,0.023110677796340448,0.5289005811886129,4.628358999980264,30.0
949,31.633333333334065,track,1,320.9211454658643,242.327868852459,320.9272950983975,242.31072146918177,1,0.018216770667432977,2.4898413418628924,0.02248904064436323,0.5300454501455142,4.117741000300157,30.0
950,31.6666666666674,track,1,320.81318757351414,242.33626236767452,320.82394762336935,242.3170971411272,1,0.021979185187285945,2.45923338613394,0.024835225822767204,0.5310502095559427,4.192246999082272,30.0
951,31.700000000000735,track,1,320.53727506426736,242.33349544917667,320.56525056764985,242.31534885056624,1,0.03334558187574279,2.3833481709659803,0.018020166144909183,0.5315231678387226,3.7400359997263877,30.0
952,31.73333333333407,track,1,320.3825098745756,242.32845956621162,320.3591110944051,242.31175461570695,1,0.02874992669262787,2.339480750373292,-0.003621229454485562,0.5318776561587486,3.553275000740541,30.0
953,31.766666666667405,track,1,320.533041484261,242.32103397957056,320.5600463373087,242.30257996675073,1,0.03270799103096325,2.369710193929765,0.028604730471011176,0.5320873362900974,3.3892789997480577,30.0
954,31.80000000000074,track,1,320.6385291877294,242.3033030953535,320.6599086883127,242.2868477172134,1,0.026978927238261903,2.380157969260595,0.040135802036499496,0.5317153751715537,3.8551880006707506,30.0
955,31.833333333334075,track,1,320.75136404447824,242.28178741625803,320.76620744908496,242.26619660072072,1,0.021526731972996732,2.392220911235294,0.052257888356965154,0.5310531658240731,3.836824998870725,30.0
956,31.86666666666741,track,1,320.524771657902,242.3048021035151,320.55313339646614,242.26648606122728,1,0.04767082242820073,2.3330057050988384,0.04670720513859785,0.5326241054151639,4.557307000141009,30.0
957,31.900000000000745,track,1,320.40644224787445,242.28368009953687,320.38333027304066,242.25804749289625,1,0.03451367705577641,2.290353810747256,0.024362952875053714,0.5319379308002288,3.756095000426285,30.0
958,31.93333333333408,track,1,320.5246969172151,242.25355039833738,320.5530221491938,242.23849103580778,1,0.032079637878930686,2.305791754450242,0.054666917573192614,0.5306651555184609,3.4450189996277913,30.0
959,31.966666666667415,track,1,320.49379139072846,242.2342715231788,320.4844864607501,242.23281919345027,1,0.009417589051502728,2.2847775999624216,0.03154576658878178,0.5298065854797439,3.459802001088974,30.0
960,32.000000000000746,track,1,320.4300186065743,242.2185927916753,320.40597094300983,242.2390962449133,1,0.031601925852611346,2.2756019864099977,0.03362245425681915,0.5290200591437131,13.477376000082586,30.0
961,32.03333333333408,track,1,320.65953913223996,242.22835789910732,320.67970912811097,242.21453209401625,1,0.0244536627083372,2.3164966855718507,0.06989524085712635,0.5294738083735911,3.7870429987378884,30.0
962,32.06666666666741,track,1,320.7641541962623,242.1944693469416,320.7778072031715,242.18460390155053,1,0.016844334668548247,2.318939035847058,0.07926835118164703,0.5276366519907126,3.8415010003518546,30.0
963,32.10000000000074,track,1,320.78499069671284,242.1777961546413,320.79499718598777,242.169509030712,1,0.012992545964088656,2.3105821690797668,0.0844695579792884,0.5265407990781139,3.5225150004407624,30.0
964,32.13333333333407,track,1,321.0618004532033,242.1071207855524,321.05806678213,242.1032961875137,1,0.0053448900682050975,2.3544341502485646,0.10308187458120233,0.5224996148827679,3.429443000641186,30.0
965,32.1666666666674,track,1,321.3446605301405,242.02906775555402,321.32612218986833,242.02936808687036,1,0.0185407728789001,2.424239034103083,0.1230352136127354,0.5177393066730245,3.8242270002228906,30.0
966,32.200000000000735,track,1,321.6132788135006,241.92930903042483,321.6345625401732,241.93216203480802,1,0.021474092648694237,2.530819003107668,0.1433735522776094,0.511457241798873,4.687577000368037,30.0
967,32.233333333334066,track,1,321.68471271520434,241.90873262808546,321.70058961737345,241.91321611753563,1,0.01649780894959347,2.559765801614765,0.15444374224479288,0.5088721918828961,4.62080400029663,30.0
968,32.2666666666674,track,1,321.6259092483547,241.92102528576376,321.64572145903776,241.92625794415994,1,0.020491569145433482,2.5335486551824222,0.15894685380360235,0.507877821579177,3.6777460009034257,30.0
969,32.30000000000073,track,1,321.3362623676745,242.00415138725523,321.3185698948571,242.00267764007003,1,0.01775374679219533,2.39777903436908,0.15095273992491764,0.5106462677015314,3.6638060009863693,30.0
970,32.33333333333406,track,1,321.05348693684425,242.06583007611601,321.0490363149938,242.06149011190007,1,0.006216375491485974,2.3130539707576205,0.14190734343273947,0.5126515205672589,3.7876089991186745,30.0
971,32.36666666666739,track,1,320.8763311576778,242.10305736860187,320.8812050724921,242.098782854462,1,0.0064827861872094085,2.276271479848013,0.13690705200303574,0.5136915536675191,4.496714998822426,30.0
972,32.40000000000072,track,1,320.7223948622333,242.13673088875078,320.7388690499663,242.13077779018795,1,0.017516798907382128,2.2552475394413665,0.1319758642199623,0.5147899009477634,3.5613920008472633,30.0
973,32.433333333334055,track,1,320.70565881296204,242.14095211773648,320.72330302955083,242.1336882465332,1,0.019080938234002386,2.2529520203394,0.1332142824730571,0.5145743345809259,3.795063999859849,30.0
974,32.466666666667386,track,1,320.92179460794404,242.07408931878987,320.92521028729107,242.07170381687058,1,0.0041662314876475485,2.2689140090680717,0.14628352837538808,0.510722560433921,3.9602219985681586,30.0
975,32.50000000000072,track,1,321.2608875698806,241.95444820208434,321.2456595653998,241.95867293801746,1,0.015803180508085074,2.3212211077348934,0.16647402418086443,0.5038790521614447,3.440599000896327,30.0
976,32.53333333333405,track,1,321.70565881296204,241.73882401713536,321.72292407302257,241.75410047739183,1,0.02305340415047627,2.458726468354486,0.1935560350888751,0.4914988541919102,3.6130049993516877,30.0
977,32.56666666666738,track,1,322.1208249427123,241.55419762516493,322.1148155336348,241.58215271238566,1,0.028593703834584205,2.6411459532960846,0.22099647544437975,0.4798205564291369,4.14371699844196,30.0
978,32.60000000000071,track,1,322.4843815077051,241.43731778425655,322.4626063812236,241.41010840881108,1,0.034849766791429974,2.8377519118913535,0.24765496422510586,0.4708539976144187,4.188326998701086,30.0
979,32.63333333333404,track,1,322.55419762516493,241.35830845080204,322.58145877780635,241.3391949626298,1,0.033294081657996744,2.908156214759868,0.26060597905219507,0.46329401933968534,3.84564500018314,30.0
980,32.666666666667375,track,1,322.4584925321292,241.4418200764154,322.43035646262797,241.41646182006718,1,0.03787716425499156,2.813004909904278,0.26534754148658335,0.46389565147097034,3.8453859997389372,30.0
981,32.700000000000706,track,1,321.97086368366286,241.58376690946932,321.97292237479746,241.6089013880976,1,0.025218648359951603,2.545778146971731,0.24910715369948008,0.4679080283474726,4.358636999313603,30.0
982,32.73333333333404,track,1,321.8049657652673,241.6763261636351,321.8137879458809,241.69412721475726,1,0.019867266843540406,2.4819133208885553,0.2476754229423891,0.46998207179715856,3.9529570003651315,30.0
983,32.76666666666737,track,1,321.6048526863085,241.77123050259965,321.62777756539253,241.78365372666792,1,0.026074634748503887,2.4147630150910486,0.2434407197316,0.472712198715515,3.5694109992618905,30.0
984,32.8000000000007,track,1,321.6259092483547,241.75891929338414,321.64682520486144,241.77095575576027,1,0.024132004954521932,2.4183294945534946,0.24967214985905245,0.47036717688006413,3.3236039998882916,30.0
985,32.83333333333403,track,1,321.5795462429751,241.77104003330328,321.60386982345926,241.78566432211267,1,0.028381444479636246,2.4002073830961637,0.25207011461923573,0.4694474799686902,3.2606460008537397,30.0
986,32.86666666666736,track,1,321.55419762516493,241.775015623915,321.5794799053233,241.78901841021673,1,0.028901067700304584,2.386491911449623,0.25505938641821424,0.46831779263480194,3.2018410001910524,30.0
987,32.900000000000695,track,1,321.44157467194333,241.85003124349095,321.4152389486046,241.85982123432086,1,0.028096516585216374,2.3370571891330036,0.2530419424976415,0.47110809214265903,3.4219879999000113,30.0
988,32.933333333334026,track,1,321.02876515307173,242.01232792274502,321.02870775085375,242.01189463183607,1,0.00043707668251950744,2.2596370607417007,0.2344370874914492,0.47896941103620966,3.743888999451883,30.0
989,32.96666666666736,track,1,321.0328789643126,242.0,321.0315541411667,241.99851760298793,1,0.0019881290877002424,2.2490390293658207,0.23576154252487952,0.4784769982933296,4.151090000959812,30.0
990,33.00000000000069,track,1,320.89701338825955,242.04531410916582,320.90375327517427,242.04506193639327,1,0.006744602785217802,2.2358551621410534,0.22936745463943564,0.4811513942953827,12.333025000771158,30.0
991,33.03333333333402,track,1,321.1692699373839,241.88852955343012,321.1598550432525,241.89535834321964,1,0.011630675023182964,2.2220816750449437,0.24365379198923068,0.47349521721853227,3.6270709988457384,30.0
992,33.06666666666735,track,1,321.5668772124662,241.5877004234053,321.5926662733161,241.61213013280735,1,0.03552303986135069,2.266175064566753,0.2655240931104025,0.4576655193765503,3.248744000302395,30.0
993,33.10000000000068,track,1,321.7337031900139,241.5124826629681,321.7492704333383,241.52800143749732,1,0.021981160743028767,2.3226569789673066,0.27691369724210196,0.45244511514889496,3.459879999354598,30.0
994,33.133333333334015,track,1,321.826278781194,241.51302909141046,321.8356455459873,241.4780166740917,1,0.036243698061822434,2.3567197244042495,0.2852365791044059,0.4508056274337382,3.9826619995437795,30.0
995,33.166666666667346,track,1,321.82139148494286,241.4926272066459,321.8308556566658,241.46706302412258,1,0.027259823449285014,2.346125817660428,0.28898095768524573,0.4479781617351163,4.138972000873764,30.0
996,33.20000000000068,track,1,321.9502521937401,241.40046984039245,321.9536841579693,241.37102761464052,1,0.029641576133830564,2.386754807098347,0.2999109008753173,0.44122258286272636,3.25887600047281,30.0
997,33.23333333333401,track,1,322.02895154063555,241.3192941338664,322.02689712899246,241.30469994893292,1,0.014738074537470735,2.4105090599836876,0.30886643997278107,0.4346073371539747,3.2403590012108907,30.0
998,33.26666666666734,track,1,321.6975138121547,241.4871546961326,321.7125659882422,241.48699507123183,1,0.015053022456593807,2.2680468703163426,0.2966463485081985,0.44073072549080167,4.007071000160067,30.0
999,33.30000000000067,track,1,321.20597322348095,241.72399588053554,321.196665091805,241.76149647672798,1,0.0386385303820597,2.1295251065601013,0.274626614456145,0.45118643126459934,4.197088001092197,30.0
1000,33.333333333334004,track,1,320.80995662053294,241.97108035529848,320.82110045911236,241.97081709604845,1,0.01114694773096091,2.1350236509302114,0.2554276592597894,0.46327143986398756,3.333497999847168,30.0
1001,33.366666666667335,track,1,320.4906470832756,242.1538035194679,320.47671964617666,242.1442103011451,1,0.01691163333132635,2.1965653727097667,0.21265186262865268,0.4731837050978253,3.359996000654064,30.0
1002,33.40000000000067,track,1,320.1454192922928,242.36147081227062,320.1366839637153,242.34033793100537,1,0.022867108167146263,2.344325945178998,0.20877708434609582,0.4854069820919435,3.9420739994966425,30.0
1003,33.433333333334,track,1,319.7920565606155,242.48908296943233,319.8033065179202,242.47532543816635,1,0.01777164049523794,2.483127936842183,0.20426130547151208,0.4945261269895468,3.929876000256627,30.0
1004,33.46666666666733,track,1,319.7667638483965,242.4843815077051,319.77964639488664,242.46311272356888,1,0.02486606488175021,2.4729496558347845,0.19930155374046446,0.49743920491985066,4.006924000350409,30.0
1005,33.50000000000066,track,1,319.7665531855763,242.46272493573264,319.78106843110186,242.43591927255682,1,0.030483371384458557,2.445737871128861,0.1940727531635309,0.4996166856483646,3.848537000521901,30.0
1006,33.53333333333399,track,1,320.1572739187418,242.24418845278333,320.14846158466617,242.23319009096804,1,0.0140933031784836,2.238119483968499,0.18890199805416732,0.49140986808832054,3.8159340001584496,30.0
1007,33.566666666667324,track,1,320.672131147541,241.9833990454451,320.6885415396946,241.98569884307256,1,0.01657075857534035,2.1016872620027676,0.21925866688376264,0.48003817275779254,3.676137999718776,30.0
1008,33.600000000000655,track,1,320.96699443031014,241.8514749363955,320.9686259972559,241.86000379868005,1,0.008683519019807578,2.0971052557428402,0.23279399557727898,0.4742223138927028,3.6109800003032433,30.0
1009,33.63333333333399,track,1,321.3782997297859,241.62585741010184,321.35641112168673,241.64878841139932,1,0.03170081994246003,2.1350302940708277,0.2541944224035515,0.46268081052870963,4.017856001155451,30.0
1010,33.66666666666732,track,1,321.84218176784105,241.34886135529868,321.8492885758294,241.32837094535216,1,0.02168786802707105,2.2769360125284477,0.28065542290447726,0.44721656805732996,3.9600759992026724,30.0
1011,33.70000000000065,track,1,322.1775758827173,241.12389015073302,322.16813080002726,241.11832880153565,1,0.010960756904367399,2.439559483671387,0.3029232578903239,0.43301864994902844,3.844220998871606,30.0
1012,33.73333333333398,track,1,322.5245707930771,240.80398971293528,322.5512964486147,240.81706701090695,1,0.029753594508162912,2.678938608670701,0.3278824552307264,0.41251862712215603,3.9807560006011045,30.0
1013,33.76666666666731,track,1,322.8792169929196,240.5156184922949,322.8854251853504,240.53779442959103,1,0.023028544205399966,2.9351152189911747,0.3553235874974937,0.39198637088908755,3.856258001178503,30.0
1014,33.800000000000644,track,1,323.09144440595776,240.3740907516453,323.08723502074736,240.35269731737787,1,0.021803622488112424,3.107316442046816,0.37730531601429906,0.3580746084288069,3.5721900003409246,30.0
1015,33.833333333333975,track,1,323.10834085700395,240.45003125217028,323.10162238614066,240.4229499843815,1,0.027902202704964116,3.1303271579017413,0.39034589386085017,0.3489983934797603,3.181920999850263,30.0
1016,33.86666666666731,track,1,323.02501215868824,240.53727506426736,323.02502891343465,240.56331076475908,1,0.026035705882806088,3.077030865105044,0.39848074128672706,0.36786425418654506,3.399829000045429,30.0
1017,33.90000000000064,track,1,322.7014719093359,240.75951903807615,322.71808692219633,240.77429334819806,1,0.022233733198238848,2.8262212768427215,0.3936962829592967,0.3722471690738325,3.9270060005947016,30.0
1018,33.93333333333397,track,1,322.36567629337213,241.03739871182216,322.34646431947385,241.03429905346707,1,0.019460416824582757,2.564306794158367,0.3867755810260969,0.3806585188181578,3.565113000149722,30.0
1019,33.9666666666673,track,1,322.2108454489079,241.09508716323296,322.19919171336346,241.0918273322966,1,0.012101076393164023,2.4553067253759564,0.3876335219278797,0.37891920437330656,3.206018000128097,30.0
1020,34.00000000000063,track,1,322.3320650294016,240.8754756139744,322.3118965187989,240.88062469692863,1,0.02081542397357563,2.4739372203989207,0.4019042079589429,0.3631674571625604,12.516050999693107,30.0
1021,34.033333333333964,track,1,322.1278086992373,240.99587713873427,322.12252275931974,240.9953677630475,1,0.005310426009476525,2.344325030268728,0.39901282747432015,0.36475260608717885,3.332946000227821,30.0
1022,34.066666666667295,track,1,321.90098329093036,241.1485250636045,321.90530204730794,241.1420145173464,1,0.007812737626952419,2.2213448740134405,0.39357005981124016,0.36882999794871707,3.2030919992394047,30.0
1023,34.10000000000063,track,1,321.7974788179376,241.19012192601778,321.8064773267058,241.1816387480062,1,0.012366788961890845,2.1586177203691888,0.3931106717653597,0.36802520486620766,3.906263000317267,30.0
1024,34.13333333333396,track,1,321.560829015544,241.38549222797928,321.560709442178,241.3641195369604,1,0.02137302550362214,2.0728328620563237,0.3846021709463299,0.3758604267067597,3.708304999236134,30.0
1025,34.16666666666729,track,1,321.3071591932913,241.54646891676487,321.28095587634857,241.57080043051155,1,0.035758025392987246,2.0268847894360493,0.37362518352967306,0.38305523756473375,3.2473130013386253,30.0
1026,34.20000000000062,track,1,320.97775489186404,241.79814624098867,320.9714432321689,241.80704231796756,1,0.01090766857406068,2.0516100731504294,0.35699945256240906,0.39608611108828906,3.4243779991811607,30.0
1027,34.23333333333395,track,1,320.71497418244405,241.98760757314975,320.7289534693498,241.98961491299383,1,0.01412267239733926,2.1189480084429957,0.3419051013712713,0.4072822778875142,3.2677419985702727,30.0
1028,34.266666666667284,track,1,320.53216536250955,242.12049027075687,320.5653168986257,242.11366825636821,1,0.0338461848246065,2.187961766999244,0.32934004790601645,0.41668217676927605,3.2158149988390505,30.0
1029,34.300000000000615,track,1,320.41241961136853,242.25309453011548,320.3951487305362,242.23899866414138,1,0.022292975626500303,2.273600126950924,0.297251358982077,0.426977201653185,3.3529400006955257,30.0
1030,34.33333333333395,track,1,320.42862090462006,242.31585509454874,320.4100416472868,242.29995512160656,1,0.024453996454935026,2.336220818739937,0.2906707650318416,0.4344373794401044,3.2563570002821507,30.0
1031,34.36666666666728,track,1,320.4636520538488,242.33551950293406,320.46490345338225,242.3177818548305,1,0.017781736727259554,2.363947534855272,0.2838009564053816,0.4401089390618635,3.7721919998148223,30.0
1032,34.40000000000061,track,1,320.75163849603314,242.15729561917902,320.7632366689056,242.14875761086955,1,0.014401916534704207,2.280282763832585,0.3162325270276053,0.4355544709291068,3.614101999119157,30.0
1033,34.43333333333394,track,1,321.00823892893925,241.89701338825952,321.00615620428175,241.9006099397684,1,0.0041560708313214045,2.1505042317003484,0.3256575350603216,0.42593304152392664,3.1258420003723586,30.0
1034,34.46666666666727,track,1,321.3626763009796,241.53727506426736,321.33957041311646,241.5633466716621,1,0.034836916713299325,2.0587621784688825,0.34158966324773643,0.4098243734999758,3.111490999799571,30.0
1035,34.500000000000604,track,1,321.39074407648604,241.5093529167244,321.3703997711234,241.52132829523362,1,0.023607211845694403,2.0475437271456483,0.34219046065098263,0.40941483660993894,3.782449999562232,30.0
1036,34.533333333333935,track,1,321.49220968077003,241.42794820303303,321.4838364166078,241.40422386924433,1,0.02515860819774778,2.042942776048073,0.3472302874628123,0.40570766917160456,3.5823449998133583,30.0
1037,34.56666666666727,track,1,321.533041484261,241.33354179695644,321.56117993664407,241.31549590442728,1,0.033427933524053564,2.041522047185609,0.349912616895308,0.4006419858145155,3.5104990001855185,30.0
1038,34.6000000000006,track,1,321.63432370662787,241.23685850820695,321.6546659401404,241.22505389665093,1,0.023519254203010924,2.0588046102435924,0.35634244498372064,0.3947436121325897,3.4205430001748027,30.0
1039,34.63333333333393,track,1,321.7492635473042,241.15674453654862,321.76226940098854,241.11858584578067,1,0.04031423955851648,2.087301544109375,0.3642698172758879,0.38901560605497515,3.393651999431313,30.0
1040,34.66666666666726,track,1,322.01646203443306,240.83702585911243,322.0151358464461,240.83463130614996,1,0.002737272084898677,2.1811423375923313,0.3810435485461685,0.37003887675474423,3.701704999912181,30.0
1041,34.70000000000059,track,1,322.18220719166266,240.64303954724272,322.1737795892675,240.65770971128904,1,0.01691857545057759,2.2711010032668923,0.3939229951768892,0.3560700555972334,3.534200999638415,30.0
1042,34.733333333333924,track,1,322.1696902807478,240.65316962130095,322.1588478940437,240.6760685782607,1,0.02533613189272782,2.262231851983401,0.39843651813904996,0.351745396985647,3.3166209996124962,30.0
1043,34.766666666667255,track,1,322.045332783845,240.77580877807543,322.0434159587835,240.79745013569482,1,0.02172608059284306,2.193507579091252,0.39727351473674083,0.3531505149794326,3.232577000744641,30.0
1044,34.80000000000059,track,1,321.7741118488603,241.0199876788281,321.7843857119101,241.0515175542114,1,0.0331615033382324,2.071164294710484,0.3879915227684351,0.3613612043854162,3.898406999724102,30.0
1045,34.83333333333392,track,1,321.6048526863085,241.22876949740035,321.62814531689673,241.2142401357454,1,0.02745266817305948,2.031067768487249,0.3829485108012264,0.3687572936977879,3.6153130004095146,30.0
1046,34.86666666666725,track,1,321.5711013949615,241.26233603997503,321.5950812118508,241.24512786050445,1,0.029515302111563644,2.0235185843979417,0.3842150667226091,0.3679441654969919,3.2590519986115396,30.0
1047,34.90000000000058,track,1,321.4968883971788,241.36094592725763,321.492953052697,241.34113098589114,1,0.020201951330206653,2.006873473558949,0.38303146661341014,0.37091561994877037,3.3046060016204137,30.0
1048,34.93333333333391,track,1,321.24591872177837,241.5415074678708,321.2301746381163,241.56726870767443,1,0.030191350525921798,1.9924007735192324,0.3720326686440677,0.3788417127539334,3.6649269986810395,30.0
1049,34.966666666667244,track,1,321.03313772868484,241.7307559544356,321.0310929883549,241.74705733905876,1,0.01642912364214009,2.0286355258137596,0.3617705392569702,0.38823468190144184,3.683057000671397,30.0
1050,35.000000000000576,track,1,321.13712861001454,241.6343237066279,321.12896775686,241.65580582892528,1,0.02298001528741759,2.0040611615248727,0.3670437733262852,0.38363771942953484,11.624909999227384,30.0
1051,35.03333333333391,track,1,321.2460554667408,241.5245707930771,321.2321586191483,241.5542316720522,1,0.03275500136749973,1.9833937967916675,0.3727621634964532,0.3781891842669829,3.1471199999941746,30.0
1052,35.06666666666724,track,1,321.341524364848,241.4843815077051,321.32300503998204,241.46229557476852,1,0.028822800474115277,1.9719661974297276,0.3780789210348946,0.376108674043654,3.2661700006428873,30.0
1053,35.10000000000057,track,1,321.46272493573264,241.34600152852082,321.43557566862864,241.32592077046888,1,0.03376861780150681,1.9542117055015753,0.3850831655632531,0.3687718226177885,3.3738340007403167,30.0
1054,35.1333333333339,track,1,321.68471271520434,240.98340593237918,321.70273497530616,240.98426324433706,1,0.018042639578803733,1.9667436361365886,0.39790302689033163,0.34906334388780186,3.748523000467685,30.0
1055,35.16666666666723,track,1,321.9875164713226,240.5922047298703,321.9882651760663,240.6161972283362,1,0.02400417758286157,2.081561297336017,0.41597320005136973,0.32626264239890995,3.4866750011133263,30.0
1056,35.200000000000564,track,1,322.281787416258,240.22791629256164,322.2662019295324,240.21607861252176,1,0.01957135828708562,2.2764799916110774,0.4350046556832119,0.29113311510914963,3.2199159995798254,30.0
1057,35.233333333333896,track,1,322.3488613552987,240.20765556863017,322.3283117951373,240.19738694035743,1,0.022972356201097353,2.336663736954733,0.44349444025520723,0.28452200934885086,3.2073419988591922,30.0
1058,35.26666666666723,track,1,322.30694780504666,240.3110957483581,322.2902121892557,240.2960732752125,1,0.022489009211431252,2.3092707195369204,0.44671811512939624,0.277696764481248,3.9074490014172625,30.0
1059,35.30000000000056,track,1,322.2377146034614,240.4754292069229,322.2243586645609,240.4462634468175,1,0.03207838316437502,2.2686829951697915,0.44844049522587726,0.27085066735884206,3.2677260005584685,30.0
1060,35.33333333333389,track,1,322.3000208347802,240.45003125217028,322.28357436616807,240.42330141718992,1,0.03138423820784106,2.322476259429768,0.4568290070945795,0.26404608641838173,3.1545029996777885,30.0
1061,35.36666666666722,track,1,322.2081454242698,240.57954624297508,322.1942229664937,240.60220411212913,1,0.02659349290950803,2.275360239468414,0.4573035395723652,0.2877052704710007,3.329594999740948,30.0
1062,35.40000000000055,track,1,322.078832722495,240.68052001936243,322.07308203370076,240.697355291034,1,0.01779035676606297,2.1872296450958193,0.4553296684534551,0.2886366356937803,3.681584999867482,30.0
1063,35.433333333333884,track,1,322.0082924469629,240.7014719093359,322.0093188783262,240.7187778332791,1,0.017336336546999287,2.1340112296826117,0.45574884700404344,0.28604374314737746,3.987979000157793,30.0
1064,35.466666666667216,track,1,321.91726990692865,240.77249224405378,321.9222475628501,240.78549491864976,1,0.01392288063301494,2.0765447166164517,0.45457432986531654,0.28646364196604024,3.620511000917759,30.0
1065,35.50000000000055,track,1,321.8718037080433,240.78082569439658,321.88026284568014,240.79127685226115,1,0.01344558329971033,2.039977310111432,0.4551795326422349,0.28415188005924275,3.1662279998272425,30.0
1066,35.53333333333388,track,1,321.7599834471343,240.89654458928203,321.7739248193177,240.90042577645033,1,0.01447154007670822,1.989365688727821,0.4518418302933798,0.28780894114503497,3.47261100068863,30.0
1067,35.56666666666721,track,1,321.92497394928796,240.5415074678708,321.92995547538953,240.5671819605668,1,0.026153301464614077,2.0115723982443323,0.4623869169154765,0.26737526143632706,3.541539001162164,30.0
1068,35.60000000000054,track,1,322.0415253650772,240.3446605301405,322.0379210030776,240.3253055805701,1,0.019687699162069274,2.0637213318505143,0.4708584194441794,0.23596055280505426,3.2852310014277464,30.0
1069,35.63333333333387,track,1,322.0540353307932,240.3740907516453,322.0521908276726,240.35119860303905,1,0.022966337530667517,2.0820248922527393,0.47420659615782335,0.23097159032609632,3.096609998465283,30.0
1070,35.666666666667204,track,1,322.08309673845304,240.36147081227062,322.08034041598876,240.33928572557136,1,0.022355656675237093,2.107826143203647,0.4783919839227774,0.22599610497862116,3.17052100035653,30.0
1071,35.700000000000536,track,1,322.09145707753066,240.3782997297859,322.0847075165666,240.35696542497374,1,0.022376530897936436,2.1150484023435356,0.48152585672227166,0.22108434556481676,3.706835999764735,30.0
1072,35.73333333333387,track,1,322.1570889117748,240.31719876416065,322.1173999445364,240.30188600088763,1,0.042540508218728824,2.1388122130412865,0.4876416739142304,0.2162359849477492,3.671806998681859,30.0
1073,35.7666666666672,track,1,322.0231900062116,240.49223548899164,322.01629015964613,240.48262464303218,1,0.01183115559375774,2.0732468627608647,0.48344399448948006,0.21155899441082535,3.392222999536898,30.0
1074,35.80000000000053,track,1,322.10017247326664,240.34770610555364,322.09749937026754,240.3312578015291,1,0.016664098683331446,2.1234960182083276,0.4897332477636062,0.20698540690860387,3.2853990014700685,30.0
1075,35.83333333333386,track,1,322.13035407356483,240.24338260570642,322.1352273823568,240.23092554412585,1,0.013376379248649118,2.147678416638777,0.4937866057779233,0.2024772770225698,3.3612979987083236,30.0
1076,35.86666666666719,track,1,322.0619706672175,240.3387729807891,322.08196545883084,240.32151751087486,1,0.026411038101926323,2.1066451247336033,0.49270726676929544,0.1980968436808933,3.3217050004168414,30.0
1077,35.900000000000524,track,1,322.12416362005933,240.24418845278333,322.11784982383756,240.23077120672633,1,0.014828570884756882,2.1303856989246595,0.4981647175189604,0.1938028844281229,3.2278880007652333,30.0
1078,35.933333333333856,track,1,322.22750775594625,239.84694932781798,322.2172486316347,239.85344327270252,1,0.012141703002617155,2.2220869399737686,0.5059894522666947,0.1894182031268498,3.403626000363147,30.0
1079,35.96666666666719,track,1,322.29943855271364,239.4890829694323,322.28044832224623,239.47581283579154,1,0.02316733260539347,2.3399181040276913,0.512564215860443,0.15810632375973369,4.128539998419001,30.0
1080,36.00000000000052,track,1,322.3236738363649,239.29462618438342,322.3054690986264,239.27862158318806,1,0.024239631506051094,2.4156933963074483,0.5169280764988752,0.14130452203882227,11.668884000755497,30.0
1081,36.03333333333385,track,1,322.3909336660428,238.8045331669786,322.3668294700467,238.81638361178807,1,0.02685973393022496,2.6462859812811956,0.52367128172421,0.1079523366966351,4.164253999988432,30.0
1082,36.06666666666718,track,1,322.3993621299314,238.6463981141233,322.37487651015,238.6677183897291,1,0.03246690203863072,2.7230520978358532,0.5275989205715916,0.08988067341168965,3.490787999908207,30.0
1083,36.10000000000051,track,1,322.36567629337213,238.7049657178475,322.3438414023565,238.72095064303596,1,0.027060678094726138,2.6701235508774652,0.5293413407509987,0.08238534127474419,3.625121000368381,30.0
1084,36.133333333333844,track,1,322.3362623676745,238.72600844115408,322.3161852261055,238.74304966034867,1,0.02633428877376589,2.635268137776315,0.5311428214604251,0.07308132301322302,3.7642809984390624,30.0
1085,36.166666666667176,track,1,322.29015544041454,238.84248704663213,322.2730197493604,238.84919651649352,1,0.01840241543177757,2.547737709936615,0.5318868307620047,0.06896375009946423,4.338387001553201,30.0
1086,36.20000000000051,track,1,322.2400165528657,238.9544796192841,322.22925481091806,238.95796645449093,1,0.011312520033459476,2.460774455728834,0.5321486158429282,0.06527826454348658,3.772485000808956,30.0
1087,36.23333333333384,track,1,322.2108454489079,238.98759732653483,322.19882940158004,238.9900727880605,1,0.012268386330327872,2.419670165677284,0.533210190020012,0.058190078005757206,3.2273540000460343,30.0
1088,36.26666666666717,track,1,322.15286097913656,239.19004337946706,322.14359706194114,239.18145958993284,1,0.012629394465744948,2.294562434730331,0.5325236258034425,0.06052504011819798,3.2269189996441128,30.0
1089,36.3000000000005,track,1,322.0833738622942,239.46272493573264,322.0772102402416,239.4367153635411,1,0.026729909883754826,2.1522295332596664,0.530875745411604,0.06782290152760279,3.8547889998881146,30.0
1090,36.33333333333383,track,1,322.02495321272613,239.60906633395717,322.0241231375635,239.630964057283,1,0.0219134504729369,2.057489247368478,0.5293989179725546,0.09053626076188355,3.962576000049012,30.0
1091,36.366666666667165,track,1,321.8887439049516,240.02884417279034,321.8946348628085,240.02576526401265,1,0.006647034205835195,1.8948100464687974,0.5234475192280106,0.08782609253414475,3.658837000330095,30.0
1092,36.400000000000496,track,1,321.8426175191551,240.26506523089665,321.8501479725194,240.25053146143534,1,0.016368817386295597,1.8670333509036476,0.5215417931051722,0.08590771358074444,3.621570998802781,30.0
1093,36.43333333333383,track,1,321.8592423928793,240.25253570689298,321.8667149614155,240.23764816368032,1,0.01665767761234414,1.8817814423766204,0.5226163162397125,0.0846187159621448,4.0032690012594685,30.0
1094,36.46666666666716,track,1,321.8632313324584,240.2859708503143,321.8707778119226,240.27229451353537,1,0.015620228551293153,1.8904903923806131,0.5229933118003374,0.08384159852000851,3.971399999500136,30.0
1095,36.50000000000049,track,1,321.8586768271562,240.3740907516453,321.86514726224004,240.35332033242162,1,0.02175492691096549,1.8983175622492805,0.5228778358218157,0.08349910178989871,3.6931270005879924,30.0
1096,36.53333333333382,track,1,321.7558115472167,240.78064427122854,321.76882830354134,240.790578984528,1,0.016374812168621623,1.937464502432562,0.5175273974528559,0.12448967657043557,3.1180430014501326,30.0
1097,36.56666666666715,track,1,321.7014719093359,240.9543915417041,321.71748660950084,240.95739054206615,1,0.016293085175749313,1.9663053943506341,0.514280188919582,0.13697205778210567,3.095255999141955,30.0
1098,36.600000000000485,track,1,321.5795462429751,241.29972941094846,321.6040731872324,241.2823152103631,1,0.030080315434342534,2.0536268134026954,0.5072074026767265,0.15957570081586586,3.182165000907844,30.0
1099,36.633333333333816,track,1,321.50155418940386,241.52130966360434,321.50361024241033,241.5464181396029,1,0.02519251716156808,2.1569081629902955,0.5019062583787688,0.1773915260975376,3.1460539994441206,30.0
1100,36.66666666666715,track,1,321.3320650294016,241.95019024558977,321.31534374135595,241.95488257475392,1,0.017367193984341507,2.356203522406498,0.4914119381004449,0.20732562450146008,3.62579299871868,30.0
1101,36.70000000000048,track,1,321.29015544041454,242.02487046632126,321.27350333894447,242.02235380523496,1,0.016841201453366997,2.3899216865518857,0.4868928329069763,0.22058716882206136,3.496542998618679,30.0
1102,36.73333333333381,track,1,321.327868852459,241.88794355675452,321.308983678304,241.8942586995871,1,0.019913081927737795,2.3025321476643352,0.4863595296100245,0.22314384047165556,3.215053000531043,30.0
1103,36.76666666666714,track,1,321.45287722456897,241.50779031922997,321.428806871246,241.51864534202912,1,0.026404799356579852,2.085131350823393,0.4906042261667204,0.21224966238566195,3.4494020001147874,30.0
1104,36.80000000000047,track,1,321.9835289273214,241.09059089973235,321.9831241642639,241.08449572863617,1,0.006108595896306509,2.2602903433668864,0.47761329070849534,0.19752876898475502,3.5875110006600153,30.0
1105,36.833333333333805,track,1,319.1568195886925,240.03301465025106,319.14979083093067,240.0310089607175,1,0.007309324604871734,0.8507744629538078,0.29178948474458044,0.1450402375203954,3.606752999985474,30.0
1106,36.866666666667136,track,1,316.3362623676745,239.1411471666782,316.3191837884144,239.13319699935244,1,0.018838339365536572,3.781501742086448,0.10982110329347877,0.0993741405686654,3.4507680011302,30.0
1107,36.90000000000047,track,1,313.49533033552405,238.45658941542717,313.49106116561165,238.43144533661211,1,0.025503931289093975,6.695270605572608,-0.07132693184391234,0.05817603533738963,3.1802039993635844,30.0
1108,36.9333333333338,track,1,311.05787914283746,237.7891545510921,311.05617768724846,237.80195738811437,1,0.01291540115288664,9.209959222805344,-0.23606942754922244,0.013822249365490522,3.394245999515988,30.0
1109,36.96666666666713,track,1,309.50155504872487,237.39809247356416,309.5036677640835,237.37755086498885,1,0.020649969710584012,10.818975453917092,-0.36683340863489927,-0.019935856029401566,3.705885999806924,30.0
1110,37.00000000000046,track,1,308.60605432303544,237.49844495127513,308.62681660415797,237.49841916744344,1,0.020762297132468483,11.645050760613767,-0.4713599558800263,-0.030457908403446546,11.987203999524354,30.0
1111,37.03333333333379,track,1,308.327868852459,237.70118281801203,308.3079515505733,237.7166103465877,1,0.025193402953129333,11.91292849189701,-0.548595975819006,-0.03590869428731171,4.2950019997078925,30.0
1112,37.066666666667125,track,1,308.42467559503154,237.8501144958712,308.4008681845453,237.86023295774476,1,0.025868437617061323,11.79484895483683,-0.607950715530283,-0.04371858614126925,3.6456189991440624,30.0
1113,37.100000000000456,track,1,308.80995662053294,237.85953315430697,308.8188750122076,237.86854451074555,1,0.012678416893530192,11.382471545991578,-0.6515400178415912,-0.058315724267929886,3.8333170014084317,30.0
1114,37.13333333333379,track,1,309.48751733703193,237.9126213592233,309.4725431184454,237.9177589349565,1,0.01583104250173449,10.731406070312723,-0.6771021381356392,-0.07040458266815558,3.872252998917247,30.0
1115,37.16666666666712,track,1,310.2692440455644,238.16983085950983,310.2534865477671,238.16148899842494,1,0.017829340514736582,9.918399426191149,-0.6925888637040489,-0.07119226486406655,4.101507000086713,30.0
1116,37.20000000000045,track,1,311.1526717557252,238.11553538271096,311.14695759644906,238.11002587588086,1,0.007937649635992427,9.052533456934084,-0.6970617773486313,-0.08686396879048637,3.509293999741203,30.0
1117,37.23333333333378,track,1,312.0619536036346,238.18173057066153,312.0599539508223,238.1712757048506,1,0.010644380230642736,8.147917759202766,-0.6935765703115632,-0.09582251936153201,3.2869480000954354,30.0
1118,37.26666666666711,track,1,312.93328236847594,238.47119327263883,312.93597374275146,238.44121332957218,1,0.030100506337443114,7.233967296511667,-0.6850326448010022,-0.0921063001725144,3.2528489991818788,30.0
1119,37.300000000000445,track,1,313.7432889379615,238.80125595197018,313.75864122746384,238.81360699051606,1,0.019703830747492317,6.3531163770598775,-0.6726100015295978,-0.08432227439245082,3.2529389991395874,30.0
1120,37.333333333333776,track,1,314.51091703056767,238.97504678727387,314.527041825688,238.977236658587,1,0.016272816413910218,5.567702940199557,-0.655526718945228,-0.08257705183260308,3.1278319984267,30.0
1121,37.36666666666711,track,1,315.2108454489079,239.19017432646592,315.1998813514906,239.17945002029137,1,0.015336954557580156,4.8697475611131535,-0.6354380604963671,-0.07707557767020654,3.2467099990753923,30.0
1122,37.40000000000044,track,1,315.75070978464095,239.36147081227062,315.76652223862334,239.34142151024673,1,0.025534451484034375,4.2843972251924125,-0.6176560427367356,-0.07214750997936803,3.451739001320675,30.0
1123,37.43333333333377,track,1,316.24598707525536,239.533041484261,316.2321710191152,239.56107011013887,1,0.03124879639075005,3.7933091987615515,-0.5970666706961023,-0.04127706606029163,4.172028999164468,30.0
1124,37.4666666666671,track,1,316.5664559160703,239.53727506426736,316.5914818093959,239.56465100628895,1,0.03709093606680765,3.4362079392848814,-0.5810607185973163,-0.040758104404268046,3.8666640011797426,30.0
1125,37.50000000000043,track,1,316.86315571221235,239.49844495127513,316.87143067124134,239.49780577520755,1,0.008299608001400578,3.168618797562163,-0.5628165190579204,-0.06581639666680698,3.754319999643485,30.0
1126,37.533333333333765,track,1,317.09953687703046,239.306905370844,317.0951315235618,239.29154330774247,1,0.015981242815215596,2.990011998338609,-0.5447914007783038,-0.07603621870339289,3.540407999025774,30.0
1127,37.566666666667096,track,1,317.20344612829564,239.34046086776002,317.19230208094996,239.32189059055452,1,0.021657446449935436,2.88842517227233,-0.5314497587959497,-0.07488324357268974,3.825388999757706,30.0
1128,37.60000000000043,track,1,317.2734240143617,239.1201408547953,317.258999645072,239.11496093345932,1,0.01532625245952088,2.88034322521097,-0.5185609292024755,-0.08679425020368545,3.3093400015786756,30.0
1129,37.63333333333376,track,1,317.2567110620385,239.02898350700434,317.24500625897986,239.02894252993576,1,0.011704874786254862,2.9211201829482687,-0.5094504058312777,-0.09271700788723919,3.2669599986547837,30.0
1130,37.66666666666709,track,1,317.22750775594625,238.81385729058945,317.21675000822984,238.82274217069096,1,0.013952427399849374,3.0219888340889094,-0.5009311596432615,-0.10556909782224422,3.304707999632228,30.0
1131,37.70000000000042,track,1,317.18862728899904,238.49690210656752,317.198601372987,238.49535423958423,1,0.010093475298282145,3.1799045790349423,-0.493237501062518,-0.12477885504576074,3.970083998865448,30.0
1132,37.73333333333375,track,1,317.21098961556976,238.0949040643697,317.2059200641356,238.09024680805624,1,0.0068840677010488195,3.384381766606608,-0.48293996262924516,-0.14998905176770871,3.4826880000764504,30.0
1133,37.766666666667085,track,1,317.10348367668195,237.96304154404217,317.103725164151,237.96457247916533,1,0.001549864042109659,3.5399679542819777,-0.48006710880977665,-0.1629228811529147,3.211717001249781,30.0
1134,37.800000000000416,track,1,316.9540952250837,238.00409864061754,316.9544994502005,238.0052829793367,1,0.0012514216502698258,3.640600169114006,-0.4807035819646953,-0.1676129033604452,3.1154489988693967,30.0
1135,37.83333333333375,track,1,316.80562237954496,238.0783559007492,316.80748659910137,238.07488277391315,1,0.003941817420141883,3.728031403984374,-0.4829351563274279,-0.17062498557437378,3.2758520010247594,30.0
1136,37.86666666666708,track,1,316.64839710444676,238.2854188210962,316.6413340858642,238.27054810762104,1,0.01646281721813962,3.777782493848874,-0.48738859385875843,-0.16645036765864932,3.905696999936481,30.0
1137,37.90000000000041,track,1,316.4828113063407,238.58747135217723,316.4603281325599,238.61322554131448,1,0.03418729824620914,3.8016339024700354,-0.49413978948744963,-0.15640368124718684,3.254282999478164,30.0
1138,37.93333333333374,track,1,316.3110957483581,239.01659177324575,316.2957186401802,239.0141854325118,1,0.015564251721274892,3.8332141544897143,-0.5031284338789965,-0.13825623443228865,3.1426079985976685,30.0
1139,37.966666666667074,track,1,316.166193476906,239.49220968077003,316.15841103009325,239.48385978393787,1,0.011414344286959867,3.8761071368508224,-0.5126293263868825,-0.11558687841833923,3.415983999730088,30.0
1140,38.000000000000405,track,1,316.0869985500242,239.72657598563833,316.08205085172426,239.74042905077033,1,0.01471010305941024,3.9265382471279424,-0.5204506627076312,-0.08895211858644159,11.916745999769773,30.0
1141,38.03333333333374,track,1,316.0453577073741,239.8680503058209,316.04483252844693,239.87563411334554,1,0.00760197010493328,3.9571222626796407,-0.5277295079644744,-0.08651235500890254,3.158072999212891,30.0
1142,38.06666666666707,track,1,316.05761712051583,239.9259208450511,316.05566329543853,239.9285056411486,1,0.0032401548262828866,3.9449845984868395,-0.5333325911402114,-0.08361051368575607,3.2001689996832283,30.0
1143,38.1000000000004,track,1,316.0784745646038,240.18173057066153,316.07388235276244,240.17380382246142,1,0.009160881323542428,3.929962792273281,-0.5392875793448277,-0.08028330631280246,3.2737950004957383,30.0
1144,38.13333333333373,track,1,316.1330653544944,240.38672118649941,316.1265763889646,240.36620728342166,1,0.021515735942106734,3.8906963701832886,-0.5440874493236438,-0.07658898195251994,3.211749000911368,30.0
1145,38.16666666666706,track,1,316.21683230245327,240.52880672736117,316.20341238908463,240.55706360049146,1,0.031281703181299886,3.8372382441475485,-0.5476904224595709,-0.044959040065074715,3.908119000698207,30.0
1146,38.200000000000394,track,1,316.35306334371757,240.33229491173415,316.33258289514924,240.31375217001664,1,0.027627559500650024,3.6808135846769057,-0.5486033283883429,-0.06670149568452002,3.428095998970093,30.0
1147,38.233333333333725,track,1,316.5140498161382,239.88760147089434,316.53296762386685,239.89526533494495,1,0.020411228807807318,3.468613966301187,-0.5479211524060226,-0.06288883926766217,3.1393820008815965,30.0
1148,38.26666666666706,track,1,316.6301170603311,239.80466855995013,316.6523494173068,239.81627026004992,1,0.025077422951769717,3.352688628719955,-0.549074700109865,-0.059422442963743945,3.4530279990576673,30.0
1149,38.30000000000039,track,1,316.85466122222994,239.3446605301405,316.86455926222493,239.3269037115018,1,0.020329186011969154,3.2068749950207773,-0.5440468943755598,-0.09078643208147011,3.468909999355674,30.0
1150,38.33333333333372,track,1,317.086508753862,238.89701338825952,317.0823858244198,238.90267805992107,1,0.007006215256358426,3.1171441926425247,-0.5376192424488082,-0.11433476003391566,3.996272000222234,30.0
1151,38.36666666666705,track,1,317.291686922703,238.54996874782972,317.27555433093994,238.57609573763602,1,0.03070635297998472,3.0741027230784623,-0.531444450861892,-0.13504783671150958,3.6999210005888017,30.0
1152,38.40000000000038,track,1,317.5415074678708,238.05001736714138,317.56745006969754,238.04591080368903,1,0.0262656135075566,3.120218542114279,-0.5217922300334552,-0.16594356656623346,3.7986920015100623,30.0
1153,38.433333333333714,track,1,317.82116864212935,237.60906633395717,317.8328613844749,237.63091649995397,1,0.024782049504560588,3.210770376263379,-0.509206723491852,-0.19649757896445175,3.5138419989380054,30.0
1154,38.466666666667045,track,1,317.9167880174745,237.5964218847514,317.92107518487705,237.6188420602614,1,0.022826389864269363,3.160987428148713,-0.5047995551539689,-0.20698628917636044,3.6234520011930726,30.0
1155,38.50000000000038,track,1,318.04166956038614,237.51718869365928,318.0380424273353,237.54140410089917,1,0.02448554761409832,3.145468377207395,-0.4980916707231243,-0.22160434554435168,3.3462510000390466,30.0
1156,38.53333333333371,track,1,318.19576535925023,237.4373481430059,318.1837192359101,237.4104343296449,1,0.029486648455822974,3.163024845789993,-0.4890070975818451,-0.2369563062114881,3.404248998776893,30.0
1157,38.56666666666704,track,1,318.3075005194265,237.36567629337213,318.2893333041184,237.34542254280177,1,0.02720775852986124,3.158031352071031,-0.4812274640569686,-0.2524319034903356,3.5864910005329875,30.0
1158,38.60000000000037,track,1,318.4288986050385,237.28732042473453,318.40501433794975,237.2700944417686,1,0.029448135824014524,3.161702645570663,-0.4722211493231167,-0.2686468906687097,3.723496000020532,30.0
1159,38.6333333333337,track,1,318.41275797373356,237.466958515739,318.38850182664214,237.43740384980435,1,0.03823400254001226,3.027181096619966,-0.4697608105847507,-0.27154891840842804,3.4916599997814046,30.0
1160,38.666666666667034,track,1,318.37424630951557,237.61327881350059,318.3510699507858,237.63593291604957,1,0.03240913399445019,2.8823225851072594,-0.46841490207915765,-0.27527992020645625,3.2204489998548524,30.0
1161,38.700000000000365,track,1,318.2441884527833,238.01655514934123,318.23321860732017,238.01598122915448,1,0.010984848377008718,2.656660868945652,-0.4720179842781007,-0.2645038953692955,3.3311639999737963,30.0
1162,38.7333333333337,track,1,318.14539915530014,238.35726649588037,318.13539495250166,238.3366090285723,1,0.022952451485999437,2.4987239757491215,-0.47456746902940017,-0.2548402335055945,3.918737000276451,30.0
1163,38.76666666666703,track,1,318.01659865827514,238.6763261636351,318.0160060018052,238.69422026699078,1,0.017903915119182153,2.3751406055243733,-0.479249511594277,-0.24423187868448726,6.41036399974837,30.0
1164,38.80000000000036,track,1,317.79191232572657,239.41201359506138,317.80465737481745,239.38886449229767,1,0.02642569270792737,2.2788189596187722,-0.48972523688994485,-0.20955905102725741,8.39985599850479,30.0
1165,38.83333333333369,track,1,317.6679349705984,239.7301971636112,317.6875147704932,239.74475211903712,1,0.024397034478995494,2.326529479164889,-0.4960886409360016,-0.1788579016895456,5.117220000101952,30.0
1166,38.86666666666702,track,1,317.533041484261,240.11673962893474,317.5616878278497,240.11058938656868,1,0.029299120842854843,2.4408187686261966,-0.5038465449031672,-0.1756494502135869,3.9843550002842676,30.0
1167,38.900000000000354,track,1,317.49065743944635,240.48166089965397,317.4775968850513,240.45761834573068,1,0.0273609663619668,2.5635779731953146,-0.5075862180170735,-0.17131999708704448,6.95612399977108,30.0
1168,38.933333333333685,track,1,317.47966631908236,240.599582898853,317.4520680146902,240.62274472329182,1,0.03602966162284288,2.6229312595171987,-0.5101160879341353,-0.13475075972322154,6.124972000179696,30.0
1169,38.96666666666702,track,1,317.47775867995875,240.37538673083534,317.51593350474855,240.35681509425285,1,0.042452596305567594,2.509562385022041,-0.51242565752105,-0.15822661935195756,5.858905000422965,30.0
1170,39.00000000000035,track,1,317.53216536250955,240.3116127691988,317.56421805570835,240.29492008213742,1,0.03613891175209883,2.4535711799304183,-0.5119261514632132,-0.1521297043734196,18.818014001226402,30.0
1171,39.03333333333368,track,1,317.60107816711593,240.18245905038359,317.6188720693558,240.1741616425453,1,0.01963338823934863,2.387488743392939,-0.510523744310943,-0.14596824075662201,5.3776979984832,30.0
1172,39.06666666666701,track,1,317.7786800633129,239.72747918243755,317.7796960443934,239.74266267022278,1,0.015217441272447552,2.2351671428730255,-0.5031218068313393,-0.14006585978938282,5.066886000349768,30.0
1173,39.10000000000034,track,1,317.85906735751297,239.43937823834196,317.8412705830772,239.41532129235952,1,0.02992426825037564,2.2365066256678285,-0.5000519338596238,-0.16391427371558687,6.359678998705931,30.0
1174,39.133333333333674,track,1,317.8127210931539,239.41201359506138,317.8224327041755,239.38711434521463,1,0.026726167543551296,2.262173325297159,-0.5032179431595094,-0.16232100882440972,4.949628999384004,30.0
1175,39.166666666667005,track,1,317.82995783507295,239.306905370844,317.84089135313525,239.29179647147942,1,0.018649950595848896,2.2722901194115037,-0.5031130503163297,-0.16542352161714435,5.073416001323494,30.0
1176,39.20000000000034,track,1,317.8552622510166,239.21917430560342,317.86084055614424,239.2073586972408,1,0.013066219387246936,2.2812898459154805,-0.5024183544286845,-0.1685177879568688,7.428594000884914,30.0
1177,39.23333333333367,track,1,317.95885055894655,238.93004595020918,317.96142016664726,238.932828102396,1,0.0037872489390302893,2.3010136018694483,-0.4973951997673862,-0.18306762632651005,5.989522000163561,30.0
1178,39.266666666667,track,1,318.08732413888697,238.61327881350059,318.0837093203586,238.6346605487637,1,0.021685145050347663,2.3529389677556,-0.4905179308560821,-0.2007683297167274,7.661219000510755,30.0
1179,39.30000000000033,track,1,318.128987517337,238.5124826629681,318.12147233751944,238.53070002356253,1,0.019706601805438585,2.384891737472341,-0.4875453043118999,-0.20893254567646813,5.663693998940289,30.0
1180,39.33333333333366,track,1,318.2651018294788,238.2692440455644,318.25254413346283,238.25541053813504,1,0.018683191831891415,2.469249763783614,-0.47927040698866036,-0.2255523112354868,6.06770400008827,30.0
1181,39.366666666666994,track,1,318.4906470832756,237.84203962865456,318.47653019538734,237.849325080124,1,0.015885978936238464,2.6355953514434187,-0.46556264323605373,-0.2533662440953644,6.995562000156497,30.0
1182,39.400000000000325,track,1,318.704289879217,237.4843815077051,318.7230867091191,237.46104427091757,1,0.0299657710604323,2.841971806100256,-0.4513669267153901,-0.27977054406828905,5.413062001025537,30.0
1183,39.43333333333366,track,1,318.8550224370038,237.2692440455644,318.86094745686137,237.256843904486,1,0.013742974899066038,2.970243434532964,-0.43939643874822104,-0.30062793432800405,6.482861001131823,30.0
1184,39.46666666666699,track,1,318.879958606416,237.2483615039669,318.8844957618628,237.2335876193381,1,0.015454884230352867,2.9828488337797983,-0.4332379446114527,-0.3125464662716119,5.116247999467305,30.0
1185,39.50000000000032,track,1,318.82554517133957,237.35306334371757,318.83573003872016,237.33169364971525,1,0.02367267085296494,2.9112511608771405,-0.4310214874451654,-0.31819377504353713,4.059050999785541,30.0
1186,39.53333333333365,track,1,318.6956008061714,237.52880672736117,318.71233931080747,237.55874051535875,1,0.03429590648073856,2.7600394783123403,-0.43296991150815783,-0.3197301044888259,5.6542779984738445,30.0
1187,39.56666666666698,track,1,318.45426130443843,238.13336111689935,318.42736285993806,238.12459636720382,1,0.02829040745137933,2.447514322778788,-0.4413984316300925,-0.2977842961375107,3.974905999712064,30.0
1188,39.600000000000314,track,1,318.14523825990733,238.6763261636351,318.13717079437447,238.69525031223463,1,0.02057200525813565,2.2743140497862786,-0.4545791848326077,-0.2761976302042733,5.6523309995100135,30.0
1189,39.633333333333645,track,1,317.8757678238664,239.2608875698806,317.88158249512026,239.24889101441374,1,0.013331456966876699,2.24763374089493,-0.46726384861420905,-0.24951541507664082,5.10305299940228,30.0
1190,39.66666666666698,track,1,317.73862536302033,239.50311160282118,317.7518601989275,239.50541333727108,1,0.013433497793471309,2.301901069141696,-0.47447915519071443,-0.21167042901785205,4.605019999871729,30.0
1191,39.70000000000031,track,1,317.5093529167244,240.0041568518775,317.52006106897215,240.00410430803618,1,0.010708281160663871,2.479942327347955,-0.48753206302309693,-0.2087339399658899,4.381619999549002,30.0
1192,39.73333333333364,track,1,317.37735849056605,240.49844495127513,317.3551648027335,240.49914427557223,1,0.02220470297215027,2.691523402933043,-0.4968007081230297,-0.20463238298627182,5.385472999478225,30.0
1193,39.76666666666697,track,1,317.252535706893,240.97516042227284,317.23850122153,240.97770161082633,1,0.014262693247399642,2.9294668360136416,-0.5066061177529892,-0.1484400112800141,5.609279998679995,30.0
1194,39.8000000000003,track,1,317.17361350327246,241.20668274199105,317.1654985738951,241.19693343026904,1,0.012684682016216111,3.0768568330499826,-0.5148215217745001,-0.12674869742778214,4.172382999968249,30.0
1195,39.833333333333634,track,1,317.11661807580174,241.4843815077051,317.1079872428643,241.46097851013246,1,0.024943768211309586,3.2400919731551765,-0.5224558414657051,-0.10097039399971401,3.8487820002046647,30.0
1196,39.866666666666966,track,1,317.0957601831934,241.57532440496843,317.0895813957027,241.5986541807199,1,0.024134122140031404,3.3205770043432494,-0.5285943844984459,-0.08336062240948967,5.238358000497101,30.0
1197,39.9000000000003,track,1,317.09527096996896,241.7307559544356,317.091147361456,241.74510829434973,1,0.014932977204114802,3.392171374175027,-0.5338402927172707,-0.0616230532849209,4.748954001115635,30.0
1198,39.93333333333363,track,1,317.13693893076976,241.6763261636351,317.1306447471982,241.69314071338044,1,0.017953992034394305,3.331655000459661,-0.5368805811019283,-0.050147495874913336,4.567714999211603,30.0
1199,39.96666666666696,track,1,317.1815805763808,241.6698534974895,317.1717244142087,241.71060601278248,1,0.04192745443580692,3.305346535561835,-0.5395289596579541,-0.036396698651066095,5.416467000031844,30.0
1200,40.00000000000029,track,1,317.2354236938115,241.64479933916155,317.22431100660947,241.68629319060824,1,0.042956158170053,3.2477737163664986,-0.5413732305454846,-0.023870042514246376,16.135668000060832,30.0
1201,40.03333333333362,track,1,317.29288415262977,241.68649020281885,317.27969453980154,241.72476564304463,1,0.04048425880557135,3.2210057932597276,-0.5426129103612211,-0.008286988321335675,4.7871240003587445,30.0
1202,40.066666666666954,track,1,317.3965030632615,241.29269635850486,317.3775577825536,241.31096991479035,1,0.026321977897188396,2.931867203904473,-0.5409433361151667,-0.015971041566205955,4.097524000826525,30.0
1203,40.100000000000286,track,1,317.51395685436626,240.58866910193672,317.53265272016665,240.63771213116604,1,0.05248575153329468,2.548426840530713,-0.5378387050630175,-0.04228501756277303,4.14820699916163,30.0
1204,40.13333333333362,track,1,317.6728552695148,240.03368072330733,317.69077333373593,240.0375402656913,1,0.018329023237650434,2.309531785391409,-0.5317491608756224,-0.06631088239700599,5.32041899896285,30.0
1205,40.16666666666695,track,1,317.7564164315695,239.72173673708113,317.7677539636761,239.7465165321429,1,0.02725028215581,2.246592138141805,-0.5286341024873052,-0.06294706638844759,4.367903999082046,30.0
1206,40.20000000000028,track,1,317.8456140350877,239.30381836945304,317.864455080125,239.2981505263524,1,0.019675096531206842,2.2479201027757236,-0.5245310859231641,-0.09733344990102286,3.707818999828305,30.0
1207,40.23333333333361,track,1,317.8937786599138,239.16590240229965,317.9044159681878,239.1662932506572,1,0.010644486354666633,2.255335757328856,-0.5218995370628936,-0.10617248733553356,5.6248819983011344,30.0
1208,40.26666666666694,track,1,317.91068624103787,239.13192215773302,317.91937159891313,239.12993711348463,1,0.008909312099678712,2.255221490209057,-0.520428005951594,-0.11108031815905105,5.015820001062821,30.0
1209,40.300000000000274,track,1,317.8783028630562,239.44725767506037,317.8774079044092,239.42399948693605,1,0.023275400443513783,2.199357586959071,-0.5212480634246424,-0.09848829143588879,4.581868999594008,30.0
1210,40.333333333333606,track,1,317.8343309253526,239.66646026831785,317.83646016652915,239.6845253848677,1,0.018190165033541275,2.1864191830040154,-0.5226385444393126,-0.0727371970132614,5.502164000063203,30.0
1211,40.36666666666694,track,1,317.85312521488004,239.5956817712989,317.82606076387015,239.6251707165825,1,0.04002602156604298,2.206016499052566,-0.5207913283145241,-0.07418650074045581,4.557182999633369,30.0
1212,40.40000000000027,track,1,317.79644118257977,239.54303122619956,317.8065158477368,239.56914983809895,1,0.0279942988048944,2.2353980827226025,-0.5227814840993072,-0.07578189647591928,4.118656001082854,30.0
1213,40.4333333333336,track,1,317.7565839235371,239.75245822732586,317.7689054288271,239.7665481357127,1,0.018717505468438502,2.2432750073177288,-0.5240944299795658,-0.07735485087137532,4.945996999595081,30.0
1214,40.46666666666693,track,1,317.7562151366986,239.70993733213965,317.7680996718718,239.72052724419234,1,0.015918178713901845,2.2493296992520664,-0.5235089546880789,-0.07888448053553943,5.232894000073429,30.0
1215,40.50000000000026,track,1,317.71497418244405,240.04874354561102,317.72856913955115,240.0415340848084,1,0.015388280729450315,2.271810562965199,-0.5251231844481239,-0.0801685248255316,3.7474630007636733,30.0
1216,40.533333333333594,track,1,317.6982847695805,240.18433560653028,317.71185195256544,240.16879876799612,1,0.020626725522580595,2.2943658189259186,-0.525674644558673,-0.0811434654123515,3.728363999471185,30.0
1217,40.566666666666926,track,1,317.66775109019176,240.45518100643733,317.6876236758835,240.4249973947584,1,0.0361382079807535,2.3511076219275675,-0.5271035658696481,-0.08169896559530966,6.315156999335159,30.0
1218,40.60000000000026,track,1,317.6846691100201,240.42569670147293,317.7037416719945,240.3968415454932,1,0.034588764749311635,2.3302973031705525,-0.5262437053103967,-0.08189548398617073,4.4431559999793535,30.0
1219,40.63333333333359,track,1,317.6884303814997,240.46693900159246,317.7057263931556,240.4314666463813,1,0.03946441439358296,2.3344924180648627,-0.5260936404180684,-0.08175449130700209,4.631122001228505,30.0
1220,40.66666666666692,track,1,317.69678089304256,240.46272066458982,317.712638509473,240.42723945544105,1,0.03886361024806127,2.326919882727283,-0.5257632303577802,-0.08132155858525081,6.068896000215318,30.0
1221,40.70000000000025,track,1,317.7051290925452,240.42306361182253,317.72238076927715,240.39243856734197,1,0.03514987481486527,2.3111809512229797,-0.5254698109375255,-0.08065611058822648,3.9223519997904077,30.0
1222,40.73333333333358,track,1,317.71387103462575,240.37680558435275,317.7313475146484,240.34940461775784,1,0.032499851143006006,2.295401421582393,-0.5251862648143765,-0.07981399911599031,3.512266999678104,30.0
1223,40.766666666666914,track,1,317.68122541916784,240.73035258400608,317.6992799289119,240.73579621800036,1,0.01885731882218483,2.4155142143923105,-0.527109346118269,-0.04046739474216949,4.8842239993973635,30.0
1224,40.800000000000246,track,1,317.68941955966596,240.5502795223963,317.7057752587291,240.55021245553667,1,0.016355836567024447,2.3592797438386275,-0.5270764585557741,-0.045967714353242,5.087171000923263,30.0
1225,40.83333333333358,track,1,317.66811864758347,240.62608034294408,317.6879051828912,240.63773263887822,1,0.022962643140998853,2.3984339394679925,-0.5286285427802354,-0.03851250763610645,3.6772539988305653,30.0
1226,40.86666666666691,track,1,317.6814452182307,240.5129973109012,317.6999560609329,240.4599396376601,1,0.05619402092129813,2.345580225004095,-0.5285018506083272,-0.04058908952583211,4.337259000749327,30.0
1227,40.90000000000024,track,1,317.7202221765069,240.1980388123157,317.7331047040989,240.15813673595585,1,0.041930123002262995,2.2724043455858394,-0.5270301961125583,-0.06408520302521659,5.952325000180281,30.0
1228,40.93333333333357,track,1,317.75286606713803,239.9629299100707,317.76587761312976,239.94297809110685,1,0.023819643344538916,2.234849958634493,-0.5257551515262491,-0.06280578325627596,4.032528999232454,30.0
1229,40.9666666666669,track,1,317.74871266735323,239.91761071060762,317.7620548598004,239.89879206850753,1,0.02306849344427244,2.2402324647098544,-0.5263019027442647,-0.06178223451728469,4.165649999777088,30.0
1230,41.000000000000234,track,1,317.7611694461602,239.7941115915174,317.7715398261844,239.77884917421954,1,0.01845226716748855,2.2394067147406966,-0.5260016688627298,-0.06101877514839386,13.540370000555413,30.0
1231,41.033333333333566,track,1,317.7752653117847,239.58798640493862,317.78637165289683,239.61353887456096,1,0.027861793135029747,2.247109846129982,-0.5255751066162185,-0.06055560753129839,6.371199000568595,30.0
1232,41.0666666666669,track,1,317.7836338418863,239.4875173370319,317.79467259652256,239.47060603964928,1,0.020195199505904562,2.2679785981759983,-0.5253999107385989,-0.08716656534167491,5.438802001663134,30.0
1233,41.10000000000023,track,1,317.7558115472167,239.75995033455197,317.76810338129076,239.77356118342982,1,0.018339694438017508,2.243353974355241,-0.5271049262747285,-0.06207927158892284,4.4558520003192825,30.0
1234,41.13333333333356,track,1,317.73493476910335,240.25678194243113,317.74940866932684,240.24366499809094,1,0.01953325411966626,2.2637433531643643,-0.5285723597137307,-0.06181514067565681,4.703496000729501,30.0
1235,41.16666666666689,track,1,317.7214909242067,240.4906470832756,317.7367138210625,240.4785604584324,1,0.01943767189717104,2.3133275687080235,-0.5297577449676588,-0.06125357762317353,5.585185999734676,30.0
1236,41.20000000000022,track,1,317.7140291496857,240.76790771568696,317.7288493295289,240.78214204374194,1,0.02054881567782389,2.4020556913964795,-0.5307101032329872,-0.020166451645471643,4.098044000784284,30.0
1237,41.233333333333555,track,1,317.70984455958546,240.8134715025907,317.72672211352324,240.82441176685302,1,0.02011320981474939,2.4181495219423406,-0.5315457463840962,-0.013810121928958044,4.329422999944654,30.0
1238,41.266666666666886,track,1,317.7140291496857,240.94197692892175,317.7286917486665,240.9452144403233,1,0.015015768010564718,2.460136482143074,-0.5319782467841878,-0.002601877539818921,5.703586999516119,30.0
1239,41.30000000000022,track,1,317.718212583742,240.99171213481594,317.73279199089666,240.99409716370144,1,0.014773201270066726,2.475572929126021,-0.5324078221235871,0.005210757464753628,3.839617000267026,30.0
1240,41.33333333333355,track,1,317.73493476910335,241.21536550010353,317.7491102809827,241.20583822480978,1,0.017079640264475757,2.553536831845252,-0.5321656211066249,0.022575140062578866,4.548639999484294,30.0
1241,41.36666666666688,track,1,317.7585513078471,241.42045375702492,317.77092505901214,241.39472423216705,1,0.028550274382329342,2.6294544636357533,-0.5314886044906002,0.04003119090481693,5.662331999701564,30.0
1242,41.40000000000021,track,1,317.7192694438744,241.117381489842,317.7736846327589,241.08944102262603,1,0.0611692936822121,2.4785806132128103,-0.5340197314153049,0.03166904928111893,4.3823809992318274,30.0
1243,41.43333333333354,track,1,317.7614641168003,240.73432037836727,317.7961164514204,240.7123387386324,1,0.041036286138684375,2.316145326670201,-0.5324088250089416,0.017832139424297386,4.599301999405725,30.0
1244,41.466666666666875,track,1,317.81901693288546,240.2797011037225,317.8268583460615,240.24497261417616,1,0.035602749146189945,2.1869056289147153,-0.52980265916432,-0.01621098464102711,4.533641000307398,30.0
1245,41.500000000000206,track,1,317.83496407800203,240.22169004447485,317.82270742513333,240.18927903102258,1,0.03465110867703082,2.1855044058876607,-0.5291216738526853,-0.014954447436365374,4.716797000583028,30.0
1246,41.53333333333354,track,1,317.8844972353062,239.84845381937333,317.84536040816124,239.8313908237899,1,0.042694695891338084,2.161226694500451,-0.5265643976924242,-0.014350688350015593,3.610638001191546,30.0
1247,41.56666666666687,track,1,317.83063683304647,239.7645438898451,317.82423776566725,239.75994342193417,1,0.007881140039570939,2.188965157562204,-0.5292145432262869,-0.014311303664665558,4.685501999119879,30.0
1248,41.6000000000002,track,1,317.84624974028674,239.36567629337213,317.8560098288558,239.3466372609156,1,0.021394954679945864,2.241333692868331,-0.5283979337178326,-0.04807382438341708,5.71474300159025,30.0
1249,41.63333333333353,track,1,317.8763311576778,239.11954654757815,317.88354528293394,239.11272214983342,1,0.009930559288874966,2.294916676654606,-0.5267445691163091,-0.06439559005413888,4.453381001439993,30.0
1250,41.66666666666686,track,1,317.91752010447453,238.863908172383,317.92076561715953,238.87022341909858,1,0.0071004009511591,2.366349665949495,-0.5243679630404509,-0.08270808913240821,3.8533339993591653,30.0
1251,41.700000000000195,track,1,317.9584516307735,238.63852918772938,317.9604806355858,238.65772606374435,1,0.019303805564255972,2.4415852550693,-0.5218147491116449,-0.1009041907229036,4.539474000921473,30.0
1252,41.733333333333526,track,1,317.92981490401155,238.8307300626161,317.93273565035156,238.83891819992482,1,0.008693466038866365,2.37101093160559,-0.5227372386469662,-0.09836305659177179,5.5098609991546255,30.0
1253,41.76666666666686,track,1,317.87934262533804,239.4035781152486,317.8873877162796,239.38092622715624,1,0.0240381264329479,2.201450203286319,-0.5249201671292527,-0.07513043910707588,3.7404409995360766,30.0
1254,41.80000000000019,track,1,317.8470336939296,239.7891545510921,317.85369133476706,239.8004752790141,1,0.013133280709894822,2.1555628037100862,-0.5263736662303834,-0.04825834089478752,4.417729000124382,30.0
1255,41.83333333333352,track,1,317.81826942933844,239.97521855854615,317.8288340584377,239.97714113089853,1,0.01073814101483887,2.1712862717055073,-0.5278149867268963,-0.04994945107481832,5.437720999907469,30.0
1256,41.86666666666685,track,1,317.80995662053294,239.9958686221855,317.82120190232035,239.99767112886457,1,0.011388827543094466,2.1787993423198038,-0.5283478489715738,-0.05113067683664722,3.9174379999167286,30.0
1257,41.90000000000018,track,1,317.7974788179376,240.16945649927672,317.80779901912547,240.16194540286813,1,0.012764134197723773,2.1981745731532283,-0.5291870409656203,-0.05179169826793151,3.754931998628308,30.0
1258,41.933333333333515,track,1,317.78367884628716,240.39936212993138,317.7974476518284,240.37743037147902,1,0.02589559875432616,2.234656692145573,-0.5301962668276224,-0.05190476342550926,3.6076950000278885,30.0
1259,41.966666666666846,track,1,317.77964105051626,240.61749012542444,317.79185875983626,240.6409979794239,1,0.026493237263271095,2.2992968808175656,-0.5307934389776173,-0.01917354616800257,4.945732998749008,30.0
1260,42.00000000000018,track,1,317.7766595436686,240.79733921555112,317.790149256816,240.8073706861636,1,0.016810793064236305,2.3527192208224084,-0.5313918027229935,-0.006599729712024598,16.176678998817806,30.0
1261,42.03333333333351,track,1,317.7808256943966,240.8015025156799,317.79108679989804,240.81052056494138,1,0.013660728333230567,2.3529218244084493,-0.5316580422700887,-0.002108440769493833,3.3127739989140537,30.0
1262,42.06666666666684,track,1,317.7807652533609,240.77249224405378,317.7934884533247,240.78602520693357,1,0.01857473826528964,2.342334056351996,-0.5321539407661757,0.000999502232986893,6.942491001609596,30.0
1263,42.10000000000017,track,1,317.80085741944407,240.49688839717882,317.81266960015614,240.4957948032793,1,0.011862696185592976,2.2428167033977275,-0.531603133724718,-0.03477649247051692,6.793160000597709,30.0
1264,42.1333333333335,track,1,317.8092473564172,240.50155504872487,317.8202558655819,240.50159241788424,1,0.011008572590634981,2.236711748350497,-0.5315922350203746,-0.006646074405964111,4.8118129998329096,30.0
1265,42.166666666666835,track,1,317.81716185331396,240.36567629337213,317.8285021283159,240.34639583910246,1,0.022368230908248965,2.198952724384054,-0.531568440392048,-0.029328027229802753,4.616520000126911,30.0
1266,42.200000000000166,track,1,317.85562048814023,240.09075283602613,317.86088398400875,240.08696137609377,1,0.006486875763924875,2.140882904505147,-0.5298927606086533,-0.027795126927616882,5.567480999161489,30.0
1267,42.2333333333335,track,1,317.9291420632164,239.5415074678708,317.93354237454014,239.56709566969823,1,0.02596379811406964,2.1113155323198924,-0.5261901051017501,-0.026775701836511907,4.380561000289163,30.0
1268,42.26666666666683,track,1,318.0329783579526,238.87633115767778,318.0297885474197,238.88338259321586,1,0.007739356199538265,2.264634098703802,-0.5205445963994076,-0.08524904383315998,5.476283999087173,30.0
1269,42.30000000000016,track,1,318.12507817385864,238.466958515739,318.1192556247215,238.43857731469916,1,0.028972308346394058,2.4444304464054065,-0.5150226311701024,-0.11113847133600811,6.0301239991531475,30.0
1270,42.33333333333349,track,1,318.1653689795356,238.2108454489079,318.1573354558807,238.20024346872242,1,0.013301860252112758,2.575759343190034,-0.5117669637696212,-0.13127575964088906,4.366459999801009,30.0
1271,42.36666666666682,track,1,318.15690592526323,238.17342233844883,318.15038865740325,238.1654974011442,1,0.010260575599892244,2.605083857358769,-0.5108358521038809,-0.1415153648063377,4.176123000434018,30.0
1272,42.400000000000155,track,1,318.1486681808796,238.17757588271732,318.1427390982592,238.1696684156609,1,0.009883423291953063,2.6075911807191527,-0.5098759976194652,-0.1501468222024543,5.711194000468822,30.0
1273,42.433333333333486,track,1,318.206682741991,238.01240096451946,318.1953215151814,238.01327387158653,1,0.011394711113838883,2.684016606298851,-0.5054359214756781,-0.16794566475748196,4.20328700056416,30.0
1274,42.46666666666682,track,1,318.14087424901595,238.27760513776673,318.1323113786316,238.26282116099753,1,0.017084751046812428,2.550696200073034,-0.5072796229499981,-0.1638581845477991,4.097889999684412,30.0
1275,42.50000000000015,track,1,318.06670835939127,238.533041484261,318.06337809760953,238.5619742274763,1,0.029123775055748428,2.4121406499748046,-0.5098560995953649,-0.15915052440196475,5.751785000029486,30.0
1276,42.53333333333348,track,1,318.0623916811092,238.6048526863085,318.05942702627226,238.62844151775266,1,0.023774401090313927,2.376340913376518,-0.5091200019745036,-0.1628249406929685,5.575694000071962,30.0
1277,42.56666666666681,track,1,318.19533144004987,238.3698829396689,318.18497822237055,238.34751778051998,1,0.024645272570465882,2.454587855214557,-0.501243118657787,-0.18203080896106905,5.0363580012344755,30.0
1278,42.60000000000014,track,1,318.2587638059957,238.14817863757975,318.2803525768686,238.14272360684606,1,0.022267294135283413,2.5311386489975884,-0.4965311333807543,-0.20118522807079747,4.860877001192421,30.0
1279,42.633333333333475,track,1,318.37968911917096,238.0,318.3687949803834,238.00097174058192,1,0.010937391813435891,2.580105385052012,-0.4885389167448138,-0.21712802197405034,4.843192000407726,30.0
1280,42.666666666666806,track,1,318.4611868984142,237.90028391385638,318.4335209293363,237.90517877475963,1,0.02809564927676744,2.6157470528598545,-0.48211896431553347,-0.23090899072618531,4.75134200132743,30.0
1281,42.70000000000014,track,1,318.42480813109313,238.04563368595728,318.3907945440619,238.0436984884476,1,0.034068593926536564,2.533112276138403,-0.4815594534987813,-0.2319502340909914,5.007346999263973,30.0
1282,42.73333333333347,track,1,318.5014834747809,237.979300351894,318.4425086299111,237.9790417319433,1,0.058975411924761016,2.5514802936977654,-0.4751934253578913,-0.24326037873286366,5.158137999387691,30.0
1283,42.7666666666668,track,1,318.5499687478297,237.7583165497604,318.57533072284195,237.77297780725314,1,0.029294747785049764,2.6437303940199826,-0.47002141362005756,-0.262664843170345,4.2925980014842935,30.0
1284,42.80000000000013,track,1,318.5140498161382,237.9292305557483,318.5350507710159,237.93278528303313,1,0.02129967586244042,2.5336639338210443,-0.46912690873650104,-0.26201521825312146,8.0563470000925,30.0
1285,42.833333333333464,track,1,318.4162330905307,238.33298647242455,318.391983265675,238.3146497734066,1,0.03040211401214765,2.329404044846615,-0.47170073362583925,-0.248048152524922,5.1411710010143,30.0
1286,42.866666666666795,track,1,318.42467559503154,238.3414058705156,318.39912509246847,238.32048297550523,1,0.033024168677505385,2.3202538449772834,-0.4691793957563407,-0.25279556044404905,4.686656000558287,30.0
1287,42.90000000000013,track,1,318.37919299951386,238.45003125217028,318.356772969079,238.42270281938465,1,0.03534828147477014,2.277731650376455,-0.4695955463451452,-0.2517120118663952,5.011794999518315,30.0
1288,42.93333333333346,track,1,318.4204537570249,238.38715048914173,318.3976361922439,238.36580116788173,1,0.03124795642595443,2.288706096313663,-0.46575902955489373,-0.2587488427534638,5.124643999806722,30.0
1289,42.96666666666679,track,1,318.33368091762253,238.52033368091762,318.31346438635956,238.54912294525138,1,0.035178542851947936,2.2247351761667207,-0.46863353760668996,-0.2552850824933633,4.27323399890156,30.0
1290,43.00000000000012,track,1,318.3078416418221,238.60063787006865,318.28829669982406,238.6243920584451,1,0.03076144052431019,2.1959566017346805,-0.468786547101121,-0.25368259853214337,15.082739000717993,30.0
1291,43.03333333333345,track,1,318.21500930328716,238.80152987388877,318.20572665123655,238.81241831940372,1,0.014308244994577028,2.1516893591247572,-0.47272514064305216,-0.2450269530806034,3.9464029996452155,30.0
1292,43.066666666666784,track,1,318.14437951185977,238.9628738398075,318.13903906923247,238.96570727597407,1,0.00604555108865909,2.1290695208978367,-0.4760298685962243,-0.23727352485018163,5.4119239994179225,30.0
1293,43.100000000000115,track,1,318.0207082211638,239.26506523089665,318.0188423505149,239.25271007680215,1,0.012495251337103639,2.117410650163645,-0.48258776164821415,-0.2210739293773834,4.435001999809174,30.0
1294,43.13333333333345,track,1,317.9792286921,239.35726649588037,317.9798077497319,239.33593079214643,1,0.021343560189516216,2.126538182319471,-0.4854927355165905,-0.21434846748633427,4.067850000865292,30.0
1295,43.16666666666678,track,1,317.96257536904847,239.38672118649941,317.9647482459045,239.36327427117976,1,0.023547382696139905,2.132526519481168,-0.48741985999582604,-0.21023773561348916,4.140663000725908,30.0
1296,43.20000000000011,track,1,317.96258055574805,239.38250987457556,317.96397167840337,239.3593924025074,1,0.023159290512964347,2.1344295304152876,-0.4886613471961864,-0.2075660326051279,4.750874000819749,30.0
1297,43.23333333333344,track,1,317.99585434947835,239.29434118703793,317.99793493904895,239.27838449077888,1,0.016091768344869833,2.128143193356455,-0.48823134571311677,-0.20923098620785477,4.340343000876601,30.0
1298,43.26666666666677,track,1,318.065992988245,239.14023510002062,318.06420676276525,239.13403770066145,1,0.00644967908360537,2.1206570116828156,-0.485757134917833,-0.2147424519946641,4.384559000754962,30.0
1299,43.300000000000104,track,1,318.03308747501205,239.2233404563314,318.0306556262267,239.21112715528898,1,0.012453056286231508,2.1214706285110463,-0.4884160071621996,-0.20850067444559572,5.414724999354803,30.0
1300,43.333333333333435,track,1,317.85904788226355,239.70565881296207,317.8668656519553,239.7212880757794,1,0.017475450757180565,2.15126532150517,-0.49862385502831347,-0.16563020487361377,3.9242559996637283,30.0
1301,43.36666666666677,track,1,317.7391124301194,240.0331285803023,317.75136652418814,240.0318346437631,1,0.012322219492160131,2.2488588112830112,-0.5067016270270653,-0.16046223090664224,3.709894999701646,30.0
1302,43.4000000000001,track,1,317.6300401829015,240.4906470832756,317.65002041027674,240.47929897351594,1,0.02297801299250701,2.3983601852368506,-0.5147421477313963,-0.15497400917873755,4.892169999948237,30.0
1303,43.43333333333343,track,1,317.5415074678708,241.1125390760681,317.56908174327464,241.105324958364,1,0.02850235355710382,2.6704132329029293,-0.5221984310741257,-0.09086547784706994,5.069966000519344,30.0
1304,43.46666666666676,track,1,317.5156184922949,241.31236984589754,317.5360893649772,241.29605624107478,1,0.026176140484971487,2.783993067054455,-0.5267577849653023,-0.07019471048079409,4.516439999861177,30.0
1305,43.50000000000009,track,1,317.51248266296807,241.374479889043,317.52995161999,241.3531480474536,1,0.02757194090065692,2.816407044075384,-0.5302366061124562,-0.05576062596692406,4.00178100062476,30.0
1306,43.533333333333424,track,1,317.51091703056767,241.60074859638178,317.5246867091264,241.62238666165183,1,0.025647805290938144,2.959613888310647,-0.5336166357624812,-0.03235732699097095,5.04130800072744,30.0
1307,43.566666666666755,track,1,317.5208000555594,241.51718869365928,317.5487241005844,241.5408791967501,1,0.03661956071904851,2.895351832512393,-0.5363321327689963,-0.024421169302893384,4.3057170005340595,30.0
1308,43.60000000000009,track,1,317.6048526863085,241.14558058925476,317.6267266372747,241.1364943081278,1,0.023686076829869254,2.631358160081645,-0.534994371360821,-0.03222428236503241,3.8385759999073343,30.0
1309,43.63333333333342,track,1,317.71700076298816,240.58798640493862,317.7335262559095,240.61230023196367,1,0.029398198939691984,2.347725453862596,-0.5316840101043789,-0.05180536366265501,4.200576000584988,30.0
1310,43.66666666666675,track,1,317.7841875907865,240.327868852459,317.7957918291029,240.30883055802713,1,0.022296075927816374,2.225738074037681,-0.5300877516275571,-0.07583849726581535,4.582999999911408,30.0
1311,43.70000000000008,track,1,317.8763311576778,240.0,317.8812668624896,239.99840381955119,1,0.0051873860483561875,2.118733738763945,-0.5266769434074063,-0.07222945263997216,4.560207000395167,30.0
1312,43.73333333333341,track,1,317.9916903261547,239.50779031922997,317.9923085806206,239.51812038394087,1,0.010348549440186426,2.0647113114968296,-0.52142966503995,-0.06978422467307989,3.7004710011387942,30.0
1313,43.766666666666744,track,1,318.10298661174045,238.9588053553038,318.0963007040996,238.96206246693612,1,0.007437078537139897,2.1682678182721125,-0.5156764404879609,-0.12301687614044034,5.200382000111858,30.0
1314,43.800000000000075,track,1,318.32430185018364,238.38250987457556,318.3070380271863,238.36175704544542,1,0.026994805081503533,2.3558353549305946,-0.5034076893182519,-0.1569304985196517,4.462015998797142,30.0
1315,43.83333333333341,track,1,318.3951473136915,238.12894280762566,318.3712800232165,238.1215759870903,1,0.02497834260749635,2.4862030357654614,-0.4978923230413426,-0.17723645040865116,4.335891999289743,30.0
1316,43.86666666666674,track,1,318.4589325221239,237.87140486725664,318.45431193845116,237.87916375231782,1,0.009030508893167095,2.6243280993612905,-0.4922028363836329,-0.19972540120959636,4.690858999310876,30.0
1317,43.90000000000007,track,1,318.45453915933797,237.916903261547,318.4366195639245,237.92283641543418,1,0.018876287103945948,2.599762863214622,-0.4896443241908698,-0.20804038880793374,5.336777001502924,30.0
1318,43.9333333333334,track,1,318.38455694454035,238.136749775537,318.3622246110467,238.13011704433825,1,0.02329648562392772,2.4857132764129126,-0.49042886582583944,-0.20747469338005628,3.8803110001026653,30.0
1319,43.96666666666673,track,1,318.40798839057425,238.12438670444337,318.3752243679619,238.1167637337204,1,0.033639126926631915,2.4872624889817216,-0.48652385470248016,-0.2184542524990003,3.856774999803747,30.0
1320,44.000000000000064,track,1,318.4726694768848,238.04146223481445,318.4243952149659,238.03783495677828,1,0.048410345069678395,2.5164701658202984,-0.4803510613890882,-0.2331962473463099,15.340026999183465,30.0
1321,44.033333333333395,track,1,318.44580237483507,238.08749392403305,318.41974834676034,238.08123290226627,1,0.026795760345300366,2.485731776140018,-0.478765006603655,-0.2413524170749054,5.60860999939905,30.0
1322,44.06666666666673,track,1,318.3993621299314,238.25376135339388,318.3749268433601,238.2384221971431,1,0.02885087423818278,2.396668337494734,-0.47838050851433755,-0.2427344802131434,4.9732409988791915,30.0
1323,44.10000000000006,track,1,318.3537981269511,238.41623309053068,318.3319808233182,238.39399775967138,1,0.031151319012749402,2.3154980392388183,-0.47824787487803455,-0.2432443991558293,3.9350219994958024,30.0
1324,44.13333333333339,track,1,318.3202328966521,238.51091703056767,318.30051832356526,238.52491994746845,1,0.024181523395490248,2.2503553341447953,-0.4778159272554381,-0.24614631726159542,4.792790999999852,30.0
1325,44.16666666666672,track,1,318.32063293774723,238.5711013949615,318.3011483297239,238.59798566291852,1,0.033202617568624374,2.20266683794484,-0.47590051632867053,-0.24989350932641247,5.532363000384066,30.0
1326,44.20000000000005,track,1,318.38790406673616,238.52033368091762,318.36666043612036,238.54731025293518,1,0.03433696666217237,2.1858878361347385,-0.47063187423545333,-0.25863237166439584,4.22567399982654,30.0
1327,44.233333333333384,track,1,318.37424630951557,238.61327881350059,318.3541864808608,238.63644340442477,1,0.030643025280540345,2.1372853644560688,-0.4695094254434091,-0.2594143907562895,4.795675999048399,30.0
1328,44.266666666666715,track,1,318.3698829396689,238.68830089353744,318.3475196646996,238.70694550641008,1,0.029115934752718543,2.0982567006798023,-0.4680989789978611,-0.260185464925589,5.858717999217333,30.0
1329,44.30000000000005,track,1,318.2859708503143,238.9088208883056,318.26915089511067,238.91236404173503,1,0.01718909041446407,2.044209040584439,-0.47105206024654395,-0.25240051002160857,3.8794150004832773,30.0
1330,44.33333333333338,track,1,318.206682741991,239.10747502583536,318.1948818665526,239.1019733841341,1,0.013020319601393094,2.0161605289520583,-0.47427401679842235,-0.24427040486984802,3.9530200010631233,30.0
1331,44.36666666666671,track,1,318.0373754152824,239.5062292358804,318.03526827947326,239.5121944703933,1,0.006326455888725532,2.024382614121859,-0.48276030185724844,-0.1983401699456224,5.7554880004317965,30.0
1332,44.40000000000004,track,1,317.87192728775045,239.80995662053294,317.87805318531264,239.81880991966534,1,0.010766035782501179,2.1296685492286174,-0.49196445122088217,-0.19507375989283265,4.600629999913508,30.0
1333,44.43333333333337,track,1,317.8307300626161,239.88027248331383,317.8410892067484,239.88552088859217,1,0.011612821583019297,2.1619438660999064,-0.4955483828824108,-0.1910412700131821,4.458380999494693,30.0
1334,44.466666666666704,track,1,317.8554614908115,239.82242411728268,317.86173143891665,239.83136880388247,1,0.01092335422889867,2.144907671584372,-0.4960547040625569,-0.1864649340315699,5.544218000068213,30.0
1335,44.500000000000036,track,1,317.7974788179376,239.95866914651788,317.8094512407156,239.96035157587744,1,0.012090056895032232,2.190907543539406,-0.5009909338292724,-0.18143854924129246,4.310229000111576,30.0
1336,44.53333333333337,track,1,317.718212583742,240.25277988811382,317.7327446386307,240.24052430611732,1,0.019009994985839114,2.2799778103067063,-0.5074145371074688,-0.17597174818251854,4.007261000879225,30.0
1337,44.5666666666667,track,1,317.6132788135006,240.75050246032296,317.6362286491433,240.76370915226937,1,0.02647851333050773,2.4840826613442273,-0.5156257749400732,-0.13074531858939623,3.5018030011997325,30.0
1338,44.60000000000003,track,1,317.6385291877294,240.67592272003324,317.6590367300048,240.69278612656763,1,0.026550588884660067,2.441323749245723,-0.5174967415432944,-0.12570603292769733,5.165479999050149,30.0
1339,44.63333333333336,track,1,317.6132788135006,240.82119342989813,317.6364096690627,240.8294944666635,1,0.024575265825925157,2.5049192247906378,-0.5219783017593674,-0.10917683316456014,3.766042998904595,30.0
1340,44.66666666666669,track,1,317.6090663339572,240.9085048866708,317.6312153022418,240.91295420874383,1,0.022591442251055114,2.538626859464872,-0.5254571034105237,-0.09504600585306149,3.620408000642783,30.0
1341,44.700000000000024,track,1,317.6217002702141,240.92101434213262,317.643950763166,240.92455001401345,1,0.022529656283484256,2.530960437225032,-0.5280317033440685,-0.08453536725131042,5.6397640000795946,30.0
1342,44.733333333333356,track,1,317.6259092483547,241.05403533079323,317.645282814236,241.0521867220881,1,0.019461562349993508,2.579106419493161,-0.5309285610320569,-0.06775972037521738,4.940401999192545,30.0
1343,44.76666666666669,track,1,317.6301170603311,241.2410473089977,317.6496895925627,241.2274298127993,1,0.023843662065032183,2.6515171047263815,-0.5337082225851688,-0.04780276171458306,3.802339000685606,30.0
1344,44.80000000000002,track,1,317.6553394698595,241.2449996539553,317.67388125473644,241.2320374176827,1,0.022623380729010215,2.632250864875301,-0.5352409636453506,-0.03697356731251208,4.20480899992981,30.0
1345,44.83333333333335,track,1,317.67565319841987,241.38672118649941,317.6959107921257,241.36428594782421,1,0.03022763697617355,2.6777048428222057,-0.5367871958579785,-0.019164254916860413,5.357006999474834,30.0
1346,44.86666666666668,track,1,317.70815092766316,241.533041484261,317.7270011521264,241.56046292721282,1,0.03327561413219179,2.7570941785946372,-0.537449928693487,-0.0008767026923890836,3.772220999962883,30.0
1347,44.90000000000001,track,1,317.74651984209436,241.63432370662787,317.76151943672323,241.65583532137327,1,0.026224748006137166,2.7843465739155397,-0.537499936594752,0.015278087362983583,4.176307998932316,30.0
1348,44.933333333333344,track,1,317.805798498726,241.91736106328764,317.81604738263604,241.9202647426447,1,0.010652275588340946,2.9081034570205984,-0.5361103761096242,0.04105903381550753,4.513140000199201,30.0
1349,44.966666666666676,track,1,317.88014052490183,242.2025211820624,317.88506812911396,242.1935927810414,1,0.010197922732772289,3.0470946994680714,-0.5334946897350856,0.06776323088756972,5.039503001171397,30.0
1350,45.00000000000001,track,1,317.90521327014216,242.11539254069646,317.91053775182684,242.108424571383,1,0.00876941854193839,2.9683845201982315,-0.5329757722713159,0.07569285073967755,16.6896339997038,30.0
1351,45.03333333333334,track,1,317.934169923884,242.01645751902902,317.9366417596299,242.0137284476084,1,0.003682092173412911,2.883149231103139,-0.5319622925263214,0.08226536609697303,4.790633000084199,30.0
1352,45.06666666666667,track,1,317.9376515413924,241.6259092483547,317.9413161555549,241.6454100353851,1,0.019842129214504522,2.635441776235124,-0.5320076990431012,0.0725575207086242,5.111677000968484,30.0
1353,45.1,track,1,317.9269690066957,241.5295092151584,317.96096148112736,241.55538889360741,1,0.04272289871499225,2.564549218050541,-0.5326474172256406,0.07611990117545554,5.446453998956713,30.0
1354,45.13333333333333,track,1,317.9726160016596,241.4190581564207,317.979123766773,241.39552962539028,1,0.024411939276110448,2.4558997710337627,-0.5302530463679254,0.07783149811737565,4.60421400021005,30.0
1355,45.166666666666664,track,1,317.97865791093784,241.0902934537246,317.9757356860483,241.08496207198243,1,0.006079722821446674,2.2966908173236247,-0.5296696626724808,0.06686713240362353,4.636073999790824,30.0
1356,45.199999999999996,track,1,317.9893537159626,240.98362110148094,317.9787360315704,240.98256688050037,1,0.010669892395317541,2.2474309121145373,-0.52874285028177,0.06552823139357931,5.669658001352218,30.0
1357,45.23333333333333,track,1,317.99177349694935,240.79433742373345,317.9704139388491,240.80216170206836,1,0.02274752851849628,2.18235720629855,-0.5281578951330138,0.05867445821854184,3.8443890007329173,30.0
1358,45.26666666666666,track,1,317.9501419569282,240.49220968077003,317.95392878621624,240.48336478840133,1,0.009621444645727218,2.1023912410730836,-0.5298575302365843,0.018687747143047204,4.243724999469123,30.0
1359,45.29999999999999,track,1,317.94177583697234,240.39093366604283,317.94653964805536,240.3691452978843,1,0.02230306891542417,2.0863766841006157,-0.5299756769323121,0.016693081832898794,5.495168999914313,30.0
1360,45.33333333333332,track,1,317.94649838809244,240.0740791549489,317.94749356213754,240.07069174517687,1,0.0035305688413627607,2.0537234478631743,-0.5294628864280001,0.013931926292852656,3.6575610010913806,30.0
1361,45.36666666666665,track,1,317.9380549246335,239.82242411728268,317.9427047332324,239.83252430575658,1,0.011119106403610367,2.0641007540395577,-0.5296592191611571,0.01049469556388933,3.6672360001830384,30.0
1362,45.399999999999984,track,1,317.9298245614035,239.83488132094942,317.9349661807788,239.84154935634263,1,0.008420151174745727,2.071103879819327,-0.529921558214587,0.006590601213051588,3.8534220002475195,30.0
1363,45.433333333333316,track,1,317.93829276654094,240.06170723345903,317.93922390300486,240.05967186148018,1,0.0022382480217175106,2.0616398456081115,-0.5293878339830772,0.002498941233453624,6.115223999586306,30.0
1364,45.46666666666665,track,1,317.94594219973663,240.38672118649941,317.94728496276934,240.3651456801715,1,0.021617249729499168,2.084938941988653,-0.5289148956465237,-0.001504606055749951,4.493823000302655,30.0
1365,45.49999999999998,track,1,317.94599459945994,240.64273350411963,317.9498024896184,240.66405490480213,1,0.02165876622807208,2.155058873480436,-0.5288619681407087,0.028375822517805363,3.8839409990032436,30.0
1366,45.53333333333331,track,1,317.9376083188908,240.6048526863085,317.9393241007821,240.62580562448557,1,0.02102307127301262,2.153605776658156,-0.5293050407346116,0.02523308104045886,4.84234500072489,30.0
1367,45.56666666666664,track,1,317.9249947913049,240.45003125217028,317.9297896481655,240.4222964500641,1,0.028146223550996396,2.11284291715673,-0.5300599740318347,-0.007411066599347109,5.12766299834766,30.0
1368,45.59999999999997,track,1,317.9210033954681,240.38250987457556,317.92530481805613,240.35912002068824,1,0.02378208361668541,2.1055467905606404,-0.5304702314629977,-0.010327116391882909,3.4775329986587167,30.0
1369,45.633333333333304,track,1,317.9167995562643,240.39936212993138,317.92138872717373,240.3771156683697,1,0.02271487489842372,2.1125437393934234,-0.5309660450609512,-0.01302174191840191,3.7020780000602826,30.0
1370,45.666666666666636,track,1,317.9209266837761,240.58798640493862,317.9245811714052,240.60981357865705,1,0.02213099167154366,2.1631541588154133,-0.531094571739414,0.015366946026917672,6.117297998571303,30.0
1371,45.69999999999997,track,1,317.9209047387775,240.57954624297508,317.924777332679,240.60406622500057,1,0.02482390988655901,2.161352614255541,-0.531474150941891,0.014987672008284996,4.165201000432717,30.0
1372,45.7333333333333,track,1,317.93372454263033,240.2692440455644,317.93891670298,240.25361170835038,1,0.016472051962929873,2.076627856855241,-0.5312196588484931,-0.015064521288698783,4.381582000860362,30.0
1373,45.76666666666663,track,1,317.9464396072238,240.1071207855524,317.9482682784045,240.1019671732888,1,0.005468432833147331,2.0542639464853956,-0.530952774897796,-0.016733955103166828,5.856273999597761,30.0
1374,45.79999999999996,track,1,318.04156851877514,239.4906470832756,318.0377963573882,239.47846886805542,1,0.01274904417901696,2.0303294946058674,-0.526311078650789,-0.04522099301552232,4.781480000019656,30.0
1375,45.83333333333329,track,1,318.1112560950484,238.9917588077742,318.10643324756757,238.9921952495706,1,0.004842555034815669,2.145056050760808,-0.5226159669947434,-0.07529074739913513,3.949380999983987,30.0
1376,45.866666666666625,track,1,318.1831425598335,238.58376690946932,318.17168019441954,238.60743441280852,1,0.02629708225630311,2.2982585202948225,-0.5184865001955832,-0.10279675110501556,5.47363000077894,30.0
1377,45.899999999999956,track,1,318.2125147579693,238.45003125217028,318.19974642872717,238.4238772462311,1,0.0291043340123559,2.392713074279633,-0.516257256968242,-0.11775612899943272,5.267180000373628,30.0
1378,45.93333333333329,track,1,318.21626117695985,238.39093366604283,318.2034614876653,238.36841576463235,1,0.025901504395855406,2.426853465580885,-0.5152148709833818,-0.12951176400175018,3.835202000118443,30.0
1379,45.96666666666662,track,1,318.2859708503143,238.14505767769566,318.27149424202776,238.13905957107988,1,0.015670018202166874,2.53984870323659,-0.5106506160908371,-0.15142573865400513,3.809949999777018,30.0
1380,45.99999999999995,track,1,318.35726649588037,237.96676590735996,318.3364496275492,237.96682777177136,1,0.020816960256544153,2.6270114486468064,-0.5056908035327355,-0.1707840494292976,16.197017999729724,30.0
1381,46.03333333333328,track,1,318.50155504872487,237.58532034003733,318.50003715871765,237.60901147427035,1,0.023739710009200606,2.8225369183411395,-0.4965536353756704,-0.2015481071492868,4.658805999497417,30.0
1382,46.06666666666661,track,1,318.7391124301194,237.17806611912485,318.75328283238866,237.17014498196602,1,0.016234060316556997,3.092310320635518,-0.4818466179347064,-0.2351977281993353,3.9599859992449638,30.0
1383,46.099999999999945,track,1,318.9834790390308,236.81826942933847,318.9826525496055,236.82768088716227,1,0.009447678187749574,3.3314567967331787,-0.4657005167355683,-0.2679999147369949,3.902975000528386,30.0
1384,46.133333333333276,track,1,319.27421923689496,236.49220968077003,319.25842505163666,236.48143651447901,1,0.019118509353697747,3.5958618446321977,-0.4459539974801275,-0.3004806291991305,4.512560000875965,30.0
1385,46.16666666666661,track,1,319.3013623228292,236.48080363286087,319.2845555810061,236.5045994097194,1,0.0291325516735129,3.5678685518392594,-0.43873302707502376,-0.3176452407941663,5.638800001179334,30.0
1386,46.19999999999994,track,1,319.2557228294494,236.61174125249192,319.24409290187225,236.66195553531327,1,0.05154347111624553,3.422562839339206,-0.4351051702572333,-0.32715962104012286,4.366490000393242,30.0
1387,46.23333333333327,track,1,319.2433826057064,236.77971811619113,319.23160796496745,236.7991144443696,1,0.022690520296770093,3.291822391889459,-0.4298815184984718,-0.33379905212590155,4.24204900082259,30.0
1388,46.2666666666666,track,1,319.2267573696145,236.93073593073592,319.21543898543905,236.9371534153255,1,0.01301114632924115,3.161734521875797,-0.42499643317219143,-0.3400823291805539,5.91549499949906,30.0
1389,46.29999999999993,track,1,319.2641898864809,237.01155830753353,319.2490651415685,237.00696688903975,1,0.0158062972403343,3.085798173068347,-0.41745444512984636,-0.34875914378789674,3.8180610008566873,30.0
1390,46.333333333333265,track,1,319.17052674728427,237.20741955318712,319.1895470605592,237.19302404363305,1,0.023853784026832848,2.9216344717760947,-0.41683668155889625,-0.3502869964035761,3.879764999510371,30.0
1391,46.366666666666596,track,1,319.0862176165803,237.46963730569948,319.09371916183557,237.43327270177804,1,0.03713027874363346,2.722027549651518,-0.41632544698564017,-0.34671274860896084,5.405036999945878,30.0
1392,46.39999999999993,track,1,319.0346130073484,237.6107410205343,319.0385446439284,237.5943529953039,1,0.01685304533755415,2.5906628327364674,-0.4147078085009615,-0.3475938622288435,4.42163099978643,30.0
1393,46.43333333333326,track,1,318.95488413425386,237.81707567161118,318.95022463294924,237.79369582224058,1,0.023839637350421564,2.4433187360770647,-0.4150878917210188,-0.3435927148530362,3.9789160000509582,30.0
1394,46.46666666666659,track,1,319.1098190325466,237.695314112709,319.0888460135434,237.69709652341066,1,0.021048622615730893,2.4766037247656363,-0.40373193536535407,-0.3552232551286796,4.173665000053006,30.0
1395,46.49999999999992,track,1,319.02921302300183,237.86076035765478,318.9954347752109,237.86525166720196,1,0.03407553206147193,2.3593011116090157,-0.4044291089988511,-0.351493305640124,5.5781680002837675,30.0
1396,46.53333333333325,track,1,318.9629756599246,237.93829276654097,318.9632855730774,237.94110541144437,1,0.0028296673859156806,2.3051732537432104,-0.4049456391862487,-0.35109876997262895,3.6720209991472075,30.0
1397,46.566666666666585,track,1,318.94653506066214,237.99588731235863,318.95009575788106,237.99531322413725,1,0.0036066801869206956,2.2629776814936426,-0.40336860808007513,-0.3508772928753738,3.968471999542089,30.0
1398,46.599999999999916,track,1,319.1653461935928,237.79331725800895,319.15843403316615,237.8044559698891,1,0.01310911378060475,2.3513074798266294,-0.3896963914763417,-0.3636720263071814,5.006457000490627,30.0
1399,46.63333333333325,track,1,319.2652849740933,237.7098445595855,319.25041560078637,237.72364508743738,1,0.020286764935071217,2.3965951805618846,-0.3815577018885278,-0.3706989262061928,4.478193999602809,30.0
1400,46.66666666666658,track,1,319.4417586997291,237.54573869556157,319.41464318472254,237.57277649588002,1,0.0382922159209009,2.4968092718796617,-0.36905911021222815,-0.3821440748729835,3.905392999513424,30.0
1401,46.69999999999991,track,1,319.59625390218525,237.41623309053068,319.618586870522,237.39395000564218,1,0.031548333503973826,2.6338133093350766,-0.33591725095667285,-0.3923714757615211,3.9012369998090435,30.0
1402,46.73333333333324,track,1,319.53727506426736,237.35850760786494,319.5657698843146,237.33577100978107,1,0.03645418579465523,2.6993836158818083,-0.329987151677903,-0.3993688476317494,5.523640998944757,30.0
1403,46.76666666666657,track,1,319.5156184922949,237.2832153269471,319.5386082554928,237.26708496986555,1,0.02808411706774999,2.7715892379344673,-0.3240663637487508,-0.40759814493137014,4.402384000059101,30.0
1404,46.799999999999905,track,1,319.4035781152486,237.34949032660703,319.37857537810476,237.32865080507872,1,0.0325487714393698,2.7426766272938923,-0.34944073683093063,-0.4087600743769362,4.434012000274379,30.0
1405,46.833333333333236,track,1,319.35820895522386,237.4373481430059,319.3355035083449,237.4129802930296,1,0.03330659740111677,2.6709972953328087,-0.34826932651340425,-0.4085844518240431,5.966852000710787,30.0
1406,46.86666666666657,track,1,319.1329731975899,237.63432370662787,319.1271110137325,237.6529922349324,1,0.01956729793905093,2.5040728087726807,-0.3569691698657979,-0.40232124784121864,4.558865999570116,30.0
1407,46.8999999999999,track,1,318.9917406566178,237.82242411728268,318.99036366639484,237.83305067235221,1,0.010715398952911253,2.3906139200483323,-0.3624059622335403,-0.39568609945119615,4.318994999266579,30.0
1408,46.93333333333323,track,1,318.7974788179376,238.06199628022318,318.80906642108835,238.05704778330858,1,0.012600006686242107,2.2789001965258238,-0.3714985002364175,-0.38547448876831436,4.627680000339751,30.0
1409,46.96666666666656,track,1,318.50155504872487,238.46858801575783,318.5018443192138,238.44248411084413,1,0.026105507640325227,2.161093748277716,-0.3870488013134195,-0.3653282064217121,4.317652999816346,30.0
1410,46.99999999999989,track,1,318.1651186790506,238.8968008255934,318.1566610804755,238.9001431031843,1,0.009094052625312349,2.146528258772029,-0.40627931342143114,-0.3421541771081381,13.923529000749113,30.0
1411,47.033333333333225,track,1,318.1195301229649,238.9505392594628,318.11176578271386,238.95406732434844,1,0.008528318789235928,2.158565176529499,-0.4119188864829553,-0.3366788091490027,3.9539080007671146,30.0
1412,47.066666666666556,track,1,318.08646126398133,239.0,318.0806323475233,238.9993615142439,1,0.005863781300101448,2.164543731263047,-0.41739740115712803,-0.3309669520749859,3.6933669998688856,30.0
1413,47.09999999999989,track,1,318.194201501274,238.8801735417671,318.18414763007524,238.88773164904592,1,0.01257796930029112,2.129427320641741,-0.4157870344308199,-0.33385777042540254,4.6114230008242885,30.0
1414,47.13333333333322,track,1,318.3740907516453,238.69241427086942,318.35404284815536,238.70999947846963,1,0.026667545081716426,2.09123798054099,-0.4099986557904416,-0.34084475638467937,5.0546269994811155,30.0
1415,47.16666666666655,track,1,318.61658678891433,238.45426130443843,318.63987361627267,238.42673658260946,1,0.0360539407024931,2.0796878516283495,-0.40009216281830606,-0.35143745181568886,3.4948840002471115,30.0
1416,47.19999999999988,track,1,318.65021861336663,238.4288986050385,318.6706413798205,238.40240470914398,1,0.03345169516331431,2.07834190026831,-0.3999970521701941,-0.3520923394972272,3.901723999661044,30.0
1417,47.23333333333321,track,1,318.7593527418574,238.31947998063757,318.77425811744104,238.30334100845516,1,0.021968992794237946,2.0931065181325903,-0.3955201411589063,-0.3576382971009177,5.145907000041916,30.0
1418,47.266666666666545,track,1,318.5753833344897,238.5140498161382,318.60124424282503,238.53200208354633,1,0.03148127197275126,2.027692173615717,-0.40577904790855274,-0.34796158801594423,4.592744999172282,30.0
1419,47.299999999999876,track,1,318.3740907516453,238.89608590232075,318.35407058193664,238.90009017781824,1,0.02041669457636193,1.9796174545043541,-0.41748918987998485,-0.3278905340043119,3.5009940002055373,30.0
1420,47.33333333333321,track,1,318.1611681245265,239.19836076864797,318.1516743309646,239.19017207894274,1,0.012537414218424995,2.017951694302665,-0.43051991202824536,-0.3105976565026376,4.1192459993908415,30.0
1421,47.36666666666654,track,1,318.1570572432321,239.2025211820624,318.1479161736827,239.19188122419928,1,0.014027396616487477,2.020710383876876,-0.43336591835243743,-0.30780952790597044,5.455778999021277,30.0
1422,47.39999999999987,track,1,317.85889188628346,239.672131147541,317.86692194233433,239.6899120442681,1,0.019510050963555695,2.155499139499882,-0.45169756069922823,-0.2633331603139426,3.8197079993551597,30.0
1423,47.4333333333332,track,1,317.5626518569941,240.208261020479,317.58930758408985,240.19458184255177,1,0.02996076927865983,2.4185326166040326,-0.47115416585188075,-0.2573860046383425,3.803970999797457,30.0
1424,47.466666666666534,track,1,317.4841726120385,240.5140264597908,317.46446703200183,240.53265127244208,1,0.0271144524354804,2.590877227859273,-0.4804141568331194,-0.22416449412155065,4.427771998962271,30.0
1425,47.499999999999865,track,1,317.50155504872487,240.46858801575783,317.5014971693482,240.44318539077608,1,0.025402690920171035,2.537504617803142,-0.4849988932678846,-0.2426843366884366,5.079542999737896,30.0
1426,47.533333333333196,track,1,317.49844495127513,240.56043956043956,317.49971130839936,240.5852337215258,1,0.02482647949945583,2.56786721817095,-0.49057488244643555,-0.20672095942047783,3.697602998727234,30.0
1427,47.56666666666653,track,1,317.5498436957277,240.4584925321292,317.5768835180004,240.43072394991964,1,0.03875882024092387,2.461100690010988,-0.49319875640436095,-0.22748328050438993,4.426567000336945,30.0
1428,47.59999999999986,track,1,317.59756603512653,240.49688839717882,317.6180859421496,240.49337346778452,1,0.020818773087826918,2.4324744516025363,-0.49565120397758033,-0.22105889517639257,5.616596001345897,30.0
1429,47.63333333333319,track,1,317.6872176270244,240.4754292069229,317.70628211587416,240.44828820227167,1,0.033167587620778885,2.3371144696515587,-0.49548622618487675,-0.21490362488190315,4.558717000691104,30.0
1430,47.66666666666652,track,1,317.88845279900846,240.19004337946706,317.8932918006608,240.1809744390804,1,0.010279183660592672,2.11446711602794,-0.4888087189990039,-0.20919231564228588,4.343259999586735,30.0
1431,47.699999999999854,track,1,318.05360456326025,239.8680503058209,318.0494663232612,239.87493154653703,1,0.008029726276974498,1.9545392659508936,-0.48288388389120696,-0.2040743018662649,4.7411420000571525,30.0
1432,47.733333333333185,track,1,318.0330464716007,239.81411359724612,318.0313777111194,239.82240949492711,1,0.008462073024830253,1.9766163269005015,-0.48570346383556723,-0.1995356297754702,4.587233999700402,30.0
1433,47.76666666666652,track,1,317.9300459502092,239.99588505589466,317.9314538489248,239.99787240086596,1,0.0024355120258879428,2.068547245243918,-0.4926130478768568,-0.19544280028081565,4.076011000506696,30.0
1434,47.79999999999985,track,1,317.81754094961644,240.30271615177276,317.82770450187184,240.28570544063507,1,0.019815703062417315,2.1910032701929887,-0.5001885034488884,-0.19161858164612636,4.674187999626156,30.0
1435,47.83333333333318,track,1,317.7559593726249,240.50777309472812,317.7746476216719,240.51684124151143,1,0.020772143330091253,2.2845826920157033,-0.5053661802429862,-0.16141237998037908,5.361776000427199,30.0
1436,47.86666666666651,track,1,317.72359410666115,240.57252542021166,317.7470572589907,240.5943041235481,1,0.03201298855553881,2.3300103831384,-0.5091364511530313,-0.15272139743159982,3.629238999565132,30.0
1437,47.89999999999984,track,1,317.84612202688726,240.32678386763186,317.85160919019495,240.3082368746334,1,0.01934166255652374,2.170390066909302,-0.5047757864282467,-0.17736927335031097,4.315550999308471,30.0
1438,47.933333333333174,track,1,317.86686002347903,240.34389890200953,317.8666281024881,240.32640587051526,1,0.017494568820222538,2.1581974991645962,-0.5051658915383589,-0.1743491134939887,4.262751001078868,30.0
1439,47.966666666666505,track,1,317.85210780926053,240.48445058742226,317.84072250422867,240.46335866674087,1,0.023968610487437036,2.208433960477063,-0.5072183484785657,-0.171538538412868,4.370392998680472,30.0
1440,47.99999999999984,track,1,317.768163941213,240.74746429310702,317.7805950703871,240.76102899302157,1,0.018399294995057332,2.346257311082787,-0.5128818030182478,-0.12971275009655628,14.06252499873517,30.0
1441,48.03333333333317,track,1,317.69728384822724,241.02488077959777,317.71563035082477,241.02166285789394,1,0.018626571816973615,2.5024267600217582,-0.5181478674121637,-0.10976163289968274,3.9211210005305475,30.0
1442,48.0666666666665,track,1,317.6679349705984,241.1452784503632,317.6847588807417,241.13853318637553,1,0.018125742433689456,2.580038615366609,-0.5215045134539515,-0.09691433850470436,4.141228999287705,30.0
1443,48.09999999999983,track,1,317.62585741010184,241.3782997297859,317.6483650204393,241.3586680466069,1,0.02986629383676581,2.715909780895532,-0.5256628041240894,-0.07757522675869344,3.7755129997094627,30.0
1444,48.13333333333316,track,1,317.61664004444754,241.45003125217028,317.63992183381606,241.4251898203106,1,0.034046122437643364,2.7570155919789654,-0.5282804015310711,-0.06572125219150333,5.205123999985517,30.0
1445,48.166666666666494,track,1,317.6252342286071,241.4288986050385,317.6485939798979,241.4038304913637,1,0.03426497196236436,2.738585459658844,-0.5300166388705452,-0.058429035821302655,4.0997209998749895,30.0
1446,48.199999999999825,track,1,317.65953913223996,241.2740294789288,317.6792895148717,241.25738327844374,1,0.025829703921828928,2.6394525691314037,-0.5303712797660882,-0.0583109894924272,4.1307760002382565,30.0
1447,48.23333333333316,track,1,317.69728384822724,241.11196350818992,317.7126617441736,241.1055386312836,1,0.016666095133486155,2.5404983687905314,-0.5303958473986198,-0.05934962990671929,4.5151450012781424,30.0
1448,48.26666666666649,track,1,317.76832379507687,240.7724608701648,317.780466958073,240.78582486109087,1,0.018056928338549723,2.354537669376755,-0.5284834071421668,-0.07065777706569841,4.237515000568237,30.0
1449,48.29999999999982,track,1,317.92554291623577,240.22750775594622,317.92887486236214,240.2150543283601,1,0.01289145932900836,2.082260238275197,-0.5216855510303949,-0.10645693615043157,3.747070999452262,30.0
1450,48.33333333333315,track,1,318.05788712011577,239.78499069671284,318.0553015290517,239.79591393441274,1,0.011225079197899708,1.9553780363591038,-0.5154646157673995,-0.10538516317079129,3.663677998702042,30.0
1451,48.36666666666648,track,1,318.1416174939257,239.4373481430059,318.1343656493782,239.41010321259978,1,0.028193536177201835,1.9566731331536038,-0.5111413467724614,-0.13457837051805896,6.198656001288327,30.0
1452,48.399999999999814,track,1,318.29015544041454,238.97098445595856,318.27381714233286,238.97152689290942,1,0.01634730014563321,2.0093442189212976,-0.5029283042165839,-0.161602905387438,4.597346000082325,30.0
1453,48.433333333333145,track,1,318.4459881903439,238.5415074678708,318.4201146738801,238.56986287734128,1,0.03838577992487013,2.1310396132628613,-0.4935870182550861,-0.18924617790961568,3.7673309998353943,30.0
1454,48.46666666666648,track,1,318.70565881296204,237.9668347958267,318.720517506143,237.97005555921157,1,0.015203752162758422,2.3995311802046686,-0.47798476390052114,-0.2269396823062056,4.559970999252982,30.0
1455,48.49999999999981,track,1,319.1659177324577,237.3110957483581,319.15671802153906,237.29286486618355,1,0.020420571633729075,2.8354373785961844,-0.4505655837878698,-0.2718750311926332,4.986445999747957,30.0
1456,48.53333333333314,track,1,319.57323389268697,236.66024445825565,319.5957534793072,236.70067100350843,1,0.0462756668522501,3.3240016661521556,-0.40147949183425535,-0.3198631819279566,3.609394001614419,30.0
1457,48.56666666666647,track,1,319.74708036763184,236.38808651786331,319.76156070946104,236.3754736761016,1,0.01920323089473971,3.6323607155547246,-0.3926161042893706,-0.35113261236344495,3.7951469985273434,30.0
1458,48.5999999999998,track,1,319.9712230215827,236.13319630010278,319.9714329756197,236.13204785586186,1,0.0011674779964313561,3.868057634553137,-0.3833389120893471,-0.3830290942410479,5.761395999797969,30.0
1459,48.633333333333134,track,1,319.9339616151888,236.26332805943454,319.93826787665125,236.24842407092024,1,0.015513631470979748,3.752083795266816,-0.37387106631180905,-0.395860001951256,5.008580999856349,30.0
1460,48.666666666666465,track,1,319.8132909204066,236.49429500034574,319.8231182280696,236.46775933087508,1,0.02829695619954907,3.5366666941996794,-0.3644322935398108,-0.40273614285183934,4.515669999818783,30.0
1461,48.6999999999998,track,1,319.77557664334694,236.57137909537994,319.7871463422032,236.58863857938945,1,0.020778539888523757,3.4179955268647575,-0.35515838755773227,-0.41635445757511813,5.870297000001301,30.0
1462,48.73333333333313,track,1,319.6110076557004,236.86757707428097,319.6332975841501,236.85129785925903,1,0.02760169835397202,3.1699835698149736,-0.3462165470556777,-0.4174444389452948,4.819296000277973,30.0
1463,48.76666666666646,track,1,319.3110957483581,237.2903560318009,319.2932163908471,237.275810313791,1,0.0230488467701056,2.814383150286174,-0.37381925646675335,-0.4097895414517858,4.340648998550023,30.0
1464,48.79999999999979,track,1,319.1917598832766,237.53727506426736,319.1813007669451,237.56553037451954,1,0.030128983917177454,2.5684452089915424,-0.3746594768049396,-0.40863211946516304,5.812637999042636,30.0
1465,48.83333333333312,track,1,318.91353873601867,238.03705482742058,318.9195023696144,238.0360254684565,1,0.006051818366505175,2.2415778125731864,-0.38497013379430917,-0.39196068429811204,4.358655000032741,30.0
1466,48.866666666666454,track,1,318.8217616580311,238.2901554404145,318.8300736179667,238.27255930695867,1,0.01946053931850075,2.086331490284465,-0.3872258067031542,-0.3849958228205629,3.704699000081746,30.0
1467,48.899999999999785,track,1,318.72591362126246,238.4937707641196,318.74016244049585,238.48650768810444,1,0.015993158623229937,1.9692256484477193,-0.3906979610631444,-0.37834127448135885,3.53780099976575,30.0
1468,48.93333333333312,track,1,318.6715404337884,238.61749012542444,318.69173846326987,238.6383885505678,1,0.029063801685401118,1.8882621607478938,-0.3929453002766375,-0.37388804866564274,5.411338999692816,30.0
1469,48.96666666666645,track,1,318.6889042516419,238.69305219495334,318.706021470696,238.71010368554528,1,0.02416097099773756,1.8270777039698265,-0.3921320814353991,-0.37041803201908624,3.604846000598627,30.0
1470,48.99999999999978,track,1,318.6006378700686,238.8585592456493,318.6240704102755,238.86785229690963,1,0.02520802932152711,1.7818363161334903,-0.39722906428043203,-0.3609960847415544,14.200978999724612,30.0
1471,49.03333333333311,track,1,318.3118719245963,239.38672118649941,318.2954864030761,239.36512819094776,1,0.027106139016513618,1.8189086882050258,-0.4136105327009732,-0.3309944340157125,3.5237739994045114,30.0
1472,49.06666666666644,track,1,318.0956274686439,239.61749012542444,318.09191355445705,239.63975806548524,1,0.02257552464813713,1.9417950806013653,-0.4277038405631284,-0.2937623126567948,3.872840999974869,30.0
1473,49.099999999999774,track,1,318.0249601331207,239.60063787006862,318.02243240458574,239.62452755338802,1,0.02402303853902641,2.0128967068871946,-0.4353611318103896,-0.28572409967215817,5.140965000464348,30.0
1474,49.133333333333105,track,1,318.0332225913621,239.5062292358804,318.03085935748607,239.51269391828657,1,0.006883094722989098,2.02854186234228,-0.4394330648893451,-0.2772199837760527,4.112267000891734,30.0
1475,49.16666666666644,track,1,318.07478706460773,239.36147081227062,318.0698273259011,239.3430953082667,1,0.01903308055561543,2.0388943881082637,-0.44189206618727983,-0.30191798723329605,3.8525580002897186,30.0
1476,49.19999999999977,track,1,318.10240922506694,239.30887500857986,318.12933290620265,239.2948884007518,1,0.030339904489524703,1.9991442527267962,-0.4449789445343241,-0.29824255195752997,4.238715999235865,30.0
1477,49.2333333333331,track,1,318.21686250257676,239.2226345083488,318.21529474287536,239.21332422927162,1,0.009441354085941293,1.950392684322679,-0.4433373542379189,-0.29672686794810277,6.119863001003978,30.0
1478,49.26666666666643,track,1,318.1786477358881,239.31842304776345,318.1727849441023,239.30112814471693,1,0.018261599023958058,1.9563069111481393,-0.4491492695955162,-0.28623588497090524,3.4403649988234974,30.0
1479,49.29999999999976,track,1,318.29580665151826,239.17351786820905,318.2732944551608,239.1661036575524,1,0.02370167725073776,1.9175231807010633,-0.44674253762010396,-0.28836606840282086,4.274327999155503,30.0
1480,49.333333333333094,track,1,318.4736878596686,238.9375996671982,318.4385230591995,238.9402752197076,1,0.03526643975880374,1.8871213121093993,-0.4404158495863742,-0.29628431044957226,5.219695998675888,30.0
1481,49.366666666666426,track,1,318.49377076411963,238.85880398671097,318.48666564688483,238.86686687852614,1,0.010746763016993757,1.8905479457817527,-0.4413720334664238,-0.2973832145657276,4.984434999641962,30.0
1482,49.39999999999976,track,1,318.2516596667118,239.25978864652487,318.3505840828532,239.1011154477593,1,0.1869845558205451,1.8784478448959583,-0.45575408593310474,-0.27403236993146085,3.9809730005799793,30.0
1483,49.43333333333309,track,1,318.2158126908721,239.42178486596538,318.2580701566809,239.27373527186808,1,0.1539622542344643,1.8872678756271555,-0.46001355140791444,-0.2620508629996512,4.116003001399804,30.0
1484,49.46666666666642,track,1,318.179154225401,239.44580237483507,318.16927948167506,239.42033394371288,1,0.02731577470033049,1.920299547733998,-0.4642819421491869,-0.2569794786495251,5.541145999814034,30.0
1485,49.49999999999975,track,1,318.00828100200124,239.7432889379615,318.0069217297513,239.7584439779714,1,0.015215875221346965,2.007662895786002,-0.4756075535987326,-0.2242516905558823,3.9986199990380555,30.0
1486,49.53333333333308,track,1,317.90526532573625,239.90114642685523,317.9110856686832,239.9065040198227,1,0.00791076446528211,2.091005638894843,-0.48392621568037597,-0.2186671954539553,3.8202999985514907,30.0
1487,49.566666666666414,track,1,317.83903143702275,240.06603838481118,317.84543330164786,240.06113250759256,1,0.008065451131977817,2.1554337941891424,-0.49063513592130864,-0.21315548292715225,4.887753999355482,30.0
1488,49.599999999999746,track,1,317.8431804113075,240.1031707820345,317.8514664082991,240.09701309637728,1,0.010323509035080407,2.150722700753397,-0.4938159177124933,-0.20778177285513674,4.1710259993124055,30.0
1489,49.63333333333308,track,1,317.8763311576778,240.0948127791137,317.8811866114571,240.0884257901762,1,0.008023033035654804,2.120657750754913,-0.4953413187914072,-0.20261460414877178,4.143139000007068,30.0
1490,49.66666666666641,track,1,317.9259208450511,240.02880856025791,317.93056107814107,240.0257951165105,1,0.005532866015729056,2.0695996809384294,-0.4957214726904076,-0.19773053225409623,4.261680000126944,30.0
1491,49.69999999999974,track,1,318.0,239.88874390495158,318.0010861545352,239.89469878906516,1,0.006053129478249286,2.001685516412423,-0.49443315650859443,-0.1932190195347235,5.448149000585545,30.0
1492,49.73333333333307,track,1,318.11219613546643,239.63432370662787,318.1049364573788,239.6559296678298,1,0.02279299202377157,1.926045228973523,-0.49062916353638975,-0.18919637578440185,3.760493998925085,30.0
1493,49.7666666666664,track,1,318.22442335665306,239.3698829396689,318.213020875296,239.34790393609012,1,0.024760718475322338,1.9022417482261675,-0.4861306159985133,-0.2187018885169929,4.537864999292651,30.0
1494,49.799999999999734,track,1,318.3993621299314,239.058240310615,318.37678734317876,239.05552132228308,1,0.022737939538907948,1.8779934243565806,-0.47760769507741574,-0.23445412659565462,4.815372998564271,30.0
1495,49.833333333333066,track,1,318.4859501838618,238.88760147089434,318.46788969666284,238.89344181633396,1,0.018981328528797185,1.8899293625504037,-0.472749041753155,-0.2446275920480369,5.001976000130526,30.0
1496,49.8666666666664,track,1,318.5499687478297,238.69164525314258,318.57825592891504,238.70982124279658,1,0.03362337302615234,1.9198743264089437,-0.4684567779714954,-0.25739137712052773,4.539767000096617,30.0
1497,49.89999999999973,track,1,318.7009966777409,238.5062292358804,318.71713867269864,238.51404552698773,1,0.017934837827285187,1.9631082193680984,-0.4590795632780261,-0.27090347211076693,5.010003998904722,30.0
1498,49.93333333333306,track,1,318.84222545152585,238.34046086776002,318.85206305375004,238.32316977966263,1,0.019893721248495755,2.0321217533411553,-0.44938419488522874,-0.2845810231692637,5.325538999386481,30.0
1499,49.96666666666639,track,1,318.8714315338356,238.306905370844,318.8787366349974,238.28829937957335,1,0.019988682151331722,2.04625280639172,-0.4448161337034876,-0.29233392626450144,4.941361999954097,30.0
1500,49.99999999999972,track,1,318.70002083188666,238.55419762516493,318.7174413669685,238.57918430244297,1,0.030459958698828754,1.914072593604564,-0.450562711389664,-0.28566564130559113,15.296289999241708,30.0
1501,50.033333333333054,track,1,318.5031116028212,239.00829760752316,318.50667896779805,239.00910830847715,1,0.0036583232381551976,1.7921702066337617,-0.45833227859889764,-0.26712840546179134,6.051401000149781,30.0
1502,50.066666666666386,track,1,318.4906470832756,239.05403907440765,318.47710948708504,239.05282944881253,1,0.013591530623820828,1.7934122692128402,-0.4572850319303805,-0.2680743770411631,4.749685000206227,30.0
1503,50.09999999999972,track,1,318.5626518569941,238.8583825060743,318.587926963991,238.8676210596168,1,0.026910628109772322,1.8100365531245826,-0.45198628963049264,-0.281270193567957,3.7218209999991814,30.0
1504,50.13333333333305,track,1,318.5711013949615,238.85425775556945,318.5973669983433,238.86365442619353,1,0.027895865998910183,1.8051760580192666,-0.44988181199601374,-0.28492356945909386,4.156422000960447,30.0
1505,50.16666666666638,track,1,318.6217002702141,238.79214300561213,318.64443829803486,238.8038576162469,1,0.025578311349691952,1.8078451620770004,-0.4456481303390917,-0.2914378657983931,5.128372000399395,30.0
1506,50.19999999999971,track,1,318.79593253279654,238.56687721246615,318.8066562403628,238.59086490235768,1,0.026275600284280245,1.8465457080918453,-0.43480473292383665,-0.30660592704831946,4.808806999790249,30.0
1507,50.23333333333304,track,1,318.9165913672065,238.4754292069229,318.9216208917661,238.44559417969504,1,0.03025599059664055,1.8918453835536528,-0.4261466488834553,-0.31548839520263444,4.168027999185142,30.0
1508,50.266666666666374,track,1,319.1527978525707,238.17757588271732,319.1468200893057,238.16983690300333,1,0.00977882716207388,2.0192604887980017,-0.4109352081843582,-0.33551424039029626,4.181157999482821,30.0
1509,50.299999999999706,track,1,319.3362623676745,237.9709402892133,319.31678575368403,237.97416375416537,1,0.019741560698988303,2.13794158042413,-0.3975262899480762,-0.351884279801843,5.238413999904878,30.0
1510,50.33333333333304,track,1,319.3320650294016,237.97094430992735,319.31483204817323,237.97351602228787,1,0.017423815497238145,2.139180318284197,-0.39322266885219215,-0.35817657352996296,4.332419999627746,30.0
1511,50.36666666666637,track,1,319.2692440455644,238.04970659302728,319.25422790355765,238.0475686800562,1,0.015167570426360093,2.09001532983122,-0.39203057198601426,-0.36024259670849523,3.70015400039847,30.0
1512,50.3999999999997,track,1,319.10762331838566,238.2483615039669,319.1028306137754,238.2367551922306,1,0.012556929943326741,1.97836931832872,-0.3963910138726575,-0.35549822586804264,5.961232998743071,30.0
1513,50.43333333333303,track,1,318.8709498369528,238.5140498161382,318.87940195357555,238.53155687127617,1,0.019440556962415364,1.8471776319419124,-0.40555649411568784,-0.34612400557435424,4.662457999074832,30.0
1514,50.46666666666636,track,1,318.9128751210068,238.50311160282118,318.9164792695125,238.5044881115599,1,0.0038580646390318656,1.8467736682825704,-0.40128138903069943,-0.34986155413264514,3.9879250016383594,30.0
1515,50.499999999999694,track,1,319.08309673845304,238.36147081227062,319.0775926554883,238.3428259694753,1,0.0194402955776101,1.896591963669204,-0.3903547793664766,-0.3601413038860356,4.5804220007994445,30.0
1516,50.533333333333026,track,1,319.08309673845304,238.36147081227062,319.0774487739561,238.34188666113857,1,0.02038230797827943,1.8974827032637878,-0.3879170340336267,-0.3632142196447882,5.268733999400865,30.0
1517,50.56666666666636,track,1,319.0083339120772,238.45003125217028,319.0065939558431,238.4218091301152,1,0.02827570725884573,1.8648168785044912,-0.3895953127834215,-0.3613468144897036,3.9671419999649515,30.0
1518,50.59999999999969,track,1,318.976975262112,238.40101418488317,319.0077143507349,238.4215569198031,1,0.036971550242821484,1.8644337926456336,-0.38947961448263535,-0.3661016118307908,3.6727160004375037,30.0
1519,50.63333333333302,track,1,319.05381165919283,238.40400137978614,319.0582619124309,238.394109476533,1,0.010846866084375397,1.8616538343471365,-0.38398197739938755,-0.3680693613886001,6.0834669984615175,30.0
1520,50.66666666666635,track,1,319.03889923442995,238.43534036830127,319.0434812343193,238.41469653619828,1,0.02114621779142797,1.8515170054420416,-0.38317013850396753,-0.3683193346770506,4.277897000065423,30.0
1521,50.69999999999968,track,1,319.0785394419566,238.40840509817428,319.0751397175417,238.38407924315783,1,0.024562274902359477,1.8618717556433022,-0.37967989486745235,-0.37132159839353734,3.856723000353668,30.0
1522,50.733333333333015,track,1,319.2533068329792,238.25248440819684,319.23523617836645,238.2313732340284,1,0.027789030801795078,1.9268898100801397,-0.36901536620655256,-0.3810759266718827,4.89284899958875,30.0
1523,50.766666666666346,track,1,319.26919664186744,238.2683775851478,319.24459032678794,238.2165451253165,1,0.05737660354146999,1.936841517629859,-0.3660683522126974,-0.3823149870990412,4.417612999532139,30.0
1524,50.79999999999968,track,1,319.4038659263829,238.16203989307013,319.3325324441332,238.12208544918332,1,0.08176076856394238,1.9930067732709282,-0.35681717890585607,-0.3898754980403254,4.868902999078273,30.0
1525,50.83333333333301,track,1,319.73026270426806,237.80224781079778,319.731430662198,237.8003007546494,1,0.002270496282988217,2.216033902990506,-0.322794928013087,-0.4112136378024168,6.018935999236419,30.0
1526,50.86666666666634,track,1,319.96666898132077,237.55419762516493,319.96706454709977,237.58102168626874,1,0.026826977585751702,2.4192025186742567,-0.31760346821291424,-0.42821216120828315,5.821353999635903,30.0
1527,50.89999999999967,track,1,320.22921441967077,237.45426130443843,320.2169995374164,237.42703693697717,1,0.029839060510562777,2.5820975432618236,-0.3120985261455304,-0.43858031755080695,5.1138190010533435,30.0
1528,50.933333333333,track,1,320.39098786828424,237.3951473136915,320.3680670878417,237.37088189449582,1,0.03337922624681134,2.6547571252079076,-0.3063187174466566,-0.4473685582293637,6.307191999439965,30.0
1529,50.966666666666335,track,1,320.4332430743595,237.44157467194333,320.4082463676725,237.41409914269826,1,0.037144852301379074,2.617928253507278,-0.30035919375551934,-0.45094772208192646,4.88311100161809,30.0
1530,50.999999999999666,track,1,320.3498542274053,237.5156184922949,320.32900780010334,237.53847435238663,1,0.030934832661384946,2.4834159229551673,-0.29435942278308114,-0.45291858688568,15.579230999719584,30.0
1531,51.033333333333,track,1,320.14918157331306,237.71821258374197,320.14101594159604,237.73198378193217,1,0.016010104338564892,2.2723958856684527,-0.28848633406303303,-0.44775898482565835,4.027103999760584,30.0
1532,51.06666666666633,track,1,320.24908323531446,237.66373763232548,320.23353703920213,237.68350721514474,1,0.02514996259262924,2.3282350334460995,-0.28273206199702927,-0.4551813742594174,5.433868000181974,30.0
1533,51.09999999999966,track,1,320.45426130443843,237.5749114398833,320.42698211532786,237.60116618224134,1,0.03786113647023677,2.436537997247822,-0.27703906819574964,-0.4644685711985094,5.254411998976138,30.0
1534,51.13333333333299,track,1,320.4500312521703,237.6416417806792,320.42217425779575,237.66370613220022,1,0.03553656910318366,2.374131449744149,-0.2714605131366872,-0.4657772374650474,3.6187670011713635,30.0
1535,51.16666666666632,track,1,320.51718869365925,237.62497395652474,320.54126583563357,237.6453846424306,1,0.0315642973119792,2.4160261147027735,-0.23896209074886168,-0.47106366713105297,4.252167000231566,30.0
1536,51.199999999999655,track,1,320.327868852459,237.74268520439927,320.30843264769385,237.7585927938989,1,0.025116079697325322,2.2625288863847284,-0.2589641071909118,-0.46917299975195204,5.87049699970521,30.0
1537,51.233333333332986,track,1,320.3614708122706,237.7548646215636,320.3408196726542,237.76913491427894,1,0.025102008318811167,2.2567492284162585,-0.253965228781636,-0.4721823264361294,4.045884999868576,30.0
1538,51.26666666666632,track,1,320.3320650294016,237.80491179522656,320.313680306945,237.8137991423486,1,0.020420160593716045,2.2085899404282285,-0.24925140202346824,-0.4729515413799638,3.8730840005882783,30.0
1539,51.29999999999965,track,1,320.53727506426736,237.699854095741,320.56371726418433,237.71649727040085,1,0.03124396260412152,2.352054818669462,-0.21662519244000603,-0.48151050860526134,4.347778000010294,30.0
1540,51.33333333333298,track,1,320.6217002702141,237.64248596965288,320.6444564974471,237.66290820452735,1,0.030576356145692807,2.424318922412505,-0.20592374662311555,-0.4878424337358481,4.4606190003833035,30.0
1541,51.36666666666631,track,1,320.7129186602871,237.5964218847514,320.7311706518839,237.61812294512532,1,0.028356149572921093,2.491575571142637,-0.19465489282943924,-0.4937178052877266,3.542104001098778,30.0
1542,51.39999999999964,track,1,320.51091703056767,237.68808484092327,320.5237355863102,237.7064324883712,1,0.02238194670259432,2.3526051293761063,-0.198614746091471,-0.4924449109674285,4.232583998600603,30.0
1543,51.433333333332975,track,1,320.16096856297725,237.88030542752975,320.1539383635694,237.88627311947135,1,0.009221553601419612,2.1193249739593467,-0.21983079893704321,-0.4853996196653875,5.246238000836456,30.0
1544,51.466666666666306,track,1,319.81411359724615,238.07848537005162,319.8239178044338,238.07290179898627,1,0.01128267452424815,1.9351259431741876,-0.21668616585294473,-0.4770954120830067,4.364337000879459,30.0
1545,51.49999999999964,track,1,319.3698829396689,238.3200110826349,319.3487974020935,238.30044399969415,1,0.028765789223545737,1.8200426977672175,-0.24720049305655797,-0.4654775270481194,4.283127000235254,30.0
1546,51.53333333333297,track,1,319.02495321272613,238.48908296943233,319.02475186136144,238.47428082765396,1,0.014803511191578371,1.8107810261824253,-0.26576347787412863,-0.45643488070734356,5.036381000536494,30.0
1547,51.5666666666663,track,1,318.7793658502741,238.57954624297508,318.79142240366025,238.60580779586957,1,0.028896879416008468,1.8451102157953727,-0.2810868458012994,-0.45057786627773316,4.8244900008285185,30.0
1548,51.59999999999963,track,1,318.54573869556157,238.7374453011044,318.5743393415828,238.75447385208344,1,0.033286160807119186,1.8931042491374954,-0.2973319181769798,-0.4405609706315776,3.891222000675043,30.0
1549,51.63333333333296,track,1,318.49220968077003,238.80887750155807,318.4821281657571,238.82111764938645,1,0.015857432447166978,1.9218997116852952,-0.30550260551441855,-0.43425987557270085,4.072949999681441,30.0
1550,51.666666666666295,track,1,318.4843815077051,238.8250728862974,318.46100916766864,238.83418551462802,1,0.025085977634381647,1.930703549565061,-0.3118186059042509,-0.4304311418064164,5.408962999354117,30.0
1551,51.699999999999626,track,1,318.4288986050385,238.8709140120758,318.4046301177723,238.87784103371115,1,0.025237731731037,1.9504988609947287,-0.3208618338344451,-0.4248977390771048,3.8524730007338803,30.0
1552,51.73333333333296,track,1,318.4035781152486,238.90014562096943,318.3808607621738,238.90399799925927,1,0.023041678524182273,1.9552064487148155,-0.3286000661650529,-0.4200406029895834,4.304775000491645,30.0
1553,51.76666666666629,track,1,318.2608875698806,239.0331285803023,318.24608366506527,239.03096212988612,1,0.014961587655958994,2.0038105957564247,-0.3425912873210937,-0.40962917723985875,5.4293270004563965,30.0
1554,51.79999999999962,track,1,318.07032057911067,239.22750775594622,318.0661931581475,239.21576307777661,1,0.012448817980634604,2.0867765696820557,-0.35959492530804527,-0.3954884812659871,4.128201999265002,30.0
1555,51.83333333333295,track,1,318.0951396070321,239.22750775594622,318.09100706019376,239.21690038100974,1,0.011383951265446487,2.0633707998061728,-0.36590049551320153,-0.39084419415368293,3.952798000682378,30.0
1556,51.86666666666628,track,1,318.13236814891417,239.22750775594622,318.1262788613003,239.21430790603972,1,0.014536693613006565,2.031783200078631,-0.3712587186523224,-0.38627798307253736,4.3764689999079565,30.0
1557,51.899999999999615,track,1,318.3782997297859,239.04988567865308,318.3561699026651,239.04628892155512,1,0.022420212086833126,1.9004584210270332,-0.36515961256073687,-0.3912275497579477,5.76227899910009,30.0
1558,51.933333333332946,track,1,318.48751733703193,238.97087378640776,318.4714860865789,238.97162912447249,1,0.01604903507003414,1.8422544452803065,-0.36483998150427205,-0.3919454108783766,4.64832000034221,30.0
1559,51.96666666666628,track,1,318.4711932726388,239.03335881576203,318.4429452519629,239.02983738566854,1,0.02846666720937951,1.8345667026934003,-0.37019153745605526,-0.38582964654641827,3.801922001002822,30.0
1560,51.99999999999961,track,1,318.6217002702141,238.87112866347954,318.6437669345132,238.87798969332943,1,0.023108686762592492,1.7601918236927065,-0.3663115293320985,-0.3916083404775277,14.327152000987553,30.0
1561,52.03333333333294,track,1,318.6259092483547,238.9043990301351,318.64750457590685,238.91094722245776,1,0.022566280038598913,1.736456110722458,-0.3690221898883105,-0.3880611507696917,3.79488799990213,30.0
1562,52.06666666666627,track,1,318.4984552008239,239.07222794370065,318.49765729506373,239.09858666650592,1,0.026370796755638377,1.7520215754596533,-0.37816888999895076,-0.3775933057437469,6.078555999920354,30.0
1563,52.0999999999996,track,1,318.4813019390582,239.16869806094184,318.4543677570688,239.16732283360875,1,0.026969267873947805,1.75565665601733,-0.3816115232033212,-0.37043506238248003,3.627162999691791,30.0
1564,52.133333333332935,track,1,318.48286841558803,239.17526129992387,318.459174572395,239.16686118784605,1,0.025138816363859794,1.7516458770743082,-0.38379078432501773,-0.36779347062745726,3.5380420013098046,30.0
1565,52.166666666666266,track,1,318.57252542021166,239.04067233865948,318.5966286200521,239.03513843980846,1,0.02473031093702809,1.7030587366242176,-0.3810025451406755,-0.3727272255600891,4.604091000146582,30.0
1566,52.1999999999996,track,1,318.50465420947387,239.16300075846377,318.5078642905397,239.14416656659745,1,0.019105795029429946,1.7201511099831168,-0.38584866800651857,-0.36485372115441633,5.110914999022498,30.0
1567,52.23333333333293,track,1,318.62440668638646,239.0459517094311,318.6418638982758,239.01001926924903,1,0.0399486483424402,1.6806533009710336,-0.38081160695889077,-0.3692747334231439,4.126476000237744,30.0
1568,52.26666666666626,track,1,318.59220472987033,239.0332894098065,318.61426659220024,239.0326988251706,1,0.022069765736769987,1.689949301108966,-0.38305076344812594,-0.36883927328641436,4.058418999193236,30.0
1569,52.29999999999959,track,1,318.4812395775431,239.23346303501944,318.4545615948705,239.21766759955995,1,0.031003395633935896,1.7321731578648716,-0.3893624691533509,-0.357400782612525,4.972873999577132,30.0
1570,52.333333333332924,track,1,318.137299771167,239.5964218847514,318.1304413421559,239.61903906657471,1,0.023634190532554014,1.9079781990148839,-0.40828325408283334,-0.31554808388689404,4.1941470008168835,30.0
1571,52.366666666666255,track,1,317.82657766155114,239.91741793407198,317.83368749281715,239.92145764429682,1,0.008177344271327087,2.1677358650020664,-0.4268701473730655,-0.3108305344008738,4.043537001052755,30.0
1572,52.39999999999959,track,1,317.5415074678708,240.3501215699896,317.56817680732735,240.328123506255,1,0.03457120875988086,2.453860035898072,-0.44551766501035295,-0.3056962121142165,4.686739999669953,30.0
1573,52.43333333333292,track,1,317.3614708122706,240.83380652309398,317.3404703402044,240.84136419291997,1,0.022319009839235217,2.7894429043198743,-0.46000569754154563,-0.2564589471425746,5.162239000128466,30.0
1574,52.46666666666625,track,1,317.3951473136915,240.7213171577123,317.37199327631555,240.73861302973995,1,0.028900806840015312,2.729829398961098,-0.4641823478039262,-0.25345614956829643,4.471446000025026,30.0
1575,52.49999999999958,track,1,317.2943245293428,240.87173298393213,317.2866773601288,240.8782377784873,1,0.010039499449299652,2.8519153815637437,-0.47546469658105595,-0.23681617480509826,4.939846001434489,30.0
1576,52.53333333333291,track,1,317.2534223017129,240.9628534085437,317.24563733186517,240.96328756862124,1,0.007797066788389257,2.9179507616604923,-0.4840895363504736,-0.2225739742642188,5.308939000315149,30.0
1577,52.566666666666244,track,1,317.25916500447073,240.99174633743723,317.2418896796264,240.991614561009,1,0.017275827433261275,2.9309506950742703,-0.4904665082692339,-0.21119859347834885,3.6798029996134574,30.0
1578,52.599999999999575,track,1,317.46946273830156,240.6256499133449,317.4360956049221,240.64710380654412,1,0.03966907010966818,2.644305028460897,-0.4860114062723613,-0.22059209513185554,4.155567999987397,30.0
1579,52.63333333333291,track,1,317.69966339218246,240.247303702686,317.6823624115402,240.23456126116332,1,0.02148705999297535,2.3294769749195137,-0.47951228197530416,-0.24530770990366418,4.538872999546584,30.0
1580,52.66666666666624,track,1,317.7974788179376,240.09506096300888,317.80762757643765,240.08942363113374,1,0.011609341487055573,2.1941953945357238,-0.4788037397529041,-0.24007684797972728,4.005275000963593,30.0
1581,52.69999999999957,track,1,317.9340976179035,239.90114642685523,317.93541812550734,239.90589034676168,1,0.004924278262912999,2.066725657487288,-0.47535067602762876,-0.235488045042674,3.567966999980854,30.0
1582,52.7333333333329,track,1,318.0207139404819,239.72657598563833,318.0201169137343,239.7395734736532,1,0.013011192706045506,1.9969374078588737,-0.4736609080758133,-0.23153712848506608,4.0685460007807706,30.0
1583,52.76666666666623,track,1,318.2451353784364,239.36147081227062,318.23107354235515,239.34120050839863,1,0.02467023415045571,1.8876222033792118,-0.4640326509806152,-0.2616918772526071,4.8304419997293735,30.0
1584,52.799999999999564,track,1,318.48281130634075,239.00833391207723,318.4607391273206,239.00860639791182,1,0.0220738609044105,1.8308974052150224,-0.4524481539632598,-0.27995747992219233,4.335827999966568,30.0
1585,52.833333333332895,track,1,318.57532440496846,238.7959891749358,318.6013906767894,238.8093914575831,1,0.02930992505620149,1.8367516817054392,-0.44718633078190717,-0.29287437988921167,3.8960540005064104,30.0
1586,52.86666666666623,track,1,318.6132788135006,238.77545221429068,318.63602143816155,238.78912030547247,1,0.02653382168145151,1.8239153356924174,-0.444096129999481,-0.2971282591274893,4.154408999966108,30.0
1587,52.89999999999956,track,1,318.70537381561655,238.6763261636351,318.7227877256404,238.6940986903051,1,0.02488186019079082,1.8266497815502787,-0.4377426241060335,-0.3060649405796949,4.721393001091201,30.0
1588,52.93333333333289,track,1,318.8542274052478,238.5156184922949,318.86142489205463,238.53608055607907,1,0.02169100898165766,1.854565559564443,-0.42782582513840467,-0.31898538568017343,3.6911549996148096,30.0
1589,52.96666666666622,track,1,318.8168574401665,238.58376690946932,318.82640070446007,238.6062651397877,1,0.02443858139983107,1.822040660101424,-0.4269620216758341,-0.3207415188121374,3.5301569987495895,30.0
1590,52.99999999999955,track,1,318.6385291877294,238.87535489232047,318.65956213609456,238.8834321476242,1,0.022530578558358716,1.7445622476571199,-0.43360511139594876,-0.31054915906414254,13.790996001262101,30.0
1591,53.033333333332884,track,1,318.50622923588037,239.14119601328903,318.5129932517316,239.1324061619813,1,0.011091140448469988,1.721600458051702,-0.4386018024543537,-0.3004316317948453,3.993544998593279,30.0
1592,53.066666666666215,track,1,318.466958515739,239.26683343756514,318.4392813386665,239.24958615394405,1,0.03261126987729619,1.7317516219675226,-0.4393913917226063,-0.29635288945742766,4.217093000988825,30.0
1593,53.09999999999955,track,1,318.4204537570249,239.32470686186082,318.3954806364191,239.30404463572103,1,0.032412718828325096,1.7489529030750675,-0.44092589620155986,-0.2949819220758062,4.670129999794881,30.0
1594,53.13333333333288,track,1,318.50155504872487,239.15757827078582,318.50329883723725,239.14719497585048,1,0.010528704198054628,1.7226116160731122,-0.43613965900819346,-0.30487498189949747,4.114130999369081,30.0
1595,53.16666666666621,track,1,318.5626518569941,239.04581742450537,318.58668754895933,239.04168636923515,1,0.02438811402905391,1.7075763816521607,-0.43227112145926716,-0.3122323204954176,3.671783000754658,30.0
1596,53.19999999999954,track,1,318.5879864049386,239.0249705209128,318.6123100352868,239.0246107533228,1,0.02432629084004195,1.6961920942803852,-0.4301990073168247,-0.3150236793410507,5.0983979999728035,30.0
1597,53.23333333333287,track,1,318.64693665628243,238.96677050882658,318.6682415209584,238.96776836455138,1,0.02132822015334253,1.6849578023559197,-0.42639569043924885,-0.3196643176363916,4.467057000510977,30.0
1598,53.266666666666204,track,1,318.75163849603314,238.85512245601933,318.7628575472924,238.86223530329613,1,0.013283813742345522,1.680782541959843,-0.4200660176509041,-0.32717260001236237,3.819194000243442,30.0
1599,53.299999999999535,track,1,319.0083281282532,238.5711013949615,319.00866321935234,238.59480339540858,1,0.02370436903270107,1.7196877944034283,-0.40538545646864044,-0.3440777444449183,3.741571999853477,30.0
1600,53.33333333333287,track,1,319.3867211864994,238.26197241666088,319.36429944745464,238.24708232046078,1,0.026915596717150807,1.8646274651381838,-0.3832527871770303,-0.3634021871266776,5.0674779995460995,30.0
1601,53.3666666666662,track,1,319.59220472987033,237.98751647132255,319.6170340432747,237.9899841029639,1,0.024951633414475177,2.046173704832608,-0.3472812275448737,-0.3821883851101061,4.10185900000215,30.0
1602,53.39999999999953,track,1,319.55842532805667,237.9083524265778,319.5834482623175,237.91367893975854,1,0.025583568587809767,2.127498746550358,-0.3410735190146509,-0.3918759267279198,3.577176999897347,30.0
1603,53.43333333333286,track,1,319.5187604224569,237.85408560311285,319.5454917538944,237.863760509703,1,0.028428293968307455,2.184055151703437,-0.33480629669207196,-0.40062576273758765,4.098788000192144,30.0
1604,53.46666666666619,track,1,319.6132788135006,237.71723612169936,319.63344970377403,237.7320231627035,1,0.025010425747716485,2.297406810770944,-0.3285287012355778,-0.4139426502063993,4.617327000232763,30.0
1605,53.499999999999524,track,1,319.6301170603311,237.6799889173651,319.65102195302,237.69940322479124,1,0.028529456201819636,2.326914523435469,-0.3223131219017895,-0.4225215624755093,3.8101780010038055,30.0
1606,53.533333333332855,track,1,319.6090663339572,237.70056144728633,319.6307990825751,237.7161419104657,1,0.02674066557461141,2.313507529825369,-0.316232277533097,-0.42811443370622415,3.638104999481584,30.0
1607,53.56666666666619,track,1,319.7918545757302,237.57954624297508,319.8044872873991,237.6038062429626,1,0.0273520200991524,2.404156763202753,-0.3102439612381065,-0.4409383782743666,5.069541999546345,30.0
1608,53.59999999999952,track,1,319.6763261636351,237.7219724738917,319.69453414818764,237.73872131876857,1,0.024739735369942464,2.281817403039781,-0.30445439164829263,-0.44018557729662516,4.283484000552562,30.0
1609,53.63333333333285,track,1,319.5879864049386,237.81272109315393,319.61212759725265,237.82434666365828,1,0.026794608709517043,2.2099575653726653,-0.29893211391483504,-0.4413328998369354,3.999120001026313,30.0
1610,53.66666666666618,track,1,319.5795462429751,237.8334836605842,319.6021236158191,237.8427481274793,1,0.024404264205011256,2.1936365374835805,-0.29368918707842373,-0.4454860978733506,3.735168000275735,30.0
1611,53.69999999999951,track,1,319.3993621299314,238.02496013312071,319.37539276760975,238.02489497126385,1,0.023969450894269814,2.071514921330049,-0.32021699428793493,-0.4402139595170215,5.438277999928687,30.0
1612,53.733333333332844,track,1,321.08684264939006,243.21917430560342,321.0832167371454,243.20603608868788,1,0.013629379418217706,3.3840842042716663,-0.22878427679952396,-0.1698637759609528,3.8849949996802025,30.0
1613,53.766666666666175,track,1,322.48751733703193,246.9375866851595,322.46979882925496,246.94041909497253,1,0.01794346853848965,7.366771577214025,-0.1454278658004341,0.04581724626814021,3.467898999588215,30.0
1614,53.79999999999951,track,1,323.2787794729542,249.5124826629681,323.26430702808887,249.52933079103866,1,0.022210607372673292,10.072926372145677,-0.08781082417847269,0.2195713697188013,3.633667998656165,30.0
1615,53.83333333333284,track,1,323.91322911645204,251.19420150127402,323.91703038273664,251.1856099264665,1,0.009394933902892358,11.85162421132006,-0.0344094360363105,0.3601880003009613,5.124364999574027,30.0
1616,53.86666666666617,track,1,324.1485250636045,252.1031424052809,324.14227128609224,252.09763335991272,1,0.008334225461395627,12.787147622455032,0.0012637554007279006,0.4699413644755142,3.6577850005414803,30.0
1617,53.8999999999995,track,1,324.2125147579693,252.45003125217028,324.2018788439872,252.42383581892682,1,0.028272307812552383,13.115162304569319,0.029361896326887404,0.556007582185134,3.4235559996886877,30.0
1618,53.93333333333283,track,1,324.0829473975254,252.306905370844,324.0790474831766,252.29159417871614,1,0.01580006127531973,12.95074962402787,0.04768777192956805,0.6188854050794376,3.722658999322448,30.0
1619,53.966666666666164,track,1,323.7307559544356,251.81360027614772,323.7454606103914,251.82309674174599,1,0.017504564137288684,12.402180927106244,0.05356612479023212,0.6628726570256462,4.910141000436852,30.0
1620,53.999999999999496,track,1,323.21500930328716,251.11577424023156,323.2057814272494,251.1097017077169,1,0.011046689427591802,11.562980004901211,0.048842748663650834,0.6931918070365263,13.312212999153417,30.0
1621,54.03333333333283,track,1,322.5156184922949,250.22907122032487,322.5358266186589,250.21626932110934,1,0.02392189362632164,10.52628023004038,0.03142090283294814,0.7088802536912896,4.209395001453231,30.0
1622,54.06666666666616,track,1,321.85932004689334,249.23584580373767,321.86507646307274,249.2238708365615,1,0.01328669131502667,9.4105421428671,0.012199246704818471,0.7127663458311623,3.5402239991526585,30.0
1623,54.09999999999949,track,1,321.12803744751153,248.18173057066153,321.12283669376745,248.17366985971177,1,0.009592856744587092,8.250432789643897,-0.015090033958748826,0.7062453123649984,3.402436999749625,30.0
1624,54.13333333333282,track,1,320.45426130443843,247.14169618670556,320.4276257675805,247.13211187758714,1,0.028307433740783414,7.144920127721393,-0.0676987325669863,0.69250850389118,5.0262219992873725,30.0
1625,54.16666666666615,track,1,320.26506523089665,246.23193207703457,320.2502911744173,246.2204429413719,1,0.018715581292848872,6.225476372042133,-0.06711060409416805,0.6775338704685017,4.350683000666322,30.0
1626,54.199999999999484,track,1,320.0665880557675,245.41201359506138,320.06144408217756,245.38700450433794,1,0.02553262781437827,5.387354908022291,-0.06814006836941998,0.6596845853749467,3.7056119999760995,30.0
1627,54.233333333332816,track,1,319.97507788161994,244.64693665628243,319.97554903179685,244.6661676229225,1,0.019236737259746863,4.666231684674079,-0.07048317614463888,0.6375458902531377,3.370204000020749,30.0
1628,54.26666666666615,track,1,319.9176672384219,244.06998284734135,319.9217257183142,244.06647760970793,1,0.005362643928375615,4.067230877812245,-0.07385379439836502,0.6185709335689684,4.690797999501228,30.0
1629,54.29999999999948,track,1,320.0249947927515,243.55842532805664,320.0244606408727,243.58576694402166,1,0.027346833122099196,3.585850373313186,-0.07792100766593524,0.5974006917941631,3.9334530010819435,30.0
1630,54.33333333333281,track,1,320.31528728479566,243.24476249740718,320.29993912996036,243.22949735733704,1,0.02164694801142205,3.243395853535041,-0.08232164735330218,0.5816615474905455,3.7914200001978315,30.0
1631,54.36666666666614,track,1,320.8763311576778,242.95465475781518,320.88355253191673,242.95694532113754,1,0.007575943916948591,3.086128757659611,-0.040804549765600155,0.563440744578339,4.517845000009402,30.0
1632,54.39999999999947,track,1,321.4035781152486,242.7586852506761,321.38221706932035,242.77128860793522,1,0.024801993818024892,3.096863667517841,-0.014005072238629353,0.5470317861380871,4.830357000173535,30.0
1633,54.433333333332804,track,1,321.7425070948986,242.65113864470132,321.75668987213356,242.67121547763804,1,0.024581098243685744,3.197084833849373,0.00547141166672116,0.5329898938593525,3.385900001376285,30.0
1634,54.466666666666136,track,1,322.00831312781435,242.6259092483547,322.0083644667179,242.6479817182833,1,0.022072529633720004,3.3234522730946034,0.023062246383017446,0.5218171063331148,3.507999999783351,30.0
1635,54.49999999999947,track,1,322.49220968077003,242.61360016619346,322.4831099500259,242.6345202452389,1,0.022813478623012785,3.6202944557716794,0.053885876444822345,0.5106333647919575,4.6318240001710365,30.0
1636,54.5333333333328,track,1,322.82972243372325,242.65113864470132,322.8408376769494,242.67005497788108,1,0.02194028926299074,3.898660320120575,0.07966189945842013,0.5018288697706357,4.3484970010467805,30.0
1637,54.56666666666613,track,1,322.97930606332346,242.75581154721667,322.97905880140354,242.7704514962599,1,0.014642036963680792,4.068192821800444,0.0976121894732247,0.49686298825741976,3.0603679988416843,30.0
1638,54.59999999999946,track,1,323.2093452828898,242.88150783334473,323.19908384766956,242.85533818051715,1,0.028109567444107707,4.288017442774603,0.12103298653904858,0.493881391912548,4.370031998405466,30.0
1639,54.63333333333279,track,1,323.3854389721627,242.94363473095254,323.36420463583795,242.93619942905178,1,0.022498461136457783,4.465326406765532,0.14308184754574776,0.48879462126402484,4.596867000145721,30.0
1640,54.666666666666124,track,1,323.19770714628953,243.10709137090686,323.1894450444504,243.100870072896,1,0.010342479187328873,4.448365418954601,0.14708189397025154,0.49020425666372996,3.6708009993162705,30.0
1641,54.699999999999456,track,1,323.0948910128584,243.23764010176717,323.09171078675473,243.23530484977732,1,0.003945534175055115,4.475027716107267,0.15501068832795187,0.4915986344708659,3.544227000020328,30.0
1642,54.73333333333279,track,1,322.92981490401155,243.3503750086011,322.9345018511313,243.3665396882181,1,0.016830458711019576,4.465970285015412,0.15925355591663964,0.4937607699577535,3.981988998930319,30.0
1643,54.76666666666612,track,1,322.8957392090081,243.4754292069229,322.90092795832885,243.44650170658934,1,0.029389171391207513,4.5048592689380715,0.16958967006016487,0.49825621317594526,4.4339659998513525,30.0
1644,54.79999999999945,track,1,322.72980462796176,243.5093529167244,322.744363220159,243.5219731698728,1,0.019267158490451245,4.4649551502188105,0.17259014066913642,0.49970144587236776,4.226433000440011,30.0
1645,54.83333333333278,track,1,322.466958515739,243.5997498436523,322.4396375813299,243.62251326620435,1,0.03556131132662929,4.367428750656822,0.16946528167863828,0.5054698217720371,3.3221939993381966,30.0
1646,54.86666666666611,track,1,322.04976155919553,243.69728384822724,322.0460796333965,243.71368259247595,1,0.016807004210264726,4.240033049854553,0.1566780702178987,0.5131184060668468,5.785927000033553,30.0
1647,54.899999999999444,track,1,321.53727506426736,243.77489057180574,321.5630433551443,243.78836129574466,1,0.02907688460199914,4.098144194285627,0.1365667414408838,0.5212060287975704,6.857874001070741,30.0
1648,54.933333333332776,track,1,320.93807197412787,243.8307300626161,320.94020779996885,243.83996353893912,1,0.009477280043898625,3.9533923012400476,0.10906486667771655,0.5294591483202842,4.581282000799547,30.0
1649,54.96666666666611,track,1,320.55842532805667,243.82920224953136,320.58491353755664,243.84045611748155,1,0.028779763486775814,3.8847428533583144,0.08985002045028799,0.5358172501194928,6.448603000535513,30.0
1650,54.99999999999944,track,1,320.4035781152486,243.7919700436863,320.37898491498714,243.80288831135135,1,0.026907881148572364,3.8217259287395997,0.05899345239809607,0.5410566544715418,19.708258001628565,30.0
1651,55.03333333333277,track,1,320.2112238558708,243.73493476910335,320.2005272768093,243.7473118997433,1,0.016358794775214937,3.75267340208314,0.054537095569715116,0.5457220647532979,6.043920000593062,30.0
1652,55.0666666666661,track,1,320.0747663551402,243.64693665628243,320.0695183252952,243.66561446601867,1,0.019401092592866133,3.6662736137715037,0.04939390802903154,0.5490054019890195,5.776166999567067,30.0
1653,55.09999999999943,track,1,319.49844495127513,243.52726518764254,319.4981339402362,243.5541339767808,1,0.02687058908216874,3.5893924091481817,0.01729601630897582,0.5506063773614087,5.482960001245374,30.0
1654,55.133333333332764,track,1,319.27524848821855,243.4754292069229,319.25833320715486,243.44705513718304,1,0.03303353700508782,3.5259408319467296,-0.002597752710641721,0.5555064041398872,5.122120999658364,30.0
1655,55.166666666666096,track,1,318.8714315338356,243.306905370844,318.8791641381652,243.29029624422924,1,0.01832092401116533,3.475963521667622,-0.03328660980466985,0.5541464714895947,6.114804999015178,30.0
1656,55.19999999999943,track,1,318.34886135529865,243.07890911607947,318.33129367275626,243.07374853950586,1,0.018309970521069013,3.497500663430628,-0.07217592570954322,0.5489544825728213,6.661792000159039,30.0
1657,55.23333333333276,track,1,317.9092471639739,242.85562048814026,317.91279367887546,242.86302363848807,1,0.00820880033984806,3.5430685262190065,-0.10909034783273211,0.542949007079074,6.448743000873947,30.0
1658,55.26666666666609,track,1,317.7344949180668,242.6847127152043,317.75059214799495,242.70119700699252,1,0.023040240604619996,3.5151530486235294,-0.13404582825952333,0.5385591582353475,7.063940000080038,30.0
1659,55.29999999999942,track,1,317.7040227888557,242.53727506426736,317.72220301684445,242.56297779460914,1,0.03148255130616107,3.428879448468854,-0.15216645148574154,0.534415108494387,4.284349999579717,30.0
1660,55.33333333333275,track,1,317.76648828966574,242.47119327263883,317.77867906006645,242.4436308586994,1,0.030138041494608594,3.302362562132642,-0.16535489083615362,0.533641573760551,5.293383001117036,30.0
1661,55.366666666666084,track,1,317.6259092483547,242.25770696224455,317.6478090362628,242.243688594966,1,0.02600221782036451,3.2506831345222484,-0.18862270425873978,0.5245123606833644,6.454217998907552,30.0
1662,55.399999999999416,track,1,317.6090663339572,242.0914951133292,317.62965472226307,242.08805215817813,1,0.020874282579445742,3.1588761531535408,-0.20543682439111244,0.5166800200666093,5.214992999754031,30.0
1663,55.43333333333275,track,1,317.89701338825955,242.04531410916582,317.90197484915683,242.04349236755195,1,0.005285341686486056,2.928748980335047,-0.20564257160447652,0.5141692755489468,5.578366000918322,30.0
1664,55.46666666666608,track,1,318.4331227875338,242.07912820156866,318.40969890684863,242.07268438055843,1,0.024294053090536612,2.612485044605865,-0.19078984581405456,0.5153993344985284,4.944652000631322,30.0
1665,55.49999999999941,track,1,318.7558115472167,242.0827757467062,318.76885856266193,242.07966466333306,1,0.013412809242769554,2.416756990399958,-0.18398035112043276,0.5149683761445687,4.272173000572366,30.0
1666,55.53333333333274,track,1,318.9794309221803,242.06170723345903,318.9784707953894,242.05940693519307,1,0.00249263225667823,2.2988429351727513,-0.17993369358045969,0.5131104256947675,5.606489001365844,30.0
1667,55.56666666666607,track,1,319.17342233844886,242.04954923955682,319.16275860235305,242.04799631948947,1,0.010776215859782085,2.212523916837112,-0.1753885063036162,0.5115423037123348,4.148628999246284,30.0
1668,55.599999999999405,track,1,319.34046086776004,242.04567157982146,319.3196279348731,242.04404297332013,1,0.02089649376829028,2.1543021663138275,-0.17035840134587216,0.5103009988271695,3.8625559991487535,30.0
1669,55.633333333332736,track,1,319.5093529167244,242.0706664819177,319.52193922480865,242.0663335833276,1,0.013311241917380295,2.1209140912267186,-0.1378570549283024,0.5105404776752924,3.824845000053756,30.0
1670,55.66666666666607,track,1,319.4500312521703,242.05417042850198,319.42318054090595,242.05125973140088,1,0.027008014607053283,2.1308184282233786,-0.1653397570812374,0.5087037783323991,5.458920999444672,30.0
1671,55.6999999999994,track,1,319.3698829396689,242.00415598808615,319.3474719376039,242.00480599669464,1,0.022420426506823025,2.1083263401563745,-0.16945246228184346,0.505062299187313,4.303511999751208,30.0
1672,55.73333333333273,track,1,319.3194799806376,241.97925454671184,319.30020258165627,241.9801002518189,1,0.01929594072890708,2.1001222426263224,-0.17177257327692436,0.5025723834877469,4.163109000728582,30.0
1673,55.76666666666606,track,1,319.51248266296807,242.0499306518724,319.5277221678483,242.04809676901505,1,0.015349450652364153,2.101843649273602,-0.13556299030807664,0.5050585397278219,3.9856160001363605,30.0
1674,55.79999999999939,track,1,319.5031116028212,242.09542248651638,319.5062927394029,242.08823956793066,1,0.007855822640603785,2.145807855386288,-0.13216567524687395,0.5065760287362977,3.9990130007936386,30.0
1675,55.833333333332725,track,1,319.3397086239039,242.09058896637436,319.3217998881076,242.07662849651632,1,0.02270721331381643,2.1845689058289075,-0.16307520150729216,0.5057260803196232,3.4837350012821844,30.0
1676,55.866666666666056,track,1,318.8395611930065,241.8716489544052,318.84807012499795,241.8739931985624,1,0.0088259506175716,2.199725652253115,-0.18807711014195122,0.4936640988503831,4.422682999575045,30.0
1677,55.89999999999939,track,1,318.3275969313705,241.5944432925565,318.3093014783532,241.61819329596426,1,0.029979764224872474,2.340301483613261,-0.21591732873292152,0.4776658230538383,4.143896998357377,30.0
1678,55.93333333333272,track,1,317.9709804463484,241.48559386443722,317.9719053544409,241.48120029932608,1,0.004489862956194505,2.511398458641965,-0.2380447273631192,0.4693509622845844,4.0300599994225195,30.0
1679,55.96666666666605,track,1,317.5942309019391,241.28983507004347,317.614104581949,241.29735629255424,1,0.021249281051171808,2.7158111671666116,-0.26320228149113245,0.45591286683049487,3.5717930004466325,30.0
1680,55.99999999999938,track,1,317.47966631908236,241.24191866527633,317.45264018348803,241.22757792244101,1,0.030595243261519675,2.827718088926918,-0.27662508666398433,0.44936818292610037,13.529021000067587,30.0
1681,56.03333333333271,track,1,317.3825098745756,241.20372808537178,317.36236797518643,241.1924419748139,1,0.023088360758780915,2.894653789595608,-0.29009279904556645,0.4430641504686122,4.233768000631244,30.0
1682,56.066666666666045,track,1,317.2173049256697,241.12331300952252,317.23906742260755,241.1179554010871,1,0.022412278802432257,2.978686451395439,-0.30793316865121234,0.43435185417660077,3.84808800117753,30.0
1683,56.099999999999376,track,1,317.3739196570559,241.2032773283551,317.36109224563177,241.19233460552948,1,0.016860773015587166,2.8957720814331944,-0.30979105750244257,0.43377832604902294,4.348309999841149,30.0
1684,56.13333333333271,track,1,317.48082901554403,241.2735751295337,317.4747895267261,241.25807881027197,1,0.016631636595452488,2.8212497633473466,-0.3137964796001627,0.4330973483798318,3.8712059995305026,30.0
1685,56.16666666666604,track,1,317.50610808199326,241.27745186003176,317.51608594580364,241.26413303924073,1,0.016641777353454547,2.787088331849964,-0.32168043124446655,0.4293469463196611,4.336443000283907,30.0
1686,56.19999999999937,track,1,317.2010022653944,240.9340976179035,317.18882765117735,240.93754255392764,1,0.012652620896242583,2.963389278378767,-0.3468093355237813,0.4074707131904109,4.324072000599699,30.0
1687,56.2333333333327,track,1,317.2574434435811,240.94636594925393,317.23596412089137,240.9503945818401,1,0.021853859698562357,2.9228657516538203,-0.3540703830463127,0.40303895028464665,4.093452998858993,30.0
1688,56.26666666666603,track,1,317.18101032196324,240.81543509467497,317.14087090576106,240.8241256468093,1,0.04106943424800885,2.9755339452361196,-0.3680311958718915,0.39118108955995995,4.044023000460584,30.0
1689,56.299999999999365,track,1,317.4162330905307,240.9958376690947,317.39341279973644,240.9967381779876,1,0.022838051322299976,2.7906601061461895,-0.36573403639806945,0.3952987243246911,4.76433400035603,30.0
1690,56.333333333332696,track,1,317.759850941964,241.2567110620385,317.7708368786599,241.24494885789636,1,0.016094727440018428,2.5532461456585342,-0.35651608456418493,0.40456271872396904,4.7680419993412215,30.0
1691,56.36666666666603,track,1,318.1126016542712,241.4754292069229,318.10682006898924,241.4488881332511,1,0.027163492412151106,2.383989738622586,-0.34502031680742173,0.4129507750370317,4.180447998805903,30.0
1692,56.39999999999936,track,1,318.34178534213265,241.5415074678708,318.32287054545685,241.56816739344822,1,0.032688242000468874,2.2960644984778598,-0.33807732060991946,0.41454881287324424,4.173008001089329,30.0
1693,56.43333333333269,track,1,318.49377076411963,241.65116279069767,318.4877248676868,241.66894918393268,1,0.018785862982234936,2.2521917001806337,-0.33370188304840703,0.41908384597037174,4.528091001702705,30.0
1694,56.46666666666602,track,1,318.5711013949615,241.7043514470123,318.5972261226627,241.72251815515472,1,0.0318202872738909,2.221450729991012,-0.3321038671620534,0.42143274810761,4.895532998489216,30.0
1695,56.49999999999935,track,1,318.54573869556157,241.6457595332361,318.5721710573698,241.66603438506456,1,0.03331275082350148,2.194166370544834,-0.33513675073151444,0.4184085665816687,4.3900809996557655,30.0
1696,56.533333333332685,track,1,318.5837669094693,241.63787721123828,318.6060780981216,241.66006785826835,1,0.0314676652246549,2.167681610059918,-0.33456454833260096,0.4180477407594829,4.396440001073643,30.0
1697,56.566666666666016,track,1,318.51091703056767,241.53420669577875,318.5243622704804,241.56252060495774,1,0.03134408922440843,2.149180622865187,-0.3394083121953009,0.4127613413084771,4.1265669988206355,30.0
1698,56.59999999999935,track,1,318.2862872553765,241.31947998063757,318.2711541270807,241.30283139227822,1,0.022498601431567553,2.1647812104265145,-0.35237717130858787,0.401275546909259,3.9939570015121717,30.0
1699,56.63333333333268,track,1,318.22349451610677,241.24418845278333,318.21290818934125,241.22994439421916,1,0.017747211577201747,2.1694377964336082,-0.35768525116169503,0.39624555274409384,3.695387000334449,30.0
1700,56.66666666666601,track,1,318.2567110620385,241.25257056103788,318.24286886873136,241.2384366187423,1,0.01978319085403667,2.1497058103645843,-0.3582235405689336,0.3952461003093463,4.258187000232283,30.0
1701,56.69999999999934,track,1,318.34046086776004,241.3072451733444,318.32100670358886,241.2915064772178,1,0.025023410226512652,2.118255761254784,-0.35600623549726357,0.3966543130223532,4.526234999502776,30.0
1702,56.73333333333267,track,1,318.31528728479566,241.27380211574362,318.29724783581906,241.2573457046259,1,0.024417927558556225,2.116667936537056,-0.35921655320780455,0.3936007623180508,4.810345999430865,30.0
1703,56.766666666666005,track,1,318.29434118703796,241.24044773025634,318.2771434675508,241.22695007784353,1,0.021862025894606688,2.1150983723985894,-0.3623402031755615,0.39038316950708857,4.146498000409338,30.0
1704,56.799999999999336,track,1,318.4812395775431,241.39188438021122,318.45609318085206,241.37041892254922,1,0.033062170817735013,2.064387630628623,-0.35464009174661815,0.3967375987593146,4.0154559992515715,30.0
1705,56.83333333333267,track,1,318.7586182978428,241.58798640493862,318.773825527068,241.61060568515677,1,0.027256038932599612,2.024241712624584,-0.3414111837821619,0.406076754308639,4.396296000777511,30.0
1706,56.866666666666,track,1,318.7418638540004,241.57532440496843,318.75572557250865,241.6003224273269,1,0.02858405782661563,2.027128689135039,-0.342486775276161,0.4052874681853281,4.536360000201967,30.0
1707,56.89999999999933,track,1,318.84641992390175,241.66793497059842,318.8565313819885,241.68588194773895,1,0.020599407106083215,2.0370857669939326,-0.33716640184866054,0.41007941244996887,3.919240998584428,30.0
1708,56.93333333333266,track,1,318.76703875754004,241.60063787006862,318.7810312297347,241.62410290967478,1,0.0273202738243402,2.0306637151670754,-0.34107991659542825,0.40688685555350035,3.3903530002135085,30.0
1709,56.96666666666599,track,1,318.6544785957122,241.5140498161382,318.6756282190794,241.53348511379045,1,0.028723463638735104,2.0262125279238954,-0.34708268184980806,0.4024345835758969,4.231373999573407,30.0
1710,56.999999999999325,track,1,318.533041484261,241.45445069835313,318.55971199916695,241.42643066395203,1,0.0386838298671102,2.0270998900908412,-0.35410698470402163,0.3990259362254651,15.221169000142254,30.0
1711,57.033333333332656,track,1,318.6556492877887,241.50311160282118,318.67423244200523,241.50748311020197,1,0.01909040851881177,2.007527072140155,-0.3489066896969577,0.40102217064198076,4.377141000077245,30.0
1712,57.06666666666599,track,1,318.5415074678708,241.43348384855852,318.56740824115354,241.40734784569167,1,0.036795933233161125,2.0082198849448187,-0.3558210559252497,0.39692348969767594,3.7757030004286207,30.0
1713,57.09999999999932,track,1,318.48908296943233,241.3243917654398,318.474809101549,241.30696370451187,1,0.02252733033580209,2.0085719806940374,-0.3600829734524173,0.390393224223113,3.3249509997403948,30.0
1714,57.13333333333265,track,1,318.4500312521703,241.2750190985485,318.422833231976,241.2589125883236,1,0.03160936529119248,2.0179979978183322,-0.36400944628745696,0.38646882721814924,3.9711199988232693,30.0
1715,57.16666666666598,track,1,318.2108454489079,241.02893957141873,318.20107848472514,241.0276662122768,1,0.00984962094962723,2.071766507590601,-0.37880268597291983,0.37185944171513596,4.491132000111975,30.0
1716,57.199999999999314,track,1,318.14437951185977,240.9628738398075,318.13624226166377,240.96276514109138,1,0.00813797617121061,2.0977391697036354,-0.38565897614390726,0.3655836174137338,3.7403879996418254,30.0
1717,57.233333333332645,track,1,317.9170411337712,240.6889042516419,317.9216324425892,240.70657899060768,1,0.018261339331246264,2.1951914662884984,-0.40147904657793887,0.3479035650896501,3.4284369994566077,30.0
1718,57.26666666666598,track,1,317.7469229705435,240.50311160282118,317.76196597911803,240.5044813411556,1,0.015105240483964721,2.2941878088332865,-0.4154314540456507,0.3335578961013281,3.5783120001724456,30.0
1719,57.29999999999931,track,1,317.7209496043315,240.4843815077051,317.73886331503957,240.46212158077185,1,0.028572808374502098,2.3078768302249,-0.4227017157323675,0.30172713800911544,5.651511999531067,30.0
1720,57.33333333333264,track,1,317.76703875754004,240.60063787006862,317.77995954522197,240.62181483750317,1,0.024807472746035467,2.305478976913502,-0.4264431887897703,0.32573013981343935,4.0460330001224065,30.0
1721,57.36666666666597,track,1,317.91363355953115,240.76612516279388,317.9189131443264,240.74679084900265,1,0.02004219811767005,2.211022178317442,-0.42476454091208815,0.32913485060100556,3.5748259997490095,30.0
1722,57.3999999999993,track,1,318.08216364258817,240.89072235535775,318.07773363524893,240.8861489433457,1,0.006367186384722366,2.1166879616150234,-0.4212828612823531,0.3311772588772832,3.571868999642902,30.0
1723,57.433333333332634,track,1,318.0535456854534,240.80558797281526,318.05173511521326,240.81160723041478,1,0.006285668352994804,2.1105549880907226,-0.42735572540350714,0.3228659460844166,3.228400999432779,30.0
1724,57.466666666665965,track,1,317.9044255142323,240.5345938084355,317.9087192454994,240.55951950156214,1,0.025292811351015992,2.1648365450474287,-0.4397197031484146,0.3045945610299417,3.2253099998342805,30.0
1725,57.4999999999993,track,1,317.82976956612,240.4367863815653,317.8378592405112,240.41507204526818,1,0.0231722945040068,2.201621553902019,-0.4486267135666493,0.271616016049769,3.248097000323469,30.0
1726,57.53333333333263,track,1,317.702458847028,240.27935808251257,317.7178297520623,240.27568584781852,1,0.015803481553786247,2.298761346303578,-0.46050563789094456,0.264676832599941,3.946989001633483,30.0
1727,57.56666666666596,track,1,317.5804776739356,240.0545517480097,317.60507406614386,240.0595331097261,1,0.02509574613777857,2.3956657571143722,-0.47253517547271695,0.2576369933280108,3.9017380004224833,30.0
1728,57.59999999999929,track,1,320.49378453038673,238.66077348066298,320.4881198780319,238.68546914530998,1,0.025337011241620622,1.402231216048894,-0.31286143699580193,0.1799047455570592,3.446308999627945,30.0
1729,57.63333333333262,track,1,323.3242569112451,237.4536825330839,323.306630275255,237.4365347420478,1,0.024591564280164763,4.183916574928418,-0.10833442971392093,0.10332198152631172,3.2803470003273105,30.0
1730,57.666666666665954,track,1,326.116134384073,236.48403152218995,326.11050538503486,236.47797693895973,1,0.008267019309474185,7.052866261530801,0.06670916881731248,0.033642683024598496,3.543562001141254,30.0
1731,57.699999999999285,track,1,328.5335549553293,235.8778308747143,328.5588660000484,235.89288852429706,1,0.029451346246472013,9.493289834437544,0.22725043174354295,-0.02166757723855403,3.924190999896382,30.0
1732,57.73333333333262,track,1,330.1537715591882,235.52039897485628,330.1437602565606,235.55551691570372,1,0.036517063814964584,11.074714534884142,0.35844535963222734,-0.06705637963419453,3.464052999333944,30.0
1733,57.76666666666595,track,1,331.05390835579516,235.5878084179971,331.0502213898262,235.62041006782113,1,0.03280946950659071,11.88647133249458,0.46085608938827854,-0.09197815845127891,3.3028150010068202,30.0
1734,57.79999999999928,track,1,331.39454558039733,235.54481899356267,331.37442478370707,235.57459912738182,1,0.03594026752456253,12.204987179164894,0.5393735838518297,-0.12255314483914939,3.7048609992780257,30.0
1735,57.83333333333261,track,1,331.2699148730016,235.55235656446814,331.2561989349255,235.58105000165517,1,0.031803149135152815,12.092523870164168,0.5957977048518358,-0.15040397100393327,3.9822710004955297,30.0
1736,57.86666666666594,track,1,330.81380594441765,235.66154058340805,330.82410929941085,235.68319177767478,1,0.023977767562708464,11.65316160335585,0.6343287205328907,-0.17235685090245179,3.69708600010199,30.0
1737,57.899999999999274,track,1,330.1077720207254,235.61036269430053,330.1033841361829,235.63309357508012,1,0.02315051774311407,11.006736243195753,0.6569917911583529,-0.20157903089021226,3.611044001445407,30.0
1738,57.933333333332605,track,1,329.22807381297946,235.6010781671159,329.2160952373958,235.62152176061068,1,0.023694446353381738,10.203307459718893,0.6659434493250136,-0.22790240573549264,3.3256560000154423,30.0
1739,57.96666666666594,track,1,328.3644646924829,235.92296541727066,328.3446750106387,235.91836819123284,1,0.020316643294046106,9.289419748053037,0.6697333188025187,-0.2357817696541389,4.17946400011715,30.0
1740,57.99999999999927,track,1,327.46225303292897,236.22821490467936,327.4359253367175,236.20873635470718,1,0.03274998468430065,8.34665595561218,0.6650086876015584,-0.24203964981401555,12.194818000352825,30.0
1741,58.0333333333326,track,1,326.5636212509524,236.6254069405001,326.5889488482309,236.63984676070902,1,0.02915468387016234,7.3962745160061045,0.6535123254081616,-0.24087364487056911,4.155299999183626,30.0
1742,58.06666666666593,track,1,325.7326753033107,236.93063266844882,325.74552069478494,236.90090107108892,1,0.03238783666281717,6.52804888350109,0.6384530148173739,-0.24150414031200673,3.9698560012766393,30.0
1743,58.09999999999926,track,1,325.0456905503635,237.35306334371757,325.04182277246144,237.3343485136204,1,0.019110326304521,5.703128502475512,0.6241069866017859,-0.23324526325361278,3.519838999636704,30.0
1744,58.133333333332594,track,1,324.38346648141714,237.5415074678708,324.36088820601447,237.56946189430573,1,0.03593366774302364,4.9924804885535545,0.6048411100335743,-0.2341195458609977,3.4551310000097146,30.0
1745,58.166666666665925,track,1,323.6539503856577,237.533041484261,323.67352836492046,237.559528223043,1,0.03293697926828082,4.410296264651482,0.5761076522248179,-0.24321616103803592,3.4012090000032913,30.0
1746,58.19999999999926,track,1,323.17044273539807,237.6217002702141,323.16196738488424,237.64466237510942,1,0.024476311559472632,3.942797619748806,0.5544295968076733,-0.24603521833911965,3.285347000201,30.0
1747,58.23333333333259,track,1,322.8514749363955,237.95874303788764,322.85776865001077,237.96153776445453,1,0.006886314519003699,3.5102948512524406,0.5368134150658043,-0.2343673463116257,3.3139309998659883,30.0
1748,58.26666666666592,track,1,322.52033368091764,237.98748696558914,322.55009578078665,237.98754592832518,1,0.029762158275514622,3.2485319579444565,0.5150303315655553,-0.23664401847416333,4.099666999536566,30.0
1749,58.29999999999925,track,1,322.4373481430059,238.15411315515445,322.41229540169394,238.14477162908406,1,0.026737687943589265,3.0431959209497386,0.5031993447490297,-0.23073875403289118,4.010046999610495,30.0
1750,58.33333333333258,track,1,322.4121851363542,238.42467559503157,322.38856576107935,238.39958288574326,1,0.03446039680273612,2.8751663142514814,0.49276462233388035,-0.21802638680209976,4.072468000231311,30.0
1751,58.366666666665914,track,1,322.39566847147023,238.4843815077051,322.37200664753993,238.46341486932715,1,0.03161458265706457,2.8262182151735074,0.48183429661228083,-0.21477694669483866,3.3561549989826744,30.0
1752,58.399999999999245,track,1,322.4447831508937,238.5093529167244,322.41851080823164,238.52131676512101,1,0.028868142604108457,2.8347307876843377,0.4738623935253542,-0.21270142368425324,3.6588689999916824,30.0
1753,58.43333333333258,track,1,322.5879864049386,238.85850038149408,322.6128574747606,238.8679415622987,1,0.026602744389925027,2.847556933545471,0.4709872150591888,-0.19317409448015496,4.012348999822279,30.0
1754,58.46666666666591,track,1,322.70565881296204,238.81344572652526,322.72252699356295,238.82350147272643,1,0.019638063765232257,2.9658560341587368,0.4676239656018218,-0.19282307739220939,3.9531989987153793,30.0
1755,58.49999999999924,track,1,322.8931872646354,238.83156453269427,322.873962719061,238.83725986279092,1,0.020050434844448427,3.1002623013592845,0.4689754496044156,-0.1892577859807258,4.145564998907503,30.0
1756,58.53333333333257,track,1,322.9163376965164,238.56783710783296,322.9138135508324,238.59330864175536,1,0.025596295665465923,3.235597315237897,0.4631996730235566,-0.2005685640031408,4.2415629995957715,30.0
1757,58.5666666666659,track,1,322.8468820745009,238.1769911504425,322.85138717783923,238.1698736344132,1,0.0084234785282693,3.3881811273841214,0.45355674975761934,-0.21994193138188706,3.743429999303771,30.0
1758,58.599999999999234,track,1,322.8775761725436,237.92194453954124,322.88541692902635,237.92495041632117,1,0.00839718747185171,3.554076761838093,0.4498786501300771,-0.2342450985996044,3.472620001048199,30.0
1759,58.633333333332565,track,1,323.1300500720214,238.17285136154743,323.13370076530805,238.1653978483688,1,0.008299543371613594,3.631231959165111,0.45901887187086354,-0.22351792770872564,3.2789169999887235,30.0
1760,58.6666666666659,track,1,323.31815990634254,238.34295158735625,323.32359254666744,238.32367833911826,1,0.02002427722897978,3.7224080548758605,0.4669119228700508,-0.21657351572004027,3.8312470005621435,30.0
1761,58.69999999999923,track,1,323.4937982359427,238.492006615215,323.4854622386103,238.48158090670893,1,0.013348567315590198,3.8018473877378587,0.4760935780238336,-0.21046611740118581,3.895885998645099,30.0
1762,58.73333333333256,track,1,323.5879864049386,238.6171186793369,323.6104850084559,238.63976540326928,1,0.0319227389974369,3.8582172248887123,0.48286578138053204,-0.2053515525304191,4.230192998875282,30.0
1763,58.76666666666589,track,1,323.63432370662787,238.63847911905256,323.655710931851,238.6576136498245,1,0.028697450594203255,3.8943835879882633,0.4886145811170076,-0.20548448167978908,3.733134999492904,30.0
1764,58.79999999999922,track,1,323.69728384822724,238.7802197802198,323.71565169783827,238.79392998632431,1,0.0229204635808622,3.9064910620064235,0.4964474668255844,-0.19945228372610585,4.174920999503229,30.0
1765,58.833333333332554,track,1,323.7307559544356,238.9254401104591,323.74462052377686,238.92863532061028,1,0.014227988295206988,3.894869079100697,0.5038947563163984,-0.19289425134372562,4.161000999374664,30.0
1766,58.866666666665886,track,1,323.80900975711023,239.34046086776002,323.81781113166,239.31967148784793,1,0.022575706214741822,3.877954192802439,0.514638958195641,-0.1716947277772659,3.9872859997558407,30.0
1767,58.89999999999922,track,1,323.7709446796696,239.43312278753385,323.78276596820706,239.40753272400048,1,0.02818854757393967,3.828881800650914,0.5202597069527098,-0.16587150341868626,3.305573000034201,30.0
1768,58.93333333333255,track,1,323.6174901254244,239.2577783937357,323.640070645962,239.24326125021037,1,0.02684450342031487,3.7178983099363245,0.5202000905938619,-0.17384650425549716,3.4369090008112835,30.0
1769,58.96666666666588,track,1,323.50622923588037,239.17026578073092,323.51227221729954,239.15887187570775,1,0.012897235987196812,3.6115858912518792,0.5221263789762626,-0.17804689061554338,3.79048399918247,30.0
1770,58.99999999999921,track,1,323.31528728479566,238.90873262808546,323.2969910390402,238.91430362842675,1,0.019125602044014308,3.471150605024052,0.5196269516243022,-0.19201028663297515,13.107098000546102,30.0
1771,59.03333333333254,track,1,323.115854079029,238.76415419626233,323.1099892535496,238.77691351561157,1,0.014042663855552097,3.341851837752184,0.5159875768111457,-0.20118773800855602,3.3026490000338526,30.0
1772,59.066666666665874,track,1,322.8504983388704,238.5062292358804,322.8574547314054,238.5154556014263,1,0.011554965092463731,3.220080684294692,0.5080097297107304,-0.2173031638703537,3.4498109998821747,30.0
1773,59.099999999999206,track,1,322.53727506426736,238.20843465573543,322.56482093350513,238.1955243676481,1,0.030421217111786147,3.135990868720437,0.4962476788697153,-0.23698578148566218,3.957803000957938,30.0
1774,59.13333333333254,track,1,322.4331227875338,238.1166099812591,322.4084533429547,238.108060380472,1,0.026108948072645508,3.0626921211785967,0.493946846156898,-0.24746430613190182,3.6653119987022365,30.0
1775,59.16666666666587,track,1,322.3194799806376,238.15351635433234,322.3008268475209,238.14596579004206,1,0.02012337934270796,2.9548683615293907,0.49040700381331437,-0.25192181416097675,3.3145920006063534,30.0
1776,59.1999999999992,track,1,322.21500930328716,238.19847012611123,322.2020600293903,238.18808361196534,1,0.016600101522557767,2.851685356112574,0.4865884625532323,-0.2560775387269949,3.519542999129044,30.0
1777,59.23333333333253,track,1,322.18288881191546,238.3740907516453,322.1727519786919,238.35204346044452,1,0.02426599342895463,2.7270152029596875,0.48587619329699916,-0.2533063452429495,3.87035999847285,30.0
1778,59.26666666666586,track,1,322.1619601328904,238.5062292358804,322.1531231509786,238.51385926558078,1,0.011675170342981307,2.6162097748040365,0.4853792145080097,-0.2521203450942474,3.555944000254385,30.0
1779,59.299999999999194,track,1,322.18632254502796,238.7432889379615,322.1751471179029,238.75761290558216,1,0.01816772467387339,2.5049532284849683,0.48699007897199087,-0.24475147119930563,3.495786000712542,30.0
1780,59.333333333332526,track,1,322.2608875698806,239.11180895852027,322.24510266644324,239.10711410938154,1,0.016468296358818975,2.4161397303417873,0.49120665370959615,-0.22925376022693242,3.251878000810393,30.0
1781,59.36666666666586,track,1,322.3416903951663,239.48281130634072,322.3212590618869,239.45815582735077,1,0.032020806107886345,2.3836607853941825,0.49598034170996297,-0.21175740100621832,3.66923099863925,30.0
1782,59.39999999999919,track,1,322.3951473136915,239.69636048526863,322.3712611881778,239.71373820731185,1,0.029538656290815386,2.3884776399437952,0.4996238312886262,-0.18470557185632525,4.168357001617551,30.0
1783,59.43333333333252,track,1,322.3372891942536,239.5711013949615,322.31617481306694,239.5952490653798,1,0.032076893233688286,2.3512739278445616,0.4976307488425442,-0.18241936534352676,4.242659000738058,30.0
1784,59.46666666666585,track,1,322.35360188587674,239.60063787006862,322.3338126582033,239.62477269203464,1,0.03121062580662972,2.363784477534493,0.4993199146542208,-0.17974343321932848,3.60971400004928,30.0
1785,59.49999999999918,track,1,322.3416903951663,239.54996874782972,322.31963655144625,239.57777007618336,1,0.03548641826186313,2.35775143714762,0.4995892952003602,-0.17681097024632592,3.9197740006784443,30.0
1786,59.533333333332514,track,1,322.26627834408157,239.4035781152486,322.2491576983816,239.38104470309418,1,0.02829966735677157,2.3327700297622775,0.49646221013476877,-0.20496034683631703,3.9233499992405996,30.0
1787,59.566666666665846,track,1,322.20768431983385,239.35306334371757,322.1950683638055,239.3337934642343,1,0.02303238159220178,2.2939390292849198,0.4938931528375444,-0.20665249559822857,3.649457999927108,30.0
1788,59.59999999999918,track,1,322.16594067620827,239.3152872847957,322.15574203066535,239.2979840785937,1,0.02008515162449564,2.2671678492527034,0.49193222752078414,-0.20792376193673995,3.331130999868037,30.0
1789,59.63333333333251,track,1,322.270401442141,239.60063787006862,322.25495978969155,239.62343693206242,1,0.027536191787656185,2.2861853374694587,0.49746633368828236,-0.17148578404225648,3.403710999918985,30.0
1790,59.66666666666584,track,1,322.2450166112957,239.4937707641196,322.23319665044505,239.48752262786604,1,0.013369767430792875,2.2912442769177463,0.4965719681785876,-0.19490590591258738,3.41657200078771,30.0
1791,59.69999999999917,track,1,322.11591802939347,239.25253570689298,322.1079251016573,239.23795826797664,1,0.01662493967373223,2.2414405714946293,0.49011070347633945,-0.20635913559600502,3.26965900057985,30.0
1792,59.7333333333325,track,1,322.18753907063973,239.45426130443843,322.1772596506246,239.42864875471548,1,0.027598354645852134,2.250977972288065,0.4936797639029631,-0.195556233677124,3.495635999570368,30.0
1793,59.766666666665834,track,1,322.2902356437012,239.7014719093359,322.2750478647283,239.71610302736167,1,0.021088818004150082,2.2926928005901934,0.4991669977871524,-0.16600772355713972,4.068848998940666,30.0
1794,59.799999999999166,track,1,322.4426692376558,240.04131946835616,322.3897763127703,240.03906049721456,1,0.05294114140780785,2.390095510125227,0.5077359384346478,-0.16286312181780516,3.637829000581405,30.0
1795,59.8333333333325,track,1,322.50340979541227,240.58669146517877,322.4994223377818,240.60921571305732,1,0.022874474001580165,2.572597093918653,0.5121823049019762,-0.1286157448599244,3.280740000263904,30.0
1796,59.86666666666583,track,1,322.5607832283955,241.03321109804193,322.58868313076545,241.03002042202957,1,0.028081755031834913,2.7860765282575346,0.516806564636629,-0.09911706369002954,3.5456919995340286,30.0
1797,59.89999999999916,track,1,322.6189949540333,241.2364000829474,322.6458257229136,241.2235192386604,1,0.029762498353700744,2.915028830629905,0.5218093567414204,-0.08028462846399365,3.9779250000719912,30.0
1798,59.93333333333249,track,1,322.64693665628243,241.2533748701973,322.6659558112815,241.23898916905466,1,0.02384694224095003,2.939798385729933,0.5255424168631362,-0.07014142083778621,3.8384469989978243,30.0
1799,59.96666666666582,track,1,322.64273350411963,241.17863324794018,322.6613255872912,241.16866271675792,1,0.021096849260350263,2.906617695382507,0.5277617650642092,-0.06460216450164241,3.4482560004107654,30.0
1800,59.999999999999154,track,1,322.6090663339572,240.99168226242463,322.6315310640024,240.99175248185838,1,0.022464839789619055,2.812210647530125,0.5284436135866357,-0.06529274053327892,13.946023000244168,30.0
