frame_index,timestamp_s,state,detected,selected_x_px,selected_y_px,truth_x_px,truth_y_px,truth_visible,centroid_error_px,pointing_offset_px,centroid_error_urad,pointing_offset_urad,pan_rate_deg_s,tilt_rate_deg_s,processing_time_ms,source_fps
1,0.03333333333333333,acquire,1,306.2414134032584,241.2950608262047,306.23016177254704,241.28329805042097,1,0.016277656090560307,13.829508259386495,1.7761706822448073,1509.1748885479305,-0.7194020966771275,0.06771549295017772,19.969238999692607,30.0
2,0.06666666666666667,acquire,1,318.8327526132404,234.66344044392824,318.8452990000342,234.6844623613964,1,0.024481275204069133,5.439510528230778,2.6712269737458842,593.4988358716579,-0.10868364586078672,-0.2750388013753718,18.621614999574376,30.0
3,0.1,track,1,326.8322208345894,228.62551139055165,326.8460689981682,228.65072847574334,1,0.028769306909799855,13.254230451406194,3.1390869235919143,1446.2102532156443,0.30812561492726925,-0.6118143799100252,17.938016999323736,30.0
4,0.13333333333333333,track,1,321.36606488862077,257.758024904132,321.3576257898238,257.7807308401092,1,0.024223499274546388,17.832485440723193,2.64302563748982,1945.666488020811,0.050468119674267196,0.8750074550414069,10.067523000543588,30.0
5,0.16666666666666666,track,1,316.23192861107555,240.29341189530763,316.25717523968524,240.31689717970323,1,0.03448116644341115,3.7562163155134067,3.762529464456183,409.905596331965,-0.20951728481717422,-0.039919551690740664,6.763990999388625,30.0
6,0.19999999999999998,track,1,324.6743081638821,240.90225791132409,324.69302372181426,240.90978558981715,1,0.02017270562437748,4.780395535198973,2.201339938044471,521.6687522568901,0.2246339413681405,0.012826699759105761,6.770836000214331,30.0
7,0.2333333333333333,track,1,333.70998230546803,258.1988692762505,333.7245464436081,258.1897690655911,1,0.017173466563523435,22.78663805264594,1.8739964629623005,2486.3598915574776,0.7254124603472817,0.933382737085672,7.241990000693477,30.0
8,0.26666666666666666,track,1,325.7302088287431,234.37770763975962,325.7469805054018,234.35736036773778,1,0.026368553556716006,8.054015579140904,2.8772250534516517,878.8369092113314,0.3694645442733647,-0.24773160117925833,7.252347000758164,30.0
9,0.3,track,1,318.1372557514839,256.5216845024046,318.1308910915301,256.54973836859506,1,0.028766791697386784,16.654951461372352,3.1387043313944414,1817.1906220454648,0.002396326593908954,0.9254099343436344,6.612602999666706,30.0
10,0.3333333333333333,track,1,314.39026077931067,253.87544868745405,314.36680228141245,253.8835857420039,1,0.024829675398360146,14.982885889983747,2.709541126568985,1634.7924425713923,-0.1960661959948189,0.8551253091553797,8.786616001088987,30.0
11,0.36666666666666664,track,1,324.6429220189438,227.39444660698067,324.6622714950016,227.37287909177644,1,0.02897516066903374,13.460347615273582,3.1616663421681737,1468.6619676518435,0.3244331316182871,-0.4752940096801814,6.881518998852698,30.0
12,0.39999999999999997,track,1,325.3529869792793,248.4850110308431,325.3347197359392,248.46705073029818,1,0.02561766138645914,10.007506319281646,2.7953414008768687,1091.9537985908387,0.382507859460334,0.6291717976963269,8.47866299955058,30.0
13,0.4333333333333333,track,1,308.8925666078423,234.16115008823655,308.8988941506975,234.15143030942147,1,0.011597926487037863,12.54752240495994,1.2654924118715147,1369.2248218301108,-0.46206891341352696,-0.09207002617941554,6.9204150004225085,30.0
14,0.4666666666666666,track,1,306.3986331588737,231.8629698516372,306.3781740068198,231.87011687786344,1,0.02167156862441715,15.863453059409258,2.364911324761638,1731.054915389802,-0.6408072100229152,-0.24091940027500663,6.653545999142807,30.0
15,0.49999999999999994,track,1,327.0619754680439,256.84299548095544,327.0579447819347,256.8501289927715,1,0.008193498724035535,18.268591396653363,0.8940123362126104,1993.2998481708325,0.3851567834581175,1.0351380048835397,7.76923400007945,30.0
16,0.5333333333333333,track,1,334.5804232117357,239.2575619888355,334.6028890504931,239.2438281070522,1,0.026331225188193186,14.622454122092353,2.873312846572709,1595.708355275042,0.7885220304947256,0.13544690688482408,6.737454999893089,30.0
17,0.5666666666666667,track,1,328.2192630898513,242.91725921137686,328.2061556860624,242.92293527725133,1,0.014283618515528453,8.711173387029705,1.5586893847129462,950.6084335845463,0.5124303019459119,0.32155455831149315,6.121415000961861,30.0
18,0.6,track,1,316.52588485032277,263.3909370532426,316.5544340620577,263.36851994007566,1,0.03629854616131927,23.621169505814525,3.9608774864675693,2577.262760847216,-0.06764619086861914,1.409233735793533,5.8212839994666865,30.0
19,0.6333333333333333,track,1,322.30669602383114,228.22380520657947,322.2906664833514,228.21095525807004,1,0.020544277662804013,12.00952658788746,2.241785463501439,1310.3432315937655,0.2243604931026067,-0.37016638886258596,5.572564999965834,30.0
20,0.6666666666666666,track,1,330.24030037546936,248.70998230546803,330.225516122175,248.7264184790797,1,0.022107056531000115,13.44289996380561,2.4122460713975156,1466.877852614902,0.6522449403412853,0.7154366567755295,8.102869998765527,30.0
21,0.7,track,1,323.453124323388,242.91685792231414,323.42771285041124,242.92020459095534,1,0.025630902244032267,4.5029779299826656,2.7970248733269623,491.3615215532467,0.3377529030812651,0.44003113562763096,9.65911499952199,30.0
22,0.7333333333333333,track,1,310.97107064445305,228.83055663179647,310.97227666881713,228.83817107976688,1,0.0077093652566767755,14.355703165952407,0.8411553275189619,1566.4310060947657,-0.30531150283918485,-0.29746137270600204,7.654176999494666,30.0
23,0.7666666666666666,track,1,319.34432392722874,253.64737911066936,319.32559543790603,253.66759596920951,1,0.02755862263509281,13.68422453378069,3.0071079740267717,1493.0579952404692,0.09608308696430887,0.9554547284086704,7.878465999965556,30.0
24,0.7999999999999999,track,1,325.49667817083696,237.1076790336497,325.49246904256256,237.10290086890632,1,0.006367701244974904,6.209702050734147,0.6948209944949769,677.6223476547065,0.41209530657243865,0.09563368140462572,8.950404000643175,30.0
25,0.8333333333333333,track,1,331.03296844816487,237.98763683193818,331.03321701539755,237.98632733989803,1,0.0013328747399446357,11.21546946368721,0.1454280821038677,1223.9074508594592,0.7223207936386192,0.1211702911818222,7.533719999628374,30.0
26,0.8666666666666666,track,1,322.546875676612,250.5884467154549,322.5728829044267,250.61146074571218,1,0.034727820076846806,10.918920532620506,3.7894565564888607,1191.352850558363,0.3184945901351186,0.7672041398288428,7.579226001325878,30.0
27,0.8999999999999999,track,1,325.7059534081104,228.49667817083693,325.7208043655726,228.49243520458435,1,0.01544518372060823,12.851134195464764,1.685467798425638,1402.2101189641187,0.4949041251234706,-0.36398371744369573,8.146533000399359,30.0
28,0.9333333333333332,track,1,330.9131521130401,244.79735493042693,330.9190912384438,244.80830822074017,1,0.012459846678308874,11.930900276973974,1.3595220813245774,1301.9498597742443,0.7924918858875094,0.46135879224487164,8.435505998932058,30.0
29,0.9666666666666666,track,1,340.1114503160339,248.95459431568992,340.10663154326437,248.9558908062279,1,0.004990136142356754,22.01101115691124,0.5445515541112164,2401.929221009948,1.3242674171895252,0.68863339134727,8.811573999992106,30.0
30,0.9999999999999999,track,1,323.63065750226946,230.63480741797432,323.64929227611697,230.65297092114292,1,0.02602244499857506,10.034156004245036,2.839514003640322,1094.8320686539112,0.5427945958553806,-0.24991570624957504,21.46911599993473,30.0
31,1.0333333333333332,track,1,313.1735910793473,245.95866879063158,313.1647962115301,245.96219426894527,1,0.009475162123314515,9.070158285860144,1.03397345104021,989.726489162186,0.01014519059349156,0.5182836794595448,7.314993999898434,30.0
32,1.0666666666666667,track,1,316.10731329807817,240.92983361279505,316.1006712475612,240.93271032584744,1,0.007238253453409794,4.009328281837046,0.7898694888156915,437.5233532430408,0.13429608022714787,0.2674363066077237,6.634295001276769,30.0
33,1.1,track,1,328.3986331588736,231.14948743457762,328.3747082710279,231.14067278430434,1,0.02549702566715078,12.191120430033846,2.782362282559952,1330.2596659138762,0.7587594184873687,-0.25364459251162735,7.838956998966751,30.0
34,1.1333333333333335,track,1,325.27335087794984,244.24435911816732,325.2589049478422,244.23168594978256,1,0.019217026137856197,6.750055349997243,2.096940933280644,736.5644301212741,0.6200761214773339,0.3899510911546547,7.592673999170074,30.0
35,1.166666666666667,track,1,316.08663887575744,230.0536335897546,316.08193987549066,230.0516299818721,1,0.005108331239655421,10.692112099901312,0.5574431211906051,1166.622360633341,0.14930919342155644,-0.35164930109226133,7.398038000246743,30.0
36,1.2000000000000004,track,1,319.5216845024046,238.4159265196482,319.5504313648969,238.39153137698577,1,0.03770285252699204,1.6701147472224087,4.114108190603779,182.22523643518326,0.3290538461242872,0.03736105940748323,8.36551700012933,30.0
37,1.2333333333333338,track,1,334.51164901664146,254.419105251783,334.52618893125214,254.3945932039876,1,0.028499993052813293,20.450292867700405,3.109713126156228,2231.4871464758153,1.0821601967139713,0.863945046399784,6.688430999929551,30.0
38,1.2666666666666673,track,1,332.87154141667025,223.70164458065352,332.879122972236,223.71658475056188,1,0.01675376559724236,20.761055385495496,1.8280310080132711,2265.348482675541,1.0459726965004212,-0.7030373465934131,7.150571000238415,30.0
39,1.3000000000000007,track,1,313.26918597126956,241.80535783615892,313.2562604808654,241.81721360215806,1,0.017539312689328842,6.984288652239808,1.9138632340283903,762.1679755132723,0.05927187760511704,0.23668769000902962,10.504476000278373,30.0
40,1.3333333333333341,track,1,310.91318951039915,239.18188864487792,310.9185947805486,239.1723930820774,1,0.010926237151310511,9.119037995889311,1.1921911369286897,995.1351641412374,-0.08885416901477217,0.09672046727489621,5.740053000408807,30.0
41,1.3666666666666676,track,1,320.7964077039602,225.57204068383467,320.80834388264793,225.59544497053162,1,0.026272285729610215,14.427218215220744,2.8666157113643127,1574.1245978302197,0.38069028730618193,-0.6317771356679691,4.782171999977436,30.0
42,1.400000000000001,track,1,316.1534142443744,254.50831425733168,316.14324889932846,254.51670517614025,1,0.013181113699351758,15.020294878047777,1.4383139118527366,1638.852175997308,0.12278001470516955,0.8260556081946562,8.231771000282606,30.0
43,1.4333333333333345,track,1,314.1163283853378,243.57623231055524,314.10910117462777,243.5986151840027,1,0.023520748253670964,6.903094973510564,2.566343892153187,753.2803080817029,-0.017394836206856557,0.2538733144312247,6.911525000759866,30.0
44,1.466666666666668,track,1,314.3025253615368,229.9585581696525,314.28725903405575,229.96164755293808,1,0.015575783891816814,11.550061869765537,1.6997315057351294,1260.2583730708366,-0.05009916848451773,-0.4490579053107361,8.080392999545438,30.0
45,1.5000000000000013,track,1,318.56365525301936,256.099735942167,318.5897160861507,256.0921633844371,1,0.027138729780014078,16.15384236363223,2.961532954616618,1762.5141017250228,0.13210561399089235,0.8879781637317098,5.855549999978393,30.0
46,1.5333333333333348,track,1,334.61392432432433,229.1702054054054,334.63545058033264,229.15982542641086,1,0.023898193690371345,18.21279216581707,2.607850297491538,1987.3869741747092,0.9550134017003387,-0.5040722720325146,6.236523999177734,30.0
47,1.5666666666666682,track,1,322.90904001033635,239.1901890692967,322.9127003587748,239.17875030490973,1,0.012010140773191702,3.026264106401303,1.3104240668092706,330.2440129226599,0.3859072271354067,-0.012445736720741306,6.622959999731393,30.0
48,1.6000000000000016,track,1,316.86371262637124,252.88436222843623,316.8700687579292,252.88999020498545,1,0.00848967186765024,13.26455114448702,0.9263823068757224,1447.2820500867326,0.0714587106112737,0.7078208676360798,5.85174099978758,30.0
49,1.633333333333335,track,1,322.5200086617583,230.99168471199653,322.5438217241094,230.9925038159397,1,0.023827145649606418,9.359808570153126,2.6001925876054535,1021.2431118946828,0.34923363550749,-0.38923501018837425,7.475592999981018,30.0
50,1.6666666666666685,track,1,327.12386564018755,251.90916519719582,327.11617976190814,251.9150703080877,1,0.00969242279160882,13.878361389244203,1.0576379307350208,1514.309973109541,0.5952959861794261,0.7022999136921595,7.3001700002350844,30.0
51,1.700000000000002,track,1,318.66408916151886,243.3027344593719,318.6825815950067,243.28696359586343,1,0.024304119652944822,3.5411468388569443,2.652046641149699,386.37696138029867,0.173822426685162,0.30203420531083575,7.220464000056381,30.0
52,1.7333333333333354,track,1,299.94638944971865,227.0659822157309,299.9494000196087,227.06356171825155,1,0.003862944357652186,23.861642755501045,0.421522101995346,2603.8172219324815,-0.8231563551242818,-0.534431575707704,6.598881000172696,30.0
53,1.7666666666666688,track,1,307.4850110308431,256.99584721200847,307.4658161816933,256.9955416668611,1,0.019197280841857588,21.117627720487743,2.094941909161575,2304.2425069653564,-0.5048208864901651,0.9936138023083663,7.125965001250734,30.0
54,1.8000000000000023,track,1,315.626475292897,240.03320219618695,315.647259057077,240.0316123475718,1,0.020844483013721337,4.352855735803467,2.2747014662811584,475.0158091344705,-0.14191208899296248,0.11539581547385278,6.220467999810353,30.0
55,1.8333333333333357,track,1,331.9711203747475,242.08663887575744,331.9707611064639,242.08362558221324,1,0.003034635345987878,12.15074553411774,0.3311035232397471,1325.9716173283405,0.6877202318554677,0.2318295941133089,6.04246399961994,30.0
56,1.8666666666666691,track,1,318.4195767882643,258.22432818382447,318.3951534115315,258.2110259700971,1,0.027810973033668054,18.281602759497616,3.034808887893592,1994.6693210788499,0.013928866772714807,1.0967350877076238,7.1197209999809274,30.0
57,1.9000000000000026,track,1,313.7962136637352,224.47411514967726,313.80820683409706,224.44769014705548,1,0.02901925048806874,16.73955329067408,3.166320921876157,1826.4616894692183,-0.24053043756734244,-0.6032496962333507,6.671614999504527,30.0
58,1.933333333333336,track,1,326.4799913382417,240.25361628410568,326.4541415908873,240.23884239896915,1,0.02977376563879902,6.458559387879488,3.2489901284924323,704.8055358284332,0.39888760189448774,0.222541365006533,8.330616999955964,30.0
59,1.9666666666666694,track,1,328.56014696347523,243.48835098335854,328.5834035364305,243.47410554180965,1,0.02727271146306687,9.2598177943651,2.9760538393253984,1010.4742576973612,0.5338488623224678,0.40413940152538874,5.561307998505072,30.0
60,2.0000000000000027,track,1,312.5049846791248,223.71412541538993,312.50874739644064,223.72792033045948,1,0.01429887140214905,17.913666356784944,1.5601346786402375,1954.582710626443,-0.2747421053459304,-0.6274635266256027,19.822487000055844,30.0
61,2.033333333333336,track,1,305.3407054750054,253.42795931616533,305.32150922190385,253.4027825152939,1,0.03166018691129759,19.876938161470477,3.4545974785616993,2168.939974189249,-0.6809783966849078,0.8813771757818571,6.225952000022517,30.0
62,2.066666666666669,track,1,320.8925481079685,239.83055663179647,320.8966632160086,239.8395256224992,1,0.009867973875503026,0.9109099564595781,1.0767082434463704,99.40469075100343,0.07682349600647413,0.18322943688423166,5.379218999223667,30.0
63,2.1000000000000023,track,1,316.57204068383464,233.328240640554,316.5941761439112,233.30799523967403,1,0.029997580728989066,7.5088323893218485,3.2732919204778175,819.3035184232743,-0.15015137372833792,-0.172689729682284,6.456922999859671,30.0
64,2.1333333333333355,track,1,319.8347036287719,250.94214627007017,319.84249050522885,250.94648451374565,1,0.008913798468891808,10.94761766096242,0.9726978894067404,1194.4722152174304,0.01512465781147717,0.7227559228850233,6.97796699932951,30.0
65,2.1666666666666687,track,1,316.3155027027027,231.61392432432433,316.29878628517645,231.63514821161198,1,0.02701651358911431,9.147115851704092,2.9479167982764056,998.0522981099956,-0.1794048866340711,-0.2613578401923118,6.352858001264394,30.0
66,2.200000000000002,track,1,311.34775108887834,235.50166026995558,311.32938740532063,235.50310016138747,1,0.01842004780513045,9.767375846435211,2.010127866304979,1065.8478143325924,-0.45618169520178,-0.08898194584759225,7.16027799899166,30.0
67,2.233333333333335,track,1,328.81776608136676,253.27335087794987,328.8272996110884,253.25719390008135,1,0.018759960628880436,15.927159462009394,2.046952213703006,1737.8737773656937,0.42905931714906026,0.8219835457719745,5.583694000961259,30.0
68,2.2666666666666684,track,1,329.0498550222876,227.42376768944476,329.04670376562126,227.40082463983708,1,0.023158452968137663,15.510708197211443,2.526775441916711,1692.4431964166995,0.4756617101316996,-0.4978709661466626,6.607843000892899,30.0
69,2.3000000000000016,track,1,321.59717956482245,243.904485876195,321.61819466603356,243.90968889117562,1,0.02164961532687344,4.231337992049502,2.3625417396510047,461.6848258950406,0.12716727512966808,0.3468109868560455,6.383007999829715,30.0
70,2.333333333333335,track,1,310.49002332210415,250.47888053899973,310.47924141511453,250.456288333487,1,0.02503312342201703,14.141386415224177,2.7314005632915013,1543.0616027892665,-0.4433139167564607,0.7026955814376583,8.533512000212795,30.0
71,2.366666666666668,track,1,322.7924324324324,227.61392432432433,322.8036361883378,227.6349969768919,1,0.02386589266340558,12.678867285291295,2.604058077892102,1383.3770792446935,0.1722657925637892,-0.46347764502881816,5.716105000828975,30.0
72,2.4000000000000012,track,1,324.66408916151886,257.1866171324895,324.68115731779153,257.17540962447947,1,0.020418868586274803,17.801908032640075,2.2281342042758463,1942.3521354263223,0.2872015844118722,1.0673359778106082,5.392652999944403,30.0
73,2.4333333333333345,track,1,316.2700246657147,240.41957678826432,316.25665175246877,240.39773820620758,1,0.025607781530854815,3.7644191826857374,2.794149194579466,410.8004572430696,-0.1301040066911402,0.1995437316391236,7.97664200035797,30.0
74,2.4666666666666677,track,1,315.0831636851908,230.53428336293152,315.0802652321654,230.56025912568157,1,0.026136971522871907,10.644834332206333,2.851755838755285,1161.4802413691355,-0.20267180098161316,-0.29975056893127827,7.01987299908069,30.0
75,2.500000000000001,track,1,324.3067225076637,258.689132593584,324.2892439926313,258.70704008979396,1,0.025023527094451912,19.19247151748525,2.7304962570171685,2094.067843216371,0.2665477189381453,1.1428796216150157,7.745480999801657,30.0
76,2.533333333333334,track,1,337.9409861524524,230.71735473016696,337.9423582875229,230.73040584009573,1,0.013123041759608108,20.195385532521353,1.4318277713681873,2203.7839141489326,1.0067848275477982,-0.30532927925615494,5.670738999469904,30.0
77,2.5666666666666673,track,1,325.41401356430083,249.99516177804657,325.38225013736655,249.9839845337592,1,0.03367263102978834,11.342335020247173,3.674530501411879,1237.5884784279542,0.4281401067387316,0.673605081101109,6.210165000084089,30.0
78,2.6000000000000005,track,1,320.4464155005382,257.5315392895587,320.39968463681294,257.51766273601925,1,0.04874763955968978,17.522221763858077,5.319616118931599,1911.8125343964161,0.17560669136389362,1.1008098979626029,6.780895000702003,30.0
79,2.6333333333333337,track,1,321.90528512414295,237.23201737575062,321.8661029935681,237.18563421987778,1,0.060717678686741446,3.376832114116251,6.6252749073169666,368.45940915940434,0.28452913595653195,0.10687821294459099,6.367934000081732,30.0
80,2.666666666666667,track,1,322.74620642221555,244.98555646305292,322.7509768063453,244.97808660597707,1,0.008863144446471181,5.687637439715907,0.9670896020934451,620.5925158590679,0.3425745474489681,0.5212804147285208,6.368506999933743,30.0
81,2.7,track,1,322.4925881237611,242.59045074549687,322.4713532865028,242.60374533356867,1,0.02505323103684594,3.5898574942173895,2.7338570212629905,391.7151793643071,0.34462225881182573,0.41678715291009,5.4599430004600435,30.0
82,2.7333333333333334,track,1,306.09697803378754,232.70906589863733,306.0847397762468,232.71680986728802,1,0.014482541147742316,15.706028320488949,1.5803589088218297,1713.890920206525,-0.5074679680071756,-0.09377146736944247,5.649496999467374,30.0
83,2.7666666666666666,track,1,313.7704932155934,252.40111996553952,313.77896781358004,252.3783724586931,1,0.024274840447752973,13.853712361334951,2.6486308188072774,1511.6039813454927,-0.1616000179846317,0.9110422669797741,7.049022999126464,30.0
84,2.8,track,1,326.41573663118885,237.34541302193304,326.39306132821866,237.32725189856046,1,0.029051605238673648,6.9292723687349485,3.170104945646405,756.1533691195548,0.47170856046577636,0.15042509772051574,6.20750300004147,30.0
85,2.833333333333333,track,1,331.04331199243757,233.7215657629012,331.04163139379966,233.73639969631108,1,0.014928830905008334,12.694499304853034,1.6288565446706087,1385.256930157654,0.7351853973833811,-0.055652019068413994,6.886818000566564,30.0
86,2.8666666666666663,track,1,324.02065848934797,258.3511943189154,324.0224784535244,258.33864782027763,1,0.012677811233472053,18.77461948443274,1.3832503315340028,2048.475159250057,0.40719759495599117,1.2099481009232074,5.596648999926401,30.0
87,2.8999999999999995,track,1,320.8209492775372,230.90738755734682,320.8360547848731,230.9176488713524,1,0.018261186078598213,9.120750496935838,1.99268278001463,995.1480630950593,0.2537036082727739,-0.2018679657431962,6.193168001118465,30.0
88,2.9333333333333327,track,1,329.7791800815626,245.91105387422192,329.7956749329062,245.92002567176633,1,0.018776934574791584,11.445608386867827,2.0489917995414815,1248.96949498751,0.7275616378137688,0.5586076675444444,6.702353999571642,30.0
89,2.966666666666666,track,1,333.80349438250244,249.00444273569994,333.8452451697244,249.01501155694132,1,0.043067716634246314,16.521538886603842,4.699803394583117,1802.8552918763328,0.9790610576565766,0.7391874991163179,6.501260999357328,30.0
90,2.999999999999999,track,1,323.5188634705352,224.5527705051719,323.57268848811805,224.60478774946387,1,0.07485269682196337,15.804324195364668,8.167763945576004,1724.3922663597566,0.4952784446199837,-0.5185073949264271,15.873336000367999,30.0
91,3.0333333333333323,track,1,309.7513667082777,253.35297662606,309.767458473425,253.3601429277287,1,0.01761535651532161,16.82849741190286,1.9222581718537963,1836.2424414136142,-0.21490066841545813,0.962149310356923,6.375191998813534,30.0
92,3.0666666666666655,track,1,324.0995893667603,240.48835098335854,324.09530856573247,240.47304536659635,1,0.015892990968067625,4.122538558633502,1.734074730034349,449.880850330363,0.49570862122189363,0.2857895949778195,5.384727001001011,30.0
93,3.0999999999999988,track,1,332.5149889691569,225.14950036769477,332.53206659722355,225.14161199095565,1,0.018811482343541665,19.43770530244141,2.0527756857514756,2120.962837870513,0.9496738435510631,-0.5049089262853796,5.598367999482434,30.0
94,3.133333333333332,track,1,324.9750832720509,254.40282043517757,324.9783101693604,254.3809067519428,1,0.022149997272234195,15.218214453424919,2.4167452045054816,1660.4591093092968,0.5990116113865682,0.9651140819590016,6.788873000914464,30.0
95,3.166666666666665,track,1,314.4573210341691,236.95842536053007,314.4330722285065,236.9612163748891,1,0.024408898730106435,6.342309574064317,2.6636725189541566,692.0914317452753,0.06108865468104929,0.04297264316370403,5.131545000040205,30.0
96,3.1999999999999984,track,1,321.5216845024046,241.28698929855724,321.5486371583902,241.27210722514542,1,0.030788338274639587,2.0041291975853324,3.3597118283122214,218.68975205004224,0.403901178989339,0.25144012841202584,5.750555001213797,30.0
97,3.2333333333333316,track,1,333.1779233653722,246.22757639756907,333.1703008507136,246.21407918834507,1,0.01550088341213654,14.562678484994809,1.6913396421830782,1589.134537449383,1.0155642499420294,0.509675456079077,5.76226500015764,30.0
98,3.266666666666665,track,1,331.53428336293155,226.37839476761815,331.55927013402425,226.35779535905476,1,0.03238324200570715,17.880896887370405,3.5336317677371643,1951.0915005636796,0.9760741103952817,-0.5177671270003733,5.436345998532488,30.0
99,3.299999999999998,track,1,317.8712635722628,241.59717956482243,317.87950686907084,241.6193239107056,1,0.023628880567183916,2.668089399945325,2.5781557269145328,291.1425999051411,0.29882993464077323,0.2357345004734367,6.8403440000111,30.0
100,3.3333333333333313,track,1,309.453124323388,244.0,309.42651720725144,244.00033639935327,1,0.02660924263540848,11.304920595764514,2.9037933552134443,1233.6485617993737,-0.1599465592860596,0.35884900821805166,4.639759999918169,30.0
101,3.3666666666666645,track,1,322.37805089146616,224.51666089665918,322.35538239238167,224.5363243118502,1,0.030008511254606747,15.642029663781392,3.2744934769351692,1706.6758984039407,0.46667370988013723,-0.660257768572533,5.4303169999911916,30.0
102,3.3999999999999977,track,1,329.4615184719996,250.05820953700896,329.437200753179,250.05295935033223,1,0.02487802059607805,13.788500634776602,2.714847167026299,1504.5599816904119,0.8362315818337573,0.6280948914798229,6.6295010001340415,30.0
103,3.433333333333331,track,1,311.22761563995346,241.23589257231538,311.2138534478797,241.22194910049598,1,0.019591282169695703,8.87071196914531,2.1377519251205137,968.0342074179364,-0.09813212123336351,0.1739454672660421,6.237932000658475,30.0
104,3.466666666666664,track,1,307.86298170494354,232.39444660698067,307.87068591355114,232.37244315622843,1,0.02331322961915909,14.328289626214751,2.543706139747682,1563.5290255429063,-0.31679481282451083,-0.29201847973345385,7.442272999469424,30.0
105,3.4999999999999973,track,1,319.80459073191855,255.47999133824166,319.81568757761033,255.4535721320924,1,0.028655094448703674,15.454671226228985,3.1265753227258823,1686.226813655748,0.2552358155994286,0.8889955095203618,6.216039999344503,30.0
106,3.5333333333333306,track,1,336.8842327404281,230.1901890692967,336.89098725650433,230.18130622582294,1,0.011159229167085477,19.537456280960814,1.2176354372396447,2131.972954612227,1.127288931076954,-0.4108197431990218,6.808991000070819,30.0
107,3.5666666666666638,track,1,323.69671528108364,244.42376768944476,323.7144177010664,244.39986873917064,1,0.0297411414954184,5.7581024461124715,3.245200390176533,628.3014786130597,0.48584948600661204,0.30841770097132903,8.11371700001473,30.0
108,3.599999999999997,track,1,314.4850110308431,251.96677769606782,314.4678264181714,251.96955083458488,1,0.017406929939296472,13.186170472172497,1.8995619409763589,1438.760807442248,0.0071996603594750574,0.7234553762698394,6.774959998438135,30.0
109,3.63333333333333,track,1,319.5200086617583,221.8835859679515,319.54343777882355,221.88976801214676,1,0.024230996613608793,18.115986081791636,2.6442296077311775,1976.5967769321699,0.26588644260794014,-0.8114060394992417,6.775636000384111,30.0
110,3.6666666666666634,track,1,317.49001901140684,246.08710680954027,317.48002563562864,246.08044484974107,1,0.012010381667985268,6.581951106460118,1.3105897524660939,718.1621576347086,0.12304365915437962,0.44628937131554247,6.0252980001678225,30.0
111,3.6999999999999966,track,1,319.10390060175763,242.44053855145245,319.0989480678436,242.41654301788526,1,0.024501290238347063,2.5790647028976985,2.673306172638455,281.40270808210084,0.1872980480800493,0.2758957484017658,8.479753998472006,30.0
112,3.73333333333333,track,1,308.768265873529,225.76826587352903,308.78075992782647,225.78232488873527,1,0.018808436972734304,18.111146660731915,2.0523040580358156,1976.203358804327,-0.37207897723588823,-0.5945267653959763,6.659725000645267,30.0
113,3.766666666666663,track,1,306.4111971617704,251.8670877860944,306.3901802365526,251.8756429110922,1,0.02269143691656111,18.062615772509176,2.476185955423089,1970.9723776716744,-0.5551839388051206,0.7225474583773579,7.36170799973479,30.0
114,3.7999999999999963,track,1,322.6925740003462,231.51666089665918,322.7086861050327,231.53609089209044,1,0.025241328013552698,8.886773194053713,2.754228822536902,969.6338203950439,0.23198124366706382,-0.3403904628326705,7.352688000537455,30.0
115,3.8333333333333295,track,1,324.31503950947797,235.75128459778057,324.2988824291954,235.76394811568002,1,0.02052841759240282,6.035273457491014,2.2400604384168976,658.5559615411993,0.3148960314756401,-0.15333504316725713,6.5708380006981315,30.0
116,3.8666666666666627,track,1,313.60555339301936,254.9418710263397,313.6291967594998,254.9438920273219,1,0.02372958540509984,16.24521599897715,2.589540261456114,1772.5297451021816,-0.24102098277769357,0.8383461403970235,6.725547000314691,30.0
117,3.899999999999996,track,1,313.9050445103858,229.8802735130951,313.91037380857097,229.88630448413664,1,0.008048231535605278,11.805523458912486,0.8781935221383322,1288.1373556955919,-0.25876199708026937,-0.43377397536922735,6.428163000236964,30.0
118,3.933333333333329,track,1,329.08304857476537,246.39863315887365,329.0768983591797,246.3750013038782,1,0.024419044253934572,11.091921630057092,2.664340198139983,1210.360958934668,0.5094047283845201,0.41961508461081015,6.2481069999194006,30.0
119,3.9666666666666623,track,1,325.13628737362876,252.92979135297912,325.12831365169086,252.9342750863825,1,0.009147901769020214,13.913844649137571,0.9982429799056959,1518.1473552860236,0.33539173886720364,0.791260204120846,5.217523999817786,30.0
120,3.9999999999999956,track,1,311.3739450335425,226.57204068383467,311.35317804951137,226.5965591945494,1,0.03213137086115848,15.95054090834133,3.506044432360315,1740.42089807554,-0.3679765382910753,-0.5410002326582615,23.777499998686835,30.0
121,4.033333333333329,track,1,308.52588485032277,242.96256985660443,308.553411633055,242.96377915908374,1,0.02755333337502177,11.824059038507007,3.006817928940089,1290.3137498626622,-0.5530441133945436,0.31050551623766,5.787718999272329,30.0
122,4.066666666666662,track,1,312.6306575022695,240.15769679678382,312.65275800958466,240.14922022080714,1,0.023670335102725117,7.348757142539146,2.583021787163584,801.950563765461,-0.3864704115741159,0.16563383478119886,5.850859000929631,30.0
123,4.099999999999995,track,1,321.38607567567567,233.0249081081081,321.36639554869885,233.02213119493263,1,0.01987507596483485,7.110393087321994,2.1689072772045273,775.8057537827333,0.04081723448028965,-0.2028899994311405,6.263745000978815,30.0
124,4.133333333333328,track,1,319.7504873294347,259.4699155295647,319.76571795643645,259.44442950068515,1,0.0296902284752865,19.4458408582157,3.239580451432733,2121.6938025916747,-0.028810999645379295,1.1608865037528977,5.202958000154467,30.0
125,4.166666666666662,track,1,311.4850110308431,232.0166111519661,311.46573764898767,232.0163738123922,1,0.019274843143823432,11.686398973993807,2.103410911613677,1275.199905199751,-0.4773757738302209,-0.2482209909818688,6.287751000854769,30.0
126,4.199999999999995,track,1,325.8505642755221,239.38189129588793,325.85854688085215,239.36186547773286,1,0.021558185930977955,5.8931983865852935,2.352227441519616,643.1080161457479,0.24591230646949175,0.11346392064147996,5.478856999616255,30.0
127,4.233333333333328,track,1,329.4447330822185,252.62176906091702,329.4205345857988,252.6450887217918,1,0.03360615735677159,15.768472997225123,3.6670333404762396,1720.5741377612997,0.46257382316488155,0.8090110199394789,5.590656999629573,30.0
128,4.266666666666661,track,1,328.5426789658309,228.30765233207742,328.56756680435547,228.28880061660402,1,0.031221654067590445,14.510526935461305,3.4069091150606394,1583.3114780543146,0.46201521601530326,-0.41961790069254024,8.00792800146155,30.0
129,4.2999999999999945,track,1,317.60555339301936,241.70935513169846,317.62601718428755,241.7256509272131,1,0.026159505051188366,2.934904688723211,2.8545218305348876,320.2588396970917,-0.06779287376948251,0.2705051157865369,6.667681998806074,30.0
130,4.333333333333328,track,1,313.74746647117166,251.0041398939152,313.7606717140718,251.0057218138386,1,0.013299658292442722,12.651289661658462,1.4513519524190537,1380.4158121849337,-0.2697271908307871,0.7645420506433298,7.054018999042455,30.0
131,4.366666666666661,track,1,324.17773950484394,229.88426264800862,324.166871234916,229.89092516994492,1,0.012747881776123186,10.934176229054644,1.3910740733127445,1193.0364108563228,0.26275963625707954,-0.3047782830298267,6.062160999135813,30.0
132,4.399999999999994,track,1,324.44053855145245,254.0664963851249,324.416359659273,254.06396124935986,1,0.024311432297857993,14.74107318561134,2.6530344044066556,1608.3933907354176,0.3011996279944324,0.945814791753034,6.4037769989226945,30.0
133,4.433333333333327,track,1,314.99584972547666,240.62647529289697,314.99672043663236,240.6455551657723,1,0.019099730020478538,5.044754489692,2.0839339202541582,550.5193066830454,-0.17031471409781745,0.2786914874169509,7.152525999117643,30.0
134,4.466666666666661,track,1,311.1285251565537,232.32338587778017,311.1212764073423,232.3047181315228,1,0.02002571135962185,11.749429589138805,2.185013153646685,1282.0862928708364,-0.38843530543529015,-0.15672805389902472,6.824981001045671,30.0
135,4.499999999999994,track,1,324.9917316222385,254.81396150036605,324.9901993963556,254.8230385321101,1,0.009205445205899486,15.640478296388784,1.0043901262490278,1706.530638924756,0.3086940157234078,0.9945691506079152,6.142382000689395,30.0
136,4.533333333333327,track,1,332.8388499117634,240.11156544570224,332.84878215632557,240.1061826935195,1,0.011297057276269996,12.84922089720281,1.232766654668508,1402.2011924285632,0.745437014522424,0.24683181230510062,5.570745999648352,30.0
137,4.56666666666666,track,1,328.50998098859316,243.1617697891462,328.52247413551186,243.15133327028911,1,0.016278809716519467,9.086444121376616,1.7763333821069316,991.5585403577871,0.5762599167141387,0.41333397724418475,7.510007000746555,30.0
138,4.599999999999993,track,1,310.59717956482245,254.24916727949127,310.6184545580884,254.23404414849415,1,0.02610238360038646,17.04762176081852,2.8483061966788337,1860.1300358984934,-0.3247230263796157,1.0099298199825475,7.087695999871357,30.0
139,4.633333333333327,track,1,325.7349782167968,227.9834361385498,325.74853339538095,227.98470058970724,1,0.013614025972441927,13.319649249015209,1.4856592877314545,1453.3274837508932,0.4457313548506381,-0.3160858118506827,6.6708730009850115,30.0
140,4.66666666666666,track,1,329.39444660698064,247.0373686259245,329.3719967647612,247.03720081088863,1,0.02245046942857923,11.719919735709208,2.449958132491756,1278.8817648080417,0.6654145695122072,0.6764851565165229,6.102551000367384,30.0
141,4.699999999999993,track,1,324.9543153796236,246.40700843608047,324.9564424403229,246.3833417766093,1,0.023762052894108827,8.081669004682135,2.592632364219428,881.8335349023884,0.47456666037845685,0.6667734534876952,6.2890200006222585,30.0
142,4.733333333333326,track,1,313.5846133875644,220.60538271818615,313.60631972863894,220.62632648265026,1,0.030162999067941013,20.401430659864285,3.2913131628177763,2225.9946250768057,-0.09993128292861797,-0.6722012879829191,6.887599000037881,30.0
143,4.7666666666666595,track,1,311.21512605042017,249.21926308985132,311.20511777320075,249.20762666566316,1,0.015348354334833624,12.733041356938273,1.6747533142969333,1389.3937096798527,-0.25036858681789803,0.7877953302169731,6.1390390001179185,30.0
144,4.799999999999993,track,1,329.69317151125125,227.67243985660605,329.71110579035076,227.6890347550834,1,0.024434177340214375,15.680096968224658,2.6662158104957405,1710.939126520411,0.6837436718486172,-0.33266199951503883,5.969576001007226,30.0
145,4.833333333333326,track,1,328.5384815280004,236.18294425917105,328.56415810737485,236.17194205680607,1,0.027934480221648943,9.38076924908424,3.04833009115294,1023.6683440745131,0.6505447865479774,0.06556133554175947,6.387371999153402,30.0
146,4.866666666666659,track,1,330.8339746638419,248.3777076397596,330.8432545028372,248.3558437203751,1,0.023751765884466283,13.689276551104951,2.5915750854710717,1493.7751789319236,0.8057523574557055,0.6775476919576717,5.5172769989439985,30.0
147,4.899999999999992,track,1,318.49667817083696,227.78050043140638,318.49221078246524,227.7914425604256,1,0.011818957074839782,12.301313063242544,1.2895735564377018,1342.1745255043354,0.20063448865762312,-0.38689357127085333,6.625732999964384,30.0
148,4.933333333333326,track,1,328.60555339301936,243.78409238354743,328.62746878460894,243.79638455182408,1,0.025127311624319856,9.425802527887484,2.7419587855896403,1028.5833454631854,0.7273579137146399,0.41263600738493006,5.631316000290099,30.0
149,4.966666666666659,track,1,335.89682300846914,248.94634796440394,335.9002192675605,248.9471776747091,1,0.0034961400152245803,18.244696793844366,0.3815194098327178,1990.9086723657242,1.1463150151773964,0.6879395205026372,5.30368599902431,30.0
150,4.999999999999992,track,1,320.4699155295647,218.5799870045484,320.442179000989,218.60211616964534,1,0.03548260088153651,21.402452071813382,3.8718415454746284,2335.174813203161,0.37489178170853604,-0.8851904406338995,17.136915999799385,30.0
151,5.033333333333325,track,1,309.17816910526994,242.70581380292631,309.16770340275457,242.72126710425846,1,0.018663746976488527,11.168882854762789,2.036475725034511,1218.8177349403154,-0.1956825551161001,0.3471412384781901,6.87103300151648,30.0
152,5.066666666666658,track,1,317.0620769927146,239.23589257231538,317.0578455249247,239.2247788117511,1,0.011892055900359856,3.042571420018885,1.2975476266174488,332.0240791700799,0.16909810273489534,0.1618165463223914,5.714568000257714,30.0
153,5.099999999999992,track,1,329.5804232117357,226.76736336492274,329.6053824636065,226.77877596144322,1,0.027444701005614178,16.34209709155684,2.9948719940562594,1783.1612696615732,0.80608507296192,-0.5096533141199167,5.8450029991945485,30.0
154,5.133333333333325,track,1,321.27748058671267,249.50332182916307,321.2619379425198,249.5062551918495,1,0.015817028961094087,9.589649375411845,1.726059820670775,1046.3103665254675,0.39730730136785786,0.6234918176127838,4.9793769994721515,30.0
155,5.166666666666658,track,1,314.65552721456055,231.62647529289697,314.67615221420374,231.6458029500884,1,0.02826568489867821,9.90635975497959,3.0843009782631046,1080.9182479476474,0.043667018172528826,-0.31296959427624615,5.007753999962006,30.0
156,5.199999999999991,track,1,327.232174476355,241.67661412221983,327.2211270243977,241.69498226751534,1,0.021434433893770276,7.417387706576882,2.3387779729303557,809.4325802022692,0.6729936648379001,0.17657314830819554,6.807078001656919,30.0
157,5.2333333333333245,track,1,337.2655716446942,251.48835098335854,337.24964752388314,251.47309089990813,1,0.022055560988534763,20.716711961500128,2.4066492054980357,2260.633912464448,1.2204457319381294,0.6962829827613798,5.800762999569997,30.0
158,5.266666666666658,track,1,328.35754189944134,233.54267896583085,328.33811898466433,233.56697685645145,1,0.03110686591487058,10.531287431641541,3.394239024409061,1149.1753366010967,0.8150753762677789,-0.20259139074283425,5.533204001039849,30.0
159,5.299999999999991,track,1,317.56365525301936,248.7298818232977,317.5885969724184,248.74371246466762,1,0.02851974767214307,9.070136284875428,3.112154341684469,989.6366031608612,0.2763637056697166,0.5787951783198072,6.3539989987475565,30.0
160,5.333333333333324,track,1,305.4195767882643,246.3198753732312,305.39621462721357,246.30063574817814,1,0.030264727673366156,15.90498532050977,3.3024679362239358,1735.6196133557405,-0.380582986654492,0.49071979317771736,5.478589999256656,30.0
161,5.366666666666657,track,1,319.4879567567568,221.52536216216217,319.4677858066782,221.54892477621297,1,0.03101715667142393,18.458749385086215,3.384463955369477,2013.9949232462359,0.28854303770391976,-0.7853501439921203,10.08569800069381,30.0
162,5.399999999999991,track,1,325.1147125745932,245.97458463916198,325.0978109667544,245.9646001871124,1,0.019630426135639187,7.846281415094864,2.142117462035175,856.1561665953634,0.5672182372504602,0.4648976568178118,9.27886699901137,30.0
163,5.433333333333324,track,1,311.6539004664299,233.99897299841672,311.62841075068786,233.955214479917,1,0.050641223819129395,10.325838394193646,5.525605467520478,1126.7628290917303,-0.13604719958927453,-0.14317090829773302,6.550092000907171,30.0
164,5.466666666666657,track,1,306.09550108330853,227.12812778792642,306.0548946545248,227.08641796553434,1,0.058211608314392524,19.005961276854052,6.351874830491665,2073.8980605889733,-0.4788322800611674,-0.5311840648010937,5.83257000107551,30.0
165,5.49999999999999,track,1,328.20425531914896,256.27027724049003,328.18495269120035,256.2462545471376,1,0.030816898637393845,18.191597988290553,3.3625919416837813,1984.9178271890883,0.6110734252618102,0.9487372661662349,6.995731999268173,30.0
166,5.5333333333333234,track,1,335.2747002449611,231.26232326271005,335.25664191658075,231.24293488615126,1,0.026495516025878553,17.59122826805892,2.8911060918496285,1919.598170475744,0.980725929736586,-0.35587046960978985,6.26326999918092,30.0
167,5.566666666666657,track,1,325.6071505492139,240.38251130734437,325.6226016353746,240.35679465636485,1,0.0300013699878673,5.633910859867051,3.2735432970855376,614.8135544907867,0.5251977487414212,0.07091739354807641,6.153266998808249,30.0
168,5.59999999999999,track,1,320.8002488309237,253.18533613625638,320.8080518090376,253.17268957363967,1,0.01486008120651209,13.197450448081412,1.6214305160461353,1439.9474743707983,0.29067139493829763,0.7672783239727269,6.676393000816461,30.0
169,5.633333333333323,track,1,316.2083996045222,228.2991875510467,316.19737545645876,228.28083818408595,1,0.0214063333708765,12.320661795809514,2.3357083923494626,1344.3048061206466,0.0480378659244895,-0.4865014299426075,8.681077000801452,30.0
170,5.666666666666656,track,1,324.7132665778504,251.00618849112553,324.7294716116289,251.00897878721412,1,0.01644350546645713,11.98188280958107,1.794425904586574,1307.3548184279819,0.4757653397142522,0.7001899141113077,8.277512999484316,30.0
171,5.6999999999999895,track,1,314.5271127216255,240.25676200336483,314.5551429858217,240.24565492001148,1,0.030150671825484837,5.450395787882972,3.2901840918489573,594.7872618157152,-0.04724200416169441,0.16816861841354208,6.750096999894595,30.0
172,5.733333333333323,track,1,308.44529733925566,228.79093535728146,308.4262669486088,228.80896474418796,1,0.026214777519474295,16.09939647445495,2.8605056904783215,1756.7326531601236,-0.3966515243799543,-0.4188800464838677,6.870045001051039,30.0
173,5.766666666666656,track,1,303.13755842373826,249.15402426997127,303.1380777455545,249.15240320960834,1,0.001702213808278027,19.185695364677663,0.18572760945169442,2093.597394771595,-0.7340359440279945,0.6093315865298633,6.126598998889676,30.0
174,5.799999999999989,track,1,326.719040082132,235.53834965992215,326.7680342230317,235.5975498040541,1,0.07684453726677051,8.073899613688067,8.384956963903836,881.0369196801216,0.42603015869193417,-0.0863906764400397,6.412204998923698,30.0
175,5.833333333333322,track,1,328.36951026179355,231.02605081623034,328.3832936177348,231.05150433737913,1,0.028945857041644336,12.26194056848661,3.1583489705696786,1337.9862793750526,0.502505498711252,-0.3420986519732842,6.401519998689764,30.0
176,5.866666666666656,track,1,320.9892608149656,250.52782228380894,320.9931810462747,250.5581748318325,1,0.030604662798980574,10.604784975199665,3.339219035436586,1157.0682365309012,0.1424796341753641,0.6469644242571458,5.631706000713166,30.0
177,5.899999999999989,track,1,310.40700843608045,229.2782608695652,310.3834036685057,229.2618704173026,1,0.02873729245476014,14.41479628498824,3.135837277241037,1572.8928460764587,-0.41373055527774494,-0.44426668531528396,5.973090001134551,30.0
178,5.933333333333322,track,1,325.7224834965699,248.02485222418778,325.73751282999183,248.02466352643773,1,0.015030517953422484,9.864799956758421,1.6402401102015869,1076.3929782400123,0.3512692611423407,0.5069247323274934,7.0747440004197415,30.0
179,5.966666666666655,track,1,330.40700843608045,245.8172615184945,330.38322250166993,245.8289581342658,1,0.026506253908896906,11.907479265159706,2.892455349155665,1299.3762302040811,0.6199429402257453,0.42092538181938144,7.886057999712648,30.0
180,5.9999999999999885,track,1,314.1453224341508,230.39444660698067,314.13875856175946,230.371642244417,1,0.023730220662800006,11.272063886744235,2.5891885203455756,1229.930924050439,-0.19222504223507925,-0.3671102288830134,18.44501699997636,30.0
181,6.033333333333322,track,1,306.74650448032554,252.56365525301936,306.76229261646813,252.58807298305055,1,0.02907732420173774,18.26736100805536,3.1727286647573214,1993.298796385834,-0.6038651554594573,0.7621822514008996,5.973282000923064,30.0
182,6.066666666666655,track,1,314.373524707103,247.05810384332713,314.35135545334447,247.05474321318093,1,0.0224225254418376,9.037510001011542,2.4469007522733643,986.1328699564149,-0.25794010995907035,0.5005684113470829,6.351908999931766,30.0
183,6.099999999999988,track,1,325.7382384765202,231.42795931616533,325.751000561962,231.4048040343498,1,0.026439324892641496,10.341731051986232,2.8848578866605386,1128.4272214446912,0.31422536246857663,-0.2906321945818766,6.191922000652994,30.0
184,6.133333333333321,track,1,321.12386564018755,254.0,321.1163845604392,254.00123363090188,1,0.007582110484764165,14.045670424507506,0.8274111675693535,1532.4956222057592,0.09293847398872454,0.8661887299534984,6.371835001118598,30.0
185,6.1666666666666545,track,1,308.7138290059187,241.34008726832852,308.7288235270314,241.32229485297967,1,0.02326812642534839,11.34847490912401,2.538923352418854,1238.4259921627126,-0.55592291494005,0.2323795057483224,6.140959998447215,30.0
186,6.199999999999988,track,1,317.2109526476798,238.7973200051704,317.20086049646943,238.80692025538588,1,0.01392897412778035,3.042798257728215,1.5199043526012186,332.04359069618164,-0.15487579690013897,0.1074997293093895,6.241274000785779,30.0
187,6.233333333333321,track,1,330.47411514967723,258.0207945241086,330.4468514989378,258.0203174353012,1,0.027267824727537318,20.829511437138397,2.9756570341048287,2272.7642004533805,0.5316478715598351,1.1182119195387346,7.0516579999093665,30.0
188,6.266666666666654,track,1,326.5183341270185,231.01662409628122,326.54063483219875,231.01386336007954,1,0.022470939364268507,11.11443006723658,2.452186073771006,1212.747382416045,0.3686968736550914,-0.24236449760789464,6.202758000654285,30.0
189,6.299999999999987,track,1,319.5216845024046,246.19548546423465,319.55057177073627,246.18380003589732,1,0.031161250088752014,6.200110371374274,3.4004604187473855,676.4822117488652,0.058233814720436365,0.551428202025509,6.710503999784123,30.0
190,6.333333333333321,track,1,312.56365525301936,250.4114107614389,312.586539815082,250.39003072066566,1,0.031317875474946764,12.763703627464114,3.41734884045256,1392.7048899380966,-0.3270078866870686,0.798411241775932,5.691251999451197,30.0
191,6.366666666666654,track,1,328.2658014276444,226.59299156391953,328.24946478516085,226.6148540896461,1,0.02729204863656095,15.723097668178275,2.9779619787734815,1715.5981255678632,0.4750232934988022,-0.41457867034982887,6.0218410017114365,30.0
192,6.399999999999987,track,1,324.1742663266629,251.3609802480875,324.1640468634778,251.3400215440804,1,0.02331747630960553,12.080371471997323,2.5442058408868635,1318.0923310500714,0.29826720845906124,0.8632824518937432,6.355244000587845,30.0
193,6.43333333333332,track,1,313.2735869424414,237.31503950947797,313.2590705142504,237.29868493023923,1,0.021867760504902887,7.262040583607658,2.3861333491051036,792.4679852571036,-0.2526806974103783,0.1583312454588628,6.025398000929272,30.0
194,6.4666666666666535,track,1,308.8056596459491,233.15712624370073,308.8172725328848,233.14980100404614,1,0.013730195882715955,13.114061914141653,1.4982630007845188,1431.033157808674,-0.5116244760018417,-0.07792143874809526,5.8645040007831994,30.0
195,6.499999999999987,track,1,328.0082958866229,253.50998098859316,328.0077448300958,253.52335685192907,1,0.013387209689735103,15.716397736394402,1.4606485469860044,1714.8622968621098,0.4549601893554132,0.9580690374319325,6.26116100102081,30.0
196,6.53333333333332,track,1,331.4573210341691,232.26192022866053,331.4317282110778,232.24536856972463,1,0.030478681193792986,13.813714870061826,3.3258806669459293,1507.3692714477302,0.6597816555249658,-0.1311231564020724,6.97381099962513,30.0
197,6.566666666666653,track,1,323.09536561136787,235.50831425733168,323.0900330521886,235.51647218230573,1,0.009746175007818101,5.4452112865945015,1.063441951483246,594.1500958547136,0.27117653806526953,0.004468567435695375,8.311135999974795,30.0
198,6.599999999999986,track,1,316.7514563106796,253.28168284789643,316.7658748491069,253.26735814193444,1,0.02032465131995644,13.655854332775858,2.2177763568745257,1489.976800273094,-0.044022394721727004,0.9124225356906303,6.358565000482486,30.0
199,6.6333333333333195,track,1,318.77242360243093,228.78483686048014,318.78350510587165,228.79763556036778,1,0.01692945472602631,11.268222080957441,1.8472774271542378,1229.4551768050476,0.05361129612576936,-0.3393923737583982,6.798301999879186,30.0
200,6.666666666666653,track,1,332.22873976519514,251.52588485032274,332.21380303895603,251.5533119451111,1,0.031230615095950494,16.812376440451782,3.407642637940542,1834.5349481929254,0.7604634064762363,0.8324580712070795,6.470039999840083,30.0
201,6.699999999999986,track,1,327.57601212383634,241.55107166053259,327.59971319448687,241.57838814751267,1,0.03616533161626718,7.761890863872427,3.9462262560326242,847.0285770500221,0.5693399741713083,0.3451482990409378,6.965288999708719,30.0
202,6.733333333333319,track,1,312.7174148305268,229.56365525301936,312.7327832470419,229.58956262515244,1,0.030122751484916804,12.696048427368972,3.286779168513152,1385.3203448735926,-0.17730642736448107,-0.2873363378636486,6.077353000364383,30.0
203,6.766666666666652,track,1,316.86328917274415,247.28584991153497,316.86943420588204,247.27018427306825,1,0.016827764582251117,7.915555669418942,1.8360860089505104,863.6743040750974,0.013916108345669836,0.5950111821081034,5.811233999338583,30.0
204,6.799999999999986,track,1,324.2775165034301,239.14911334512664,324.2623334714533,239.1414777456937,1,0.016994906257717362,4.347935956636246,1.8545431309025802,474.4756428955796,0.39049229937834273,0.18274694947976627,6.815315000494593,30.0
205,6.833333333333319,track,1,328.72664912205016,236.00828335993788,328.7401477849414,236.00842486193073,1,0.013499404530052996,9.608478307488092,1.4731534807468951,1048.5157528160057,0.6407337215533458,0.005883792213015521,6.512091000331566,30.0
206,6.866666666666652,track,1,324.50166026995555,257.10763724179566,324.5038347802945,257.1013777308435,1,0.006626460033381894,17.684503047051706,0.7230114141733774,1929.5407313772826,0.45359868483379034,1.0940243539958177,7.860652998715523,30.0
207,6.899999999999985,track,1,328.9461488673139,226.71831715210357,328.94769644659505,226.73371130605688,1,0.015471747721881679,16.0017401369805,1.6880904564550383,1746.0132534866932,0.7072304140722654,-0.4632771456359077,7.622090999575448,30.0
208,6.9333333333333185,track,1,331.4407102641836,245.52000866175834,331.4141647976621,245.54677008838212,1,0.03769397495335067,12.69054043142213,4.113072752226189,1384.837830776331,0.8771129252044325,0.5065054484149599,6.380254999385215,30.0
209,6.966666666666652,track,1,330.23605539019024,245.73081402873044,330.2240796428896,245.74376838910507,1,0.01764182462573036,11.72700643181507,1.9250203580715701,1279.6825099478542,0.8637489068320872,0.5337121198625869,6.383321000612341,30.0
210,6.999999999999985,track,1,325.8924740447163,226.7973549304269,325.8985647751613,226.80860707157058,1,0.012794830114940373,14.450118124049753,1.3960722747184073,1576.6689866420486,0.6806779479954951,-0.4456220068432441,19.64145800047845,30.0
211,7.033333333333318,track,1,309.43215166861444,247.18283339825996,309.40895771423084,247.17174237146742,1,0.025709344512480845,12.790780482114904,2.805497810411534,1395.745772879391,-0.16087256103580694,0.5801386080461979,6.298062000496429,30.0
212,7.066666666666651,track,1,315.1162579473206,240.60555339301933,315.11037689776936,240.62619755791366,1,0.021465513923690914,4.929557532213683,2.3420903014002015,537.9482248334949,0.09237926928718371,0.2519653105270231,6.751577999239089,30.0
213,7.0999999999999845,track,1,322.6599127316715,228.81751414870178,322.68002744747287,228.82601444804527,1,0.02183705293070313,11.49088770437258,2.3829548073530735,1253.7593199450707,0.46044636124527116,-0.3725507345832544,7.138795999708236,30.0
214,7.133333333333318,track,1,327.09977913472784,255.45732103416915,327.09421912330254,255.43147446300463,1,0.026437832135259656,16.984061618817673,2.8845921582272402,1853.1524704211922,0.6943925030035835,0.9790025964223045,7.7562799997394904,30.0
215,7.166666666666651,track,1,322.70998230546803,232.892279142031,322.72676165079724,232.89968044100306,1,0.018339183628256532,7.605903426952847,2.0012488840626266,829.8837346258666,0.4821999512658059,-0.1937934712902254,6.579490000149235,30.0
216,7.199999999999984,track,1,320.904523047652,239.48668165700943,320.9078510533177,239.46941678243502,1,0.0175827050188825,1.051528452193123,1.9184260965546671,114.74537742878509,0.3888320241637964,0.12208547051013906,7.011559000602574,30.0
217,7.233333333333317,track,1,331.85049963230523,251.59717956482243,331.85896219533697,251.6196303815493,1,0.023992793600798493,16.602734550496653,2.617855968750706,1811.653608619379,0.9599748996964352,0.7549194366041432,6.02343599894084,30.0
218,7.266666666666651,track,1,329.62173630655985,228.55107166053259,329.64175376471144,228.5749307120518,1,0.031144067978468505,14.94977002812231,3.3983121047617133,1631.2587902921568,0.8831944544613987,-0.4137348071380018,6.262132001211285,30.0
219,7.299999999999984,track,1,312.1283865401208,241.49667817083693,312.12318426153206,241.49543520607153,1,0.005348706752373035,8.017515365331983,0.5836844745076233,874.9250101475579,-0.005451549306724368,0.2467490026459781,5.477554999743006,30.0
220,7.333333333333317,track,1,314.17773950484394,242.85532831001075,314.1670454066739,242.86243314049352,1,0.01283909466667742,6.497452021492726,1.4010201205667034,709.0254972189249,0.06603611966110334,0.32040228166801227,5.306990999088157,30.0
221,7.36666666666665,track,1,324.58461338756433,223.638613647181,324.60662699105023,223.65723491468134,1,0.028833146580873516,16.979604909083815,3.1462468480876433,1852.6329695281568,0.5776921733324585,-0.6844381796527256,5.439110998850083,30.0
222,7.3999999999999835,track,1,323.4816658729815,254.68414217065674,323.4593980541622,254.70220867013404,1,0.028674974426035206,15.10372055744232,3.1289996999116583,1647.9507209295514,0.5248629479199134,0.8934634357376579,6.173750000016298,30.0
223,7.433333333333317,track,1,312.22757639756907,238.1282703331753,312.21442597738246,238.12215573770982,1,0.01450247664334241,8.00883649071906,1.5825664481941581,873.9747777722109,-0.06656996865500547,0.030614289959177615,7.57021799836366,30.0
224,7.46666666666665,track,1,309.52588485032277,228.99168219035653,309.55450791026874,228.99347262790093,1,0.02867900324751662,15.17405515310276,3.1296564217100173,1655.7488835597449,-0.2551508999718481,-0.45963204748997893,7.208672999695409,30.0
225,7.499999999999983,track,1,323.35797748034844,262.4226896112173,323.3358831151777,262.3255014621252,1,0.09966793514591431,22.573350032582276,10.874598666320097,2462.937806459763,0.41381087888477874,1.2552846347912363,6.5844900000229245,30.0
226,7.533333333333316,track,1,330.81793888194477,237.22757639756907,330.8257248667071,237.2138087592789,1,0.015816745013069015,11.178514235778904,1.72580597190092,1219.8681716337246,0.8045741384421347,-0.05050786389640333,5.954159998509567,30.0
227,7.5666666666666496,track,1,320.39454899415966,235.40700843608047,320.3734179779169,235.3853252542283,1,0.030276727410440185,4.629758524533946,3.303718867878732,505.14426469180745,0.26733474333615537,-0.15253535243972177,6.037819999619387,30.0
228,7.599999999999983,track,1,317.73807977133947,253.54267896583085,317.7536725840457,253.56730987929404,1,0.029151632992400606,13.75201382418072,3.1808327984861053,1500.460806518512,0.13938234099349406,0.7877261716565563,6.788702999983798,30.0
229,7.633333333333316,track,1,311.23646341990406,231.35262088933064,311.2238053724577,231.33436410495824,1,0.02221567781486582,12.333484406522684,2.4240439258410134,1345.8022297630496,-0.22199689506543205,-0.33118535470872834,6.924295999851893,30.0
230,7.666666666666649,track,1,321.7433044378315,249.84267046189674,321.755128146546,249.8499527301035,1,0.013886378865628464,10.005100878855307,1.5153091087696433,1091.6421514869055,0.28503617849424734,0.6262471201064921,5.829036999784876,30.0
231,7.699999999999982,track,1,325.43215166861444,244.92935982339955,325.40835750845895,244.931693686867,1,0.023908345325215182,7.319285044346069,2.60905004714002,798.669955227295,0.4761804208786086,0.41053701300248324,6.853519000287633,30.0
232,7.733333333333316,track,1,308.60555339301936,231.89619826132088,308.6281140274641,231.90371551460157,1,0.02378006146828711,13.959570661050499,2.5950045249234925,1523.2794560253426,-0.3964991034809082,-0.25230760607800884,7.074741999531398,30.0
233,7.766666666666649,track,1,306.1280275328028,252.13628737362873,306.123063260505,252.12905443610498,1,0.008772649808877412,18.43050012305539,0.9572188667219695,2011.1151038490807,-0.5794635165639116,0.7831651336077491,8.248550999269355,30.0
234,7.799999999999982,track,1,323.07839429234537,236.9092276614948,323.0727018363946,236.91358763694006,1,0.007170316634218028,4.355162207109143,0.7824264455657447,475.2250855974903,0.245163392670896,0.015281488775820112,6.336448999718414,30.0
235,7.833333333333315,track,1,323.90506900554624,235.89268670192183,323.9088245546129,235.89948157727576,1,0.007763664074889905,5.665082588439973,0.8471129768578237,618.158109159956,0.29070889079904083,-0.049582848675363084,6.839309000497451,30.0
236,7.8666666666666485,track,1,315.72664912205016,254.83847448121145,315.74167802945226,254.84635152742135,1,0.016968085180529377,15.444981698940785,1.8516094337050293,1685.1923453403151,-0.13074083358450878,0.9313124369542012,5.933131000347203,30.0
237,7.899999999999982,track,1,317.0082655301563,224.16944336820353,317.0072850598508,224.15898481050385,1,0.010504415794199357,16.12123149597573,1.1461141141923161,1758.964395197266,-0.08513609644602181,-0.6367790481498103,7.621415001267451,30.0
238,7.933333333333315,track,1,323.0537213206491,240.8347036287719,323.0501672513808,240.84338999195074,1,0.009385324375784532,3.164621136869084,1.0240400806956906,345.34251795119087,0.21753449998864985,0.22160896631419397,6.8040980004298035,30.0
239,7.966666666666648,track,1,324.01244382993434,242.49001901140684,324.0114855344766,242.4792774196219,1,0.010784253532758225,4.715806687806664,1.176649844791598,514.5984164520182,0.27915599746138925,0.30563685007832486,6.234366999706253,30.0
240,7.999999999999981,track,1,315.51164901664146,227.2946185433326,315.52518062906825,227.27926930191757,1,0.020462251755022868,13.48484326551862,2.232766100393451,1471.3321125353687,-0.15119966786421865,-0.4916606993471502,20.78228400023363,30.0
241,8.033333333333315,track,1,305.9049218447229,250.18188864487792,305.91081341747804,250.1728530735238,1,0.010786666733725657,17.37792042255401,1.1769701686112852,1896.2895704980147,-0.6746801477506645,0.6546718674394901,7.221558000310324,30.0
242,8.066666666666649,track,1,316.5053458714415,247.49834685903215,316.5106943094345,247.49758755901757,1,0.005402066778296898,8.269768642915471,0.5895111457393736,902.3262874507703,-0.1753104204181285,0.5228277325185653,6.743477999407332,30.0
243,8.099999999999982,track,1,326.0621520134663,230.29418619707369,326.05793118859265,230.27811519185116,1,0.016616033566302292,11.454849388300083,1.8129610184272242,1249.8772819161975,0.31144043690606527,-0.3562507462209324,7.24464399900171,30.0
244,8.133333333333315,track,1,324.4396819910128,251.49001901140684,324.416459834579,251.47868441129435,1,0.025840698696941493,12.298996434040514,2.819828040425335,1341.94894388495,0.2514733775184605,0.7215496699892175,6.851113999800873,30.0
245,8.166666666666648,track,1,311.9587823622859,233.0288523463999,311.95977311525553,233.02634426709756,1,0.002696674476777869,10.64317258336117,0.2942356176863077,1161.372647844373,-0.38415692050193406,-0.2237380908716168,7.012490999841248,30.0
246,8.199999999999982,track,1,320.4834994176265,245.51123765152497,320.4603730788215,245.51766525961943,1,0.024002951742241534,5.536837842028135,2.6193459484809063,604.1140085801226,0.010961954308581793,0.4033902994484831,7.04239400147344,30.0
247,8.233333333333315,track,1,330.0578636931158,256.70241529254747,330.0295984192976,256.69567276781913,1,0.02905834378848251,19.4766099109284,3.171020613100666,2125.151076270692,0.545047505844629,1.0138458073750403,6.8254510006227065,30.0
248,8.266666666666648,track,1,328.620776773862,230.86331520575516,328.5974877813135,230.8279121174496,1,0.04237635939407961,12.57155488692875,4.62384380991078,1371.7704926263054,0.5177399891086064,-0.2782134666664424,6.301560000792961,30.0
249,8.299999999999981,track,1,316.1854451107992,240.1609459401982,316.1410957013891,240.1166791107778,1,0.06266117060797452,3.8606678697771657,6.837443447569703,421.3045715645564,-0.09199973688901836,0.20380478676452035,8.287568998639472,30.0
250,8.333333333333314,track,1,308.32543893706054,243.5734437686036,308.30109684291324,243.58911015603144,1,0.02894776748758517,12.237076725714463,3.158824864953659,1335.3792116214875,-0.5128293032486039,0.3894480786951829,6.221881998499157,30.0
251,8.366666666666648,track,1,325.3927479436717,228.7457473838336,325.36661343830133,228.75363456881018,1,0.02729871897741606,12.461190762042675,2.9789901430402517,1359.6596818389555,0.34382272536524217,-0.380838880633937,6.639661998633528,30.0
252,8.39999999999998,track,1,317.20476580342137,256.59046839315727,317.18922660437374,256.60900339066643,1,0.02418703867170122,16.8451607505755,2.639185476508421,1837.9489383272637,-0.06421431830534546,1.0358732094241954,7.155151999540976,30.0
253,8.433333333333314,track,1,316.54302925989674,244.51303786574871,316.56649430186644,244.52344831848836,1,0.025670717186792084,5.678956424304628,2.801296285470531,619.6598062508242,-0.10704175154402919,0.4171186041244648,7.184435999079142,30.0
254,8.466666666666647,track,1,314.81023591594686,235.7194791800954,314.8188919130539,235.73359250501449,1,0.016556334926215985,6.711640181199139,1.8065155721314852,732.3711373681361,-0.21079110295479175,-0.027240993270241542,6.689588999506668,30.0
255,8.49999999999998,track,1,327.52055917504424,259.3251499331234,327.548691506101,259.30875889119125,1,0.032559089457622425,20.731881568551337,3.552919564336878,2262.0637323939923,0.4385157614459845,1.1995012026522476,5.868644000656786,30.0
256,8.533333333333314,track,1,334.8550537077779,239.4646046331047,334.86638053717706,239.44382769476942,1,0.0236638591701557,14.876780495431884,2.582017391717117,1623.462615601706,0.8582853421835082,0.2019735790348191,6.900035999933607,30.0
257,8.566666666666647,track,1,326.18780634620344,242.48615530140165,326.1840041174962,242.48775817662,1,0.004126275815750136,6.665646830619648,0.450277514169153,727.3866012795664,0.46920529219201046,0.36262617236584893,6.330353000521427,30.0
258,8.59999999999998,track,1,315.8986075785662,252.47575117472087,315.9141956913086,252.46707314063747,1,0.01784089500056956,13.119516360861994,1.9468456181408123,1431.4679840672507,-0.038859059952249114,0.9010604728433463,6.877895999423345,30.0
259,8.633333333333313,track,1,322.05566702241197,229.63765208110993,322.0893751290473,229.69032925858141,1,0.06253895969155233,10.51925849222957,6.8238468264800565,1147.7428712701437,0.2754528688280321,-0.2499944803078621,7.124243000362185,30.0
260,8.666666666666647,track,1,325.8779620345374,248.59412092385483,325.9128184851975,248.64209913019613,1,0.05930329195201781,10.471260660256227,6.470853010621905,1142.5626497310182,0.48944489331870633,0.7314835832702686,6.455404000007547,30.0
261,8.69999999999998,track,1,317.8406401927462,246.91085488103946,317.8524701850695,246.91597911705117,1,0.012892110497213477,7.241729866095762,1.4068426092608326,790.1428998089103,0.09339266663517248,0.6745352330672266,6.315234999419772,30.0
262,8.733333333333313,track,1,310.08264818561406,228.8347036287719,310.07647268094183,228.8425816734566,1,0.010010017283245543,14.931991768199584,1.092245443549166,1629.3263505339428,-0.32289021560921694,-0.2528844933195372,6.2525110006390605,30.0
263,8.766666666666646,track,1,314.339603106126,254.49667817083693,314.3233738775582,254.49597126689014,1,0.016244616742038653,15.567827950760925,1.7727294442246857,1698.6131957402108,-0.14224799338459507,1.0560557456971815,6.586744999367511,30.0
264,8.79999999999998,track,1,330.1247671446519,233.52588485032274,330.1191498356195,233.55138783956113,1,0.02611429916461394,11.999241317328293,2.8492988967259114,1309.378092639703,0.6603231368059814,-0.027089731413163398,5.512290999831748,30.0
265,8.833333333333313,track,1,333.3693424977305,236.34444300350148,333.34986476134463,236.32645777152106,1,0.026511333125782403,13.846075315792891,2.8928720789532236,1510.9662095191868,0.8686042252172735,0.08861311015297285,6.193732000610908,30.0
266,8.866666666666646,track,1,325.9834211208013,253.50664882134532,325.9839459292418,253.5124353259157,1,0.005810254645216413,14.77814322982236,0.6339446585430112,1612.4593560297424,0.5344256183389045,0.9692370856042308,6.59186899974884,30.0
267,8.899999999999979,track,1,319.49667817083696,230.77221742881795,319.49521463263955,230.7838903195925,1,0.011764281664845532,9.229923396670312,1.2835795703101918,1007.0587374363389,0.21919131705086575,-0.18555827074087133,5.6631960014783544,30.0
268,8.933333333333312,track,1,328.6173807564008,239.52588485032274,328.637756317361,239.55164249120367,1,0.03284234382916586,8.649384871411584,3.5836057678509543,943.8841918286887,0.6988827530747567,0.2765562577070571,6.926879999809898,30.0
269,8.966666666666645,track,1,329.8885496839661,244.07430021068924,329.8938378201685,244.0697067881431,1,0.0070045638824070165,10.698155923020337,0.7643308226577952,1167.4314309647866,0.8018376604736466,0.48032930141446006,6.86193399997137,30.0
270,8.999999999999979,track,1,321.6807876667962,223.76369996113488,321.6994703128339,223.77620560382684,1,0.022481822926725174,16.312562764737596,2.4532433199376187,1779.8327602124155,0.4113550237797553,-0.5844042456369558,19.3354269995325,30.0
271,9.033333333333312,track,1,310.85102806155436,245.23173412647097,310.8571580537473,245.2203845065426,1,0.012899251017179597,10.528246447073121,1.4074664766206693,1148.8694961768795,-0.152576434738884,0.4862810307697356,6.0859600016556215,30.0
272,9.066666666666645,track,1,317.0414919825388,242.6390197519125,317.0402791821359,242.65703720704118,1,0.018058227325263004,3.9774104690488317,1.970298485623071,434.0100248137987,0.13139490009514912,0.3567016875099296,4.610702000718447,30.0
273,9.099999999999978,track,1,331.3693424977305,231.66385682790818,331.3500576486033,231.68106073516606,1,0.025843371119034876,14.072262046970776,2.819991238338778,1535.5728371284288,0.866037938238785,-0.2220743133387275,4.5874589995946735,30.0
274,9.133333333333312,track,1,324.57204068383464,250.77978792469162,324.59425023802623,250.7905844868419,1,0.02469473732709602,11.727908970369668,2.6947775800145557,1279.6429842734444,0.5470067572791276,0.7408601244015052,6.777816999601782,30.0
275,9.166666666666645,track,1,325.48835098335854,236.91285930408472,325.4753928813136,236.91574978576523,1,0.013276569321638577,6.284307964187225,1.448824692559737,685.7607496404278,0.6087612139295953,0.03509357784413836,5.397531000198796,30.0
276,9.199999999999978,track,1,320.49001901140684,231.55617006567576,320.47833288021866,231.58199662248649,1,0.02834742843443139,8.431582485401375,3.093022409326108,919.9534238627191,0.33691354780381083,-0.26635744882373846,6.178524999995716,30.0
277,9.233333333333311,track,1,333.3192123332038,254.73882627283325,333.30115414047077,254.75157659152728,1,0.022105857856727487,19.86277204733162,2.4122064996194825,2167.3568592063075,1.0334723873626042,0.9136841638593255,6.500419000076363,30.0
278,9.266666666666644,track,1,330.84674461750876,229.27751650343012,330.85316861234605,229.26222443877373,1,0.016586589496483138,15.267321079065631,1.809773332457797,1665.9350949774,0.9534021338971119,-0.40090225081229924,5.947866000497015,30.0
279,9.299999999999978,track,1,315.4197220899528,242.56365525301936,315.39519017327666,242.58798357329124,1,0.03454970481866316,5.282227987877192,3.7699861260772614,576.4111729087624,0.1821828414305075,0.26305243335872464,6.414634999600821,30.0
280,9.33333333333331,track,1,311.1198501872659,243.16944336820353,311.1139358294695,243.16215067819667,1,0.009389513069396956,9.431931581304323,1.0245427203060966,1029.2612877914353,-0.06844146957804065,0.30128558225271007,6.014975000653067,30.0
281,9.366666666666644,track,1,323.4799913382417,226.08315288003465,323.454525941052,226.07659330828324,1,0.026296662061764415,14.34555692123329,2.869651229067034,1565.2299783318945,0.5362225890701635,-0.5893003854885019,5.1481760001479415,30.0
282,9.399999999999977,track,1,325.78796015591166,249.52000866175834,325.79894875583113,249.54541929155153,1,0.027684823183046353,11.1688332481186,3.020716048600927,1218.666936608878,0.6597988873037675,0.5895450347379931,4.905842999505694,30.0
283,9.43333333333331,track,1,311.4111971617704,242.28659196123394,311.3898566267219,242.27174110278338,1,0.025999354470366175,8.90479514343145,2.8370756382209716,971.745635855529,-0.08588446640242581,0.22074788491304426,4.843511000217404,30.0
284,9.466666666666644,track,1,310.2358925723154,226.92136914256153,310.2231114271774,226.9251965432004,1,0.013341913906501012,16.325992637488476,1.4559445587077628,1781.4082081870054,-0.19653352015825454,-0.580057608083768,5.077264999272302,30.0
285,9.499999999999977,track,1,321.81804867542536,258.8015076459186,321.82684359313475,258.8119012708828,1,0.013615359613736082,18.900396475714984,1.4856496639748267,2062.1850845680874,0.35695793660579683,1.0456090523386017,6.323970999801531,30.0
286,9.53333333333331,track,1,329.85465242029676,240.59717956482243,329.8608159341652,240.62119607882528,1,0.024794794777446727,9.880363123682969,2.705338633377649,1078.217209434268,0.7714303780143945,0.10081263908741986,5.395783999119885,30.0
287,9.566666666666643,track,1,325.53428336293155,237.66318707497726,325.5588923100561,237.68345844081045,1,0.03188304488786127,6.022262740054851,3.4790630275048664,657.1765242838262,0.5717680180340103,-0.045443155299191657,6.1980659993423615,30.0
288,9.599999999999977,track,1,310.2070482681275,249.73497821679678,310.19730643212733,249.7481334877766,1,0.01636962196286009,13.824576220670345,1.7861652738315257,1508.5056481761721,-0.22259950452949373,0.5862700136822879,7.123175999367959,30.0
289,9.63333333333331,track,1,318.68848133569793,234.48574765344523,318.69830541411216,234.44930731274508,1,0.037741369172727565,5.7012803915677575,4.117933758356737,622.0610235702742,0.17409358698871535,-0.1723019673089547,5.841258998771082,30.0
290,9.666666666666643,track,1,326.7094556617234,250.6222923602404,326.7241001237869,250.64383574159024,1,0.02604952109184207,12.589867424586526,2.8423656782409408,1373.7241413356544,0.5800665737190842,0.6610038301107665,6.4570020003884565,30.0
291,9.699999999999976,track,1,315.6306575022695,239.0912981455064,315.6494817208561,239.08435304035174,1,0.02006453814581981,4.4458316040846935,2.1895439003393187,485.1583686017278,0.014222044242188203,0.10177396400173114,6.463195000833366,30.0
292,9.73333333333331,track,1,303.5116339304986,231.51720267645155,303.5246640995474,231.5386577645936,1,0.025101914521096436,18.52109622720572,2.738941398141356,2021.0814316405051,-0.6515663909806012,-0.2963760208298951,7.1030939998308895,30.0
293,9.766666666666643,track,1,311.33173513023195,249.19904107813917,311.3128855556256,249.1871934839487,1,0.022263691314389166,12.643989935189284,2.4294541613686236,1379.675444710341,-0.31963897920703577,0.6025280617060554,5.998733999149408,30.0
294,9.799999999999976,track,1,320.7176592707928,234.60555339301933,320.7335420757852,234.6280629529772,1,0.027548934351839322,5.421788599173099,3.005986135746731,591.5624022523914,0.12455053400340935,-0.13349526544417556,6.156523999379715,30.0
295,9.833333333333309,track,1,322.60594538541307,232.50998098859316,322.62644521061657,232.52105533482018,1,0.023299870766379734,7.926716075979539,2.542551353588212,864.8848563206927,0.2143768587493601,-0.2658346930159625,6.706261998260743,30.0
296,9.866666666666642,track,1,318.4799913382417,253.6382849718493,318.45491969906584,253.65818327400893,1,0.03200827267755218,13.745298959380701,3.4927339120021443,1499.7244136967745,-0.000949216709061132,0.8148163493996079,7.30364599985478,30.0
297,9.899999999999975,track,1,315.724876370673,231.17071597505912,315.7524925939506,231.1747810980237,1,0.02791381401450359,9.794172136135069,3.046148303702583,1068.6579254748385,-0.15820692284773308,-0.3347577246508705,9.256567998818355,30.0
298,9.933333333333309,track,1,324.74746647117166,241.96688084867824,324.7590410928169,241.96870686501688,1,0.011717772906987056,5.150172700355263,1.2787242344422587,562.0103240614217,0.295478708854952,0.20308902198731257,6.010862000039197,30.0
299,9.966666666666642,track,1,325.0746533028038,250.65991273167148,325.07112982531953,250.68018832640178,1,0.020579471209178794,11.822976799125255,2.2453936738384135,1290.022910547715,0.3304587181897993,0.6674331600553538,7.156372999816085,30.0
300,9.999999999999975,track,1,318.13265967094185,231.31921233320378,318.1257865765224,231.30345097233567,1,0.017194764415765458,8.896214978703759,1.8761380352595145,970.6556372322071,-0.01284099648922736,-0.3082891679928064,19.83997199931764,30.0
301,10.033333333333308,track,1,307.5149760124476,253.51869300255004,307.534612723126,253.53959909099353,1,0.028682136257132673,18.40398390314678,3.129705167089527,2008.1830838331039,-0.5776716583856669,0.8378233573438547,5.838562999997521,30.0
302,10.066666666666642,track,1,309.8056596459491,245.1488564414007,309.8175331402149,245.14028074891849,1,0.014646582114245046,11.406363028078845,1.5982436497165462,1244.701219117296,-0.5083654021940528,0.43883604065046733,8.965003000412253,30.0
303,10.099999999999975,track,1,319.5967609232235,237.45312432338804,319.62011284158984,237.42798460708445,1,0.034312059501198845,2.5999187361376226,3.744028509059993,283.673019681921,-0.016023642875617503,0.05718341440904132,9.269477999623632,30.0
304,10.133333333333308,track,1,326.9503298409003,253.24421161557365,326.9538774927082,253.2297580243253,1,0.014882611777670663,14.94599978475155,1.6238251362378424,1630.789561774411,0.3482559864956665,0.8810165551558529,7.234801998492912,30.0
305,10.166666666666641,track,1,315.6514372163389,234.51164901664146,315.67098197149335,234.52441881410095,1,0.02334663104614444,6.980142291852453,2.547620365180561,761.641346781264,-0.21708928583106993,-0.05022589350685652,7.219187998998677,30.0
306,10.199999999999974,track,1,318.5487515632412,237.50166026995558,318.5739462092238,237.50249893215937,1,0.025208600526017505,2.875959144016536,2.7509484354069325,313.80387638241405,-0.07848798256748138,0.09357179264497935,8.422108001468587,30.0
307,10.233333333333308,track,1,333.0247646072488,254.10731329807817,333.0251401448004,254.10327022332876,1,0.0040604780361324835,19.197825574369677,0.44302993097657634,2094.8048467011886,0.6829466002669732,0.956346513899853,8.475627999359858,30.0
308,10.26666666666664,track,1,329.5183341270185,224.36988614225723,329.54042388245034,224.34889646300053,1,0.030471690638012527,18.329668021617472,3.325003237977994,2000.0072032102066,0.5597178041649159,-0.5577774984157231,6.7936340001324425,30.0
309,10.299999999999974,track,1,312.8056596459491,237.88422276779946,312.81428568349816,237.89107821033895,1,0.011018421675079184,7.4887943858331925,1.202328279017616,817.2209939549297,-0.27028760223834003,0.13826367472507167,7.888255000580102,30.0
310,10.333333333333307,track,1,312.4195767882643,244.96261196936257,312.39799695497663,244.96334764456765,1,0.021592369548768264,9.078836386750218,2.356316765214257,990.6968958776775,-0.30999339881101284,0.4932744503248282,10.433212000862113,30.0
311,10.36666666666664,track,1,322.2151075106649,229.83453268410392,322.20223540391316,229.8438494596844,1,0.01589004214736598,10.392171792835283,1.7339313645911894,1133.877715511187,0.18116355761429168,-0.29274799342955904,9.347644001536537,30.0
312,10.399999999999974,track,1,318.2483722133586,256.08279073778624,318.2360693342564,256.07813520229706,1,0.013154270975411015,16.174606115046345,1.435457116720987,1764.7809295196514,-0.014412193642059354,1.0401050386124016,6.373113999870839,30.0
313,10.433333333333307,track,1,313.7091035020129,237.43634474698064,313.72431451816533,237.4098938313855,1,0.03051271781095351,6.789173604468029,3.329327988071771,740.8655931097065,-0.2568804391771157,0.07590717971284566,7.2020770003291545,30.0
314,10.46666666666664,track,1,312.4866816570094,233.00830234368243,312.4716314044556,233.00680253903033,1,0.015124798045851621,10.2752685823044,1.6505253787067637,1121.2206024064167,-0.34533454589944323,-0.1723643302880247,8.413961999394814,30.0
315,10.499999999999973,track,1,326.06224873557255,255.6306575022695,326.05754527263935,255.65077637143781,1,0.020661351847746447,16.782152894036912,2.2543333348084293,1831.1076180487398,0.3391456079173325,0.9853604669746989,8.32550000086485,30.0
316,10.533333333333307,track,1,337.07424274973147,230.95050483351235,337.06922223629635,230.9519353135629,1,0.005220328373498776,19.319053349530975,0.5696708062472434,2108.1528326135485,0.9457553881557542,-0.28191404311084167,5.984146999253426,30.0
317,10.56666666666664,track,1,329.7632706035042,242.40700843608047,329.77694215814404,242.385072128631,1,0.025847881746612636,10.063655748408063,2.820349266970821,1098.2092276907206,0.6372384791807423,0.2905183328189882,6.716936000884743,30.0
318,10.599999999999973,track,1,317.0,251.49667817083693,316.99814990602636,251.49406744114026,1,0.0031998058160439603,11.879591336749348,0.3491447706512055,1296.1725187674288,0.01498203208008117,0.7750537472460545,7.249205998959951,30.0
319,10.633333333333306,track,1,325.1155880455816,233.88854009890346,325.1108748767829,233.89357415845893,1,0.006896065235577787,7.963006879588318,0.752477852291011,868.8912229869226,0.43953647429225307,-0.10802226517915581,7.588971999211935,30.0
320,10.66666666666664,track,1,334.0536243715894,253.07837408155373,334.05280964035956,253.0746745934539,1,0.0037881392764498234,19.194493338269993,0.41331820390918755,2094.4694266976285,0.9390198703100794,0.881034385349422,5.525769000087166,30.0
321,10.699999999999973,track,1,320.643199792558,250.17425126409958,320.6627329720484,250.16412780549672,1,0.022000670787225063,10.185711022737275,2.4007840250887162,1111.3430038666022,0.29814458417170087,0.7726404693496249,5.638081000142847,30.0
322,10.733333333333306,track,1,309.03308490931806,224.7973549304269,309.0308901461715,224.8074970598641,1,0.01037688656535171,18.738556950080124,1.1322069865563194,2044.6483087097397,-0.3041802662853948,-0.5212457265990458,6.296444998952211,30.0
323,10.766666666666639,track,1,305.2151075106649,247.95863317102598,305.20343256794354,247.96002774293515,1,0.011757938524962878,16.80179899414617,1.283106085416032,1833.461515314682,-0.5498674708981376,0.6729941117066274,7.5405770003271755,30.0
324,10.799999999999972,track,1,330.16162313835525,233.6974746384632,330.1534869781083,233.7124553850997,1,0.01704757675892323,11.942634345025224,1.860099671461774,1303.2037444404154,0.6983020001829516,-0.05096097877370637,7.67416600137949,30.0
325,10.833333333333306,track,1,333.1075630252101,238.78073691014868,333.10123764322407,238.79287929418433,1,0.013691163111232224,13.156730907890465,1.4938702135417479,1435.756763053996,0.8556098377860649,0.18572581966219082,7.388232999801403,30.0
326,10.866666666666639,track,1,331.0869527711883,259.7391416864352,331.0811707865871,259.75270990042713,1,0.014748822897436582,22.648662088784487,1.6092518974770633,2471.250516831298,0.8019568400155132,1.2790723230081298,7.909031999588478,30.0
327,10.899999999999972,track,1,318.024944783682,227.45732103416915,318.02311765777745,227.43163848708173,1,0.02574745839823662,12.7228839071335,2.8092509915354844,1388.1735678436528,0.16082298776671194,-0.36578259598674306,9.156173999144812,30.0
328,10.933333333333305,track,1,332.70474333983105,238.46991552956464,332.71999999817353,238.44203984692513,1,0.03177765419911131,12.81505520050943,3.4673340655162836,1398.469129171645,0.9278485848466775,0.20434576814618893,8.95049700011441,30.0
329,10.966666666666638,track,1,335.7256786595662,253.55526691778152,335.7417983817129,253.58219564406977,1,0.031384737398838826,20.79135048053124,3.4244700163762793,2268.730119315288,1.1405046830596197,0.9862340037254402,6.430320998333627,30.0
330,10.999999999999972,track,1,317.2983554193465,225.24862951612207,317.28176022624393,225.23346410111958,1,0.02248088624383837,15.014639853175087,2.4530769530209438,1638.2255045178788,0.23703679941634848,-0.45570849820004666,22.957521001444547,30.0
331,11.033333333333305,track,1,313.43808123188717,246.08062632466803,313.40854655835983,246.0711239790494,1,0.0310256589393765,8.961350614851453,3.3856911814837773,977.8488414414069,0.02905615246122112,0.6243377700902755,6.497303000287502,30.0
332,11.066666666666638,track,1,316.214405360134,236.8185800798866,316.1817237711839,236.8035844164342,1,0.035957699852462034,4.979588933075137,3.9238480504772126,543.3697642692073,0.14325548960633874,0.15188086451340221,4.590604001350584,30.0
333,11.099999999999971,track,1,326.38121047877144,222.5522433002108,326.32298498169166,222.55259034220353,1,0.05822653130946061,18.55780813689127,6.354095587101036,2024.8444780089328,0.6541751487867054,-0.6223819360118572,8.537641000657459,30.0
334,11.133333333333304,track,1,320.09179712494137,245.75190888538157,320.0519008887809,245.7246434616418,1,0.0483230068547256,5.724878729298494,5.273064545192697,624.630033719491,0.333771178066657,0.5163630834338198,9.291598998970585,30.0
335,11.166666666666638,track,1,319.2667241007969,234.374240792591,319.2446647762156,234.34316759327453,1,0.03810718458172341,5.707038126565209,4.158045237828283,622.685412143397,0.2848677211375047,-0.09734060771718037,7.419446999847423,30.0
336,11.19999999999997,track,1,318.0452733118971,235.8374276527331,318.0349036111604,235.8405048418831,1,0.010816643954277352,4.600326487090703,1.1803751497389965,501.9486946225996,0.2058306177068312,-0.053889203485856546,6.102888999521383,30.0
337,11.233333333333304,track,1,338.86794480505523,250.7070025362163,338.8693255860744,250.7158917644481,1,0.008995828743359566,21.69981069918926,0.9815172399971177,2367.93695402451,1.2835066744219386,0.7029445782259186,8.107113999358262,30.0
338,11.266666666666637,track,1,328.48317950487365,228.82403174329338,328.4553368708398,228.83114681734537,1,0.02873737198680551,14.00842614339946,3.135994735641241,1528.529265736621,0.7854987635170936,-0.4134978903953681,7.982392000485561,30.0
339,11.29999999999997,track,1,317.7443628398402,243.1608040201005,317.7573386917161,243.15441326013,1,0.01446425058220287,3.8703814746556673,1.5783911063852594,422.3147913302635,0.24985060665899864,0.3136318647586619,6.669075999525376,30.0
340,11.333333333333304,track,1,315.2826077613993,244.9814345266234,315.26924221049785,244.98257426986856,1,0.013414058504551712,6.87067068179603,1.463838872054211,749.7082303316271,0.10474285328865157,0.41692927183834994,5.193478000364848,30.0
341,11.366666666666637,track,1,318.1894222107837,227.80028310384765,318.18531361001055,227.8176366097373,1,0.01783324891809785,12.316779792885233,1.9457653264926604,1343.8636680272007,0.22888779494101869,-0.47128035646123256,5.724676000681939,30.0
342,11.39999999999997,track,1,323.9133834586466,243.2660365198711,323.9274468488743,243.25890201301104,1,0.015769595201940666,5.103457757358244,1.7208320796555203,556.8866763658117,0.5113213970063016,0.29489304516887155,9.42757899974822,30.0
343,11.433333333333303,track,1,315.20888448446726,241.61325347925373,315.20772291962953,241.64466266530326,1,0.03143065702727537,5.066639408689602,3.4293365757042977,552.898797478513,0.05660778960763971,0.21742160982062486,7.80577699879359,30.0
344,11.466666666666637,track,1,310.4363979578703,229.621433780943,310.43342951921795,229.6730889277428,1,0.05174036933520624,14.077086454876897,5.6452819643067915,1536.047751811894,-0.22741097711991765,-0.4098916089483065,6.157647001600708,30.0
345,11.49999999999997,track,1,330.6645415258226,249.99726156347612,330.70852478205006,250.02618437170554,1,0.052640817473211636,14.669590180479233,5.744233094764748,1600.7200159923298,0.784893696181738,0.6195594233741648,6.300015998931485,30.0
346,11.533333333333303,track,1,330.221406675014,230.32502914381934,330.2112562993093,230.30943161833648,1,0.01860948489709675,14.077530705698377,2.0305487297413114,1536.1137885376788,0.7783828782185684,-0.3931584033326557,8.522214999175048,30.0
347,11.566666666666636,track,1,320.8923349005737,238.73497821679678,320.8977669019341,238.7486181046993,1,0.014681729488473962,1.5401110538187772,1.6019331960081857,168.0485975520643,0.3213213002944472,0.01065688386192,7.132299999284442,30.0
348,11.59999999999997,track,1,313.3986331588737,252.68856784462997,313.3776795323347,252.7050350765353,1,0.026650031740297887,14.327353023934709,2.9080449360416454,1563.287034511005,-0.0758753118359255,0.7407068162589573,6.298486001469428,30.0
349,11.633333333333303,track,1,318.6766141222198,220.73051176851652,318.69516627133635,220.74564900088762,1,0.023944060656022267,19.298513503803292,2.6127590691115636,2105.6209372222493,0.16750885452586542,-0.8895794091388814,4.99298400063708,30.0
350,11.666666666666636,track,1,323.2192630898513,244.9131221719457,323.2080504766468,244.91803464229383,1,0.012241530124761977,5.8718525699744895,1.3358478921405055,640.7000421123099,0.3924828896666071,0.37114407386659964,5.809066999063361,30.0
351,11.699999999999969,track,1,320.1652963712281,246.97107313503508,320.1583080007258,246.9723608423958,1,0.007106019457083144,6.974157808629519,0.7754567045687987,760.9363786288094,0.22807999974704876,0.4982356475746135,9.394611000971054,30.0
352,11.733333333333302,track,1,302.74746647117166,228.1780154383544,302.76106501399386,228.1678241319894,1,0.016993619164635446,20.908880056647682,1.8543456782289398,2281.597978952589,-0.6890122311841537,-0.4623617835175069,7.86331900053483,30.0
353,11.766666666666636,track,1,313.69330397616886,247.1699261753659,313.7112550723625,247.15889004367068,1,0.021072210547261973,9.52879947434373,2.2994411512306865,1039.7484546428573,-0.18693559944653615,0.5014924005261508,6.249665000723326,30.0
354,11.799999999999969,track,1,324.7297180231299,232.46571663706848,324.7449567080441,232.4393329232139,1,0.03046830935045749,8.926270262949151,3.324481209735482,973.9761769833055,0.35566036560619235,-0.24422911855490723,6.173931000375887,30.0
355,11.833333333333302,track,1,327.9092276614948,232.9422357845876,327.9151290947534,232.94600630827063,1,0.007003125255905423,10.602268417162893,0.7641929577943058,1156.9064845042683,0.5326031322837066,-0.2496871041992296,6.993728000452393,30.0
356,11.866666666666635,track,1,315.5888028382296,255.0996841604292,315.61297935086554,255.09497827898826,1,0.02463024732667082,15.719552137992343,2.687812741066281,1715.1510672936056,-0.08964229686156333,0.8882285824169798,7.536130999142188,30.0
357,11.899999999999968,track,1,315.88027351309506,225.07018449232356,315.8852532670062,225.0669356100259,1,0.005945854454955692,15.489594983465382,0.6488202191277567,1690.0584267959853,-0.09584083100472889,-0.6560801179604526,7.050193000395666,30.0
358,11.933333333333302,track,1,327.1528859811475,238.83884991176345,327.1432663740725,238.8462150690043,1,0.012115377891769153,7.23584647141904,1.322032164179673,789.6254133703227,0.47774234930330767,0.04262460778262033,5.2205669999239035,30.0
359,11.966666666666635,track,1,324.9628275179624,253.8595706234135,324.96586182346005,253.86755949326925,1,0.008545703682266906,14.729867275337554,0.9324231874682095,1607.177548826172,0.390249695649326,0.8286634204055925,7.342064000113169,30.0
360,11.999999999999968,track,1,315.2656175694955,225.62647529289697,315.2494089157922,225.64859100945137,1,0.027419434231725784,15.117243652973086,2.9918602373000196,1649.439784720277,-0.09896302074565094,-0.6007801972090692,20.774354999957723,30.0
361,12.033333333333301,track,1,303.1694579584105,252.82640892065268,303.1612475819659,252.83559324727275,1,0.012319177603481876,21.17300255054261,1.3442200185705149,2310.399773109319,-0.7551713750340687,0.8239218746863083,5.962413999441196,30.0
362,12.066666666666634,track,1,309.8255225236921,236.58042321173568,309.83686947251545,236.60386388946995,1,0.026042630824129328,10.715547704150948,2.8415525471032543,1169.3384999057635,-0.4770434414042085,0.02110509275668848,7.861009000407648,30.0
363,12.099999999999968,track,1,315.08289081725167,225.6933039761689,315.0801242152761,225.71079626724327,1,0.01770972426442315,15.11246244175123,1.9322764148191158,1648.9202283267248,-0.2489919967752577,-0.5649378233954595,6.568728000274859,30.0
364,12.1333333333333,track,1,320.33274121571856,254.52168450240458,320.3137449063736,254.54857191863175,1,0.03292101031412653,14.551954533253452,3.592151013072633,1587.7335474154231,-0.016835107609089094,0.8945830694653306,5.895395999687025,30.0
365,12.166666666666634,track,1,312.0790191916129,240.47411514967726,312.07637830965723,240.4457716907889,1,0.02846622418341572,7.936151025023352,3.1058965612513267,866.0508621742545,-0.43907231553658777,0.138178089358269,5.987997999909567,30.0
366,12.199999999999967,track,1,321.6974746384632,247.29838117850204,321.7153646935035,247.28144085048802,1,0.02463795410678051,7.480765795750733,2.6884489307658668,816.2188927741544,0.03240959880663839,0.5266914409251916,5.806750999909127,30.0
367,12.2333333333333,track,1,333.12447594761636,252.6390197519125,333.1186990356066,252.65970607017562,1,0.0214778135677478,18.230974251807467,2.3434258882498824,1989.3257596568358,0.6411275059730178,0.8430342709146004,6.259989000682253,30.0
368,12.266666666666634,track,1,330.9459576495042,228.54687567661196,330.94777825437586,228.57418945485938,1,0.027374387376668655,15.82412700026234,2.986760698244975,1726.6841667423462,0.5855899296531841,-0.3683226740141756,6.641036001383327,30.0
369,12.299999999999967,track,1,312.5466793744314,245.47411514967726,312.5732944364031,245.4465538602417,1,0.038314308020752974,9.20982651741469,4.180752243018077,1004.9816489399634,-0.32882909262402255,0.5118252689818269,7.741466000879882,30.0
370,12.3333333333333,track,1,309.6306575022695,246.74270522630007,309.6497668704494,246.75645394961066,1,0.023541353931027124,12.36029917960144,2.5688484631433695,1348.7749147708048,-0.4969180944165295,0.6023766429364212,7.640747999175801,30.0
371,12.366666666666633,track,1,319.9422705210257,221.93814698681328,319.94515047046707,221.9399183172602,1,0.003381082716679955,18.06016497317019,0.3689498667787499,1970.5060507806193,0.01241566546415428,-0.676227133793482,5.786296000223956,30.0
372,12.399999999999967,track,1,325.6680354441323,247.48835098335854,325.6856886082444,247.47319375078246,1,0.023267485952181845,9.39019061503301,2.53892749117359,1024.6114049994026,0.31521716517370774,0.6295114001855958,6.52820100003737,30.0
373,12.4333333333333,track,1,318.31170180527295,238.44053855145245,318.2944078865489,238.4147326500704,1,0.03106483817716624,2.3285439717169507,3.3896091253982954,254.08702045073287,-0.043502106363902386,0.17511579599133695,5.911793001359911,30.0
374,12.466666666666633,track,1,310.7971451981543,235.49833973004442,310.80869183064965,235.49691615283882,1,0.011634057505589955,10.23513116665001,1.2695897737572472,1116.8944075038298,-0.44040640194469177,0.008480799162405461,5.812339999465621,30.0
375,12.499999999999966,track,1,323.2572725307975,254.51164901664146,323.2421710543442,254.52434838768795,1,0.019731411912093513,14.881813371782389,2.1530757917906063,1623.7372665615367,0.18256338428253446,0.9862845708965555,5.449049000162631,30.0
376,12.5333333333333,track,1,336.1943403540509,241.8924925700995,336.18541242159654,241.89879020059652,1,0.010925572194923402,16.29641001825411,1.1922059943893195,1778.3787645590558,0.881844581015653,0.3652844056891813,5.110510999656981,30.0
377,12.566666666666633,track,1,333.49833973004445,239.1076372417957,333.49696392918645,239.10372400454003,1,0.004148042167089641,13.52669013342872,0.4525929355875724,1476.130363883885,0.8150191995654912,0.22498509371153375,6.008107999150525,30.0
378,12.599999999999966,track,1,322.0124632162022,243.51666089665918,322.0107897773007,243.53694719491136,1,0.020355203131723964,4.068571123636457,2.2209179390972644,443.9329344104509,0.27825878972538975,0.4512777875977633,6.195971998749883,30.0
379,12.633333333333299,track,1,326.56365525301936,230.596900567075,326.5876496607468,230.61958105535768,1,0.03301720992046383,11.462520998006596,3.6027773423239813,1250.725609526264,0.5397759492497021,-0.21900902182480864,5.326753998815548,30.0
380,12.666666666666632,track,1,325.11193159735717,245.68078766679622,325.10775595848213,245.69623317364676,1,0.01599998880889674,7.6508982021697,1.7457472371392573,834.8402069826944,0.5017480698756618,0.5318076629901676,7.089528999131289,30.0
381,12.699999999999966,track,1,319.63901975191254,248.89627004365303,319.65725703434623,248.90263481353895,1,0.019316023562493914,8.909230009587858,2.10786576046038,972.0682757593523,0.26306774534561234,0.7183344175286368,5.582329000390018,30.0
382,12.733333333333299,track,1,310.97115508434564,235.01236210670902,310.9711247743851,235.0120509361227,1,0.0003126432911419322,10.315048410141229,0.03411191472556145,1125.607201983215,-0.20641280523237943,0.01909920055095865,5.76040399937483,30.0
383,12.766666666666632,track,1,320.5183341270185,256.5303692800554,320.5397514070414,256.5560320173661,1,0.03342567830062484,16.564828032353788,3.647265701954498,1807.353738525427,0.2610084583521327,1.1295465320736509,5.469096000524587,30.0
384,12.799999999999965,track,1,327.50166026995555,231.24011384708268,327.5031751194822,231.2289153693448,1,0.011300472235005007,11.542511099051731,1.232974271430596,1259.474328093458,0.6290185835134618,-0.16050016238434106,4.508670001087012,30.0
385,12.833333333333298,track,1,322.4783154975954,233.24123738139596,322.452737272828,233.22720449597523,1,0.029174774300464987,7.203240872611297,3.1836354725640805,785.9472923711214,0.39304507918819376,-0.0793265772053684,4.669187999752467,30.0
386,12.866666666666632,track,1,318.26522771422407,253.3025253615368,318.2515068493942,253.28484711522128,1,0.022378170713240216,13.399417568406419,2.4417968914008448,1461.9871243291948,0.17923114282798658,0.9435420565157534,4.884747999312822,30.0
387,12.899999999999965,track,1,321.50332182916304,223.80120793787748,321.5073684746819,223.81213298916782,1,0.011650411394114945,16.257896483827594,1.2711768021304168,1773.8675265679938,0.33906900707287946,-0.5787115212183671,5.119147999721463,30.0
388,12.933333333333298,track,1,330.55946144854755,245.81713494090653,330.5852642393188,245.8264425228981,1,0.027430185819912755,12.082849477206803,2.993318600228359,1318.5147439134892,0.8177392022602675,0.5481067426860375,7.051505001072655,30.0
389,12.966666666666631,track,1,332.9087452471483,246.50998098859316,332.9147502351125,246.5228043766242,1,0.014159772633931684,14.468508927012685,1.5449908539610324,1578.8524773589052,0.9816275214465768,0.5989488635138646,7.278853001480456,30.0
390,12.999999999999964,track,1,320.69317151125125,223.49168574266832,320.7104579166664,223.48317226624476,1,0.01926912278730841,16.532100557336932,2.1027121958543398,1803.7831717226868,0.38995709657711586,-0.5950629469759576,17.518648999612196,30.0
391,13.033333333333298,track,1,307.8713748541297,242.6390197519125,307.8773539110409,242.6583678367906,1,0.020250864425923436,12.410699728614718,2.209563653515212,1354.3355785946078,-0.2848869690811275,0.3660267890312437,7.432137001160299,30.0
392,13.066666666666631,track,1,322.5716699155296,241.53008447043536,322.5949053492036,241.55713765090786,1,0.0356617435313765,3.0262536964372817,3.891275032273651,330.2316586981279,0.4331864153180293,0.30686836100975073,5.960899999990943,30.0
393,13.099999999999964,track,1,326.6766141222198,229.90878859857483,326.69405340808953,229.91386020227242,1,0.018161769068883508,12.105394130289987,1.9819173713246152,1320.8664639146402,0.6500670918039674,-0.30908868744964446,5.205098999795155,30.0
394,13.133333333333297,track,1,324.52588485032277,251.46163843521205,324.55129484350755,251.4343119287903,1,0.03731495285899453,12.306818193075513,4.071691431691237,1342.804245351661,0.555395220761388,0.7760864361431891,6.2029820001043845,30.0
395,13.16666666666663,track,1,317.3192123332038,233.87977717320896,317.3000843336822,233.8849204215212,1,0.019807406920104343,6.684589954242272,2.161504418212812,729.3633103248932,0.18634147626849662,-0.13163630751200522,6.095344000641489,30.0
396,13.199999999999964,track,1,319.7890473523202,234.20681632125468,319.8009360977735,234.19684862247232,1,0.015514421918622543,5.8065645908463885,1.6929239114289294,633.5427349726605,0.30773340192904836,-0.145035497402787,6.161871999211144,30.0
397,13.233333333333297,track,1,334.09491467136655,254.09904139620858,334.0900148250289,254.09460684727173,1,0.0066086094154397465,19.929537374176387,0.7211192666271449,2174.6619094330827,1.0409054877006256,0.8734438350591864,6.893940999361803,30.0
398,13.26666666666663,track,1,330.6515577064339,231.71792766711317,330.669829987052,231.73256864188193,1,0.02341440541989296,13.497988487689145,2.5549727945690326,1472.9011649254885,0.9101501228689561,-0.26686431041795955,6.177639999805251,30.0
399,13.299999999999963,track,1,311.44053855145245,241.1288367461795,311.41468584653353,241.12154473975215,1,0.026861416741511657,8.658260894485533,2.931275891735318,944.850441238029,-0.0630216709513216,0.20340868539014506,7.355379000728135,30.0
400,13.333333333333297,track,1,315.40700843608045,245.9709279688514,315.38288828591226,245.97425190741637,1,0.024348104889693814,7.5504573658576755,2.657035336323203,823.8699363281959,0.1155183309777201,0.4608119062297634,5.378245999963838,30.0
401,13.36666666666663,track,1,325.44892833946744,232.23277765750163,325.42389966697556,232.2209106471828,1,0.02769946534887363,9.48329682950669,3.0226704856928235,1034.7634228069248,0.6151729327916011,-0.23969375891774697,6.65217799905804,30.0
402,13.399999999999963,track,1,317.15716686054026,255.20679850071087,317.1491904854224,255.19590424602438,1,0.013502123729048856,15.461003225623747,1.4732781345910886,1686.9278383975543,0.18926263424017323,0.938965924741445,5.858569000338321,30.0
403,13.433333333333296,track,1,312.7177203147972,237.51331834299057,312.73501616539784,237.5279282959175,1,0.022640608925703527,7.674055552780168,2.4705263981688517,837.4341237182273,-0.06778058369696471,0.042190435053722636,5.531422000785824,30.0
404,13.46666666666663,track,1,305.5049846791248,232.5815458978896,305.5103312139979,232.60291924216517,1,0.022031915047747413,16.268598749307618,2.403878070426126,1775.2828561268168,-0.4919994769186076,-0.22478935840895573,6.57454000065627,30.0
405,13.499999999999963,track,1,324.97514992018637,248.72664912205013,324.977292389736,248.74309033165673,1,0.016580215592665284,10.060569967970677,1.8090376214687596,1097.7360626199782,0.45767723297662544,0.5964414391429901,5.957067000053939,30.0
406,13.533333333333296,track,1,338.1039275971074,233.45312432338804,338.0967499616395,233.42856294120088,1,0.025588668309497638,19.252951570911335,2.7919614611429098,2100.9780397060695,1.1451238582743206,-0.17242579482346762,12.027327000396326,30.0
407,13.56666666666663,track,1,325.6807876667962,240.27775618603445,325.69639178896637,240.2609081894011,1,0.02296396349191573,5.702363763975427,2.5057572837493023,622.2838461274442,0.5563471775522786,0.14635653466220755,7.100127999365213,30.0
408,13.599999999999962,track,1,306.96275380437123,251.76410742768462,306.96278765160446,251.77763735712415,1,0.013529971776534018,17.569338278178936,1.4762243285053769,1917.1407953483956,-0.4107545132189814,0.7659510161047018,6.824654999945778,30.0
409,13.633333333333296,track,1,320.19132619903814,222.47831549759542,320.18141598219177,222.45137133341382,1,0.028708890284845114,17.549566371746195,3.1324254106967278,1914.7958986471608,0.22778769763987555,-0.7285575060946394,5.376062999857822,30.0
410,13.666666666666629,track,1,329.0621466488283,237.50498467912476,329.0601665052268,237.50858967503746,1,0.004113023731156611,9.396475004477125,0.4487819631823572,1025.3997578658182,0.6974825127737356,0.043346588027220315,8.246102001066902,30.0
411,13.699999999999962,track,1,315.767081148997,243.52168450240458,315.78210611243753,243.55097925163318,1,0.03292312042858449,5.513626981603505,3.592308377735205,601.6433697245175,0.028384283354163764,0.3443795955755158,7.610130000102799,30.0
412,13.733333333333295,track,1,301.9255076087425,226.76410742768462,301.9312238326813,226.7745733440272,1,0.011925209474407372,22.391797212755815,1.3011819177866077,2443.402334708662,-0.7237992809361329,-0.5296464501880552,6.020548000378767,30.0
413,13.766666666666628,track,1,315.9792737164817,243.68496049052203,315.9799360986715,243.70191410252482,1,0.01696654679381214,5.464895405516632,1.8511861341221756,596.3211398667048,-0.06662138331083983,0.30525939424534365,4.748657000163803,30.0
414,13.799999999999962,track,1,325.63901975191254,232.11617755110862,325.65995768345374,232.10824326443344,1,0.022390843714961542,9.71158819925182,2.443397809895959,1059.6756234567633,0.4146574663725858,-0.2961603340826349,6.401721000656835,30.0
415,13.833333333333295,track,1,327.0857770313913,241.80467639839816,327.0782597288792,241.813250774695,1,0.011403059499028161,7.30682141299517,1.2442607490064412,797.3655602208117,0.5062405765158869,0.1764737552350062,9.546683000735356,30.0
416,13.866666666666628,track,1,315.03225114723165,247.06518848908522,315.019294086391,247.04904930376756,1,0.020696828944192006,8.63113709106774,2.258346028225724,941.7816407073612,-0.10343400054597132,0.4564513089696657,7.310545999644091,30.0
417,13.899999999999961,track,1,312.4437724111116,223.5759277660172,312.40509682899574,223.58237737246736,1,0.03920966813633192,18.08924782618123,4.278819833838763,1973.741067877707,-0.26261577739724024,-0.7548364893059665,5.65640900094877,30.0
418,13.933333333333294,track,1,326.78162245290275,242.3516596180956,326.7493275053978,242.2945156691278,1,0.06563836178624524,7.128690197434037,7.161975651858763,777.9209778684851,0.45862842222845285,0.1947636746344921,6.800336999731371,30.0
419,13.966666666666628,track,1,325.20594868303476,245.17735415514232,325.15901321830347,245.13267373710437,1,0.06480183335052157,7.277345469207221,7.071053826270976,794.0874379701959,0.40154613673682293,0.34889004789153705,10.331804000088596,30.0
420,13.999999999999961,track,1,310.1679237963881,226.61518900047412,310.1518926889453,226.62644303143566,1,0.01958697574221959,16.60834861151118,2.1373468920290195,1812.2151078110523,-0.36858514276099535,-0.6099473561615365,21.77349600060552,30.0
421,14.033333333333294,track,1,305.96093716537456,254.12952413586328,305.95795075564365,254.11900333020458,1,0.010936452568772289,19.912945588718326,1.1932668656923904,2172.850467870633,-0.630885667286165,0.7940873112619429,7.7319140000327025,30.0
422,14.066666666666627,track,1,315.59046839315727,252.94208643943637,315.60606310558137,252.94075438109667,1,0.015651499449281514,13.666374990611294,1.7080031091226324,1491.1372328406403,-0.18519084749938539,0.7546184252301275,7.539861999248387,30.0
423,14.09999999999996,track,1,321.0144261731999,231.2411231806277,321.0116953110228,231.22557272679796,1,0.015788420520800605,8.832559163405428,1.7226507205428925,963.7048726855462,0.07705180168914555,-0.32915165793569856,7.4936969995178515,30.0
424,14.133333333333294,track,1,320.4840391160126,255.5426269762633,320.46847496351006,255.56921520355104,1,0.030808710999095806,15.576261773799276,3.3616212505499905,1699.4935085953177,0.024666098711497976,0.9433254046101667,8.093022999673849,30.0
425,14.166666666666627,track,1,313.5118252703227,236.66915090681945,313.53233087821604,236.69013220006264,1,0.029337597400485853,7.265395290136653,3.20124288642032,792.8243180753221,-0.3181361045770617,0.004056813911024998,9.664199000326334,30.0
426,14.19999999999996,track,1,320.52935340551267,238.4517534400207,320.5597456629241,238.4308945008804,1,0.036861696279767334,1.665955363906754,4.022392187723697,181.77271521652116,0.02501418965674542,0.09204320734196701,9.88835200041649,30.0
427,14.233333333333293,track,1,330.5879843123734,258.62935827263715,330.6162982227934,258.6561874175329,1,0.03900616027127301,21.46530029870068,4.25626076736321,2342.133701365629,0.5585993862047016,1.1548409445587136,13.21974199890974,30.0
428,14.266666666666627,track,1,326.72874336741296,223.55480781674646,326.751257722364,223.58722656008126,1,0.03946987583296774,17.747073359398776,4.306718137918799,1936.3951995060786,0.4040357866171882,-0.6294647943398782,19.694521000928944,30.0
429,14.29999999999996,track,1,312.0308761096102,239.43946996011834,312.06178244680314,239.44324375345218,1,0.031135882753045845,7.957717979418021,3.397766635810777,868.404136278794,-0.33426603020694756,0.20263262285569478,17.16416800081788,30.0
430,14.333333333333293,track,1,312.6200025932489,242.63245018801055,312.64238410193707,242.65410697037305,1,0.03114399064755919,7.821687510608641,3.3983692733706423,853.5427820742472,-0.3285645027435898,0.36690585683700394,7.299328999579302,30.0
431,14.366666666666626,track,1,322.1952148141738,236.41119716177042,322.18357963029985,236.3868930744161,1,0.02694561496622149,4.22167758806411,2.9400793955111126,460.6407032304046,0.1498557717072759,0.04757892949252743,6.628368000747287,30.0
432,14.39999999999996,track,1,323.47411514967723,256.38677814842094,323.44680551473584,256.3637452377882,1,0.035725776868374075,16.72281753962677,3.898362724390734,1824.605042905452,0.2299153316333161,1.0835481068160737,8.102111998596229,30.0
433,14.433333333333293,track,1,317.52588485032277,240.6049040419356,317.5548863091085,240.62599065015365,1,0.035857072633463744,2.523974099602621,3.9127485316333304,275.4317245174946,-0.06431037399136158,0.30229199938607115,12.619291001101374,30.0
434,14.466666666666626,track,1,308.2859239435404,226.29835541934648,308.2691266815041,226.28235673122208,1,0.023197112613837004,18.0495741130933,2.531216910651014,1969.4984064076798,-0.5569746108151475,-0.4484300489432019,15.722865999123314,30.0
435,14.49999999999996,track,1,322.02885978097487,257.9464032639038,322.02804065582677,257.94947195368513,1,0.0031761333382543952,18.063678814621774,0.3465444189425782,1970.8938514574488,0.12110528719063976,1.1606153674882553,7.50669299850415,30.0
436,14.533333333333292,track,1,336.49833973004445,238.56531113890208,336.499826148945,238.5882532835608,1,0.022990246686131883,16.560111465107514,2.5084177521310447,1807.1576834291675,0.8936841530174187,0.14754858668875054,9.22638300107792,30.0
437,14.566666666666626,track,1,327.60098714118715,242.44473308221848,327.6240366660461,242.42100184571314,1,0.03308250568345286,7.9991990237874235,3.609876135031262,872.9173946900327,0.49877504212851154,0.34638563577669884,9.322290001364308,30.0
438,14.599999999999959,track,1,318.52588485032277,253.5342026599662,318.55232143030776,253.56125541054735,1,0.03782517779611562,13.638307136563755,4.127381773060944,1488.0503870347623,0.06167808241787895,0.9401676303434532,7.007283000348252,30.0
439,14.633333333333292,track,1,329.31503950947797,231.96269268966708,329.2981603665073,231.96408526468258,1,0.016936491153645022,12.289495995954397,1.8482303526315853,1341.0180753072636,0.6337369667924715,-0.1411733477148982,5.775426001491724,30.0
440,14.666666666666625,track,1,328.6883791387146,248.42795931616533,328.704346220615,248.4057783248718,1,0.027330277700338693,12.100526946179603,2.982130427365504,1320.3850694965108,0.6479059434784836,0.7127898050438757,6.036540000422974,30.0
441,14.699999999999958,track,1,320.3442644199611,239.10369410239792,320.32690348643723,239.09888041065392,1,0.018015927426230486,0.9585835403072945,1.9660064444318903,104.59130153526206,0.23545596359364884,0.25257451613029114,5.83970300067449,30.0
442,14.733333333333292,track,1,311.42376768944473,233.62608733284287,311.39927247165315,233.64873924363746,1,0.03336352435374969,10.691633514677452,3.6405739451630397,1166.676504656862,-0.20904553826966465,-0.043853520640156185,5.243335999693954,30.0
443,14.766666666666625,track,1,317.36558767526395,253.51666089665918,317.3459532066008,253.53815910354228,1,0.029115034928234362,13.795858664627486,3.176934071545401,1505.2474057792826,0.07135684009338009,0.9719624765368978,5.3631520004273625,30.0
444,14.799999999999958,track,1,327.4448101156195,235.54687567661196,327.4207818332004,235.57152080024252,1,0.03442005919193335,8.641726160822374,3.7558261978280996,943.0048492231045,0.5903296459937638,0.05939517621985724,7.609424999827752,30.0
445,14.833333333333291,track,1,331.9008989633963,234.12800550561315,331.9039821299443,234.12203712263022,1,0.006717701347473431,13.276115325567606,0.732981186971903,1448.7365168437668,0.8546270750120842,-0.039383884976311456,10.83840300088923,30.0
446,14.866666666666625,track,1,323.43634474698064,255.398943768668,323.41277683422277,255.37548436331986,1,0.03325342405003253,15.749684604045282,3.6285296611192037,1718.4293455622617,0.45857426826498504,1.0495750597534352,8.99107700024615,30.0
447,14.899999999999958,track,1,320.97094054054054,226.38607567567567,320.9715256747372,226.36648029791377,1,0.019604112110977873,13.668091366531286,2.1389611850691126,1491.2984363225128,0.3444758003302732,-0.44425584072806784,6.773636001526029,30.0
448,14.933333333333291,track,1,327.2983554193465,243.12431475806102,327.28104684024197,243.11594784850104,1,0.019224777923344944,7.919771087877213,2.0978779195832025,864.2400700970159,0.6819606489080912,0.4073214423799256,6.28826200045296,30.0
449,14.966666666666624,track,1,331.6348389885455,252.29046898638427,331.6547801821325,252.27347559176064,1,0.02619974546651641,16.92548682299488,2.858891539998253,1846.8597122215654,0.939944737660293,0.8936307633076913,8.391069000936113,30.0
450,14.999999999999957,track,1,323.2192630898513,228.91725921137686,323.2068705520603,228.9235220167352,1,0.013885162003314256,11.531365194608195,1.5151951427322996,1258.18090638953,0.5445190123393093,-0.2949160874087943,18.69887400061998,30.0
451,15.03333333333329,track,1,310.3693424977305,243.99585008429517,310.3509573289557,243.99517377017378,1,0.018397603965411166,10.443439946756923,2.0076799130030203,1139.6353585449308,-0.12041331062696403,0.47562218542995954,6.572521999260061,30.0
452,15.066666666666624,track,1,313.5083142573317,237.6765861875351,313.5171855977201,237.69253112548313,1,0.018246690835695873,6.8812277379310895,1.9909428554504716,750.9153744954785,-0.000497700816855684,0.14937127444944673,6.78889499977231,30.0
453,15.099999999999957,track,1,323.8466255019647,228.68496049052203,323.8541928286336,228.70308521978654,1,0.019641034693356537,11.936292804371707,2.143047860976605,1302.3685200248074,0.5066606198438423,-0.34363884587420607,6.233288999283104,30.0
454,15.13333333333329,track,1,328.0249458640104,251.52000866175834,328.025340250859,251.5461786655344,1,0.02617297534911328,14.0613060530841,2.8556756167272956,1534.2887248970173,0.7307637888606573,0.8023606601667422,6.63994000024104,30.0
455,15.166666666666623,track,1,316.1984923540814,234.19849235408142,316.1895404671552,234.18941383118704,1,0.01274973950647781,6.9485619718505935,1.3912198076443019,758.1841362993941,0.13014397735687488,-0.09848278873407826,6.54784399921482,30.0
456,15.199999999999957,track,1,320.4317218714866,238.51331834299057,320.4075887111103,238.52807799223092,1,0.028288808307303827,1.5273123303304768,3.0869347926976776,166.6441123246998,0.30485969294600096,0.0976842695756232,6.050894000509288,30.0
457,15.23333333333329,track,1,334.7884091793077,253.64319979255802,334.79915641695607,253.66466655484373,1,0.02400676988064424,20.142942751956497,2.619412290704133,2197.9637151947527,1.0735535508139722,0.8817096315670151,6.8581450013880385,30.0
458,15.266666666666623,track,1,333.12800550561315,225.97935395070755,333.11984068841707,225.98233222576164,1,0.008691050692703397,19.199615348187702,0.9484082699870072,2095.0026100664913,1.0390260723469662,-0.5250651188473726,5.805849999887869,30.0
459,15.299999999999956,track,1,318.86371262637124,238.89262206926222,318.86963850340953,238.89846907938613,1,0.008324875137931275,1.5783179280622381,0.9083923327172291,172.22282541752108,0.33733158911141664,0.13938860593343477,5.780535999292624,30.0
460,15.33333333333329,track,1,306.80554238676035,239.2234193854243,306.8137929020013,239.21276639033908,1,0.013474320243591732,13.209685627882715,1.4702522085548058,1441.5368004602542,-0.30767348023226854,0.1443822426601326,6.630578000113019,30.0
461,15.366666666666623,track,1,321.41148201065073,224.55526691778152,321.38736777733266,224.57876927391567,1,0.03367279305870924,15.483512084043092,3.6742980431063303,1689.375942180752,0.3981278556737644,-0.6396183983503408,6.732083998940652,30.0
462,15.399999999999956,track,1,323.1325108916016,255.26502178320322,323.12392444258785,255.24970419879196,1,0.017560054067745186,15.566386288206102,1.916018666317604,1698.4279059218068,0.4817818198009066,0.9071055118617574,7.956655001180479,30.0
463,15.43333333333329,track,1,311.30685499546456,238.33173513023195,311.28934516645313,238.31530835156218,1,0.024009022668052864,8.87207380376818,2.619822224660642,968.1798807083773,-0.1409462171431296,0.01374128438979759,6.119865000073332,30.0
464,15.466666666666622,track,1,305.7763685777145,226.73081402873044,305.78893110253944,226.74650326182245,1,0.020098981690449234,19.432180912014324,2.1931023803156315,2120.40495299516,-0.48205922388283506,-0.606165546680121,6.392101000528783,30.0
465,15.499999999999956,track,1,326.7807369101487,251.98758888170653,326.79233855740335,251.98787031656457,1,0.011605060301494283,13.77842145549185,1.2664281712064502,1503.3999229087333,0.5496597106861723,0.6676563300614832,6.875214998217416,30.0
466,15.533333333333289,track,1,328.2609258380431,232.27335087794987,328.24552274068424,232.2591083819916,1,0.020978658187952113,11.30973245965144,2.289157211885406,1234.0983536415586,0.6239965580770637,-0.35953599633384703,6.896343000335037,30.0
467,15.566666666666622,track,1,321.68496049052203,243.6891057472257,321.70372396708444,243.70715376885937,1,0.0260345758098203,4.079909854639706,2.840842479504416,445.16460360875453,0.30135302342008674,0.21148408662524437,6.746968998413649,30.0
468,15.599999999999955,track,1,315.5133183429906,257.64299922165526,315.53137121159057,257.66263676313883,1,0.026674690255123826,18.2191487362935,2.9106518263953314,1987.8736435877913,-0.024163997055512865,0.9641731070637803,5.844624998644576,30.0
469,15.633333333333288,track,1,324.56365525301936,229.05402363534046,324.58812731564126,229.05261025625964,1,0.024512843356006384,11.869972808135875,2.6750187235664495,1295.1427509848354,0.42759222114760165,-0.46413697724707126,7.081425001160824,30.0
470,15.666666666666622,track,1,328.61810870411205,249.12452977039823,328.64024855086063,249.11884620805608,1,0.022857727248086823,12.562135614091583,2.4943741472759173,1370.7440002059484,0.6544110968384914,0.6035433780726607,7.451446999766631,30.0
471,15.699999999999955,track,1,321.8181113551221,240.8305128536365,321.82716098369247,240.84061248235116,1,0.013560909904428868,2.0112549827937283,1.4797209344213709,219.4762180724526,0.3289631569087242,0.20855730478991563,8.481050999762374,30.0
472,15.733333333333288,track,1,304.3986331588737,228.9211038539729,304.3770609666708,228.9260842551157,1,0.02213964480251001,19.14961707094733,2.4160126475302133,2089.620754096676,-0.5832520816273445,-0.41066353267078126,6.817269999373821,30.0
473,15.766666666666621,track,1,309.07469202507025,251.63483898854548,309.06940762274303,251.65345138445082,1,0.019348028046622796,15.977508531917826,2.111047036233636,1743.4174026364967,-0.3997722917512556,0.7434744670179493,6.726915000399458,30.0
474,15.799999999999955,track,1,326.32391746333866,237.5149889691569,326.3040698282841,237.53304222306883,1,0.026829994298676434,6.769577318639874,2.9276505139745828,738.7288314034737,0.455161550616441,0.023163867426760215,6.593006999537465,30.0
475,15.833333333333288,track,1,325.0206780683238,236.7973549304269,325.0212324222573,236.80791310273707,1,0.010572715394582368,5.949974268684324,1.1535681619887226,649.2719410411826,0.402918752175664,-0.021511931833952613,6.297711999650346,30.0
476,15.866666666666621,track,1,315.70469217104977,260.4783154975954,315.7218058305841,260.45172054811565,1,0.03162544356193506,20.894396826169444,3.4507519428799807,2279.759029679558,-0.07125008935573945,1.215865070625501,6.313232999673346,30.0
477,15.899999999999954,track,1,306.643199792558,230.0456372358356,306.6609720945496,230.04201431320098,1,0.018137813718792847,16.646054920036715,1.9793137835658505,1816.4232244696664,-0.5697809614749095,-0.3322032971591077,5.717046000427217,30.0
478,15.933333333333287,track,1,323.356800207442,237.71373006612214,323.3370078952023,237.72964050787664,1,0.025394443892654113,4.036106281568557,2.771035857695126,440.4250030307429,0.2509322824553078,0.06100306107263752,7.7799229984520935,30.0
479,15.96666666666662,track,1,330.05810384332716,249.37352470710303,330.05665744794396,249.35112845514823,1,0.022442908929716038,13.732441968199598,2.4486986552413708,1498.4611152328994,0.613101634304758,0.6668359758181847,6.745025000782334,30.0
480,15.999999999999954,track,1,318.4799913382417,221.9584235599827,318.4541319891821,221.9603086916445,1,0.025927970517738333,18.105804881518708,2.8294439505091287,1975.488268074504,0.043891985007297574,-0.7397618560145165,19.492896999508957,30.0
481,16.03333333333329,track,1,302.73827245975417,246.51666089665918,302.75257087952923,246.53572702819065,1,0.02383195710887549,18.444227797679275,2.600418073080212,2012.7230712609166,-0.7907265180821605,0.5240095066367079,7.9387099995074095,30.0
482,16.066666666666624,track,1,316.75507027027027,239.38607567567567,316.76775320579236,239.36317103661463,1,0.02618166045104977,3.2943846872021565,2.8567477646005974,359.50524760614394,-0.12469068257613583,0.16898465073322147,6.113311999797588,30.0
483,16.09999999999996,track,1,326.4699155295647,233.8087069525666,326.4432700563402,233.81986888867777,1,0.02888892627122929,8.928031674006508,3.152487088207461,974.2096360041063,0.3700823598906108,-0.13222949356865024,6.702171000142698,30.0
484,16.133333333333294,track,1,320.1116423310505,249.8056596459491,320.1047528859556,249.81550124750584,1,0.012013391482742684,9.816060202897324,1.310832595035333,1071.0103729788182,0.05475291818059672,0.6800578613899461,5.904034000195679,30.0
485,16.16666666666663,track,1,316.0207603477358,228.60555339301933,316.01808765145483,228.62723672680568,1,0.02184743164539528,12.049704163157456,2.3837323359662412,1314.7439701617893,-0.1531427478221714,-0.4020067091471008,5.667621000611689,30.0
486,16.199999999999964,track,1,314.8967875112889,232.1197264869049,314.90197967297854,232.11449991042855,1,0.007367200599597221,9.389937322333699,0.8038911163113095,1024.5706784462236,-0.22694877366824495,-0.24900769199210843,7.148654000047827,30.0
487,16.2333333333333,track,1,330.8264089206527,251.9008050975158,330.83633964846763,251.90707442981557,1,0.01174409989821562,16.09983473375175,1.281534413187585,1756.760555787631,0.5933873283541394,0.7530064417993058,7.179735999670811,30.0
488,16.266666666666634,track,1,327.28168284789643,235.04556634304208,327.2686216877544,235.04189917273015,1,0.01356620957943593,8.798614950835569,1.4804250488646886,960.1155253631463,0.4553254899964485,-0.10626548806910197,8.198819999961415,30.0
489,16.29999999999997,track,1,315.8130274832287,248.42795931616533,315.825422027307,248.4039203814391,1,0.027046166191918505,9.383654886432092,2.951060366385845,1023.86754922979,-0.11133997909642808,0.5756275305698962,5.9544499999901745,30.0
490,16.333333333333304,track,1,309.1329927702498,251.51833412701848,309.12640679878587,251.54287543613532,1,0.025409661022774765,15.857900316234378,2.7724232185765225,1730.366801795891,-0.47349927754082666,0.771572745618966,6.844214000011561,30.0
491,16.36666666666664,track,1,317.25253352882834,227.01241968174565,317.23877626212015,227.01012221783049,1,0.013947785764112477,13.280108483229055,1.522076510028331,1448.9762869284114,-0.08690090863624078,-0.4712742687044258,6.916393000210519,30.0
492,16.399999999999974,track,1,323.7018119068162,252.49667817083693,323.716857007033,252.4952346213454,1,0.015114194509413134,13.03633055170046,1.6493684166599,1422.3876383223364,0.24280625348777007,0.8522228029193715,6.5299050002067816,30.0
493,16.43333333333331,track,1,311.4153866124356,242.12461598373068,311.3911488928495,242.11752659410422,1,0.02525324723693941,8.865451836303931,2.755780478668596,967.453637961766,-0.3879886252570618,0.349651484277591,7.565605999843683,30.0
494,16.466666666666644,track,1,310.61810870411205,232.90867816837462,310.6372656925564,232.91529349268149,1,0.02026703535158826,11.741118345652703,2.2116436233533934,1281.1941499416748,-0.46446979603590793,-0.12635327661528897,6.365859999277745,30.0
495,16.49999999999998,track,1,323.97100949094045,256.49667817083696,323.973112614372,256.4951515529847,1,0.0025987863004065795,16.966898614726695,0.2835808525271958,1851.2404192946672,0.19923464360765247,1.0873003643923984,6.448561000070185,30.0
496,16.533333333333314,track,1,338.60555339301936,230.16193071233943,338.62629528466096,230.15220282375117,1,0.022909777066944827,21.069361292073317,2.499991206249948,2299.1513840463563,0.9870268569915254,-0.2637387069082008,6.9407009996211855,30.0
497,16.56666666666665,track,1,328.7516277866414,242.9172092622138,328.7654791571572,242.92291254332122,1,0.014979582122215198,9.23996983709696,1.6346391457231562,1008.3156513887885,0.5502666630805683,0.37962711033864016,7.506505000492325,30.0
498,16.599999999999984,track,1,314.85123326589473,250.8347036287719,314.8589024942519,250.84374174034315,1,0.011853460438550123,12.000734081499756,1.2934024019880586,1309.4181505446747,-0.1358748674112026,0.8069491909921056,6.764687999748276,30.0
499,16.63333333333332,track,1,317.84205741005326,228.44473308221848,317.8498815866021,228.4214634787802,1,0.024549789873695865,11.776481527385561,2.678623118310497,1284.91533198957,0.00956495762046701,-0.3295257901597904,7.459165000909707,30.0
500,16.666666666666654,track,1,330.1328892157287,246.59717956482243,330.1257053168224,246.6194625935657,1,0.023412427756833942,12.09740439890892,2.554523705364329,1320.087321979768,0.6544858469343171,0.6020064142207874,6.069995000871131,30.0
501,16.69999999999999,track,1,327.95187397212845,246.52588072362158,327.9489408975976,246.5454437686535,1,0.019781700056488827,10.297013912882937,2.1583485761233567,1123.6052256438093,0.5875596095769559,0.62107138656214,6.295441000474966,30.0
502,16.733333333333324,track,1,313.61663312063723,233.62896663954433,313.5940307770718,233.60309129831307,1,0.03435693843292847,9.05300406621036,3.7489018795413025,987.8428393501675,-0.12779086532531178,-0.03468520117048779,5.786505000287434,30.0
503,16.76666666666666,track,1,316.17491369390103,245.84758982227336,316.125110872566,245.8123443035513,1,0.061012847851237284,6.985564547903884,6.657776870123854,762.2225716271315,-0.014105202616506163,0.5794917927471164,5.209933000514866,30.0
504,16.799999999999994,track,1,329.5982847045641,230.5653148299789,329.6092510342744,230.5718099635692,1,0.012745475576490875,13.462112494061124,1.3908148691605733,1468.9562605126457,0.6790676211641133,-0.20731469705671407,8.697733999724733,30.0
505,16.83333333333333,track,1,331.4799464663472,234.00414454086257,331.44791740124674,233.9972266917248,1,0.03276763109995215,12.926256233585548,3.5758125428243046,1410.5537887318444,0.8193475469999405,-0.07171155801548773,8.960369999840623,30.0
506,16.866666666666664,track,1,321.2867087791672,255.787546731984,321.26783680221797,255.7927628369157,1,0.01957956242185049,15.84357182519535,2.136636573900676,1728.6607846015627,0.3332700136417809,1.0427137765184025,8.287910000944976,30.0
507,16.9,track,1,324.9054754056252,229.9958902350272,324.90583148489895,229.99360726501027,1,0.0023105723419404502,11.144284549717902,0.2521026504702139,1215.9719673721831,0.5332443647368947,-0.2813568908270936,5.668620000506053,30.0
508,16.933333333333334,track,1,327.58633171025986,245.0723919507045,327.6079917221605,245.06615832318676,1,0.022539170960024835,9.14043205762489,2.459606058758156,997.4168313935808,0.6970851467577807,0.4840800914698947,6.23801999972784,30.0
509,16.96666666666667,track,1,335.239062298742,250.17311407839938,335.2267677088016,250.1645835589718,1,0.014964180682765817,18.307736446243798,1.6329013534454124,1997.7636403033932,1.134110640524834,0.7679242757693706,6.650199000432622,30.0
510,17.000000000000004,track,1,320.6280511429678,228.8718842825778,320.65182945949323,228.88052676521647,1,0.025300214286486142,11.138562145238067,2.7608872506540054,1215.3064530547188,0.42998409179784836,-0.3164790635906758,18.331142000533873,30.0
511,17.03333333333334,track,1,308.66719779509924,249.3803453770294,308.6890854472799,249.36549753138434,1,0.02644858858772126,14.685003644170502,2.8860967586676773,1602.4191060157186,-0.19627932466782105,0.7351676111614034,7.197466999059543,30.0
512,17.066666666666674,track,1,318.9230935034703,240.41143251282494,318.9341481553463,240.39592752140334,1,0.019042323573657705,1.1370130856574607,2.077794433612907,124.07661228083076,0.29309736101249817,0.2745396736337893,6.273925000641611,30.0
513,17.10000000000001,track,1,321.46972940572016,227.41569618085288,321.5052534311924,227.409178811537,1,0.03611692800545127,12.680479726412766,3.9413197097351578,1383.5444485271971,0.4133675955908372,-0.3926489940760037,6.985257001360878,30.0
514,17.133333333333344,track,1,320.314040408355,251.13771304087823,320.33692525035235,251.170082862561,1,0.039642418556608695,11.175163076251012,4.325556116480552,1219.2993588150637,0.33139379632095667,0.7997799620366888,6.609535999814398,30.0
515,17.16666666666668,track,1,319.5899909556828,231.29527542099143,319.61430488915926,231.30579470872522,1,0.026491937934448713,8.702756251059597,2.890913856405969,949.540432176033,0.32001239225490125,-0.2357840063960667,5.742904000726412,30.0
516,17.200000000000014,track,1,324.3025253615368,229.8922512410965,324.2858590487076,229.8985421834252,1,0.01781409382215489,10.973059637376846,1.9439606727293035,1197.2805649162246,0.5349936730405567,-0.35116152870317585,7.256651000716374,30.0
517,17.23333333333335,track,1,333.0706524091952,255.55946144854755,333.06593698147526,255.58358171722784,1,0.024576871643709343,20.336340092096236,2.6815418219725977,2219.0167366581254,1.0040719436790964,0.9521427018565348,6.703180000840803,30.0
518,17.266666666666683,track,1,328.31503950947797,229.00414525670365,328.2991557889054,229.0029486202625,1,0.015928732466819244,13.77719586335002,1.7382569489317803,1503.298225939169,0.7995171513588202,-0.427417377269785,6.8722939995495835,30.0
519,17.30000000000002,track,1,313.6222923602404,247.67625059449176,313.64210401702917,247.694372254899,1,0.02684951248405094,9.981292788373471,2.9297786266401826,1089.117092025439,0.053877153601544936,0.5146206660817699,6.321671999103273,30.0
520,17.333333333333353,track,1,313.29418619707366,245.2320341836074,313.27926910764927,245.2204916778403,1,0.018861309505932913,8.510097360535735,2.0581477996165867,928.6224525196401,0.002795689093877507,0.41164843943074575,6.830986001659767,30.0
521,17.36666666666669,track,1,322.5426789658309,229.95426789658308,322.56819881427714,229.95526794925445,1,0.02553943558628243,10.36784872193501,2.7870497027177366,1131.2271650106188,0.4511489752911943,-0.37267979038460475,7.572470000013709,30.0
522,17.400000000000023,track,1,324.43634474698064,246.77143846586728,324.41085114533985,246.785238870307,1,0.02898922019164235,8.092902714939246,3.16338968909201,883.046889459217,0.5489416530064359,0.4712218177213986,6.760167998436373,30.0
523,17.43333333333336,track,1,315.9464032639038,237.95052608975735,315.94794000170714,237.95282644850772,1,0.0027664441900513664,4.539835875854396,0.30185770574995346,495.4025602125286,0.10846952849204627,0.031392937910119836,6.818603998908657,30.0
524,17.466666666666693,track,1,309.2109526476798,231.89659183937266,309.1988669871414,231.90039448761786,1,0.012669779963593997,13.500669754411263,1.3825960585995358,1473.1977300686315,-0.2749132723983381,-0.2970996180707329,6.110964999606949,30.0
525,17.50000000000003,track,1,328.0124175397749,255.75578838442635,328.0116212136734,255.76802194684456,1,0.01225945287115335,17.686621796927554,1.337601136808429,1929.8200531892594,0.6579084886952533,0.9251960781544788,7.185496000602143,30.0
526,17.533333333333363,track,1,327.86293427940984,231.41119716177042,327.8723450755226,231.3879567828651,1,0.02507345798127508,11.66795206374728,2.7357793829958195,1273.1693394135975,0.6622648821016726,-0.324849273127536,6.743664000168792,30.0
527,17.5666666666667,track,1,327.4950153208752,237.12429329765655,327.48848526446295,237.11904361702796,1,0.00837859077945274,8.023547920755888,0.9142696256331988,875.5686723122947,0.6673518913126799,-0.05535129813001603,7.568520999484463,30.0
528,17.600000000000033,track,1,308.33591083848114,250.8590003887857,308.31939865493746,250.8663614213251,1,0.01807863394802456,15.953503010973467,1.972810608990527,1740.8190544726153,-0.3171062447479039,0.6561840925341472,6.227302001207136,30.0
529,17.63333333333337,track,1,316.5384815280004,232.38251981463034,316.5665287404129,232.35957733755617,1,0.03623538848157604,8.376442165454016,3.9539903792263007,913.9639543585419,0.07251475450508921,-0.27230956668013495,6.496037000033539,30.0
530,17.666666666666703,track,1,321.0868030139935,246.1777395048439,321.0834072465234,246.16842875777684,1,0.009910663330888404,6.262849559233216,1.0813547933589263,683.3305601714068,0.28809238575264273,0.43265644404141657,7.6951749997533625,30.0
531,17.70000000000004,track,1,319.2409867993941,251.42795931616533,319.2275891585505,251.40575718915443,1,0.02593127887286711,11.431881540933526,2.8294407411977756,1247.3101715230734,0.18597355769782214,0.7359971499104976,9.256119999918155,30.0
532,17.733333333333373,track,1,301.69330397616886,223.01243362258774,301.71000865571796,223.0124955247113,1,0.016704794243294296,24.961952881773197,1.8229404116965817,2723.8021538385824,-0.7510594231605273,-0.7115965517967289,6.894462001582724,30.0
533,17.76666666666671,track,1,315.1491519571879,250.29001769453197,315.1394607028003,250.2735280761542,1,0.019126628711012256,11.365307800106043,2.086961474878847,1240.0857675171258,-0.12022865378377277,0.706959192623216,6.198515000505722,30.0
534,17.800000000000043,track,1,321.8015076459186,231.05789360327375,321.812964769382,231.0547637066511,1,0.011876949563087134,9.127107625029229,1.2960839106414814,995.8471754510061,0.1970263850133046,-0.2665763678781694,7.160733999626245,30.0
535,17.83333333333338,track,1,328.13720225205714,230.47999133824166,328.12898648917485,230.45434870874874,1,0.02692662635848021,12.537937626075275,2.9379556481476965,1368.0907688144578,0.5282860471960577,-0.32491755959613533,6.5788659994723275,30.0
536,17.866666666666713,track,1,314.73081402873044,252.850912385143,314.74420703310693,252.86033822581226,1,0.016377394131880964,13.892863599457478,1.7871151347203307,1515.8600638567827,-0.15030993945935045,0.809719653861186,8.085487999778707,30.0
537,17.90000000000005,track,1,318.86785391663443,229.07846173699832,318.87321108309425,229.07303825830218,1,0.007623211504721437,10.98490537819009,0.8318256041843282,1198.5427961853602,0.04323891177904518,-0.41899064233167366,5.851394000274013,30.0
538,17.933333333333383,track,1,325.9087885985748,242.32338587778017,325.9147499534133,242.30613633773282,1,0.018250599534143902,6.348427507628534,1.9913238298376328,692.7710576369876,0.4074630323307584,0.23912983542689348,6.608006000533351,30.0
539,17.96666666666672,track,1,329.09977049322305,245.45312432338804,329.0933802341169,245.42615576670914,1,0.027715310945147426,10.58927431351267,3.0239879053266567,1155.525576405586,0.6006160944759145,0.4098772734146433,7.342434000747744,30.0
540,18.000000000000053,track,1,311.86283932978307,226.44473308221848,311.87044462075414,226.4208365823349,1,0.025077542890797076,15.82666578240278,2.7361996005958305,1726.8952458508797,-0.2665475536797991,-0.571781332328745,20.023846000185586,30.0
541,18.03333333333339,track,1,308.03304220625563,255.1404293765865,308.0319448439593,255.13429920708973,1,0.006227614476549434,19.29459397623461,0.6794841843547001,2105.3355858925806,-0.49568772210408957,0.8943863566430086,7.57123000039428,30.0
542,18.066666666666723,track,1,308.3400872683285,242.09953773707176,308.32211127937785,242.09397310542954,1,0.018817579654860674,11.864139595330808,2.0534786381812213,1294.694870678329,-0.5297613346302157,0.22871823936819996,6.709680001222296,30.0
543,18.10000000000006,track,1,322.4850110308431,237.43604273910975,322.4657226086988,237.413643746851,1,0.029559399233156623,3.57337748513243,3.225411040547591,389.917079991512,0.16384405960027235,-0.005899773498010602,6.877656000142451,30.0
544,18.133333333333393,track,1,318.84299548095544,258.90497094899933,318.84929313122075,258.9084494938418,1,0.00719448907741241,18.943431277332543,0.7850813122477069,2066.8784364629314,-0.02128618872612501,1.117872184789701,5.979745001241099,30.0
545,18.16666666666673,track,1,307.3986331588737,237.357108871491,307.37499412405214,237.33632509679478,1,0.031476487382124156,12.902942972736236,3.43467520610283,1408.0530826970185,-0.6304974905982816,0.041330246890046995,6.606180000744644,30.0
546,18.200000000000063,track,1,319.9586010608478,238.25253352882834,319.96108615192406,238.23778463491703,1,0.014956789403619216,1.7626449672315092,1.6319134274528244,192.31869290469663,-0.01985128015208283,0.08425974602489511,6.891797000207589,30.0
547,18.2333333333334,track,1,333.9459295524457,256.4783154975954,333.9486179530395,256.45100466292524,1,0.02744283491431499,21.568483887826794,2.994225800921713,2353.4649306307797,0.7142059320082964,1.0419118619772603,6.372324000039953,30.0
548,18.266666666666733,track,1,332.2358925723154,229.76410742768462,332.2246789036071,229.77613304251736,1,0.016442681594063594,15.936443450801766,1.7941711763873016,1738.9737343891238,0.6861360359944866,-0.3038481907360643,7.284622000952368,30.0
549,18.300000000000068,track,1,315.7465812705557,247.51666089665918,315.76038275680435,247.53905268567974,1,0.026303483385540585,8.649373952272889,2.8700595463334966,943.7559837084349,-0.12230435702821768,0.6248643059999217,5.780314999356051,30.0
550,18.333333333333403,track,1,308.5200086617583,240.70064963187528,308.54571509233256,240.71830282212727,1,0.031184221955045287,11.476785337815384,3.4028550329124543,1252.4302709292767,-0.5103520505297234,0.2969153903640961,6.344621999232913,30.0
551,18.366666666666738,track,1,318.9834046415143,228.35680020744198,318.9824885669261,228.33585249091539,1,0.020967737606370336,11.708444244651844,2.287745104929427,1277.4860317057419,3.9024045635521754e-05,-0.35119811167341786,6.8762999999307794,30.0
552,18.400000000000073,track,1,319.08696027261357,252.26502178320322,319.0833035881715,252.2507687723778,1,0.014714606984177194,12.285018023011862,1.6054963238354434,1340.3943510415897,0.004791370521219172,0.8574988488656976,5.630333000226528,30.0
553,18.433333333333408,track,1,315.0249426233058,244.45312432338804,315.0218325730764,244.4268200608053,1,0.026487480862671737,6.661748027449828,2.8900023024229,726.9220844531408,-0.20966035051404108,0.4618839348330612,6.564267001522239,30.0
554,18.466666666666743,track,1,311.9917044718082,231.65573558003888,311.99047798963556,231.67530656392296,1,0.019609377060750378,11.552184366567932,2.13953904876075,1260.5428678072226,-0.38761020995420237,-0.19600460102928358,5.736838000302669,30.0
555,18.500000000000078,track,1,324.0415386612436,259.41538661243567,324.03973144643896,259.39206231614435,1,0.02339420489855009,19.808369721725548,2.552485929829104,2161.2643507739817,0.2154665736393715,1.229945493702434,7.236471999931382,30.0
556,18.533333333333413,track,1,339.5300844704353,231.29525666016895,339.555572395996,231.2782490341683,1,0.030641372220660268,21.412364457131485,3.343612344065735,2336.6026003786656,1.0509143924022106,-0.22247547704105047,6.736683999406523,30.0
557,18.566666666666748,track,1,333.5133183429906,240.65130156533772,333.52842937828837,240.67042433646998,1,0.024372602724105023,13.545031200933682,2.6594236887645666,1478.1323808705813,0.8223371960482873,0.23601155559998785,6.759531999705359,30.0
558,18.600000000000083,track,1,312.8340822675423,256.49001901140684,312.84348487095326,256.4784778783321,1,0.014886460410450336,17.965409596748852,1.6243412110611966,1960.2228212582743,-0.19884673905568004,1.0699770388830188,5.9339399995224085,30.0
559,18.633333333333418,track,1,324.1114503160339,230.0454056843101,324.10706024130764,230.04445145950808,1,0.004492582895710229,10.769442444612475,0.4902596313574461,1175.0622409968346,0.3928241836306204,-0.25802724307256714,6.225278999409056,30.0
560,18.666666666666753,track,1,327.87589951307797,250.2151075106649,327.88340879434645,250.20306010671902,1,0.01419609971098347,12.893819052557708,1.5489834778080511,1406.9114692573114,0.6162623695816947,0.8019427252141595,6.44460300100036,30.0
561,18.700000000000088,track,1,318.9833989019065,242.62647529289697,318.9839677552475,242.64703276643786,1,0.020565342508888893,2.835331371986795,2.2438436327019593,309.36440725265874,0.18775918313583395,0.4396575707956742,6.303018999460619,30.0
562,18.733333333333423,track,1,319.47411514967723,227.0707013819694,319.44669696106325,227.0683647518963,1,0.027517574511032646,12.94346686335986,3.0029145989482666,1412.235387149674,0.2156578475826577,-0.3734961645779142,6.164467999042245,30.0
563,18.766666666666758,track,1,312.4699155295647,254.61741390513322,312.44248857753473,254.6406217695935,1,0.03592829901985147,16.476158068584688,3.920459521399273,1797.7460754997776,-0.15305320540920814,1.0185164772536706,6.879115000629099,30.0
564,18.800000000000093,track,1,320.2192630898513,237.97517776341306,320.20750944824226,237.97720282980868,1,0.011926817889987376,2.0334130330171094,1.301535978509332,221.8620496779115,0.21195161625578535,0.14929049948726597,6.51954600107274,30.0
565,18.833333333333428,track,1,332.02902431650324,235.67243985660605,332.02578153913896,235.69152353792379,1,0.019357233729830097,12.774286322584139,2.11203717485699,1393.9956236541707,0.8428587376816963,0.01471416945254489,6.721100000504521,30.0
566,18.866666666666763,track,1,320.9958407348035,255.52168450240458,320.99726458302325,255.55019766554597,1,0.028548692020477023,15.582143115954999,3.114883267194632,1700.136173116642,0.3091503418052461,1.0367529318999111,5.982947999655153,30.0
567,18.900000000000098,track,1,317.4597066436583,235.50332182916307,317.4347631248902,235.50401428661348,1,0.024953128578512222,5.176323768892241,2.7230692583820697,564.8029692255878,0.12617311082581179,0.025150477030233404,5.986334001136129,30.0
568,18.933333333333433,track,1,333.97512845977803,241.68496049052203,333.9749068610365,241.7029394491858,1,0.017980324263927597,14.078282016717761,1.9617950484208342,1536.321174367912,0.9840580940029902,0.3289307598652298,5.501285999343963,30.0
569,18.966666666666768,track,1,330.0,248.0370926887906,329.9990333770704,248.03522883309097,1,0.00209959947539313,12.827531753065541,0.22909133405052234,1399.7367028434826,0.8288587660356552,0.6656108203226574,5.01883499964606,30.0
570,19.000000000000103,track,1,324.40700843608045,223.67190136275147,324.3823883757989,223.69185509354566,1,0.0316906727740929,16.88670832833474,3.458067437701312,1842.4950611354475,0.5767208732989817,-0.5906188939515837,17.503025999758393,30.0
571,19.033333333333438,track,1,312.92548833599244,251.75162778664136,312.9299534291815,251.7636330432756,1,0.012808717501808854,13.724744838808034,1.3975616540586135,1497.5490827458752,-0.05575832653345747,0.8492830120754571,6.483290000687703,30.0
572,19.066666666666773,track,1,322.7838680348097,234.44473308221848,322.79479432714993,234.41870009360946,1,0.028232965841749676,6.2419375178020235,3.080523234058707,681.0695298481176,0.4327393608946728,-0.03838539201327734,5.662595000103465,30.0
573,19.100000000000108,track,1,330.0373137551285,234.67661412221983,330.0357779342055,234.69391998433593,1,0.01737387721520581,11.352150627846495,1.8956298557401525,1238.7819957029244,0.821595921286415,-0.05648294903128098,6.317631999991136,30.0
574,19.133333333333443,track,1,325.30669602383114,254.27768423779304,325.29122781813794,254.264655282808,1,0.020224219524347713,15.214384054597122,2.206848427402189,1660.0452886965195,0.6094877343749786,0.9460671196276511,7.125973999791313,30.0
575,19.166666666666778,track,1,317.6222923602404,231.09546456829088,317.6439986370917,231.08957900954556,1,0.022490047943272674,9.216634127986026,2.4542494467356644,1005.6199212542705,0.17403065511441512,-0.23758186652140653,7.145896999645629,30.0
576,19.200000000000113,track,1,323.6599127316715,229.14930660560765,323.67720601570204,229.14077682501056,1,0.019282500605341573,11.464927912819293,2.104173593756467,1250.9376573187012,0.4642322172373495,-0.36813875065110635,7.142408001527656,30.0
577,19.233333333333448,track,1,337.6966102428677,248.44053855145245,337.713858675452,248.41429366687112,1,0.03140545164940899,19.610740095321074,3.4267620046834217,2139.995875676578,1.214011730073315,0.5947751866176822,5.17394499911461,30.0
578,19.266666666666783,track,1,329.17033799281603,234.42376768944476,329.1604837835757,234.3994627242937,1,0.02622664238414656,10.73687482118189,2.861606482198609,1171.6300825396186,0.8347274495639847,-0.12840740231339204,7.328230998609797,30.0
579,19.300000000000118,track,1,317.6222923602404,244.6471961606641,317.6429773960449,244.6657802446175,1,0.02780717322240029,5.227337835516115,3.0342832039448004,570.3649664519035,0.19640826893803626,0.381355509084511,8.041875998969772,30.0
580,19.333333333333453,track,1,317.53434387180596,245.47999133824166,317.56173431951606,245.45556475895955,1,0.036700059961599474,5.975644431174533,4.004665372653514,652.0098598019364,0.16438908496817448,0.4393153887579947,7.713390999924741,30.0
581,19.366666666666788,track,1,322.6515577064339,215.16177677915567,322.6719665014484,215.15244813091863,1,0.022439754719597697,24.990803085766405,2.4487055041660652,2726.6954910859304,0.41825808573126694,-1.1397359608115718,5.91991799956304,30.0
582,19.400000000000123,track,1,319.10768367919235,242.27335087794987,319.1004797332723,242.2585767276662,1,0.01643692043611409,2.431111997627664,1.7934607809200487,265.2602342015508,0.23438424377722483,0.2403314980758806,8.83955000062997,30.0
583,19.433333333333458,track,1,312.9251461988304,228.46991552956464,312.9289321881347,228.44124759227134,1,0.028916852243372728,13.550083292111925,3.15506419936173,1478.4930831103186,-0.12352687586335581,-0.48882652721197223,9.15935499870102,30.0
584,19.466666666666793,track,1,311.7349782167968,214.9917180692749,311.75042088615714,214.99102641018771,1,0.01545815090062634,26.33447010234838,1.686899812949917,2873.3437626768964,-0.21776312979129886,-1.25756472578018,7.107973000529455,30.0
585,19.500000000000128,track,1,325.5888028382296,250.77571063903432,325.6118525989923,250.78648429580494,1,0.025443332160503422,12.158993916293536,2.7764723425806084,1326.6930557420303,0.4633255939650668,0.5120634267256577,5.410746000052313,30.0
586,19.533333333333463,track,1,328.1988864430921,226.29418619707369,328.1880481487483,226.2801358464119,1,0.017744885967562216,15.977446757199106,1.936234218409103,1743.347002305626,0.6096491815470271,-0.8211187187004616,4.934467999191838,30.0
587,19.566666666666798,track,1,321.89268670192183,233.95047078550238,321.8965335965395,233.95323104651925,1,0.004734726927774916,6.337211883753113,0.5166571124512733,691.4514562221696,0.30063489070447047,-0.4801772670229787,7.563228000435629,30.0
588,19.600000000000133,track,1,312.26178418387224,246.56784833138553,312.24543388167035,246.59162867931946,1,0.028858921150163985,10.177566719485208,3.148915320456329,1110.568176047318,-0.20768358761580447,0.1547336089632124,7.408110999676865,30.0
589,19.633333333333468,track,1,316.07886885458555,221.38189129588793,316.07498216831914,221.36217663126786,1,0.020094136737249337,19.046632901987444,2.1924363290690714,2078.1528469458594,-0.04808625672913855,-1.1471493022524861,8.666592999361455,30.0
590,19.666666666666803,track,1,315.5804232117357,240.2575619888355,315.6024670056195,240.24257754636574,1,0.02665449990001326,4.404218466727801,2.9085724136727715,480.62063467859366,-0.1021018408294316,-0.20420442478355486,6.018175999997766,30.0
591,19.700000000000138,track,1,309.56784833138556,237.8504090377873,309.5912221651606,237.85803021971606,1,0.02458492463553684,10.62688527060932,2.682839600786104,1159.6755151560885,-0.44942519986207574,-0.31735100320322385,6.96426400099881,30.0
592,19.733333333333473,track,1,302.3400872683285,217.12856957705102,302.32233047033674,217.120902298999,1,0.019341432926412983,28.912853743827057,2.1106028895635913,3154.8230419393785,-0.8511662903015544,-1.4155488193470576,5.983879998893826,30.0
593,19.766666666666808,track,1,301.15375171176277,255.10785285923407,301.1438191683592,255.53564696043168,1,0.42790939279002865,24.431780165078198,46.688112276311585,2665.9788248016416,-0.9359434467891041,0.5162387044245749,4.795344000740442,30.0
594,19.800000000000143,track,1,321.7682458938656,236.76410742768462,321.7817214398606,236.7776284887732,1,0.0190895110682268,3.6821473959667887,2.0830028511015275,401.7684655981047,0.06018243343988844,-0.45032388925700584,5.810902001030627,30.0
595,19.833333333333478,track,1,322.6348389885455,237.33196455586773,322.6559821654489,237.3142188468305,1,0.027603335284044506,3.7772558380262176,3.012058543552669,412.16506006529283,0.09018716657490175,-0.421429034192641,5.7859549997374415,30.0
596,19.866666666666813,track,1,309.0248650982085,250.3025253615368,309.0248425004645,250.287217942481,1,0.015307435735875294,15.042637240049139,1.6701604971944601,1641.426025327745,-0.6277697312203321,0.2650545259030374,8.02441700034251,30.0
597,19.900000000000148,track,1,309.7093048405935,226.5149889691569,309.726204203356,226.53499318574586,1,0.02618696513758605,16.93686182794941,2.8574093633748707,1848.066023435435,-0.645174758242355,-0.9301818761168776,8.09287599986419,30.0
598,19.933333333333483,track,1,322.61392432432433,241.2822918918919,322.63723710957015,241.26655727241632,1,0.02812586364823455,2.9256088078218174,3.0691315672120423,319.2534498123488,-0.014594604081217183,-0.16166485657697804,6.507228999907966,30.0
599,19.966666666666818,track,1,322.48835098335854,248.6804841149773,322.4755092310411,248.69776520379128,1,0.021530133143558026,9.043188900672813,2.3492569328629074,986.6971397762127,-0.01377309295951551,0.24830181798628298,5.196488000365207,30.0
600,20.000000000000153,track,1,309.4816658729815,224.67998614658643,309.45704627548116,224.69992742896147,1,0.031682476605231366,18.580799065605095,3.4571758379952318,2027.4272183020294,-0.6872249471129603,-0.9644474651404493,22.2129900012078,30.0
601,20.033333333333488,track,1,303.30682848874875,249.32756014339395,303.2906652580641,249.31161117268334,1,0.022707260796775913,19.128721079813648,2.4777613295296956,2087.3767329887987,-1.0527357114654443,0.3179184088589476,6.411595999452402,30.0
602,20.066666666666823,track,1,306.83783081387793,237.46571663706848,306.84862086142925,237.4397822278645,1,0.028089476800387994,13.398264375925425,3.064863815009072,1462.1072872776147,-0.9342588416184502,-0.26070325979228587,6.032382001649239,30.0
603,20.100000000000158,track,1,317.23689337200744,228.55946144854755,317.2248775531418,228.582412467493,1,0.025906160920620706,11.750004666276338,2.826674050354565,1282.0315987455062,-0.4403985876620164,-0.725782669342548,6.919976998688071,30.0
604,20.133333333333493,track,1,319.0661698186361,254.20264506957307,319.06126791914767,254.1927995614385,1,0.010998302097262701,14.223810224788236,1.200042675026822,1551.9315349584924,-0.35302400092319297,0.591108983789036,6.048716999430326,30.0
605,20.166666666666828,track,1,306.66826486976805,234.0622003369185,306.68796009905736,234.05701400353018,1,0.02036664210843912,14.578391162214203,2.222528651657363,1590.853657252251,-1.0040692598026255,-0.4384152807715769,5.437260000690003,30.0
606,20.200000000000163,track,1,316.94615351425983,234.72248349656988,316.9481406087111,234.73810719375683,1,0.01574955422061131,6.082874456093244,1.7184066269281806,663.7199120451756,-0.5091391633666414,-0.4139254870903693,5.965181000647135,30.0
607,20.233333333333498,track,1,331.2823895834234,248.59717956482243,331.2658355356507,248.61805254580418,1,0.026640529888241456,14.184141849212162,2.9068911747399144,1547.7757848804633,0.24374891269698096,0.30702538606139196,5.797162999442662,30.0
608,20.266666666666833,track,1,324.44053855145245,226.2161132516559,324.4139218806283,226.20585614741208,1,0.028524644664373117,14.483131946998848,3.112745001297931,1580.2504362267784,-0.054754456364707105,-0.8267232840915338,5.880411999896751,30.0
609,20.300000000000168,track,1,319.5804232117357,244.62196546799947,319.6054655857122,244.64465961669885,1,0.03379563403114203,4.661386098474412,3.6877335817368513,508.5951488747953,-0.2495323179615514,0.12005685932585561,6.950709999728133,30.0
610,20.333333333333503,track,1,310.74330443783157,247.16146978910598,310.75809534589894,247.15249104884447,1,0.0173028534681721,11.686356568207865,1.8881220625892385,1275.216158602736,-0.7153497273265019,0.279765740306354,5.940631001067231,30.0
611,20.366666666666838,track,1,320.80473449604017,225.42376768944476,320.8149699417686,225.39932119262676,1,0.02650274619604735,14.623405815406493,2.891731553331198,1595.53018451088,-0.20261756687905547,-0.8283406851346469,7.022922998658032,30.0
612,20.400000000000173,track,1,320.34871351351353,249.61392432432433,320.3301879178189,249.63685177957746,1,0.029476531346579238,9.642506742679453,3.2163486524169844,1052.0745199053022,-0.2225072040628182,0.415312929017874,6.037775998265715,30.0
613,20.433333333333508,track,1,312.7848924893351,237.020683414487,312.79595417375026,237.02111366584427,1,0.011070048704991679,7.795642376259064,1.208044537184273,850.6959358121076,-0.5835206659094296,-0.21533891498788343,5.8176239999738755,30.0
614,20.466666666666843,track,1,301.7932014992891,235.05790358019905,301.80280963248083,235.05333175025044,1,0.010640387798788627,18.8575519101715,1.161115926879362,2057.847624523005,-1.1756720564195122,-0.325510947234651,7.086510999215534,30.0
615,20.500000000000178,track,1,324.1031947370684,254.11145031603388,324.0995365392607,254.107740732225,1,0.0052099350509536456,14.691308600816146,0.5684941605342677,1602.9602143512357,-0.06211019925837705,0.662539895374282,6.168341999000404,30.0
616,20.533333333333513,track,1,334.30733290071385,234.59299156391953,334.28842780485957,234.61449846868118,1,0.028634762120300826,15.269669147644338,3.1245162091560923,1666.300979471282,0.481992385216237,-0.3154296697201806,5.973512001219206,30.0
617,20.566666666666848,track,1,322.689132593584,233.98756530374337,322.7047792197586,233.98923138440728,1,0.015735079771845607,6.591295015232783,1.717124509403665,719.184467640988,-0.05428855833534149,-0.3635814522643103,6.1205889996927,30.0
618,20.600000000000183,track,1,320.5969703527375,252.57204068383467,320.6204115359749,252.59632263610024,1,0.0337505892895979,12.611592065504736,3.682769901949152,1376.0253931544341,-0.13334341452959184,0.5945344953435372,5.5903709999256535,30.0
619,20.633333333333518,track,1,318.9376218323587,222.46991552956464,318.9396508661887,222.44412270219345,1,0.025872512867586017,17.587869910287992,2.822891109599228,1918.9763098126007,-0.19936216287680913,-0.9473418561426373,7.0933130009507295,30.0
620,20.666666666666853,track,1,328.4274043656797,243.48835098335854,328.4057740112012,243.4732205230905,1,0.026397027537010207,9.095069957367132,2.8804681050375383,992.495327000007,0.3138692512162601,0.13713071063307525,7.139958999687224,30.0
621,20.700000000000188,track,1,320.77242360243093,243.1282703331753,320.7844741558549,243.12110186058703,1,0.014021513366006218,3.218179069810151,1.5300601738750732,351.132798296162,-0.03815729118649095,0.13065119493731797,6.665658998826984,30.0
622,20.733333333333523,track,1,305.2324756756757,225.38607567567567,305.2193837290488,225.36593185948095,1,0.024024412529096307,20.79958094987643,2.6213809782696957,2269.600672787441,-0.8386014616168255,-0.7923867637463119,6.023174000802101,30.0
623,20.766666666666858,track,1,307.04148122542455,248.34844229356608,307.03778646534397,248.32752949136602,1,0.021236679305197344,15.406710458355178,2.317100449508386,1681.2054345850884,-0.7943160364823053,0.3628166909038082,5.941700999755994,30.0
624,20.800000000000193,track,1,331.3656667965199,227.43215166861447,331.34684381009447,227.40916931562765,1,0.02970678991044297,16.949332782537827,3.241474330147703,1849.4531630282431,0.4382186105261683,-0.7274085525050409,6.308550999165163,30.0
625,20.833333333333528,track,1,331.68070493715175,235.66826486976805,331.6966332560694,235.6880178260476,1,0.02537500000638199,12.466130907200986,2.768806807992337,1360.3667429427012,0.4738950205980318,-0.3458148850179822,5.421783998826868,30.0
626,20.866666666666863,track,1,322.57615894039736,254.56784833138553,322.59958143236304,254.59098811069907,1,0.03292510465528388,14.820754288161192,3.5927079555688506,1617.0703920020387,0.051480781156151165,0.628570916077805,5.609477000689367,30.0
627,20.900000000000198,track,1,318.7883542990533,227.6306575022695,318.7988043771047,227.65069238659908,1,0.022596475861968404,12.407589187866627,2.465545980449143,1353.7687512151872,-0.1270867545208486,-0.7434247268918096,5.050060999565176,30.0
628,20.933333333333533,track,1,324.91749387649867,239.97524816294958,324.92288694543936,239.97733525678404,1,0.005782832634003388,4.9229391188762746,0.6310507365050549,537.2275156429453,0.1996624252360808,-0.10941106745606208,5.896451000808156,30.0
629,20.966666666666868,track,1,332.1954515919428,241.53008447043536,332.18320771057165,241.55576117784017,1,0.028446545206459055,12.28213918506899,3.1038450108432905,1340.3133479849134,0.6112875435569207,-0.029857453797126496,7.6980690009804675,30.0
630,21.000000000000203,track,1,322.33173513023195,222.9668264869768,322.3128549518126,222.97027663096742,1,0.019192827584870186,17.186063425168037,2.0944473928975094,1875.1409611423771,0.15041452942504988,-1.0023044351854167,18.51810300104262,30.0
631,21.033333333333537,track,1,308.2400517352878,246.05794352231084,308.22600296919245,246.05583102134528,1,0.014206705780422997,13.240094238356193,1.5503321570268107,1444.8023902513182,-0.5746466917813814,0.1543317989038006,6.315980001090793,30.0
632,21.066666666666872,track,1,316.28584991153497,235.89643119147283,316.2706416559977,235.90222210697584,1,0.016273467327232564,5.540748804858171,1.7758409163601478,604.5886777403456,-0.19597209971535298,-0.37332447789753864,7.027866000498761,30.0
633,21.100000000000207,track,1,329.42376768944473,226.60531440688968,329.4011281356509,226.62642490002145,1,0.030954843179239196,16.34728482585695,3.3777319004039854,1783.7226496598528,0.47971827206281414,-0.8798234364002143,5.9321669996279525,30.0
634,21.133333333333542,track,1,319.30669602383114,253.12433622587747,319.28997854164936,253.1162633332899,1,0.018564638569826982,13.135467037738843,2.0258403409834775,1433.1843867272573,-0.016093676492683742,0.4623246832056474,6.111405000410741,30.0
635,21.166666666666877,track,1,313.02059997425005,235.0,313.02094607175195,235.00146892233693,1,0.001509144231922229,8.584433974803353,0.16466114527248854,936.7402705293495,-0.35116944274932715,-0.4782504958571623,6.306576000497444,30.0
636,21.200000000000212,track,1,320.5149889691569,239.2117921875676,320.53428527509914,239.2016653088658,1,0.021792225569167278,0.9606242940172177,2.3780377148072644,104.81756610195576,0.01168267381172941,-0.27088911554417106,6.213826998646255,30.0
637,21.233333333333547,track,1,335.99586616716186,252.18188864487792,335.9950927239406,252.17405106495016,1,0.007875650674096856,20.101007700597307,0.8592949925084926,2193.424266836193,0.8254291923026663,0.415980864352975,7.385706001514336,30.0
638,21.266666666666882,track,1,323.7673029476691,224.56784833138553,323.779692078012,224.592977343372,1,0.02801709824497937,15.863871511911416,3.0569887416267325,1730.8911383447414,0.2455180609698953,-0.9806435427934295,6.139929999335436,30.0
639,21.300000000000217,track,1,315.84892674323567,238.90261108960294,315.85804298223434,238.91130958985923,1,0.012600385715903054,4.282645764728937,1.3749306468225866,467.3486152693247,-0.15493813321304417,-0.23500846026877348,6.8125460002192995,30.0
640,21.333333333333552,track,1,307.9819735555461,241.83504102716722,308.01881093181464,241.8801560127963,1,0.05824392001454873,12.127814235057299,6.355322964305317,1323.4704653430492,-0.5877864456614776,-0.08021681487799183,5.909765999604133,30.0
641,21.366666666666887,track,1,318.7996299005896,226.67155829065715,318.81989735170623,226.6961452407138,1,0.031863579332114,13.356092007645497,3.476815488882391,1457.257565375723,-0.07250749845323401,-0.8665684862003069,5.822780000016792,30.0
642,21.400000000000222,track,1,314.63384284176533,251.07612486544673,314.66004247895535,251.07922016953148,1,0.026381847855403647,12.29895385354033,2.8789726718637585,1341.9585097367692,-0.3052221054447097,0.3698212410133155,6.229866001376649,30.0
643,21.433333333333557,track,1,312.3810016824123,240.4646046331047,312.3630162990596,240.44123630274657,1,0.029488182006870912,7.649719571545787,3.2176080850397115,834.7933556667866,-0.4547215059826067,-0.19488768679362867,4.872821000390104,30.0
644,21.466666666666892,track,1,309.37061639994823,227.53142388819393,309.35285186580745,227.56183761687362,1,0.035221776863764036,16.372832585122833,3.8431448734025246,1786.5395391098093,-0.654840777900115,-0.8431544798012842,4.512548999628052,30.0
645,21.500000000000227,track,1,321.3304647160069,249.50890705679862,321.31235443781475,249.52010121711533,1,0.021290641169121112,9.610130142436821,2.3232767672357877,1048.5452348684526,-0.07926768539586612,0.27123824305740485,5.1265740003145766,30.0
646,21.533333333333562,track,1,331.9979297852152,231.48110929008885,331.9942417873817,231.45445598755396,1,0.02690724556762488,14.72712322630684,2.93580113431304,1607.0351699929963,0.4793044657076043,-0.655532698650027,6.2587119991803775,30.0
647,21.566666666666897,track,1,322.7609171711967,242.9010691742883,322.76726841997106,242.90158293606532,1,0.006371994362631687,4.009608215653319,0.6953583003790123,437.51738084059053,0.03841500677266926,-0.08022183365430555,6.989213999986532,30.0
648,21.600000000000232,track,1,317.2084354443441,252.3116213078808,317.1938068862262,252.2917265682063,1,0.024694035298560534,12.607984050566525,2.6944814308284935,1375.6432552121153,-0.24173761959447518,0.4359397307168642,6.970798000111245,30.0
649,21.633333333333567,track,1,320.6926915300899,226.13042543123845,320.70019532273955,226.11782445372637,1,0.014665999399582597,13.899822710651524,1.6002491636356397,1516.581468741175,-0.06767565364042902,-0.882803984503237,5.571529998633196,30.0
650,21.666666666666902,track,1,316.8309545240238,237.35763576357635,316.82819825651836,237.30521737147296,1,0.052490807207228395,4.161992277138947,5.727169284858959,454.15354006051984,-0.26645397802606774,-0.29956827728337876,5.9266940006637014,30.0
651,21.700000000000237,track,1,315.1296083684143,240.97448654165072,315.08410353285944,240.9317351542934,1,0.06243693762391706,5.003415680651681,6.813011801798853,546.0063479821097,-0.36720402454476886,-0.11456555608135884,5.957516999842483,30.0
652,21.733333333333572,track,1,304.7978773686246,223.23099729300048,304.78443023431146,223.19793699694037,1,0.035690455262128655,22.667661645024623,3.8941903229085066,2473.416461199094,-0.931348730184629,-1.0413030866424076,6.355307001285837,30.0
653,21.766666666666907,track,1,306.9332559239668,247.8259149357072,306.92493414576575,247.82342370399056,1,0.00868666955128797,15.236906035830366,0.9479379391849057,1662.6845623084719,-0.8838626667757318,0.19621500309095577,6.459211999754189,30.0
654,21.800000000000242,track,1,314.5216845024046,234.29114856375372,314.54923992713543,234.27414796878998,1,0.03237779580544165,7.9054517173433245,3.5331303059028403,862.620770395856,-0.5431971953921624,-0.5081976429757202,5.420123001385946,30.0
655,21.833333333333577,track,1,329.5149889691569,229.44434831509278,329.53354468107295,229.41975243852244,1,0.030810251361772963,14.241843723625335,3.3618538289158164,1554.0217279823526,0.2199610987029419,-0.7834639288203784,6.153526001071441,30.0
656,21.866666666666912,track,1,318.0789029718389,254.40282043517757,318.0762395387019,254.38102647232677,1,0.02195610832587747,14.50912735867382,2.395587656810642,1583.0655886015375,-0.34346352551627085,0.4911389635627133,6.361141000525095,30.0
657,21.900000000000247,track,1,310.2443485763589,227.49667817083693,310.2328162117203,227.49509168009308,1,0.011640978783485367,15.867281154731918,1.2703427270300616,1731.3623185707754,-0.7599057012657562,-0.8989114305299194,6.924899998921319,30.0
658,21.933333333333582,track,1,317.9917116339305,241.6974746384632,317.9907966812848,241.71399998040124,1,0.01655065148303383,2.6409645792307894,1.8058094614359936,288.18002509097727,-0.38737225706693623,-0.18583324416021943,6.716608999340679,30.0
659,21.966666666666917,track,1,324.35262088933064,250.04148481050947,324.3324236412702,250.04027224062952,1,0.020233614480058042,10.935125114665714,2.208038532304366,1193.1424352608292,-0.055612952166099794,0.26672253438464394,5.565843001022586,30.0
660,22.000000000000252,track,1,317.08274078862314,224.78073691014868,317.07847872789716,224.7904112016663,1,0.010571522028541646,15.487636293435719,1.153468265980062,1689.834204787147,-0.4133074769157738,-1.0151474827150357,18.488820998754818,30.0
661,22.033333333333587,track,1,306.30757241200155,255.55526691778152,306.2890437605731,255.5809566191963,1,0.0316744642028205,20.7546748991343,3.4561302946658143,2264.6730447846526,-0.9841919211638324,0.5887184815246109,6.26037400070345,30.0
662,22.066666666666922,track,1,314.73081402873044,240.79707519088907,314.7451892644224,240.80752263355294,1,0.017770662886160905,5.3164959014789135,1.939146689162951,580.1729554645385,-0.5893540054691362,-0.14305471730687727,5.313683999702334,30.0
663,22.100000000000257,track,1,318.4850110308431,222.58472120084787,318.4676305202611,222.6086855382141,1,0.029603574336469537,17.458693391292446,3.230175722765495,1904.8835379108173,-0.40750567671446913,-1.0890702382782043,5.5870329997560475,30.0
664,22.133333333333592,track,1,322.2743688563634,251.54687567661196,322.2586678747484,251.57289876032678,1,0.030392790423107895,11.791249564197752,3.316249885487436,1286.5274182201313,-0.2067451270182595,0.3821744044796998,5.74225399941497,30.0
665,22.166666666666927,track,1,308.99585545913743,233.6933039761689,308.9967051676342,233.71161296803803,1,0.018328698475165016,12.673448963550335,1.999806052802679,1382.9591896855793,-0.8879475406257884,-0.5477790670730416,5.731943001592299,30.0
666,22.200000000000262,track,1,318.09145628545446,239.54687567661196,318.08793402310675,239.5733685281714,1,0.02672597081109978,1.959084151522688,2.916026336181609,213.7879636259733,-0.44420281036775944,-0.23354602866701923,7.429385001159972,30.0
667,22.233333333333597,track,1,326.9294575318781,255.48835098335854,326.9337310332228,255.4751741228331,1,0.013852525656003927,16.957524588603132,1.5114430217481125,1850.2545923595787,0.023184871789964756,0.5900806185408274,5.834460000187391,30.0
668,22.266666666666932,track,1,327.4600638977636,232.50664882134532,327.4338669351421,232.5120249273807,1,0.026742912457244666,10.551405039025209,2.9183603825956124,1151.3438623529335,0.09249045080147295,-0.5478526814642132,6.148096999822883,30.0
669,22.300000000000267,track,1,319.07424274973147,245.04537056928035,319.0713500789923,245.0435070207841,1,0.003440981982408045,5.12828955349501,0.3754857895804213,559.5406540732953,-0.3022552372472998,0.11726719187833287,6.32823600062693,30.0
670,22.333333333333602,track,1,310.16958938342884,242.7890473523202,310.15883323134176,242.80062261274952,1,0.015801312025487898,10.231913329753494,1.7241898345671254,1116.5668135690767,-0.758292322123573,0.027467835858095868,5.8390860012877965,30.0
671,22.366666666666937,track,1,314.4916857426683,225.31512115060684,314.48403443797747,225.296420862569,1,0.020205029972033557,15.704175098747303,2.2045802894782613,1713.4871479989183,-0.5568574628730008,-0.8741953941616805,7.594444999995176,30.0
672,22.400000000000272,track,1,322.8139615003661,257.016536755523,322.8226499439163,257.0143560556073,1,0.008957929640704174,17.246903046427562,0.9775435735128818,1881.781951059174,-0.12967923906127077,0.747204307926904,5.246222001005663,30.0
673,22.433333333333607,track,1,312.0871331633315,237.6390197519125,312.0825692013693,237.6577520109654,1,0.019280230237638606,8.256623770842548,2.1036475896025717,901.0107915026357,-0.6726468301169829,-0.2568668624424224,6.671567000012146,30.0
674,22.466666666666942,track,1,310.81719825161207,233.42376768944476,310.82848523108214,233.39961258515063,1,0.026662051102978136,11.299637037647727,2.9091336548531364,1233.0246546684655,-0.762123980206629,-0.4808112001366712,6.517273999634199,30.0
675,22.500000000000277,track,1,321.0949065119278,259.9257253384913,321.09084327885785,259.93123442913725,1,0.00684543225266209,19.961063221388166,0.746935430414542,2177.909529461259,-0.25069746172251095,0.8948481730096518,6.060637999325991,30.0
676,22.533333333333612,track,1,330.6599127316715,233.02488443426793,330.6765178278022,233.0242908131413,1,0.01661570352258575,12.753374125579567,1.8132251515436304,1391.667711611754,0.2658399386884861,-0.47759087411001067,7.2966380012076115,30.0
677,22.566666666666947,track,1,320.54840101851454,242.50498467912476,320.5720959460107,242.5078892055085,1,0.023872282307332942,2.572314529474936,2.605113243227259,280.6625715000557,-0.21192598581529973,0.002415072452509187,5.497838999872329,30.0
678,22.600000000000282,track,1,321.44053855145245,257.9750638555782,321.4154089634603,257.97754096214817,1,0.0252513811426831,18.03317391863005,2.755607639236305,1967.563274014217,-0.1489514810923,0.8350956999712312,6.080539998947643,30.0
679,22.633333333333617,track,1,318.9585903463745,228.73497821679678,318.9623056760963,228.74862646944507,1,0.014144909872236678,11.299124560510606,1.5433395370807188,1232.826180659235,-0.2606840052449189,-0.6236568217039463,6.827893001172924,30.0
680,22.666666666666952,track,1,325.704807275877,246.47999133824166,325.72060962117257,246.4535150264137,1,0.030833572690370802,8.623991572004206,3.3643451329097345,941.0198645893913,0.1031743777867127,0.32311253676204477,7.018128999334294,30.0
681,22.700000000000287,track,1,319.2608583135648,239.2070304075911,319.2486569213968,239.19439733018407,1,0.017563274626626227,1.101595244806141,1.9164582900591405,120.20280170417931,-0.20073861281424932,-0.030466222959418917,6.847516999187064,30.0
682,22.733333333333622,track,1,315.47411514967723,223.20794524108652,315.4472515669845,223.19647456655434,1,0.02921007444893099,17.409364873158932,3.187524296830342,1899.521909035428,-0.39173616468573835,-0.8754972879388997,5.4792429982626345,30.0
683,22.766666666666957,track,1,311.50998098859316,247.79675077773936,311.5221202224616,247.80633066354153,1,0.015463997248282423,11.524462848694668,1.687429401504654,1257.5314898854492,-0.6106077481629071,0.3496205502118963,6.3430909995076945,30.0
684,22.800000000000292,track,1,322.27335087794984,229.17395055869537,322.26055170437235,229.16463909789195,1,0.015827891412324095,11.068655739839075,1.7271489862246154,1207.687332034254,-0.07275879812579217,-0.6356792391065853,6.189235999045195,30.0
685,22.833333333333627,track,1,331.51627906976745,235.50331610680448,331.5349070076604,235.5052314455918,1,0.018726147303026047,12.379702097912954,2.0435287186306383,1350.93228445285,0.4285456931191389,-0.3514280590891817,6.373243000780349,30.0
686,22.866666666666962,track,1,325.43634474698064,250.86701874377732,325.41004135364346,250.87441481213023,1,0.02732343917099131,12.145840644204487,2.9816944593898054,1325.2544327035473,0.16312990842482514,0.43353165542629557,6.185066999023547,30.0
687,22.900000000000297,track,1,325.56784833138556,226.7049733800805,325.5936002757053,226.7198656681494,1,0.02974798951480548,14.410077443107907,3.2461722029906674,1572.2956502533834,0.20264623613381338,-0.7996702319983857,5.258244000287959,30.0
688,22.933333333333632,track,1,328.7385779122542,241.51164901664146,328.7515156075533,241.52741344304513,1,0.020393653412022903,8.883806462054654,2.225268448531093,969.4613452675933,0.403387656008734,-0.04535803496698872,6.338994000543607,30.0
689,22.966666666666967,track,1,331.5552669177815,249.29094687621767,331.57994899411847,249.27412681326473,1,0.029868368051230686,14.835924199553633,3.259269125223101,1618.8920372615655,0.599266171352839,0.36618497338874534,5.9071880004921695,30.0
690,23.000000000000302,track,1,316.3150939321961,225.67661412221983,316.29917565554524,225.69277161592254,1,0.022681625477147402,14.778121831364794,2.4749595882045012,1612.427995335947,-0.14456100255545837,-0.8420420192985685,16.503516000739182,30.0
691,23.033333333333637,track,1,307.3777076397596,245.00415063340395,307.35575240595085,245.002468256969,1,0.02201959768173166,13.59785592957949,2.4029342773222697,1483.861941065394,-0.6218676131460763,0.1463992137256693,5.961863000266021,30.0
692,23.066666666666972,track,1,310.058028582531,236.31086740641595,310.05370670492607,236.2933322649551,1,0.01805989512937723,10.614524766076695,1.9704974814509884,1158.3099145407025,-0.530614907055008,-0.29418461447262456,5.860491999555961,30.0
693,23.100000000000307,track,1,322.97102074259345,219.74746647117166,322.9713487871197,219.7619728267332,1,0.014510064262054072,20.45499101639019,1.5831565498452669,2231.807961499188,0.10515561923192825,-1.1844850957095399,6.027913001162233,30.0
694,23.133333333333642,track,1,321.70581380292634,250.1408778971902,321.7222008430049,250.13351832519515,1,0.017963807572056692,10.278821400856849,1.9602839030213721,1121.5068402615095,0.04543867070012007,0.3343477000987507,7.059937001031358,30.0
695,23.166666666666977,track,1,318.0332050672316,223.37770763975962,318.0318078510056,223.35756547553478,1,0.0201905669272178,16.75841302857985,2.2029470363569934,1828.479484903585,-0.1451118168895488,-1.0896575838143843,5.909020001126919,30.0
696,23.200000000000312,track,1,319.66826486976805,242.124400673837,319.6858078441471,242.11710319410417,1,0.01900024106466748,2.140290317990898,2.073392558998589,233.52370054260197,-0.05354313760765024,-0.17156612528683088,5.517924000741914,30.0
697,23.233333333333647,track,1,330.8015076459186,253.09097566228732,330.8132057558523,253.0868734904418,1,0.012396515230963362,16.976209131405817,1.3527706061256546,1852.371831896858,0.512225706366898,0.40745242171572754,6.827232999057742,30.0
698,23.266666666666982,track,1,330.92537893509524,228.31921233320378,330.9293861253202,228.30163583138278,1,0.018027506476565116,16.00947236163419,1.9669573377210707,1746.904580203624,0.5624325337235122,-0.8399544388916066,6.791929999963031,30.0
699,23.300000000000317,track,1,318.03316491773546,246.31921233320378,318.0325033872141,246.3021579107558,1,0.017067247805812348,6.602138839302448,1.8621729681241332,720.3574576986729,-0.06939452482864315,0.10066630548717034,8.08644900098443,30.0
700,23.333333333333652,track,1,316.08250612350133,246.061879592626,316.07907929812677,246.05775535942166,1,0.005362129397133668,7.215955871884191,0.585093536118913,787.3597281039906,-0.17762565323759366,0.11949840461772032,6.006204999721376,30.0
701,23.366666666666987,track,1,317.70581380292634,221.9337045189693,317.7226710319617,221.93722218944959,1,0.01722034193498104,18.20577297073593,1.8791931834592435,1986.3985100637594,-0.10852545000314685,-1.118459326642374,6.30215099954512,30.0
702,23.400000000000322,track,1,322.8676603627278,248.79735493042693,322.8763246163171,248.80692910266907,1,0.012912554525804936,9.26473116274138,1.4089745450609026,1010.8733275315336,0.15177488451022086,0.26304808433600035,7.020137998551945,30.0
703,23.433333333333657,track,1,309.7882078124324,233.4850110308431,309.8006660287815,233.46578927105247,1,0.02290596437721156,12.112899046336702,2.4993533744166885,1321.7800953152916,-0.5289485233685385,-0.5139605998740989,6.162558000141871,30.0
704,23.466666666666992,track,1,306.3777076397596,228.02075316701976,306.35765553473175,228.01835029619224,1,0.02019556149903858,18.156913067308327,2.203876408103339,1981.2608412692555,-0.7559413765685825,-0.8220522839443832,6.898208001075545,30.0
705,23.500000000000327,track,1,325.2400517352878,249.76822591075663,325.22731559564386,249.77974045463066,1,0.01716956533104662,11.089100581039064,1.873518866800634,1209.956870769976,0.1734508568765401,0.2795537187421994,4.751765000037267,30.0
706,23.533333333333662,track,1,326.4833391033408,233.75073567595638,326.4630510291056,233.76562520327798,1,0.02516553158657029,8.979891854071836,2.746075648997276,979.8680220533505,0.24487700258409253,-0.5406283122392126,6.179967998832581,30.0
707,23.566666666666997,track,1,326.6557355800389,234.6764744005185,326.6738260614643,234.6923100047709,1,0.024042293572828548,8.52710545168378,2.6234696122735106,930.4765352888539,0.27765434358039986,-0.5098159255590935,7.077666001350735,30.0
708,23.600000000000332,track,1,312.4833391033408,256.5970226761295,312.46231900910084,256.6209831154042,1,0.03187392370098145,18.250307242430594,3.4779560030310446,1991.3124043161017,-0.4417723174075887,0.6309979083633316,7.08722499985015,30.0
709,23.633333333333667,track,1,311.74694265589216,226.35262088933064,311.76063237861877,226.33180260127165,1,0.024916051574006826,15.959536300621956,2.7186817468780164,1741.39395010033,-0.5115596624039992,-0.9098022458166124,7.050107999020838,30.0
710,23.666666666667002,track,1,317.2650217832032,245.01242289608766,317.2501541624615,245.01169122639794,1,0.01488561342552613,5.7165287613185205,1.6244272866150054,623.7446375820879,-0.2573922262385676,0.060949756343211675,5.56131700068363,30.0
711,23.700000000000337,track,1,319.18221819593634,236.73081402873044,319.1707679375827,236.74384344200917,1,0.017345720704347298,3.3600865083339113,1.8927034684380384,366.6162943607633,-0.17102924633800642,-0.3463812421422898,6.376069999532774,30.0
712,23.733333333333672,track,1,302.3524381289682,227.50831425733168,302.33364928834567,227.51930383780268,1,0.021766750121839762,21.630250210301693,2.3752335831871583,2360.3089993960134,-1.0645851643886097,-0.8374233541508315,6.168410000100266,30.0
713,23.766666666667007,track,1,304.71831715210357,248.11184466019418,304.7332881793486,248.10749289653086,1,0.015590686442666521,17.28594605111664,1.7013416544551838,1886.2944343843344,-1.012873939239613,0.20332219357285233,6.708863998937886,30.0
714,23.80000000000034,track,1,316.05794352231084,230.24005173528778,316.0557450348497,230.22906134995264,1,0.011208118349285813,10.537000964842996,1.2229022289882856,1149.6993057707537,-0.4867061360995163,-0.7163625153464296,5.941154000538518,30.0
715,23.833333333333677,track,1,327.5300844704353,230.97089018843405,327.5566565129534,230.97413197870333,1,0.026769061390568092,11.771548377024448,2.9212274618204144,1284.4635749181798,0.09456692558229679,-0.7118829878538026,5.445307000627508,30.0
716,23.86666666666701,track,1,315.95038973343094,255.81396150036605,315.9535523464251,255.82327149697153,1,0.009832505161197927,16.332472546433173,1.0728218749589793,1782.0210838097466,-0.486664758905126,0.56459252440655,8.570089999921038,30.0
717,23.900000000000347,track,1,314.776561355114,228.77242360243093,314.787773309215,228.78405168542872,1,0.016153025381251136,12.367894067757275,1.7625723250478562,1349.4780606535812,-0.5627588068839222,-0.8248905890185195,8.487060000334168,30.0
718,23.93333333333368,track,1,319.5183341270185,235.3407939737651,319.5408067680539,235.322628003511,1,0.028896748439592584,4.699858212521371,3.1532051076327985,512.7929860038039,-0.305519083880554,-0.5072476945315698,7.537883000622969,30.0
719,23.966666666667017,track,1,325.2358925723154,252.91309221019958,325.22532295810174,252.9162780813922,1,0.01103931700247049,13.933206360788514,1.204672776122658,1520.261215651799,-0.023971868101399785,0.40606867135592284,4.4726670003001345,30.0
720,24.00000000000035,track,1,309.7504440882111,229.47831549759542,309.76504533188927,229.4493619691484,1,0.03242688894236468,14.699328553248053,3.5381557242198407,1603.9513068606232,-0.8100778077528149,-0.7742853911220421,15.813136000360828,30.0
721,24.033333333333687,track,1,305.39444660698064,250.77994031400027,305.373450355092,250.79355313520364,1,0.02502301929194707,18.177919127265973,2.730542798387007,1983.582221147632,-1.073095298475023,0.33631284118329596,5.7301710003230255,30.0
722,24.06666666666702,track,1,316.86345416145855,239.22757639756907,316.870247324164,239.21654263769437,1,0.012957272726730857,3.2263225583400046,1.4138111920288066,352.07650267590867,-0.5229236074005458,-0.2200860858698971,5.352240999854985,30.0
723,24.100000000000357,track,1,324.0,231.43215166861447,323.99991317654235,231.40848459927588,1,0.02366722859547015,9.476995425806475,2.5822816335214567,1034.048461126994,-0.15422891771820785,-0.6238719856047628,4.764178000186803,30.0
724,24.13333333333369,track,1,319.07619704348576,253.55660905917338,319.09729694406997,253.5844976046169,1,0.03497108479327464,13.614457314818967,3.815865716053651,1485.4463662965882,-0.3884982119494219,0.5153264448441955,4.854157999943709,30.0
725,24.166666666667027,track,1,309.82588617608076,238.55907127891564,309.86957529305596,238.61658715623435,1,0.07222752304913553,10.22444794790203,7.88110630767118,1115.7633749782437,-0.868515079797585,-0.2352520896772004,6.601058999876841,30.0
726,24.20000000000036,track,1,317.460137264212,236.40877109681875,317.4421362562123,236.39425853073794,1,0.023122518531848588,4.420863996430995,2.5231231932536895,482.380330403263,-0.49705498090108935,-0.3439703644757379,6.1222029999044025,30.0
727,24.233333333333697,track,1,327.62134458848357,252.7081700331625,327.64648431604974,252.7309521847244,1,0.03392686740461858,14.850786710653871,3.702044950509028,1620.4146921943668,0.03889478293144205,0.5092474037945544,6.818331999966176,30.0
728,24.26666666666703,track,1,325.68743800940103,227.44736728621328,325.7111039147687,227.4267118288833,1,0.0314121472424796,13.809572164235568,3.4276555473804637,1506.7795692966197,-0.01764386950236735,-0.7628328715028675,5.360275999919395,30.0
729,24.300000000000367,track,1,314.3824124714698,239.83049825588907,314.3641110601566,239.84427232906887,1,0.02290560516596708,5.638040018458816,2.49946782066223,615.2645135266072,-0.5728437712759469,-0.11189264959102624,5.176065000341623,30.0
730,24.3333333333337,track,1,314.4303633777318,247.01655243760507,314.4097753558078,247.01661795836208,1,0.020588126182619872,8.971261848042488,2.246727278325357,978.9037590462657,-0.5765788683286268,0.2614064521536605,5.473550998431165,30.0
731,24.366666666667037,track,1,320.53763533623777,221.15114523573308,320.5589455503191,221.13937773132398,1,0.024343364274689996,18.8689027897729,2.6564107468117584,2058.745781543431,-0.2631907879415628,-1.06967567084348,6.086620000132825,30.0
732,24.40000000000037,track,1,321.2846461260797,248.19388939022818,321.2666604038793,248.17862942596753,1,0.02358713022614281,8.276134838561878,2.5738091511935877,902.9960895291861,-0.20799343623585992,0.3191915694595958,5.783560998679604,30.0
733,24.433333333333707,track,1,312.9566209063132,234.6550329216336,312.9548631238681,234.66640921514136,1,0.011511292416543733,8.836353561495967,1.2559786593042448,964.2255864681192,-0.627899161733974,-0.36720621761864625,5.364291999285342,30.0
734,24.46666666666704,track,1,310.68183187707143,238.07678732836914,310.6888500920959,238.06721484388436,1,0.011869616731000992,9.509635695817357,1.2951499026243811,1037.7538707406559,-0.7647066678541226,-0.20919053725496184,4.8331480011256645,30.0
735,24.500000000000377,track,1,323.22236410845784,255.86276763291193,323.17485110157054,255.83275322473355,1,0.05619920392470583,16.147933434110207,6.132548245398648,1761.879113131644,-0.13281075004115964,0.7198831392288827,6.938687000001664,30.0
736,24.53333333333371,track,1,333.47590903250676,227.73583451111398,333.4113444849181,227.70780271824538,1,0.0703872304949891,18.192368589788394,7.680941554487103,1985.1222564306568,0.4304770494570131,-0.7029592623648033,8.618367999588372,30.0
737,24.566666666667047,track,1,329.2730916770829,235.52484806689367,329.24507244540223,235.5176855955658,1,0.028920206422113546,10.274361631796586,3.1559495126915187,1121.17602004881,0.27822817721952703,-0.3006148250929686,8.450503000858589,30.0
738,24.60000000000038,track,1,316.06106608345124,241.98696342038681,316.04860536505726,241.97578799749704,1,0.01673796820583325,4.417834058914804,1.8264260576604932,482.0895881499743,-0.36287562811587715,0.02013067215912319,5.84892100050638,30.0
739,24.633333333333717,track,1,318.49667817083696,230.86333045729077,318.4952772177094,230.86964122650807,1,0.006464400805924068,9.253520518387885,0.7053231058698098,1009.6375809840209,-0.23487275600263574,-0.5596599959617692,5.431858999145334,30.0
740,24.66666666666705,track,1,325.49833973004445,246.66052869895208,325.4961653934067,246.6785412223569,1,0.018143283584383177,8.649320602822057,1.9795812598785683,943.7776003915938,0.14069286502177705,0.23382307861573684,6.1831540006096475,30.0
741,24.700000000000387,track,1,320.18702108316376,242.51833412701848,320.17759730818875,242.5394756487433,1,0.02314673790451553,2.545678175739434,2.525568689529702,277.75410426314517,-0.11481872717158374,0.04200593608900077,7.1538629999849945,30.0
742,24.73333333333372,track,1,311.32379140361496,226.51331834299057,311.30768584822727,226.52825106324394,1,0.021963038234988203,16.03260255629436,2.3965686460436144,1749.3749426344837,-0.5617760973946153,-0.7900051382485466,8.59727799979737,30.0
743,24.766666666667057,track,1,309.904560190188,244.48835098335854,309.90870408767296,244.47600384459474,1,0.013023967215031445,11.03942315553559,1.4210431753109698,1204.6678136118874,-0.6659722933060204,0.10190183022185004,6.300781000390998,30.0
744,24.80000000000039,track,1,327.3693424977305,232.10789780832576,327.35034277256,232.1010289705889,1,0.02020322965293416,10.789869424492617,2.204678955672752,1177.3577355259847,0.21516971388225728,-0.5381591033423067,5.232859000898316,30.0
745,24.833333333333727,track,1,328.59413287316653,230.50332182916307,328.6145100458441,230.50750409212628,1,0.020801934761578246,12.818629485672334,2.2700420494926576,1398.726502913542,0.3083245831795451,-0.6559527781053194,8.618006000688183,30.0
746,24.86666666666706,track,1,330.4833391033408,247.67180197334255,330.46311492967857,247.6905295872093,1,0.027563394592530266,12.985415640764232,3.007671771080359,1416.9754120899847,0.44911326808085705,0.20786493952278196,8.529876000466174,30.0
747,24.900000000000396,track,1,320.90047086267225,232.66408916151886,320.9076399671126,232.6815946994318,1,0.01891665710683559,7.374473978073613,2.064010276715802,804.6161485525539,-0.004501201305664573,-0.5546806092629153,5.718815000363975,30.0
748,24.93333333333373,track,1,325.123982952344,243.83055663179647,325.1190585784618,243.83975355172765,1,0.010432295737389677,6.399099004369964,1.138291801092443,698.2722617417743,0.23045004730405674,0.005465174130621614,5.570686000282876,30.0
749,24.966666666667066,track,1,333.768265873529,251.92551403077718,333.77919011017684,251.9278585784698,1,0.011172996474577626,18.224705494475646,1.2192663038315512,1988.6607631922877,0.7150134348449869,0.45109843451123155,6.519033999211388,30.0
750,25.0000000000004,track,1,314.4850110308431,224.28238958342345,314.466826199412,224.2682913770202,1,0.02300972659475886,16.67641054021668,2.5108171114003066,1819.5635177650765,-0.23643841844591693,-0.9503806791163996,19.38382200023625,30.0
751,25.033333333333736,track,1,304.45159898148546,243.49501532087524,304.42804285252714,243.48927496087504,1,0.02424547265847545,15.95809791783847,2.6458119203088653,1741.4492503960864,-0.7727310296422638,0.04944454185795141,5.260248999547912,30.0
752,25.06666666666707,track,1,309.9334920978567,239.44892833946741,309.93690673095216,239.4245295467797,1,0.024636574514226336,10.07953433369248,2.6880550768148064,1099.9523411503271,-0.5495651245439068,-0.14617458154388271,6.115133999628597,30.0
753,25.100000000000406,track,1,329.0082897975044,227.31086740641595,329.00678769991396,227.2950710717737,1,0.015867592296927198,15.573613702111757,1.7312801931980812,1699.3053598671297,0.4072281276518816,-0.784030524548659,6.195697998919059,30.0
754,25.13333333333374,track,1,321.58439759296937,246.48166587298152,321.6064586641194,246.45905634314408,1,0.03158926557797217,6.655833402620143,3.4469395078057827,726.2121087363431,0.03647511613096734,0.1770529816459758,6.588075000763638,30.0
755,25.166666666667076,track,1,315.3410597461115,225.47831549759542,315.32228099082386,225.45072833401446,1,0.033372042859200986,15.282747172529472,3.6413523633317815,1667.4963083836576,-0.289938534604847,-0.9115995117214297,6.077588999687578,30.0
756,25.20000000000041,track,1,314.93396104733654,230.89268670192183,314.9388397034015,230.89937174920715,1,0.008275937542500195,10.413298137813673,0.9030256810413049,1136.2214324231643,-0.3351208243308985,-0.6739400456757922,5.327321001459495,30.0
757,25.233333333333746,track,1,334.9210560484744,256.42795931616536,334.9264636612172,256.4055107099073,1,0.023090738370757067,22.179722700758013,2.519399288795158,2420.1754713767996,0.6923199560267556,0.6341838729663688,6.241881999812904,30.0
758,25.26666666666708,track,1,330.72664912205016,232.03727511972045,330.7399558803693,232.03646755408477,1,0.013331240723178947,13.370284265094117,1.4548001193164386,1458.9713824692365,0.5150844738059935,-0.6187485125077753,5.184343999644625,30.0
759,25.300000000000416,track,1,316.8673174102708,243.50831425733168,316.8733263862623,243.51695064882892,1,0.010521171539340663,4.7058505876346866,1.148010470386225,513.486231850439,-0.16821010653814994,-0.03943092450396046,4.928687998472014,30.0
760,25.33333333333375,track,1,311.89636858240857,247.31503950947797,311.9005594274547,247.29823066635845,1,0.01732340582037461,10.90252761737239,1.890139682964395,1189.6692172291118,-0.4403671644871544,0.18321641564519986,6.046541999239707,30.0
761,25.366666666667086,track,1,328.8882517784005,226.24005173528778,328.8927188122391,226.22611306435533,1,0.01463697163617049,16.395133704531773,1.5970323107240059,1788.9320180357329,0.42156494960168067,-0.8880361621386922,4.997418998755165,30.0
762,25.40000000000042,track,1,318.11972648690494,246.11146948780802,318.1140798023587,246.1046022171845,1,0.008890694696243791,6.389277206533249,0.9701152394734971,697.1319854484425,-0.11264703449503012,0.13035248362476196,4.99128999945242,30.0
763,25.433333333333756,track,1,313.8005453837164,234.56784833138553,313.8134959629963,234.59272182734685,1,0.0280429724712384,8.21653755765252,3.0598265422338797,896.5801537319066,-0.3481558547449626,-0.4465326031288974,6.06675000017276,30.0
764,25.46666666666709,track,1,307.1902054529009,226.80565964594908,307.18039682208314,226.81632824124154,1,0.01449234846508104,18.38889411253275,1.5813568404776774,2006.5462557859103,-0.7248786401676148,-0.8715001259255462,5.028823999964516,30.0
765,25.500000000000426,track,1,321.06644460786436,256.40282043517755,321.0632355129271,256.3819644169987,1,0.021101464039079743,16.41643164380618,2.3023407766074437,1791.163551528453,-0.05217907435022254,0.6385078238123699,4.905593999865232,30.0
766,25.53333333333376,track,1,325.3651610114545,229.8049708234277,325.3440511956378,229.81540081939806,1,0.02354589432910216,11.501519188833946,2.569409369745561,1254.9553419681529,0.17231422076429556,-0.7447900940383861,7.130838001103257,30.0
767,25.566666666667096,track,1,327.25253352882834,236.18629522618482,327.2395210286495,236.17734379492913,1,0.01579409011084641,8.186779903382357,1.7234688191763292,893.3671841444979,0.29095923495680354,-0.4420624539036112,5.292758998621139,30.0
768,25.60000000000043,track,1,312.42795931616536,250.14542306859988,312.40236196448564,250.13577559584292,1,0.027355038724369386,12.667203742262117,2.985115314450631,1382.1808703008203,-0.4603489804807251,0.2843598978665515,5.926028999965638,30.0
769,25.633333333333766,track,1,320.68496049052203,225.12435770110972,320.7026704366574,225.11656221301337,1,0.01934972420418424,14.900015640986886,2.1115209252560136,1625.7102146187083,-0.05561421290227512,-0.9853507294317122,6.122377000792767,30.0
770,25.6666666666671,track,1,317.06209305333965,243.75162778664136,317.05778888274153,243.76529752048964,1,0.014331347041376575,4.778500986326647,1.5636893865568353,521.4078126760885,-0.24423443461463396,-0.022714118116861498,5.98241700026847,30.0
771,25.700000000000436,track,1,313.47411514967723,236.6548108997964,313.4470936761943,236.67473062982003,1,0.03357016046139365,7.348332985979188,3.6631938039446585,801.8751481846964,-0.4458554721771447,-0.37698952832844956,6.223812999451184,30.0
772,25.73333333333377,track,1,306.8547027027027,229.61392432432433,306.8628136316388,229.63708183842823,1,0.02453686262909107,16.73247556401889,2.6772125290446467,1825.845111372056,-0.8235195841714267,-0.7569677256771916,5.5993199985096,30.0
773,25.766666666667106,track,1,309.1745983631404,253.54687567661196,309.1645222632401,253.57308404150126,1,0.028078571533667333,17.367676533764552,3.0636566282903,1895.0814369358934,-0.7598896894975751,0.46551866217687016,5.846580001161783,30.0
774,25.80000000000044,track,1,322.356800207442,233.3360560093349,322.3357039147047,233.31616976777036,1,0.028991656917478792,7.080190629526426,3.1635185898513245,772.5202798788349,-0.11588591495328371,-0.5701327319401175,7.021544000963331,30.0
775,25.833333333333776,track,1,320.81741949427277,237.36516101145452,320.82899265567835,237.34551146801755,1,0.02280444303641138,2.7809239812686344,2.4882610377265624,303.4258567194279,-0.19156266584425166,-0.37743196720131406,5.974091998723452,30.0
776,25.86666666666711,track,1,312.356800207442,245.20744198107093,312.3353376013629,245.197467493256,1,0.023667147417420566,9.260708289787262,2.5826511709711717,1010.5401357459756,-0.6346470796524241,0.03144615503345488,5.868909000128042,30.0
777,25.900000000000446,track,1,315.12466992770874,231.56365525301936,315.1181168745368,231.589039844117,1,0.026216787962459315,9.725072421043144,2.8604908160239333,1061.1304082634958,-0.519443300147636,-0.6593582282582725,4.911805001029279,30.0
778,25.93333333333378,track,1,319.6974746384632,243.71819555363695,319.7140255341724,243.7334305546749,1,0.022495275179539937,3.7443671163075742,2.4546505763241893,408.5408327938919,-0.28157714625585506,-0.04655644640763337,4.689448998760781,30.0
779,25.966666666667116,track,1,322.50166026995555,253.1780154383544,322.5011158624575,253.17030803562966,1,0.0077266057415531055,13.405692608396167,0.8430335015981616,1462.676406313942,-0.1465721519084943,0.47424256667003994,6.128584000180126,30.0
780,26.00000000000045,track,1,321.2069233090486,222.76410742768462,321.19790557741544,222.77542033123473,1,0.014467248202112471,17.266184365343868,1.5785969492184786,1883.8783402993547,-0.19825383596077412,-1.0651811600415497,15.642334999938612,30.0
781,26.033333333333786,track,1,309.95861890598735,247.76826587352903,309.95988082082135,247.77991809589025,1,0.011720354730280633,12.701618743722058,1.2787856123426018,1386.001368102198,-0.7778285919182195,0.24680990237772724,5.094476999147446,30.0
782,26.06666666666712,track,1,312.60500671315344,234.46151847199965,312.6281968789158,234.43411698732666,1,0.03589742540028794,9.237019809808388,3.916985149211085,1007.9466036994527,-0.6719873825033145,-0.41813355288376336,4.5342699995671865,30.0
783,26.100000000000456,track,1,319.6223903177005,227.48835098335854,319.64236268967215,227.4747691692205,1,0.02415287389639422,12.530335662305605,2.6355891287234474,1367.1592915975925,-0.3068491989090706,-0.8040281477997333,5.5669960001978325,30.0
784,26.13333333333379,track,1,311.90901649937535,248.20264506957307,311.9140966747086,248.1903973793901,1,0.013259490798460545,11.509319780867962,1.4467522452743147,1255.868478942791,-0.7270940191798314,0.2378493273712837,5.459661999339005,30.0
785,26.166666666667126,track,1,308.27751650343015,232.17396556931442,308.2632828459284,232.16482262027102,1,0.016917166520631105,14.111716200607734,1.8460262583955105,1539.8893649340732,-0.9453594430724273,-0.5887690668903195,4.994351998902857,30.0
786,26.20000000000046,track,1,313.60594538541307,232.49001901140684,313.6291879231369,232.47977626822012,1,0.025399396603716436,9.856013975980861,2.7716883777014343,1075.4495086761044,-0.7079907376065073,-0.6019017409177239,6.765793999875314,30.0
787,26.233333333333796,track,1,331.5200086617583,259.0124729320052,331.5451871017535,259.0117492498209,1,0.02518883793461964,22.242705652697975,2.748782042169883,2426.9687611685354,0.21496135298378216,0.7666495126859578,5.521482000403921,30.0
788,26.26666666666713,track,1,324.35262088933064,225.00414848105095,324.3324629929068,225.00452383139896,1,0.02016139072875214,15.608796914175958,2.200156637398208,1703.0663981942641,-0.11317784516412527,-0.9864021515509112,5.534044999876642,30.0
789,26.300000000000466,track,1,318.7848924893351,244.05377687766622,318.7959917414978,244.04948002363835,1,0.01190194745022414,4.224680384169621,1.298798356446057,460.95307905024447,-0.37407584042262504,-0.006575394991780531,6.732387000738527,30.0
790,26.3333333333338,track,1,313.299207826501,250.43634474698064,313.2831442960355,250.41215536285813,1,0.029037274583574083,12.39068722259486,3.1683681709117395,1351.9929943305176,-0.6527648688286638,0.3509566506661227,5.67426800080284,30.0
791,26.366666666667136,track,1,321.768265873529,228.97103323419114,321.78039167340285,228.9723560719924,1,0.01219774251363557,11.170439790520556,1.3311042094680974,1218.7893192275799,-0.21977797182705094,-0.7304171761429256,7.59311099864135,30.0
792,26.40000000000047,track,1,321.8053494391717,249.50332182916307,321.81443842135513,249.5075541560841,1,0.010026075418470918,9.679141119735867,1.0940841173352942,1056.0779984527749,-0.19697606474499407,0.3335095183260067,4.753639999762527,30.0
793,26.433333333333806,track,1,316.25253352882834,236.1366164992022,316.2402609483006,236.1289144483069,1,0.01448923120126895,5.3963822219520985,1.5810922507446545,588.8392537411055,-0.4678640033788788,-0.326205242064998,4.760316000101739,30.0
794,26.46666666666714,track,1,312.00414597279206,232.32338587778017,312.00358343578546,232.30399029011278,1,0.019403743681238296,11.098254066434192,2.1171017688718616,1211.0195524466017,-0.6937431892562482,-0.5368791458366623,6.767233000573469,30.0
795,26.500000000000476,track,1,323.19132619903814,251.52168450240458,323.1798574205088,251.54860601916448,1,0.02926262027925887,11.978388631224448,3.192868976348942,1306.9537371210638,-0.1257041055061181,0.4475084667041672,5.204544999287464,30.0
796,26.53333333333381,track,1,332.69330397616886,232.0911798989768,332.7111065019999,232.08679244751784,1,0.018335202651437572,14.97301179702483,2.0008476367291346,1633.8833434705018,0.39960412087501845,-0.5370651277392458,5.563602000620449,30.0
797,26.566666666667146,track,1,321.77234510412626,248.75578838442635,321.7859919254106,248.76815677725767,1,0.018417732553073714,8.948203195513695,2.009716664135216,976.3272179870909,-0.10924374574718934,0.3144397418516036,6.661436000285903,30.0
798,26.60000000000048,track,1,315.2401552728057,253.2608583135648,315.226512666746,253.24738114725733,1,0.019176931761348586,14.08116786994053,2.092542163765959,1536.3983396812162,-0.4302200534013042,0.5923379741378776,5.34348799919826,30.0
799,26.633333333333816,track,1,309.16130283055446,223.79320149928913,309.1516896686762,223.80235110371927,1,0.013271327835803079,19.49486257483982,1.448139834633273,2127.159493975312,-0.7571619077959469,-0.8977194033340647,6.013714000800974,30.0
800,26.66666666666715,track,1,327.84665198808443,249.6933039761689,327.85533413967255,249.7092633688469,1,0.018168158157889584,12.48903797782429,1.982368391630622,1362.7490418341695,0.19220689801128873,0.46022614801506867,6.082300998969004,30.0
801,26.700000000000486,track,1,319.5049846791248,241.38116611281345,319.5112338982792,241.3617317822616,1,0.020414356321937093,1.4467915361283559,2.2274067784593234,157.85974231682243,-0.1907415349409807,0.06503451797053156,5.7716760002222145,30.0
802,26.73333333333382,track,1,312.67243985660605,226.97512201442578,312.69166603240956,226.97781843586336,1,0.019414338118939375,14.932814807368922,2.1186252192683526,1629.3576017270254,-0.5683290673504651,-0.6849222730775647,5.725678000089829,30.0
803,26.766666666667156,track,1,316.2449509146737,248.39026077931064,316.23288209035036,248.36885748802774,1,0.024571475297357356,9.177633300591232,2.6810578641802905,1001.3829365674027,-0.40387717298381676,0.39104158863600824,5.061245999968378,30.0
804,26.80000000000049,track,1,331.5133183429906,231.77583672057426,331.5299773429674,231.79018895392414,1,0.021988835402469514,14.15419990467886,2.399399807981201,1544.5175058624334,0.38998312194289986,-0.47064113987971745,5.130880001161131,30.0
805,26.833333333333826,track,1,324.8793917601698,229.47411514967726,324.88550998241453,229.44559853703026,1,0.0291655591459252,11.630287959883441,3.182215929167035,1268.9966662198494,0.09403520313751243,-0.6267498716629495,6.724175998897408,30.0
806,26.86666666666716,track,1,326.42376768944473,250.5845414809365,326.3985364203004,250.60876492736793,1,0.034977025311626296,12.388993567116836,3.816622934619643,1351.8016758668255,0.20485991910775617,0.43892982725268553,5.712265001420747,30.0
807,26.900000000000496,track,1,319.48835098335854,228.20747784741732,319.4747731315347,228.19437646732672,1,0.01886807410493642,11.817301310306302,2.0588448895900386,1289.3619269977946,-0.12445452248685776,-0.718862241428263,6.5759129993239185,30.0
808,26.93333333333383,track,1,331.90878071956115,240.49168574266832,331.91480454033194,240.48331541516404,1,0.010312555415974808,11.924603181022414,1.1252493823273413,1301.29988227236,0.537589594347715,-0.1400264308420123,5.603037998298532,30.0
809,26.966666666667166,track,1,329.0177134341069,248.89916968277623,329.04871060238384,248.93327229010242,1,0.04608483771950657,12.715444049454405,5.028619595589821,1387.4807788754295,0.4439169856612845,0.32638632292983194,5.5251119993044995,30.0
810,27.0000000000005,track,1,316.79308280962766,221.56735496558505,316.83797081650755,221.62164285628342,1,0.0704422333414129,18.648389739043324,7.686338560385152,2034.6962229981468,-0.15253318742668842,-1.0781006249689482,17.14867500049877,30.0
811,27.033333333333836,track,1,304.03090792015456,248.18750804893753,304.03784124177855,248.18976524819186,1,0.007291494854653201,17.94053419057406,0.795686073080446,1957.7289168503964,-0.830789808223329,0.2940765099270576,5.727243000364979,30.0
812,27.06666666666717,track,1,319.1217279174726,237.69877498388138,319.12193216543074,237.72139113876415,1,0.022617077152227393,2.4419380550308207,2.4677040716795466,266.4411120925601,-0.10013609941958194,-0.22779541948484072,5.1145279994671,30.0
813,27.100000000000506,track,1,328.24736955121324,226.8124114236633,328.24075675074914,226.82938708062193,1,0.018218179358959932,15.536251687492262,1.987790177965489,1695.212622834365,0.3740279048422341,-0.8115431103699238,5.06354199933412,30.0
814,27.13333333333384,track,1,323.1997511690763,247.82084173495218,323.19095091947634,247.831844090392,1,0.014088868593531801,8.456946826527581,1.5373141920814173,922.7437048805276,0.1401106951060077,0.23977146163244956,8.96891400043387,30.0
815,27.166666666667176,track,1,316.39698470816285,235.7725608442817,316.37502133930343,235.78280503278597,1,0.02423495347149687,5.561043398679857,2.6446130605311557,606.8001241755046,-0.20561726607557623,-0.3818152776809648,7.220719000542886,30.0
816,27.20000000000051,track,1,322.37634084349287,234.5180286908198,322.3537667314258,234.53281000972197,1,0.026982919117537765,5.952342750192002,2.944417814258615,649.4662167908494,0.09344309323117067,-0.4638745251485405,5.63551999948686,30.0
817,27.233333333333846,track,1,330.9218341547032,247.85601028497965,330.9220427828002,247.85801127509512,1,0.002011836754083253,13.455086761104136,0.2195075762531129,1468.2286256938814,0.5518557666347622,0.21799523951569874,5.52853800036246,30.0
818,27.26666666666718,track,1,332.13882788614734,220.49407914567456,332.12370325614665,220.47568369752548,1,0.02381484716018669,22.982234611155054,2.598567831938741,2507.6646175746946,0.661572698741696,-1.1894733150244252,6.3994840002123965,30.0
819,27.300000000000516,track,1,316.1719687486511,238.47489964173178,316.1518823925501,238.4380593337953,1,0.041960338300258825,4.1530311539296285,4.578394653026322,453.1980859068183,-0.12667323284869753,-0.2743830982432814,5.850742998518399,30.0
820,27.33333333333385,track,1,302.73543844676766,239.78459569020697,302.70937559405934,239.7567358700469,1,0.038150253873956576,17.29233557921638,4.162832599311147,1887.065395961583,-0.8489795513069971,-0.20191965817605895,4.912910999337328,30.0
821,27.366666666667186,track,1,321.0520695962905,225.1500829540137,321.00653467377265,225.1022275709297,1,0.0660572998148003,14.931735846775277,7.207975320128087,1629.1718072843055,0.041047436146846236,-0.9845355574076556,5.444174999865936,30.0
822,27.40000000000052,track,1,318.68150286526776,248.66495755956743,318.6759961365167,248.65812059371297,1,0.008778847511658625,8.758769231221661,0.9579089234012536,955.6554423124442,-0.09210753536712171,0.1941876709818624,4.731048000394367,30.0
823,27.433333333333856,track,1,314.68462367910286,235.88751347854216,314.6894987289445,235.88225090344326,1,0.007173618865679908,6.719916768240206,0.7827633108153734,733.2780019332715,-0.31554257352918347,-0.4696998343943878,4.768965000039316,30.0
824,27.46666666666719,track,1,307.08259840825986,225.86371262637127,307.07932773621974,225.87007981801435,1,0.007158102053875574,19.146759937318535,0.7810333255318219,2089.2309123104446,-0.746383287331783,-1.0099856385033337,5.701763999240939,30.0
825,27.500000000000526,track,1,320.74746647117166,254.05381862089786,320.76152546901267,254.05209213140847,1,0.01416461034587036,14.072711689988779,1.5457412525698364,1535.4451118768702,-0.08942472893453478,0.42196508093000273,5.445968999993056,30.0
826,27.53333333333386,track,1,327.85918288105614,229.72664912205013,327.86539009533317,229.74059483510814,1,0.0152647444058911,12.927480639675114,1.6655527618982493,1410.583541359481,0.27882061586369183,-0.844485282415573,4.973147999407956,30.0
827,27.566666666667196,track,1,328.57623231055527,238.7257973774181,328.6003982791367,238.74205389931512,1,0.02912505007149134,8.691908820967104,3.1781629151628916,948.5216354595258,0.34413109498704436,-0.40282325916039396,6.677295999907074,30.0
828,27.60000000000053,track,1,310.61392432432433,253.1868108108108,310.63506440203287,253.17795893161656,1,0.02291852200279616,16.166651488711093,2.5009658034940245,1764.0145251639797,-0.5678569150821109,0.3634172010387351,5.55163599892694,30.0
829,27.633333333333866,track,1,315.29079579384654,224.58042321173568,315.2736190986029,224.60227392803745,1,0.02779375221866705,16.10678877406314,3.0327206122903387,1757.4047112865912,-0.35384984298177924,-1.0781252428115176,5.739345000620233,30.0
830,27.6666666666672,track,1,319.48835098335854,247.58504430516533,319.4745850984368,247.60645383241763,1,0.025453240360418704,7.624578724328674,2.7772950504309795,831.9030958000375,-0.15432138904761553,0.1322080587265651,7.081696001478122,30.0
831,27.700000000000536,track,1,316.30669602383114,239.79691749773346,316.2890567133891,239.80649570669448,1,0.020072054199120008,3.715984928383104,2.190322215860444,405.5155733216675,-0.3261494419360085,-0.22638145999532955,5.913126000450575,30.0
832,27.73333333333387,track,1,302.453124323388,221.6591174814879,302.4260511215373,221.67894209785482,1,0.03355553117662777,25.387099909926253,3.6615865538418446,2770.164773467659,-1.0736137375224342,-1.182148458723703,5.451891000120668,30.0
833,27.766666666667206,track,1,309.4950153208752,255.6726943161711,309.4912919925621,255.68895386162853,1,0.01668040743537292,18.883225817055163,1.8199748992173266,2060.4216613085637,-0.7792694806347187,0.5534520802804199,4.364497999631567,30.0
834,27.80000000000054,track,1,322.71325916626984,236.56365525301936,322.72908024116896,236.59000677731774,1,0.030736122784300574,4.367600341317617,3.3537146401997457,476.5732110857666,-0.13255885852176977,-0.44359696990625097,6.905702999574714,30.0
835,27.833333333333876,track,1,325.5133183429906,238.5558246129897,325.5298349906577,238.57913219219722,1,0.028566464581290207,5.709460600718138,3.1170145805169236,623.0516781483767,0.02242051225322156,-0.3404085205648836,7.730990000709426,30.0
836,27.86666666666721,track,1,316.34468140329625,256.40282043517755,316.32701523135734,256.3815602464033,1,0.027642164489995347,16.78827963840315,3.016193533095464,1831.749265226817,-0.43671120537754216,0.6061306891549425,6.079614000555011,30.0
837,27.900000000000546,track,1,309.74746647117166,232.16559575660875,309.76116630809724,232.1587969886732,1,0.015294076540576112,12.896440595578435,1.6689422811185632,1407.2616861939896,-0.7955039361712053,-0.5993323981398759,6.020253000315279,30.0
838,27.93333333333388,track,1,328.4783154975954,237.1164594255015,328.4493175617197,237.10943556024108,1,0.02983647043887196,8.930080069024209,3.2559418566165976,974.4980046123007,0.15360600315407164,-0.3358646464244528,5.68400600059249,30.0
839,27.966666666667216,track,1,326.0,248.59299156391953,325.9993698760843,248.61664793181967,1,0.023664758574220478,10.49947905807712,2.582012172080761,1145.6432296618993,0.05483730558263328,0.26734686893478665,5.602665998594603,30.0
840,28.00000000000055,track,1,312.5049846791248,230.360450563204,312.5087926328172,230.3409900258814,1,0.019829599698625227,12.223529011633941,2.1635795269341584,1333.7731540898515,-0.6211015430274728,-0.648756710582103,16.986548000204493,30.0
841,28.033333333333886,track,1,302.9092276614948,250.92573172304122,302.91436016105854,250.92959672487632,1,0.006425012914925793,20.282385788522284,0.701097959402291,2213.24626672405,-1.1474684303657745,0.4109974545352919,5.84279500071716,30.0
842,28.06666666666722,track,1,313.1407928223267,239.73497821679678,313.1319966051856,239.74720427285638,1,0.015061536534053578,6.872654240600534,1.6434332807558438,749.9945994337495,-0.6724944380722365,-0.12393782381567421,5.409261999375303,30.0
843,28.100000000000556,track,1,319.69245421879737,219.44053855145245,319.70913985834613,219.41490908787614,1,0.03058234736511804,20.58714568565558,3.336941360938856,2246.2187280235294,-0.3358509523763674,-1.2000156788980072,5.902993001654977,30.0
844,28.13333333333389,track,1,321.9916980153068,254.38189129588793,321.9911516128427,254.3589284518216,1,0.02296934398859848,14.496327501469409,2.506133347401536,1581.6693826355943,-0.22573407994743622,0.5796387347591898,6.527974001073744,30.0
845,28.166666666667226,track,1,307.0579735150757,237.73497821679678,307.05478589516633,237.75006175523504,1,0.015416680982135604,13.139284239456902,1.6820943842680278,1433.8475325948177,-0.99709111981399,-0.2938485295888059,5.9636400001181755,30.0
846,28.20000000000056,track,1,314.56784833138556,236.22023113881315,314.59388054946885,236.20899498059634,1,0.028353617578871098,6.602866541931235,3.094069303312355,720.5113451633588,-0.6470815223383938,-0.3783582713800684,6.740045999322319,30.0
847,28.233333333333896,track,1,330.7800544676436,254.3693424977305,330.7921009280533,254.34942784936698,1,0.02327467352822991,17.95481890873526,2.5395686314063917,1959.1378313735208,0.19183802232404068,0.5664078115288222,5.792904999907478,30.0
848,28.26666666666723,track,1,324.4200129954516,225.46991552956464,324.3941398976169,225.44323027401947,1,0.037168804864751985,15.205525650073795,4.0557566969865855,1659.0677042145091,-0.08892112493091145,-0.9021807346191358,6.78784999945492,30.0
849,28.300000000000566,track,1,306.8505125654224,247.60136684112635,306.85807951811034,247.62471919672043,1,0.024547734819622576,15.193630796526154,2.6783958197952384,1657.9657577238106,-0.9823936571771101,0.2508960828393165,6.674316000498948,30.0
850,28.3333333333339,track,1,311.22370862641867,247.28584991153497,311.2133951090748,247.26910280018956,1,0.01966810561335908,11.403695937236956,2.146051016926024,1244.3652210301732,-0.7884853677864738,0.26730317594608577,6.434827000703081,30.0
851,28.366666666667236,track,1,319.10786050732463,220.35262088933064,319.10195806916977,220.33172852531652,1,0.021710127827130082,19.68876283851723,2.36876926398564,2148.199154680029,-0.4000207688487556,-1.1189108244927697,6.293312000707374,30.0
852,28.40000000000057,track,1,321.4195767882643,247.72582110865898,321.3956232072858,247.74110932565554,1,0.02841660818303839,7.865909847466209,3.1008698551635585,858.238336143854,-0.27291394313443096,0.2881006066890017,6.186286000229302,30.0
853,28.433333333333906,track,1,317.87131367292227,233.48668165700943,317.8770409426272,233.46999449218742,1,0.017642649689598607,6.866434816652941,1.9249895230120337,749.1956081610775,-0.44343540990038,-0.4352153377561334,8.798379998552264,30.0
854,28.46666666666724,track,1,315.4866816570094,225.47738476174004,315.4702214477861,225.45249153523196,1,0.029843109986343732,15.236433187087941,3.2562897282167422,1662.441445848225,-0.5663879558167153,-0.8866951175533249,6.904158999532228,30.0
855,28.500000000000576,track,1,319.3653189189189,254.61392432432433,319.34357866465416,254.63410634294382,1,0.02966399384864762,14.648821025123008,3.236882098159575,1598.3028698308626,-0.3694504212666702,0.5844396458990984,5.482909000420477,30.0
856,28.53333333333391,track,1,333.68073251846414,241.32756014339395,333.69641334594553,241.3116968978868,1,0.02230540088232379,13.75908017619349,2.433907840151897,1501.489156317905,0.3941867121383622,-0.10989875262135015,5.9631630010699155,30.0
857,28.566666666667246,track,1,325.5216845024046,239.6589402538885,325.5479599018522,239.67686063704286,1,0.03180466551517245,5.557362514759346,3.4705637148593667,606.4601092039783,0.03541983945758387,-0.17206368236946706,6.197686001542024,30.0
858,28.60000000000058,track,1,315.83416108831784,254.32338587778017,315.8435238872569,254.3068329493301,1,0.01901739846156403,14.898381211253845,2.0750345137375876,1625.5537388826958,-0.43460877781990714,0.5864931445155969,6.64604700068594,30.0
859,28.633333333333916,track,1,331.33173513023195,224.0456135804069,331.3136781903911,224.042865424424,1,0.018264868948947376,19.560916595568166,1.9931842648638032,2134.376316268597,0.38200278023599343,-0.9451549917829252,5.5041779996827245,30.0
860,28.66666666666725,track,1,319.93346905184734,246.53428336293152,319.93892391616123,246.56099423328624,1,0.027262174157421493,6.561278504775753,2.974541165393959,715.8879067314824,-0.15252046945708853,0.23524458882521643,5.702577000192832,30.0
861,28.700000000000585,track,1,317.57623231055527,247.70086986627427,317.6006660646908,247.71616327470815,1,0.028825278536062066,8.080592739092912,3.1454691492254234,881.6709577534283,-0.26433990672157337,0.32524840510269176,6.002915999488323,30.0
862,28.73333333333392,track,1,311.8587196467991,223.56784833138553,311.86644642183774,223.592294563608,1,0.025638278459601423,18.313041568681157,2.7973755763276533,1998.1668793493316,-0.5633257107871126,-0.9115209554971438,6.595156999537721,30.0
863,28.766666666667255,track,1,313.63480741797434,246.6306575022695,313.6531322227572,246.65032426887615,1,0.02688085153211303,9.192907236723633,2.9331569794378285,1003.1044517308845,-0.495317741999453,0.2705717586759496,8.572718999857898,30.0
864,28.80000000000059,track,1,324.5083142573317,231.8673174102708,324.5166946862414,231.87607639020098,1,0.012122347880189229,9.29508825706197,1.3227568610318916,1014.2107797841915,0.05585474990314651,-0.48166414216518744,6.722308999087545,30.0
865,28.833333333333925,track,1,332.29975451139154,226.74779275593264,332.27414021764184,226.75264822641566,1,0.026070436089703084,18.059536181624964,2.8449723774844435,1970.5992698858965,0.48928568541827716,-0.7864619543904932,6.476442998973653,30.0
866,28.86666666666726,track,1,329.02077292595317,254.42376768944476,329.0190074643922,254.40121286938552,1,0.022623809635604026,16.992275531903225,2.4684338565586135,1854.084050567342,0.37452111127166277,0.6137922853811776,7.669601000088733,30.0
867,28.900000000000595,track,1,320.5591560888966,233.47411514967726,320.58618291545304,233.44580410831009,1,0.039140317027403004,6.580356692232875,4.270882233504789,717.9704906461711,-0.02437709530281478,-0.47889623869411213,5.6171930009440985,30.0
868,28.93333333333393,track,1,330.03743014339557,247.47411514967726,330.0340538136313,247.44849286220892,1,0.025843784896703605,12.496490781544491,2.819768510277858,1363.622645220266,0.48719152754458195,0.23417219213959983,5.546550999497413,30.0
869,28.966666666667265,track,1,331.012434159399,252.50664882134532,331.01277856373963,252.51369545434045,1,0.00705504435973771,16.669549052627186,0.7697601010791278,1818.920401502323,0.5890869405292798,0.533513391495626,4.559290999168297,30.0
870,29.0000000000006,track,1,315.12855846904836,225.33591083848114,315.1222880468183,225.31768386650083,1,0.019275391111832543,15.47134386348586,2.1031330858498265,1688.0757170896245,-0.1931131420142513,-0.8404881022703782,13.32549799917615,30.0
871,29.033333333333935,track,1,305.1034438170768,243.77242360243093,305.096724806421,243.78384370245635,1,0.013250048633265081,15.376120598517897,1.4457494495007062,1677.9364989003086,-0.7352804522315692,0.1199769291345876,6.14756599861721,30.0
872,29.06666666666727,track,1,315.67998614658643,238.48166587298152,315.69765614412427,238.45747706948987,1,0.029955417328840966,4.570507591651198,3.2685776298020257,498.75749236318586,-0.24015390811343898,-0.14137888477632726,8.322760000737617,30.0
873,29.100000000000605,track,1,329.85106658047835,221.78073691014868,329.8581995228906,221.79371714703143,1,0.014810989736967397,20.70393279440931,1.6160588714839066,2259.052052704826,0.48331580227809534,-1.0262310824713334,7.679975000428385,30.0
874,29.13333333333394,track,1,320.0620448963764,251.2109526476798,320.05914972346886,251.20159953180382,1,0.009790955150227326,11.201755699920172,1.0682866769165873,1222.2006316419638,-0.00014399559772664472,0.4529818405414046,6.2560580008721445,30.0
875,29.166666666667275,track,1,312.64737911066936,227.08296962101898,312.6685671091652,227.08024063949188,1,0.021363019927806842,14.854968534677253,2.3312806542969375,1620.8647777379513,-0.39124631791826825,-0.8224433902923396,6.215732999407919,30.0
876,29.20000000000061,track,1,321.93766503614563,236.43634474698064,321.9403912676055,236.4128412651371,1,0.023661064995939087,4.078336187773492,2.581617254863107,444.9970116387846,0.06268370126342951,-0.3825831975230783,6.814402999225422,30.0
877,29.233333333333945,track,1,333.0538418395962,251.27335087794987,333.05133299547197,251.25756674814784,1,0.015982273068841122,17.235721686303105,1.7437967066433444,1880.744732073313,0.6506106097182134,0.38358122420237484,6.610290000025998,30.0
878,29.26666666666728,track,1,328.40282043517755,224.0166111519661,328.3815011766999,224.01377707856386,1,0.0215068071569565,18.050176876387436,2.3469697105665035,1969.4917710611705,0.4567109382255582,-1.0054003881378464,5.451398999866797,30.0
879,29.300000000000615,track,1,317.3484422935661,239.0622218381368,317.33065992123943,239.0584738291659,1,0.018173066246796984,2.830520797740762,1.9831643746232765,308.8813039892896,-0.09059866475523842,-0.2317533880034344,7.233251000798191,30.0
880,29.33333333333395,track,1,304.48837108953614,244.48466019417475,304.47339571587554,244.46852630273088,1,0.022012820568872053,16.156830379563615,2.401968115042355,1763.1271683429434,-0.7800515869576375,0.049557744089390454,6.212659998709569,30.0
881,29.366666666667285,track,1,323.8388499117634,222.02066026772263,323.84715404466897,222.01777475344056,1,0.008791178304702793,18.38915493059462,0.9593376523323786,2006.4169579736752,0.17075248291785433,-1.114871401940552,6.95203500072239,30.0
882,29.40000000000062,track,1,315.77992127687185,247.60136684112635,315.79395709619985,247.6236606111977,1,0.026344191166217102,8.706951132476558,2.8745056555167525,950.0372110887648,-0.25544882456451756,0.18678275482293769,6.590450000658166,30.0
883,29.433333333333955,track,1,313.15768316403717,235.36516101145452,313.14979623708336,235.3459580255651,1,0.02075953476944823,8.281630171245222,2.2650880195655825,903.7018294028433,-0.41803424034125125,-0.43792671520000126,5.101591999846278,30.0
884,29.46666666666729,track,1,310.8264089206527,225.9710681534421,310.8340940631547,225.97432455000444,1,0.008346588156079566,16.755100819502832,0.9108142875565844,1828.2108855158838,-0.5775957595355532,-0.9497410606415719,5.414006998762488,30.0
885,29.500000000000625,track,1,321.48835098335854,251.4440025934731,321.47257436446466,251.42109366473846,1,0.027815835768342997,11.515635273731432,3.0350996788509628,1256.451000687562,-0.06299155360350382,0.33661184293703467,6.176410999614745,30.0
886,29.53333333333396,track,1,330.0248393634913,231.50166026995558,330.0222573616293,231.5006718389484,1,0.002764729547629523,13.140936869644305,0.30170052373259304,1433.928722438129,0.3849640117470581,-0.7009422043311013,6.3641750002716435,30.0
887,29.566666666667295,track,1,326.50998098859316,237.93778085032838,326.5198875989231,237.94302041550327,1,0.011206871617510923,6.836673117359616,1.2229287909697826,746.0562510189685,0.23792313512715835,-0.39047903815790225,5.823082999995677,30.0
888,29.60000000000063,track,1,311.91323434473856,246.15700451904456,311.91863684684904,246.1507117326271,1,0.008293744024851231,10.155771030846577,0.9049810579515686,1108.2002254038778,-0.5035573079490685,0.04014843991652001,5.3829810003662715,30.0
889,29.633333333333965,track,1,320.1280716099324,229.15285966346775,320.12277026102515,229.14672214577035,1,0.00811008161009729,10.853972209200824,0.8849410938828518,1184.2547440843437,-0.10934529263498305,-0.8230610872203099,6.162745999972685,30.0
890,29.6666666666673,track,1,318.9255846001464,249.18603849963395,318.9302501398529,249.17815753064883,1,0.009158435068130282,9.240288979284719,0.9993037679427709,1008.1915713488106,-0.16599069823481713,0.19913104051784203,7.886883999162819,30.0
891,29.700000000000635,track,1,318.84299548095544,242.8925758553906,318.85038818570547,242.89948945680635,1,0.010121757162526342,3.11907781783282,1.1044694181600467,340.32456975505033,-0.17412850390525686,-0.09845765813690469,9.13306600159558,30.0
892,29.73333333333397,track,1,300.2733508779499,223.05384183959617,300.26031879062566,223.0510070277926,1,0.013336845878549452,26.017751190671003,1.4553932890623136,2839.0278664778666,-1.157621608718772,-1.1208171838194456,6.534473999636248,30.0
893,29.766666666667305,track,1,297.85273957839377,252.25003233176704,297.86326815292,252.2381137751256,1,0.015902920296898368,25.294393166123697,1.7352586687070954,2760.189618033044,-1.3581702413309829,0.37283536498756426,5.745274998844252,30.0
894,29.80000000000064,track,1,321.55071593929523,239.4578153133842,321.60045716079776,239.47026881029274,1,0.051276492682461795,1.6858464511625897,5.595611742984553,183.96881717014523,-0.20951253016585986,-0.2803850743897723,5.97098999969603,30.0
895,29.833333333333975,track,1,325.32137191854235,239.07031082529474,325.31757432983477,239.10018903721289,1,0.03011858607932276,5.393167577784838,3.2861875572879837,588.5394007874794,-0.037974363607118644,-0.2911976499658458,5.6349999995291,30.0
896,29.86666666666731,track,1,321.45198325348525,245.72635849626656,321.43606938851053,245.75055959458655,1,0.02896453449181517,5.927160444893357,3.160431276693608,646.7073203621139,-0.22144510065292444,0.06716559524733648,6.175386999530019,30.0
897,29.900000000000645,track,1,306.05177546705784,226.51434611899728,306.05360810110324,226.55033352970077,1,0.03603404330193324,19.375122584383945,3.9315909497342605,2114.172592774732,-1.0243598633153257,-0.9108962111346434,5.892631999813602,30.0
898,29.93333333333398,track,1,324.6904424093899,241.26415581065393,324.70973879845405,241.2555352212289,1,0.02113445511362718,4.874218731387603,2.306279510268889,531.9045167302504,-0.09582831489050764,-0.16837244171194166,6.797056999857887,30.0
899,29.966666666667315,track,1,332.12131077318486,249.12542300278432,332.116263088041,249.12147150683313,1,0.0064104169570733905,15.16591816108059,0.6995030022860407,1654.9093640818298,0.31248914523101523,0.2576356199811297,7.423931001540041,30.0
900,30.00000000000065,track,1,317.7442529970352,229.27637176126842,317.7556946626389,229.26445468265365,1,0.01652054703992808,10.967626895008081,1.8026759762067808,1196.6642451487965,-0.3846642429566042,-0.7429871142541977,24.14512600080343,30.0
901,30.033333333333985,track,1,300.3511338697879,244.78725418477558,300.3275642553176,244.79779725771664,1,0.025820207460771915,20.249039153866306,2.8175952083529,2209.6994435637557,-1.2980088482664003,0.051545614356867164,6.160930999612901,30.0
902,30.06666666666732,track,1,311.0430971824362,239.01026123391338,311.0365339338857,239.00258378153808,1,0.010100470608372889,9.01878944377975,1.1021241287552586,984.1946278450588,-0.8003632386095296,-0.2275327022757171,5.806046001453069,30.0
903,30.100000000000655,track,1,322.5883645765999,224.2027149321267,322.60436885981903,224.18316932068024,1,0.025261987415385916,16.029811910819976,2.7564744118471136,1748.9872481025625,-0.224003693802121,-1.0065680631128862,5.2353989995026495,30.0
904,30.13333333333399,track,1,316.64643549429246,250.77049321559338,316.65677983065575,250.77124894664848,1,0.010371905525240779,11.278161418040897,1.131857162159979,1230.556314503606,-0.5204191780884931,0.3316464234034008,5.845796998983133,30.0
905,30.166666666667325,track,1,315.3458370673836,237.84193231767165,315.294188923456,237.81034740239988,1,0.0605403802754479,5.190302147881312,6.606292866650353,566.3862243988999,-0.5943562471356685,-0.3436002694291065,5.020165001042187,30.0
906,30.20000000000066,track,1,317.3930187459599,238.3475113122172,317.347707883971,238.30609159663527,1,0.061389470213276294,3.1470588090690734,6.698730720052439,343.41266156119644,-0.4967744192212828,-0.3203007444451831,5.450104999908945,30.0
907,30.233333333333995,track,1,331.23682509587627,249.70215883138707,331.2092881700703,249.7019891800801,1,0.02753744840049192,14.824868813249884,3.005084039373759,1617.6748873300403,0.23215912409160677,0.27669004735684183,7.644078999874182,30.0
908,30.26666666666733,track,1,324.26803501358285,232.15626751757148,324.2509933153251,232.14382205029096,1,0.021102349047873427,8.932551491283618,2.302701098610654,974.6518238464887,-0.07544723883862814,-0.6017945400732068,11.44719200055988,30.0
909,30.300000000000665,track,1,319.68496049052203,240.73470357096593,319.70012035272384,240.74952754147034,1,0.021203101742281523,0.8072913589733566,2.3136384197223627,88.08411165484272,-0.26594259195006076,-0.17176939216672954,6.305490000158898,30.0
910,30.333333333334,track,1,309.31539359356765,251.6306575022695,309.2992928485737,251.65160764401867,1,0.026422384992096044,15.81976909536735,2.883075539270818,1726.2021677296564,-0.812608764122127,0.41068104995373683,5.71121200118796,30.0
911,30.366666666667335,track,1,318.3400872683285,228.83410377154706,318.32285923254267,228.84263115283875,1,0.019222940688960022,11.282716018116904,2.0976745143423963,1231.03886761887,-0.36734191742084454,-0.7364380879526496,6.156770999950822,30.0
912,30.40000000000067,track,1,321.07837408155376,249.00824990332143,321.0734891760919,249.00699989211466,1,0.005042303976170975,9.07074561807022,0.5502472311044166,989.6931136919708,-0.2189235555149564,0.31253225729279227,6.735717999617918,30.0
913,30.433333333334005,track,1,315.2192630898513,240.1820297349709,315.2096853428627,240.17339826154466,1,0.012893237409041056,4.793451936912588,1.4068931604106722,523.0967998701656,-0.5124516493899586,-0.12060632271303315,4.995227000108571,30.0
914,30.46666666666734,track,1,308.0247859202203,229.85128447867808,308.0238364533798,229.8592916322957,1,0.008063249738013444,15.692751813949746,0.8797655908262204,1712.3804952116539,-0.9016085743304167,-0.650287161434715,6.163586998809478,30.0
915,30.500000000000675,track,1,319.4143109921885,254.49501532087524,319.3938455191742,254.49170739585566,1,0.020731086648685348,14.50437887335141,2.262316570457914,1582.5430352512865,-0.3436862662897685,0.6101188839833376,5.658136999045382,30.0
916,30.53333333333401,track,1,334.186327366832,232.2608583135648,334.1761327633467,232.24752565518884,1,0.01678361461643887,16.15746262848801,1.8313439467702266,1763.1479853393819,0.43871253163100277,-0.533243208762192,7.787186999848927,30.0
917,30.566666666667345,track,1,326.99587504833926,246.92162591844627,326.996953142876,246.92719924068,1,0.00567663708117012,9.845986116366413,0.6193699270394638,1074.3719620277677,0.1284252562047857,0.21271510600888266,9.796934999030782,30.0
918,30.60000000000068,track,1,316.0663642255347,247.65573558003888,316.0643564387665,247.67327290745925,1,0.017651885473113534,8.62371192430655,1.9259648698347342,940.9505832834643,-0.4047183652987734,0.28407881118951234,10.853185998712434,30.0
919,30.633333333334015,track,1,320.3727351164797,228.49667817083693,320.35298855772226,228.49553118572476,1,0.019779842203841037,11.509882867367262,2.158519851052324,1255.8199249835998,-0.20011620960288906,-0.6888348250941675,6.741704999512876,30.0
920,30.66666666666735,track,1,330.3192123332038,248.16167897396036,330.303875709297,248.1536533254366,1,0.017309623539647864,13.139707652152865,1.8888782941609876,1433.8030695910948,0.3553791569035155,0.31533466660515347,6.703302999085281,30.0
921,30.700000000000685,track,1,319.14934531783416,247.35262088933064,319.1395511268895,247.33423830834568,1,0.02082895724536309,7.384539513527053,2.272694106892906,805.7141561961439,-0.1788532776684,0.3058919318071067,6.256097998630139,30.0
922,30.73333333333402,track,1,304.61392432432433,226.2822918918919,304.6359224327671,226.26678972202194,1,0.026911596863357718,20.60718185563257,2.936611701519552,2248.626956613898,-0.9373771026046748,-0.7708457715703484,5.77842999882705,30.0
923,30.766666666667355,track,1,313.2192630898513,253.06205559146736,313.2072470820531,253.0583723053328,1,0.012567857421083845,14.719462608022042,1.3714748981183924,1606.0706536106095,-0.5413737180640377,0.6055359143101212,5.608752000625827,30.0
924,30.80000000000069,track,1,330.71415008846503,235.90057394381392,330.7303513203469,235.90416500453148,1,0.016594445804788135,11.485482304551937,1.8108913186423126,1253.3518879040505,0.35422923808169204,-0.2692114990149334,6.904739999299636,30.0
925,30.833333333334025,track,1,335.0,232.8098109307033,335.00019004222236,232.82031115926998,1,0.010501948200162165,16.629901778197308,1.1458444864923631,1814.7159044829796,0.6225700082714074,-0.4475468938004377,8.586829999330803,30.0
926,30.86666666666736,track,1,323.1993855739691,248.58461338756436,323.18878942997435,248.60791700535538,1,0.02559954823248088,9.17957587254457,2.7931986600813405,1001.5863787207593,0.0707007476730227,0.35317504111653336,10.521234000407276,30.0
927,30.900000000000695,track,1,319.3651610114545,226.688783228874,319.3444710355359,226.7063031045975,1,0.027111273464752506,13.309849562263475,2.9583590221741263,1452.2107585366805,-0.10812229534105307,-0.76740894292485,5.922165999436402,30.0
928,30.93333333333403,track,1,335.71387845017495,239.66826486976805,335.7296549324042,239.68712801130573,1,0.02459096379159739,15.73276622764784,2.683261888597909,1716.8741389681454,0.7597989653691447,-0.10017911795363275,8.246164999945904,30.0
929,30.966666666667365,track,1,330.9916915487472,250.58042321173568,330.9906027825907,250.6057993085135,1,0.02539944289587435,15.273386281278821,2.771277955780964,1666.600608639169,0.5823264461139122,0.4528025546351217,5.97046999973827,30.0
930,31.0000000000007,track,1,316.4950153208752,224.4225972120323,316.49061337404146,224.398443263869,1,0.024551789095732315,15.991384151510177,2.678803940351856,1744.8012167378354,-0.12533447989524252,-0.88490871324589,15.722985999673256,30.0
931,31.033333333334035,track,1,304.9875942278699,240.1984923540814,304.98885021342926,240.1882111643763,1,0.010357623350820439,15.012329644570782,1.130101047013358,1638.2550606418465,-0.7385702319897047,-0.09019429789806843,4.810280999663519,30.0
932,31.06666666666737,track,1,314.25669556216843,236.1987320481304,314.2443087289496,236.18984399761894,1,0.015245690508660934,6.902555379721798,1.6636211885115255,753.2170165342236,-0.3115303159461812,-0.2964108336565196,6.451962000937783,30.0
933,31.100000000000705,track,1,322.9916879518594,224.48166587298152,322.99252056147066,224.45890847056899,1,0.022772628379942435,15.82658223486603,2.4846693650422274,1726.8160985749953,0.11985986736281898,-0.9351825313638162,6.443021999075427,30.0
934,31.13333333333404,track,1,319.896180300212,252.40282043517757,319.9011914406833,252.38227609637374,1,0.021146663701628706,12.382670328254033,2.3072892505973153,1351.0476683958684,-0.031665059373660806,0.46613225407508596,7.655447001525317,30.0
935,31.166666666667375,track,1,313.08317089018846,226.53008447043536,313.07838259816936,226.55821442505885,1,0.028534577052762702,15.11920589515272,3.113359449896765,1649.6863910095453,-0.4019866989424501,-0.8972726548024328,5.577038000410539,30.0
936,31.20000000000071,track,1,321.3777076397596,236.09546456829088,321.35664147029183,236.0920209005235,1,0.021345780466791094,4.136759205085642,2.3293986022733724,451.36215080350246,-6.255416134097469e-05,-0.45048295635817437,6.183972000144422,30.0
937,31.233333333334045,track,1,334.85921932283804,245.7391416864352,334.86570928647893,245.75367504086375,1,0.01591659571032458,15.940329013730064,1.7366754177119654,1739.484697483322,0.709666633479987,0.03897859833465139,6.269523999435478,30.0
938,31.26666666666738,track,1,332.33631763332033,230.39444660698067,332.31716136869295,230.37172033827073,1,0.029722815545475366,15.633816982007032,3.2432319309919158,1705.9611986327334,0.6356921258286488,-0.7463478126072194,6.204937999427784,30.0
939,31.300000000000715,track,1,312.5426789658309,246.85448876185527,312.5704830137338,246.86285724226036,1,0.029036124811659594,10.114174814430667,3.1685877268692275,1103.6428725427966,-0.3547014256986845,0.083696550307655,6.334136000077706,30.0
940,31.33333333333405,track,1,306.5016602699556,244.79714519815428,306.503355459658,244.80620922441994,1,0.009221184320449093,14.326865007992607,1.006109825358961,1563.4210477171864,-0.6906480096677569,0.007096844339255365,5.209705001107068,30.0
941,31.366666666667385,track,1,320.12386564018755,227.05367511074792,320.1188054564377,227.05285700210834,1,0.005125891271596608,12.94768807719488,0.5593721076503011,1412.6955167536819,-0.039777597152588606,-0.901430200798994,5.455365000671009,30.0
942,31.40000000000072,track,1,324.1818886448779,248.1694871463635,324.17252000986605,248.15993707826806,1,0.013378158416363629,9.164851136490238,1.4597900720240942,999.9951564532115,0.1733272659445913,0.17099382635339316,6.320711001535528,30.0
943,31.433333333334055,track,1,310.4983397300444,234.7557462590021,310.4976664621015,234.76970582960735,1,0.013975796979261365,10.846673212294814,1.5248707018596137,1183.6198242147564,-0.5366961985345347,-0.509361562687849,6.570892001036555,30.0
944,31.46666666666739,track,1,314.6475618710318,230.50831425733168,314.66678371238345,230.5185995848003,1,0.021800622607715966,10.878425888144262,2.378948368109843,1186.9735280698594,-0.3633881322776327,-0.7471874900378365,7.640617999641108,30.0
945,31.500000000000725,track,1,319.008258419717,254.87199449438685,319.0061525295,254.87677567345304,1,0.005224408757825774,14.909935856094867,0.5700398720995548,1626.7932289653443,-0.1635257591562614,0.5042241772308478,5.50096500046493,30.0
946,31.53333333333406,track,1,330.6222433624492,226.51331834299057,330.64135628763984,226.5293031206504,1,0.0249162000750119,17.16677424724315,2.718836558935797,1873.1582902899383,0.4380413072581124,-0.9551977666855829,5.796213999929023,30.0
947,31.566666666667395,track,1,318.70476891757266,242.53428336293152,318.72117366333646,242.5589275034356,1,0.02960488717694305,2.860682919720995,3.2303063736371036,312.1344908907224,-0.14919355607321316,-0.14004778257561692,6.557509999765898,30.0
948,31.60000000000073,track,1,314.546875676612,251.18291257090894,314.5726355850527,251.17181844609286,1,0.02804732586733207,12.420378894586788,3.0606423302027883,1355.2079600606903,-0.3737414502319738,0.3341877663687226,6.280835999859846,30.0
949,31.633333333334065,track,1,315.7890473523202,228.1944073419794,315.80129026924465,228.18478667158456,1,0.015570687642642782,12.539076098305868,1.69907167823168,1368.1400179969887,-0.3317241223590458,-0.820972314320597,6.677151999610942,30.0
950,31.6666666666674,track,1,326.59717956482245,247.81727732837305,326.61941935870027,247.8280357741919,1,0.024705314978054654,10.251578255486525,2.695932943744052,1118.6117154098913,0.21910389648181974,0.20116147204089332,7.051529999444028,30.0
951,31.700000000000735,track,1,307.689132593584,235.85078364492034,307.7065367442235,235.8592124489603,1,0.01933776608159019,12.972099304429177,2.1102047616671014,1415.5849467553642,-0.7508172574060602,-0.3888632078532746,5.522699999346514,30.0
952,31.73333333333407,track,1,299.4393402987652,227.50664882134532,299.41516838909433,227.5155575750125,1,0.025761349130818817,24.07481246265833,2.811195960042731,2627.0901819701344,-1.2267212374142487,-0.8373033528856721,6.6652890000113985,30.0
953,31.766666666667405,track,1,311.1160070778128,250.29001769453197,311.110015402106,250.27492998724983,1,0.01623388705168743,13.586979516937472,1.7712875926831466,1482.560003185986,-0.7024401613277362,0.31761064785577403,7.304112001293106,30.0
954,31.80000000000074,track,1,319.4799913382417,233.37418796015592,319.4549475110234,233.35320764540324,1,0.03267058139764145,6.669102699828924,3.5649930144978006,727.6532367377758,-0.3068283260507038,-0.552416833878219,7.6433150006778305,30.0
955,31.833333333334075,track,1,323.85953436329993,238.15285966346775,323.86530103816904,238.14369586126713,1,0.010827271577735933,4.287938568956813,1.1814013792143172,467.9159856724937,-0.08371910484455775,-0.3210740039316967,5.7748029994399985,30.0
956,31.86666666666741,track,1,317.66826486976805,252.19904107813917,317.68624257496367,252.18630030793656,1,0.02203463431637481,12.404006958121457,2.404436209868977,1353.3840187774222,-0.3948844234937438,0.41751430458297434,6.624542998906691,30.0
957,31.900000000000745,track,1,312.63901975191254,230.25310109348663,312.65948986320177,230.23924592069102,1,0.024718237586643318,12.212919768228419,2.6972840744177593,1332.6121299635,-0.6669734396384672,-0.6815596797219848,6.2172409998311196,30.0
958,31.93333333333408,track,1,321.50998098859316,236.26132042862082,321.52257152486413,236.24766575407034,1,0.01857341488984527,4.0494735881968165,2.0266734720910464,441.841067781205,-0.22611113381966907,-0.37619765765861635,8.710248999705072,30.0
959,31.966666666667415,track,1,327.7224834965699,241.01656814945852,327.7383342528078,241.0171663032595,1,0.01586203837100605,7.804898737117947,1.7309813947943251,851.7255656562927,0.11305492152074054,-0.13689966599588632,5.74029800009157,30.0
960,32.000000000000746,track,1,317.69697755869765,225.61810870411207,317.7129352473239,225.64082756025482,1,0.0277631815670931,14.540168442534318,3.029356425925067,1586.454441410796,-0.37415638835285947,-0.9412687675051866,17.87566699931631,30.0
961,32.03333333333408,track,1,298.5426789658308,250.96674028842406,298.568708933175,250.9677378342392,1,0.02604907479341027,24.074706851622818,2.8426498955442616,2627.107315354459,-1.382614417283652,0.3374707289846769,6.675079999695299,30.0
962,32.06666666666741,track,1,316.02472209107685,248.98351860594875,316.02277840963234,248.98426143327742,1,0.002080790714605232,9.825235115780325,0.22706595144185793,1072.0426391964293,-0.5285858222243265,0.24491023601964274,5.749818999902345,30.0
963,32.10000000000074,track,1,324.87613435981245,227.94219603457915,324.8805266287018,227.94543263800438,1,0.0054559717492155685,13.005081101567848,0.5953581579015416,1418.9930529311048,-0.07446001209055214,-0.8199259680441976,5.27739599965571,30.0
964,32.13333333333407,track,1,322.7848924893351,256.9255397078468,322.7964533527279,256.9295329119318,1,0.012231076863928315,17.15894040930748,1.334717519160772,1872.1844364029344,-0.15736666210588374,0.6839128681704032,6.774388000849285,30.0
965,32.1666666666674,track,1,308.5133183429906,232.56412695667214,308.5294202817961,232.58746703989073,1,0.02835545658151626,13.657226803285402,3.0939783419053226,1490.2985751245058,-0.8878434490818434,-0.5589393259105975,5.893425000977004,30.0
966,32.200000000000735,track,1,314.07011212785153,236.95050908622244,314.065304420433,236.95207269470552,1,0.005055583261168659,6.671616931486086,0.5516930815362976,728.029103081473,-0.6324951066829461,-0.3497748434731953,5.5714379996061325,30.0
967,32.233333333334066,track,1,328.75578838442635,255.8882421420256,328.76944779386713,255.89365635443255,1,0.014693303313357636,18.152452366613037,1.6033983451514822,1980.657487579954,0.1254761054860567,0.6420642594357606,6.67824400079553,30.0
968,32.2666666666674,track,1,322.16956016025506,224.7973549304269,322.159320780514,224.80636823283817,1,0.013641279919359116,15.346306151946429,1.4885186616984265,1674.4092013891645,-0.17486403144932366,-0.936772404266168,5.490921001182869,30.0
969,32.30000000000073,track,1,312.07057297297297,243.38607567567567,312.06815002243025,243.3662017406839,1,0.020021088416715183,8.616586228063674,2.1844656937514704,940.2799072595858,-0.6845710912749086,0.03426356006403225,6.445767001423519,30.0
970,32.33333333333406,track,1,307.8880200457943,246.65991273167148,307.89254778808436,246.67863385984356,1,0.019260869406143234,13.827311716225603,2.10153315670918,1508.874925738476,-0.9255206163906498,0.22353042779375407,5.823674000566825,30.0
971,32.36666666666739,track,1,318.73893900807184,227.70164458065352,318.7516258265746,227.71719536068008,1,0.02006943255689985,12.346081478937945,2.189887981727587,1347.0579727789875,-0.39471508105778674,-0.7446113480912981,4.912099999273778,30.0
972,32.40000000000072,track,1,323.5384815280004,246.12473472216206,323.5658356045758,246.11717756821054,1,0.02837879633002434,7.080610493444658,3.0968643739325157,772.585979274611,-0.13924267587966743,0.18905436646013954,7.601135999721009,30.0
973,32.433333333334055,track,1,318.59299156391955,239.18689162881248,318.61683580060253,239.17834703915173,1,0.02532898804658929,1.6088060139636384,2.7640307574067524,175.55668348026697,-0.37565798013840873,-0.15091069142830194,7.170597000367707,30.0
974,32.466666666667386,track,1,302.5891938621137,228.51164901664146,302.61314437292185,228.52503301723755,1,0.027436443645780448,20.832129412336787,2.9939257974976328,2273.2296973736775,-1.2147633789478411,-0.7158573412976927,6.784498998968047,30.0
975,32.50000000000072,track,1,327.7890473523202,252.97518204144944,327.7992258493241,252.9763376479109,1,0.010243887326205332,15.139790705335228,1.1178842199541315,1651.9488225151642,0.05019606326695247,0.5257101585159073,5.387291001170524,30.0
976,32.53333333333405,track,1,337.50866629392283,233.49503247172166,337.51778021619043,233.49077803386194,1,0.010058022698426435,18.68803345211066,1.0975664598647876,2039.3297852862122,0.5687712808577157,-0.4806678333227793,5.3012509997643065,30.0
977,32.56666666666738,track,1,323.3777076397596,239.65964806087595,323.35732922467855,239.67840028176056,1,0.027693421408708216,3.3726971256921914,3.0218645653022933,368.0530726114609,-0.09769879969025527,-0.16260464823392592,6.698810999296256,30.0
978,32.60000000000071,track,1,322.24171371923626,255.09689237532865,322.23314719678274,255.09546145322338,1,0.0086852084038338,15.259747798972677,0.947788241124088,1664.965464067474,-0.12491114181456732,0.6345171881888974,5.6426089995511575,30.0
979,32.63333333333404,track,1,317.48916262500535,225.03227606335037,317.54254928475825,225.0576197481621,1,0.059096851010933996,15.143110367700473,6.448863459743223,1652.240818153821,-0.34871587568593576,-0.8845014178573982,6.013756001266302,30.0
980,32.666666666667375,track,1,326.65915903057294,246.44476320972854,326.7111622863797,246.4532356832633,1,0.052688911758560275,9.310421581102975,5.7497728200254254,1015.9350327649059,0.13976242064700015,0.24092930209779867,6.40973899862729,30.0
981,32.700000000000706,track,1,322.88996680032767,245.4197818307248,322.90266429043436,245.40309447812092,1,0.02096888151369188,6.133423996632189,2.2880214168628346,669.2322145791428,-0.017328763799057012,0.21380980554710732,6.1183140005596215,30.0
982,32.73333333333404,track,1,310.94040840789415,223.8952009931932,310.9476568676746,223.90501790725807,1,0.012202949272428409,18.466005652307224,1.331517625016201,2014.8724259471364,-0.6219726836077232,-0.8965356427015188,6.114254998465185,30.0
983,32.76666666666737,track,1,316.9917889064705,248.04516101441217,316.99534978628003,248.0466616911633,1,0.0038641811201460593,8.589335671566376,0.4216765669892474,937.1854084486497,-0.33069948462996723,0.332206574958332,8.4482799993566,30.0
984,32.8000000000007,track,1,329.99794634835064,233.06777050442818,330.00083354097615,233.06605647541028,1,0.003357644521238792,12.169480034763737,0.36639341605410397,1327.9463575614625,0.3484751703027693,-0.4359726311325897,8.315812998262118,30.0
985,32.83333333333403,track,1,332.2328396651642,227.86400515132001,332.2201345762328,227.86875551212438,1,0.013564114881789316,17.219139986824338,1.4801795972354148,1878.9120633953564,0.5143588366798799,-0.7404615848978211,6.786471998566412,30.0
986,32.86666666666736,track,1,321.85806728090853,248.85395328905076,321.86194312301586,248.85774302182153,1,0.005420721955129987,9.051322756038156,0.591497438365781,987.5788918699651,0.027634581149510354,0.3119081443598239,8.400726999752806,30.0
987,32.900000000000695,track,1,317.6149566567473,231.46202613533444,317.63246772996376,231.43281019902065,1,0.03406183523950141,8.888304120340816,3.716591012839081,969.7970740432553,-0.17869888131281078,-0.5894794105608041,6.918618999407045,30.0
988,32.933333333334026,track,1,324.52395738991675,237.97757364040194,324.540838249093,237.9735367798769,1,0.017356832931924342,4.972500898636174,1.8940873733960673,542.6200456856786,0.18237403238649547,-0.28260134581189045,7.136149000871228,30.0
989,32.96666666666736,track,1,330.08434406205805,244.89096987099816,330.07173520195647,244.88712230194415,1,0.013182835077730047,11.194811940023335,1.4385846729780358,1221.6187823652708,0.49904938592173503,0.07163721268967096,6.605044000025373,30.0
990,33.00000000000069,track,1,316.86279099459506,231.89547601821508,316.83012192050774,231.86226071222632,1,0.04658889302881192,8.733322835818043,5.083661407690781,952.8974768955343,-0.15119755827079487,-0.5932051734536679,15.545098000075086,30.0
991,33.03333333333402,track,1,314.2394117899987,251.60270026228662,314.2058785813456,251.57926713642814,1,0.040909503420026305,12.948021873277579,4.464083023545075,1412.7822146048147,-0.2989203472301633,0.41360856963399895,5.051937001553597,30.0
992,33.06666666666735,track,1,315.4726439167856,237.0242204056918,315.4345050309255,237.01132896273953,1,0.040258712299864594,5.456729687423066,4.393247221072663,595.4469274231448,-0.258746815165901,-0.31801972656657507,6.908717999976943,30.0
993,33.10000000000068,track,1,331.17594549139676,231.72021216956315,331.162594768409,231.72817255730297,1,0.015543795458763682,13.893403154211997,1.696171097978993,1516.0543389768316,0.5462871052786225,-0.6045337808356908,6.547966999278287,30.0
994,33.133333333334015,track,1,320.72248349656985,252.0,320.7370364733215,252.0019318651041,1,0.014680641508951523,12.024541207780333,1.6020539466724666,1311.9738443722977,0.037809459768559324,0.43430835275602336,7.524639999246574,30.0
995,33.166666666667346,track,1,315.7890473523202,234.04136326425095,315.8008455139923,234.0405919772054,1,0.011823345657923227,7.290229240531983,1.2902495302118522,795.4691329418662,-0.22146141943490488,-0.47450631658346,5.5543510006828,30.0
996,33.20000000000068,track,1,322.27335087794984,236.08283359937874,322.2606493378307,236.07651984561858,1,0.014184238010601636,4.52815988569964,1.547834378743823,494.080352626317,0.0989981986767883,-0.384903054739539,6.014912998580257,30.0
997,33.23333333333401,track,1,326.27335087794984,254.84675784114933,326.2581225316608,254.85380632614647,1,0.016780455043132095,16.118302019628157,1.8311472459239875,1758.6811258997222,0.31437280231788817,0.5932113949496435,6.365523999193101,30.0
998,33.26666666666734,track,1,327.70953101361573,228.51164901664146,327.72411951182653,228.5252367183707,1,0.01993614602498539,13.832288841779121,2.175397700480041,1509.2959892784304,0.4126586821686808,-0.7386222922407347,6.34329400054412,30.0
999,33.30000000000067,track,1,318.2866167625806,242.41538661243564,318.268747903463,242.39134730841533,1,0.029953034302800937,2.9522492732201644,3.268322470408867,322.13371671111395,-0.05381343353298275,-0.017222524579689757,6.447920999562484,30.0
1000,33.333333333334004,track,1,307.7765806145757,248.9172520794725,307.78911588183996,248.92293063761053,1,0.013761502385753114,15.123636537246648,1.5017090471185826,1650.2995902675557,-0.6172203887352593,0.3403717808360708,5.116946000271128,30.0
1001,33.366666666667335,track,1,318.58461338756433,220.63030591493228,318.6097410264988,220.64973162179172,1,0.03176092450495665,19.40014706959945,3.4657455685944654,2116.7101448174044,-0.10407636323644019,-1.1080467158461251,6.7711150004470255,30.0
1002,33.40000000000067,track,1,324.14469661082643,240.18603849963395,324.13717577121884,240.1770548155846,1,0.01171621131175855,4.140962662193643,1.2784259243813398,451.8923305294797,0.17450788471537,-0.11406190909038985,6.595639000806841,30.0
1003,33.433333333334,track,1,308.2156464642101,230.33591083848114,308.2054164335884,230.3185958459187,1,0.020111252918652442,15.259154232778712,2.1943939451994385,1665.0712130319737,-0.6557954966339061,-0.625146425315743,6.734204998792848,30.0
1004,33.46666666666733,track,1,313.49667817083696,223.84262295081967,313.4934038198812,223.84930682233494,1,0.00744281617493553,17.41208442347478,0.8120966595171779,1899.8427036148278,-0.4343970985977488,-1.0101547554945602,6.167482000819291,30.0
1005,33.50000000000066,track,1,322.7754775001083,244.46151847199965,322.7868409960329,244.4348289224356,1,0.029007948834066436,5.2377657744921,3.165085139998818,571.5108852336623,0.017600064065794258,0.004463863319483563,5.315525999321835,30.0
1006,33.53333333333399,track,1,325.51164901664146,226.64728765939054,325.5269435876221,226.66711219410763,1,0.025038691623784325,14.433052437557015,2.73209873470689,1574.8013365253169,0.16496415489726546,-0.9363474899250768,8.100611999907414,30.0
1007,33.566666666667324,track,1,319.2738234150136,234.35680020744198,319.25774696407734,234.33648001899815,1,0.025910660607162524,5.711952218335133,2.827253079717333,623.2215104834509,-0.14558617302943463,-0.5888014190234889,5.936276000284124,30.0
1008,33.600000000000655,track,1,312.22448360975187,250.54687567661196,312.210910740748,250.57301938497812,1,0.029457023952393403,13.132351289990625,3.2141119802076807,1432.933311866265,-0.5225161912118197,0.23764053726449458,5.702234999262146,30.0
1009,33.63333333333399,track,1,315.8295144453589,228.46571663706848,315.8383640572513,228.4388900395072,1,0.028248574607585973,12.287329947494024,3.082194968985096,1340.6726171629539,-0.36752766864172176,-0.8825718979184709,5.56552499983809,30.0
1010,33.66666666666732,track,1,322.8379992211501,245.41538661243564,322.84606468208744,245.39301825904408,1,0.023778033846002,6.097928346332743,2.594426107822636,665.3584766704905,-0.01885459037701112,-0.010336662385009021,4.582390998621122,30.0
1011,33.70000000000065,track,1,317.09132183162535,241.61810870411207,317.087089105534,241.63752193855544,1,0.019869314072642672,3.341635524462391,2.1679185357036133,364.6484310754422,-0.3120118983041686,-0.18431806002067685,5.500781999216997,30.0
1012,33.73333333333398,track,1,303.2151075106649,223.0455035118714,303.20408124000005,223.04268907333835,1,0.011379793892276424,23.867410434649102,1.2418265664563326,2604.3489736811107,-1.0562505840612595,-1.1501137373637806,6.394890000592568,30.0
1013,33.76666666666731,track,1,307.4983397300444,251.3560308767088,307.4980425818451,251.33729375383405,1,0.018739478932868932,16.877001183447348,2.044622299469349,1841.593527978486,-0.9029443348170825,0.28871800673246517,6.3681000010546995,30.0
1014,33.800000000000644,track,1,327.8211825860949,236.46991552956464,327.8302915302536,236.44319438240768,1,0.028231056818162254,8.600251836434639,3.080289361422997,938.4943545120102,0.11113744356634953,-0.4811174364643288,7.349556000917801,30.0
1015,33.833333333333975,track,1,321.9296763907442,236.2151075106649,321.9333672964174,236.2057224794305,1,0.010084720916255072,4.258456411184129,1.1003497654310361,464.64868464303925,-0.18416948502327432,-0.4992813126682822,5.642965999868466,30.0
1016,33.86666666666731,track,1,315.49001901140684,252.2986519184238,315.480288750422,252.2827865919678,1,0.018611463198467126,13.087957680378784,2.030755465922572,1428.0302805670879,-0.512602288500933,0.3427933514101114,5.448981999506941,30.0
1017,33.90000000000064,track,1,314.98337590371875,228.44053855145245,314.9848422198527,228.41458532307047,1,0.025994617643885484,12.624327340345163,2.83621768612455,1377.4529691367613,-0.5531879569570329,-0.8532243333583098,6.344413000988425,30.0
1018,33.93333333333397,track,1,321.546875676612,243.96674316892563,321.5711852874367,243.96728734480666,1,0.02431570080913419,4.267082385391769,2.6535087557691255,465.5840423676615,-0.22283828476911557,-0.04189514766637334,5.716759000279126,30.0
1019,33.9666666666673,track,1,326.56365525301936,248.75066014458247,326.58755087253735,248.7656978142079,1,0.028233528647902274,10.965093919719825,3.0808922305070543,1196.455743204279,0.054821183832499676,0.2368946129577927,5.694423000022653,30.0
1020,34.00000000000063,track,1,311.10788848065704,224.63483898854548,311.1023874612365,224.65527701240717,1,0.021165397091383993,17.73775725552476,2.3093355393973503,1935.4155018728952,-0.7230894362535739,-0.9862377320578468,17.842438999650767,30.0
1021,34.033333333333964,track,1,308.86371262637124,245.90914175091416,308.86944252693706,245.91480893347625,1,0.008059076788710196,12.604533881928663,0.8793879261431001,1375.4453647026687,-0.8682169045223784,0.11345765350097836,8.620238999355934,30.0
1022,34.066666666667295,track,1,313.24914572429606,238.39863315887365,313.23694083532996,238.37743501692376,1,0.024460591505575814,6.95497565697628,2.66896338763792,758.970954904876,-0.6763678862456062,-0.2508643156192057,7.194317999164923,30.0
1023,34.10000000000063,track,1,323.6807876667962,226.99170877056613,323.6970267175973,226.9939473815407,1,0.01639262486653297,13.52129473329978,1.7888766935839386,1475.3000540448106,-0.1490514943207444,-0.8512598366265918,5.43098900016048,30.0
1024,34.13333333333396,track,1,320.5426789658309,258.3866441470703,320.567611780775,258.36422920647465,1,0.03352722510056345,18.37299914226338,3.6584379520180916,2004.638965461547,-0.2921863184631238,0.7555769936730565,5.387694998717052,30.0
1025,34.16666666666729,track,1,313.12429329765655,238.29001769453197,313.11591757831434,238.27646666953024,1,0.015930566628248353,7.096559584038009,1.7382370086647063,774.4208553880655,-0.6713220804581363,-0.28328195812806634,6.678587000351399,30.0
1026,34.20000000000062,track,1,313.71415008846503,240.2734216545117,313.728822170935,240.25897369237464,1,0.02059159085452706,6.276522822160239,2.246909412670542,684.9403315116301,-0.659084611047989,-0.18907890243569436,6.919633999132202,30.0
1027,34.23333333333395,track,1,330.6759984423002,252.41538661243564,330.69530721263254,252.3939472410591,1,0.02885264730951945,16.37069102349519,3.1483003987098206,1786.30711382725,0.21794418368622548,0.4753452085768445,7.0754460011812625,30.0
1028,34.266666666667284,track,1,320.95053033881567,223.9793876411732,320.9518225374866,223.9792243273023,1,0.0013024779558711951,16.049025493710516,0.14213541648039307,1751.076483860922,-0.24306035045251043,-0.962247297294465,4.6082579992798856,30.0
1029,34.300000000000615,track,1,319.26918597126956,238.88404296622235,319.2536777263649,238.89047050514682,1,0.016787463079579134,1.3371808539135583,1.831924522196097,145.90521701572806,-0.31350352347632027,-0.1863946825020207,4.821254999114899,30.0
1030,34.33333333333395,track,1,311.41137514608494,248.43215166861447,311.3901700003919,248.40876783281146,1,0.03156678603730623,12.034805735377558,3.444462455893629,1313.2123971660612,-0.7171543450160383,0.3149202064856799,9.134380999967107,30.0
1031,34.36666666666728,track,1,321.4069732231691,223.5149889691569,321.3828793704067,223.53458150563506,1,0.0310544880264062,16.52338831921805,3.3886477418153054,1802.8342528324297,-0.21409585069422687,-0.9608635150283314,8.00945399896591,30.0
1032,34.40000000000061,track,1,319.6678631665441,242.60973922068936,319.6856262182048,242.6308341645963,1,0.02757757536000285,2.6495507687695623,3.0091560432530096,289.0879181818912,-0.2724487648798731,0.014374062696223988,6.172482999318163,30.0
1033,34.43333333333394,track,1,309.28584991153497,230.17813835066673,309.2704748004003,230.16683699692499,1,0.019081788144720873,14.553824433937928,2.0822109720198263,1588.0908844157227,-0.8270950892866122,-0.6328734249195186,4.922150999846053,30.0
1034,34.46666666666727,track,1,311.4433127616417,230.49501532087524,311.42123994530493,230.49043344531083,1,0.022543353892562946,12.807301828804325,2.4600756805399278,1397.4897356140998,-0.7496737658525996,-0.660086542230752,6.045497999366489,30.0
1035,34.500000000000604,track,1,321.9293475908048,254.51833412701848,321.93231581097666,254.54039634149353,1,0.022260989163376696,14.66822996005547,2.4288536174044477,1600.424902249023,-0.227265437332968,0.5619561646393687,7.184681999206077,30.0
1036,34.533333333333935,track,1,330.68455186129967,235.37770763975962,330.7031717811651,235.3555636448998,1,0.028931953341369124,11.667419390495292,3.1569356233690296,1273.1986485429102,0.2479079173460222,-0.4206878644000168,6.7573340002127225,30.0
1037,34.56666666666727,track,1,333.7796544108094,243.45732103416915,333.79063471114637,243.4321989847624,1,0.02741686272870067,14.211319277508304,2.9914808525198358,1550.8270682234436,0.4652019592536167,-0.011943820108058084,5.784394999864162,30.0
1038,34.6000000000006,track,1,315.49667817083696,253.1242450388266,315.4942592562577,253.11737307156477,1,0.007285264702758214,13.869649452975805,0.7948948189526622,1513.3170442288906,-0.4272679034565522,0.5146788450905493,4.790474000401446,30.0
1039,34.63333333333393,track,1,318.70469217104977,231.52168450240458,318.72049660040125,231.5498719290831,1,0.03231580124154744,8.546449167021493,3.526059712225034,932.4894774783853,-0.2573225918146117,-0.5641829690548104,5.196177999096108,30.0
1040,34.66666666666726,track,1,326.310867406416,246.0621734812832,326.2932873683055,246.05903781565712,1,0.01785749531383127,8.735983353443213,1.948729937752965,953.2533872265615,0.14992994554349875,0.1933917873801786,6.857669999590144,30.0
1041,34.70000000000059,track,1,321.36098024808746,244.1950123179323,321.33999602413815,244.18240244616345,1,0.024481554705164936,4.391819619062246,2.671482060791901,479.19057856891953,-0.07393726643419239,0.12460241346147524,5.8146299998043105,30.0
1042,34.733333333333924,track,1,312.1861828211869,223.2234193854243,312.17665195172935,223.2118103406965,1,0.015020232758142033,18.52155735139799,1.6389384924319121,2020.9115554828136,-0.5414809029666421,-0.9583978998511379,6.166336999740452,30.0
1043,34.766666666667255,track,1,309.95843975929694,250.48166587298152,309.96197887235303,250.45742944139283,1,0.024493467238777513,14.49550615469486,2.6724377376613098,1581.7093086764212,-0.6842105412054589,0.43164665372143896,5.477348000567872,30.0
1044,34.80000000000059,track,1,328.4195767882643,232.77567181617553,328.39546995672663,232.78720490922888,1,0.026723614316975758,11.06834806173674,2.916178010263997,1207.7683385248922,0.25031361922688067,-0.48311281155047076,5.358431000786368,30.0
1045,34.83333333333392,track,1,330.1284142394822,232.71831715210357,330.1231563526917,232.7352087946158,1,0.017691041808296035,12.460155929958093,1.9302616958774228,1359.6614810989934,0.3697280208581172,-0.5147288892009773,6.74084800084529,30.0
1046,34.86666666666725,track,1,325.17773950484394,254.07440258342302,325.16948327261525,254.07225662015185,1,0.00853056439957382,14.99172984312539,0.9309062314996779,1635.7508797233975,0.15705598215478866,0.5801314302616561,5.162113999176654,30.0
1047,34.90000000000058,track,1,319.6599127316715,230.92534669719618,319.6783035118149,230.92804485657916,1,0.018587653384371336,9.077657118152812,2.028413747824779,990.4449694956102,-0.08662102291195328,-0.6024362178237842,6.438439999328693,30.0
1048,34.93333333333391,track,1,327.0579385265336,235.76410742768462,327.0567423145699,235.77572875087571,1,0.011682725528486367,8.224480511279666,1.2746805712268348,897.473887015586,0.29256497691239836,-0.3754341580002317,5.403957999078557,30.0
1049,34.966666666667244,track,1,326.48835098335854,256.3278149989194,326.47600014149816,256.3089554171729,1,0.02254389314897574,17.54766664351753,2.459841659157517,1914.6349519884864,0.2981951818147566,0.6915675318775139,4.475788999116048,30.0
1050,35.000000000000576,track,1,317.4816658729815,227.76726265206287,317.4606660469451,227.78063592915169,1,0.024896530554557556,12.480427685823754,2.7167515882670368,1361.7237670786203,-0.14315337141552087,-0.7627284985380691,16.23796399871935,30.0
1051,35.03333333333391,track,1,311.33173513023195,252.91706621744203,311.3149256832744,252.91982838863782,1,0.017034878829438552,15.567674247584273,1.858959491316984,1698.6502658801348,-0.4733389889691656,0.5480538503670538,7.456403000105638,30.0
1052,35.06666666666724,track,1,317.6222923602404,243.82152276363007,317.64350926879706,243.8321324067963,1,0.02372175661319962,4.498698406146348,2.5886013771903986,490.86792165030704,-0.17766173236982508,0.118078234718756,5.302044999552891,30.0
1053,35.10000000000057,track,1,319.84652609747667,222.49001901140684,319.8530164408919,222.47747421374856,1,0.014124323202719315,17.523142243801328,1.5411295904917806,1911.9128128136142,-0.06569537718784639,-0.9850723122006098,5.9636810001393314,30.0
1054,35.1333333333339,track,1,328.29418619707366,253.1823125728344,328.2775176713019,253.17287966773597,1,0.01915253116431416,15.557700907890176,2.089970553865834,1697.553538026326,0.3676967073873796,0.5846546652118261,6.365380000715959,30.0
1055,35.16666666666723,track,1,310.0207783212848,228.43634474698064,310.0194970648813,228.41243839762797,1,0.02394065908331448,15.293201846790605,2.6121130117288796,1668.7355719266998,-0.5641309966184689,-0.70271369588894,5.349278000721824,30.0
1056,35.200000000000564,track,1,327.9545160873498,236.19434035405092,327.9584916943279,236.18514914382672,1,0.010014179758207665,8.825569505903415,1.0926570145234094,963.0792124970266,0.3450246831456498,-0.34016699842025866,5.587380001088604,30.0
1057,35.233333333333896,track,1,330.4615184719996,253.8544761574776,330.43675497583513,253.8641108761176,1,0.026571762183961428,17.35336926394703,2.89963409868254,1893.5110316585526,0.5066740624412097,0.5740774107357243,6.040134001523256,30.0
1058,35.26666666666723,track,1,327.24425374099786,215.50166026995558,327.23021671078095,215.50353916384188,1,0.014162219442815698,25.54119470937655,1.5454744149123882,2786.7813311830646,0.3806684533534224,-1.396521227613738,5.335008001566166,30.0
1059,35.30000000000056,track,1,309.66826486976805,242.20318776726708,309.6872727701582,242.19366329747186,1,0.021260663256856903,10.543457762034041,2.3200352604248264,1150.5708212374284,-0.5138569924509511,-0.006161013395341683,7.191814000179875,30.0
1060,35.33333333333389,track,1,311.81757719714966,238.32338587778017,311.8292608039869,238.30725662804298,1,0.019916309040895867,8.344241075889933,2.1731606854728933,910.5784601408662,-0.438890462896117,-0.2076458238106425,7.975976999659906,30.0
1061,35.36666666666722,track,1,317.6515577064339,219.29866482305664,317.6694284459652,219.2842816912655,1,0.022939873833935285,20.846403738182605,2.5031856428685564,2274.510687695803,-0.17064167144495507,-1.2221482423415875,7.804851999026141,30.0
1062,35.40000000000055,track,1,326.453124323388,243.5884467154549,326.4267410834309,243.61354493296312,1,0.03641422624092153,7.372971445489397,3.9734530539679316,804.5587126744158,0.27673178026719164,-0.019228587889716736,5.8354850007162895,30.0
1063,35.433333333333884,track,1,311.4055347213242,232.6623992413466,311.40816947373446,232.68194441579703,1,0.01972196147853869,11.285986413493177,2.151828190563674,1231.5177410887545,-0.4954784869850877,-0.6031619839975455,5.306384000505204,30.0
1064,35.466666666667216,track,1,311.19548037079755,228.67704728950403,311.22492009603957,228.7231814486786,1,0.05472712366887735,14.288760056782987,5.971460080646322,1559.1214045012257,-0.5474772858078267,-0.8483614766964169,6.363753000186989,30.0
1065,35.50000000000055,track,1,323.84052588893155,252.0863960387587,323.881588338558,252.0937656574729,1,0.041718533642944346,12.70141314216257,4.552604731409544,1385.8479933361784,0.07511252562106141,0.33443837870862003,5.612511999061098,30.0
1066,35.53333333333388,track,1,332.7957344547912,225.1417843196155,332.809904534058,225.1400842943899,1,0.014271693389153402,19.61914241116356,1.5574234203250623,2140.7645015174185,0.556864045887242,-1.0655692304618871,5.417621001470252,30.0
1067,35.56666666666721,track,1,320.43250700582024,239.0227635266221,320.41609519746567,239.0254941785547,1,0.01663742508456125,1.05962106877164,1.8155903108923368,115.61631175039629,-0.06587917651244535,-0.3758768973712765,5.449894000776112,30.0
1068,35.60000000000054,track,1,307.5947098608538,255.0496273639771,307.6189735102589,255.05012043605325,1,0.02426865885305334,19.488354011546953,2.648367265377468,2126.4848398065355,-0.7183751328035652,0.4667266144275632,5.482541999299428,30.0
1069,35.63333333333387,track,1,317.68004128499547,224.04334924525867,317.6991258884418,224.04327133687207,1,0.01908476246697709,16.12176204097825,2.0826673053492564,1759.0178744145512,-0.23902853632501309,-1.0999020389621619,6.0754000005545095,30.0
1070,35.666666666667204,track,1,321.3573918657198,241.85539057456424,321.33532123931604,241.86128644237647,1,0.02284455749438479,2.290735696832567,2.4929376672748726,249.9527003485366,-0.05800480639086278,-0.16053197901177954,6.777336000595824,30.0
1071,35.700000000000536,track,1,316.33449477351917,239.1486643437863,316.31309217647095,239.1385809016515,1,0.023658972202833316,3.7862028686005855,2.581758446550825,413.1746676208731,-0.31926255440137397,-0.29010433903395655,6.240743001399096,30.0
1072,35.73333333333387,track,1,303.13372765848015,217.84981355278384,303.12199706033425,217.85059826492352,1,0.01175681530019117,27.84713594704444,1.2829820019938947,3038.5345872037888,-1.0320142770585343,-1.4098242546324933,5.836345000716392,30.0
1073,35.7666666666672,track,1,304.21701560552,251.29130303942222,304.1994039250508,251.26909534664014,1,0.028343480866899258,19.407507471475242,3.0927060345105297,2117.7608316920996,-1.0492495292409156,0.2888928260601578,5.3285850008251145,30.0
1074,35.80000000000053,track,1,326.42820964072627,237.64115551358543,326.37064733232,237.64846911161544,1,0.058025064112003345,6.79079118747018,6.332103353749273,741.0454877088605,0.048552949211469965,-0.42665880745626983,5.90016500063939,30.0
1075,35.83333333333386,track,1,330.928258744528,233.0996217433805,330.893941614667,233.0593295958672,1,0.05292563228842682,12.917076664732576,5.775036037332274,1409.533780029689,0.2859304151505079,-0.667084750500797,7.743341999230324,30.0
1076,35.86666666666719,track,1,317.8916827852998,252.44977433913604,317.85536615102023,252.40488648293376,1,0.057739220291165363,12.588910318238927,6.300245788220232,1373.557133364157,-0.35387766063900583,0.33338965641733753,8.980147000329453,30.0
1077,35.900000000000524,track,1,310.298050741237,226.43912348186888,310.2692211965036,226.4053970733355,1,0.044369057710213024,16.71829192400495,4.841366823677376,1824.2073534411886,-0.7571094822443107,-0.989266286426753,5.573774000367848,30.0
1078,35.933333333333856,track,1,325.48461505171593,242.52914701172804,325.4600032905812,242.5528567146241,1,0.03417438803509471,6.027330531716253,3.7290422846789357,657.7258703439675,0.008487964775330092,-0.15960686860383563,6.324559999484336,30.0
1079,35.96666666666719,track,1,326.13693537929544,244.48835098335854,326.12986265204404,244.474327654739,1,0.015705961172255065,7.589125384053592,1.7137068462558518,828.1301995115683,0.07144602029695685,-0.03645300940378812,8.825253000395605,30.0
1080,36.00000000000052,track,1,309.30669602383114,226.1906488796788,309.2884372149508,226.18219372589783,1,0.020121474279681407,17.483402058142683,2.1957282130710984,1907.7041421154584,-0.7813599472177288,-0.9715960265482957,13.943333999122842,30.0
1081,36.03333333333385,track,1,304.4916857426683,255.9460976979225,304.48400660644734,255.9497796228618,1,0.008516202461132443,22.25177568210293,0.9293150443531499,2428.051996571805,-1.069709248891927,0.5583852561497139,5.037950000769342,30.0
1082,36.06666666666718,track,1,303.39444660698064,243.85467756584922,303.3709105658736,243.86244775208615,1,0.024785500300555,17.071763764935643,2.7047207370747195,1862.9781673814,-1.188541772217915,-0.05012036820173002,5.084026999611524,30.0
1083,36.10000000000051,track,1,322.8007178999265,233.60973922068936,322.81217928803244,233.63273893840824,1,0.025697284534809822,6.960629696694207,2.803877516401022,759.4823253398919,-0.23472853614806888,-0.5591552490161691,6.4078359991981415,30.0
1084,36.133333333333844,track,1,320.5888028382296,260.65110543849784,320.6113426135596,260.6708193887116,1,0.029944637332227964,20.679857687902246,3.2675166575117993,2256.3345693869855,-0.34907379128221433,0.8541358488297712,5.107783999847015,30.0
1085,36.166666666667176,track,1,312.4933511786547,234.04973663759606,312.4875439611915,234.04532673388303,1,0.0072918465029820165,9.586194732073764,0.7956876826601399,1046.044422850095,-0.7687173768199,-0.49456846450249603,4.8672939992684405,30.0
1086,36.20000000000051,track,1,317.5888028382296,237.5929563449141,317.6098218489267,237.6145611575089,1,0.030142440809267687,3.3768728233579637,3.2890655103330393,368.47666437367474,-0.5249307763530785,-0.3159442552297146,5.59384299958765,30.0
1087,36.23333333333384,track,1,332.6599127316715,251.82580896012442,332.6790623425927,251.83494725867513,1,0.021218296322640835,17.344295849153827,2.31541336149087,1892.5790875806601,0.2670148056059619,0.4367503711276898,4.7992319996410515,30.0
1088,36.26666666666717,track,1,330.5552669177815,232.8836212495129,330.5820377638313,232.88895303966046,1,0.027296633206278193,12.749373008399502,2.9787862299467482,1391.2281571149529,0.2204832751212139,-0.5015275584526498,6.027420999089372,30.0
1089,36.3000000000005,track,1,310.2234193854243,253.14480886092315,310.2105345278694,253.13818141900492,1,0.014489394072515569,16.38430484423197,1.5811285765817278,1787.770403704195,-0.7905070773582594,0.556252419798704,7.3477700007060776,30.0
1090,36.33333333333383,track,1,311.090780141844,239.09490651192777,311.0855400372184,239.0919621620751,1,0.006010648263065207,8.960587544527412,0.6558978922721725,977.8435665002219,-0.7544499389808104,-0.13082555834362042,5.747537001298042,30.0
1091,36.366666666667165,track,1,318.59299156391955,231.01245944192084,318.614887796042,231.01269764770086,1,0.021897527786355245,9.093411867346326,2.389619117192794,992.1678089032829,-0.3839990685345358,-0.5521056792058472,6.093574998885742,30.0
1092,36.400000000000496,track,1,320.8136083185917,253.72248349656988,320.8241410168014,253.73840661933514,1,0.019091452804153784,13.763103750744813,2.083138981387539,1501.6646426537743,-0.26266522255040586,0.612459028108489,4.673733999879914,30.0
1093,36.43333333333383,track,1,313.310867406416,235.18237554509736,313.29433461791655,235.17151915072418,1,0.019778634794973708,8.263181925160293,2.158273747344791,901.6846255708224,-0.6444617134399551,-0.33171600960472386,5.372268999053631,30.0
1094,36.46666666666716,track,1,309.453124323388,233.75473087082665,309.4282159609281,233.76730040629695,1,0.027900174593936695,12.272292450643478,3.0445602824662523,1339.1812253214875,-0.8661482438836932,-0.4235221106621643,6.442521000280976,30.0
1095,36.50000000000049,track,1,321.80109638710235,254.29835541934648,321.81277206456684,254.28325622208808,1,0.019086833213050696,14.39783146393553,2.0826610138113066,1570.9218250550691,-0.25196209676151005,0.6335593881885103,5.51244899907033,30.0
1096,36.53333333333382,track,1,333.2068163212547,232.2109526476798,333.19745849405535,232.20116679515195,1,0.013540008847451266,15.329537176945504,1.477446660579342,1672.7940871514877,0.3636964136053231,-0.4898276097711879,4.264765999323572,30.0
1097,36.56666666666715,track,1,323.2192630898513,239.9627666451196,323.2067628840766,239.965431828409,1,0.012781171557257786,3.2069491971620905,1.3947651327415427,349.9660212533572,-0.09704162214066195,-0.10565625601818995,6.655134999164147,30.0
1098,36.600000000000485,track,1,317.87144153095164,258.33591083848114,317.87758528403833,258.3180967372323,1,0.018843776301336927,18.440642947064795,2.056037587970568,2012.0238151337005,-0.35133261860181375,0.8591127263375329,4.850699999224162,30.0
1099,36.633333333333816,track,1,325.144846316334,220.23589257231538,325.13846576429273,220.22504368046907,1,0.012586099421352616,20.431659938687428,1.3733018542838475,2229.279063511328,0.036849616977422894,-1.0842426841125452,5.329305000486784,30.0
1100,36.66666666666715,track,1,327.6557355800389,241.8797148412184,327.67533085735977,241.88644539153688,1,0.020718957523778184,7.903757333394654,2.2609619820084976,862.5075776943014,0.20351424046589325,0.05230230049113499,6.621333001021412,30.0
1101,36.70000000000048,track,1,317.42795931616536,239.97091538628,317.40406096422544,239.97131482053328,1,0.023901689755474496,2.596097516847009,2.608329033222017,283.3053705349457,-0.29025481635852446,-0.04645961787272242,5.8155620008619735,30.0
1102,36.73333333333381,track,1,307.40282043517755,225.89618030021197,307.3810563418742,225.9002916075999,1,0.022149009137063018,18.92193213701154,2.417042557494794,2064.69461460007,-0.8172905208575137,-0.7972300755862511,5.946966000919929,30.0
1103,36.76666666666714,track,1,315.3777076397596,248.69285312810757,315.3556676880469,248.71126634481357,1,0.028719436292529262,9.871979738336853,3.1338451840647212,1077.1540001858957,-0.4419696385143751,0.3373743477707938,5.886303000806947,30.0
1104,36.80000000000047,track,1,331.43634474698064,232.98753300722913,331.4131696599627,232.9864829092828,1,0.02319886557540283,13.395889805043758,2.531626504805604,1461.7864214662045,0.38872776305563816,-0.4879368506989224,5.950008999207057,30.0
1105,36.833333333333805,track,1,333.0747760612748,233.41957678826432,333.07147867136723,233.39704225774926,1,0.022774499900913747,14.64454183653273,2.484886057470559,1598.0617355977308,0.5273661234937843,-0.5009304131008228,6.446852001317893,30.0
1106,36.866666666667136,track,1,324.4867103900587,254.51328960994132,324.46964027039803,254.52858857916226,1,0.022922640433703012,15.200577957739892,2.5012861586998065,1658.528734950557,0.13799738571643427,0.5766253315353485,5.713126998671214,30.0
1107,36.90000000000047,track,1,322.1114503160339,229.03715010534464,322.1048756713178,229.0368393056424,1,0.006581986751538993,11.163395272138906,0.7182743034106301,1218.0229013376709,0.042099770928451644,-0.730414065806559,5.105695001475397,30.0
1108,36.9333333333338,track,1,329.96256985660443,238.52588485032274,329.963013943536,238.55111008577387,1,0.02522914419412199,10.067816487334229,2.7527000923521117,1098.6701973826532,0.47423328711891916,-0.2589173722149999,5.741446999309119,30.0
1109,36.96666666666713,track,1,329.59299156391955,253.1993510707333,329.614264584249,253.18869519575628,1,0.023792626283408683,16.321022163532195,2.596330760456837,1780.862177895773,0.5050701204943345,0.5054829569030019,5.440515998998308,30.0
1110,37.00000000000046,track,1,320.3025253615368,222.77621411612347,320.28557919491163,222.78717975983523,1,0.020184595742839564,17.21518911010833,2.2025718985259033,1878.312848952447,0.04868446546442527,-1.043999838718412,17.150700999991386,30.0
1111,37.03333333333379,track,1,306.02890446900943,239.87199449438685,306.0286515698342,239.8776608427247,1,0.005671989199454849,13.971884047131901,0.61885893316251,1524.714241990828,-0.6808004785130424,-0.1498051118554909,4.6684469998581335,30.0
1112,37.066666666667125,track,1,310.35304806818675,239.58880283822958,310.33457290619344,239.61029297017853,1,0.028340031437214665,9.673280336823808,3.0923556002704764,1055.6192810934488,-0.5102544319380009,-0.15365865563212278,5.5327179998130305,30.0
1113,37.100000000000456,track,1,327.1662553578387,222.44473308221848,327.1567496722171,222.41853584288833,1,0.027868502070575483,18.98227983616777,3.0407295072512524,2071.168095991977,0.3301944585437068,-1.0817151127782505,5.489907000082894,30.0
1114,37.13333333333379,track,1,316.7890473523202,255.92554612434833,316.8004645247577,255.92923581548007,1,0.01199856854438766,16.24738689520586,1.3093485534041345,1772.7303618747703,-0.19486603594444837,0.6151701648584285,6.506997999167652,30.0
1115,37.16666666666712,track,1,315.84299548095544,235.03305358295674,315.8499378196782,235.03306099531665,1,0.006942342679852104,6.47251876604327,0.757599571674181,706.2551224591538,-0.2642085118315598,-0.48375514926469476,5.777742000645958,30.0
1116,37.20000000000045,track,1,322.49001901140684,236.24887659868648,322.47783298465197,236.2336594989058,1,0.019495111536111488,4.508323088467787,2.1272202442418244,491.9205242921791,0.0615368918096981,-0.4364210609059064,5.225520999374567,30.0
1117,37.23333333333378,track,1,332.36519258202566,253.3693424977305,332.34588792055933,253.3479759347856,1,0.028795832448600765,18.18211786626158,3.1420945474715953,1983.9746544804545,0.5856236797206957,0.4543570213013971,5.510597000466078,30.0
1118,37.26666666666711,track,1,333.58414554905784,227.53008447043536,333.6097403928936,227.55753518889173,1,0.037531826157940644,18.440172562577278,4.095353041655181,2012.1626081042311,0.698047250739229,-0.8511328260412092,5.440378001367208,30.0
1119,37.300000000000445,track,1,315.0622218381368,238.34844229356608,315.0568662762396,238.33106528663848,1,0.018183575363408366,5.217270750923377,1.984003829755127,569.3367997047245,-0.22093325259077723,-0.29213381971854724,5.971493001197814,30.0
1120,37.333333333333776,track,1,313.75578838442635,245.7640667442763,313.76775274053966,245.77671573950965,1,0.017410999328567576,8.49772620400007,1.899838102294563,927.2583679125233,-0.3023778722930962,0.09603764014474109,6.6407880003680475,30.0
1121,37.36666666666711,track,1,316.43634474698064,227.71741483052682,316.41360233876435,227.73162303029335,1,0.02681585486390254,12.781835613688086,2.926195565953788,1394.6192213066818,-0.19026247872132468,-0.8262996362696181,6.471151000368991,30.0
1122,37.40000000000044,track,1,320.39026077931067,248.30722657094668,320.3701287452552,248.29038003330493,1,0.026250802382495976,8.298638224714054,2.8644705112979145,905.4479464970577,-0.022927129418537487,0.22070609251998785,5.51861399981135,30.0
1123,37.43333333333377,track,1,313.4699155295647,234.61325536062378,313.44377146036777,234.63723033109636,1,0.035472687568515376,8.47014941931965,3.8707263338112363,924.2592997271802,-0.37384073089019787,-0.47233078753766433,6.231120998563711,30.0
1124,37.4666666666671,track,1,311.3442644199611,226.7552819183409,311.3250170308288,226.77013484903046,1,0.02431196286768374,15.820387524591448,2.6529214221992836,1726.22151069295,-0.5205269762480276,-0.9031318790585044,5.743847999838181,30.0
1125,37.50000000000043,track,1,317.40282043517755,249.6926936886274,317.3797543070293,249.7092264585135,1,0.028379195687293385,10.05657824084466,3.096758177404587,1097.266008402686,-0.24644786887267678,0.25451030311865913,5.778380998890498,30.0
1126,37.533333333333765,track,1,332.664147194748,232.49168574266832,332.68059729772244,232.48303792615616,1,0.01858468773742228,14.741175890905462,2.0280154524985505,1608.5905287171386,0.538182448884077,-0.6349039585500994,4.676679000112927,30.0
1127,37.566666666667096,track,1,316.3442644199611,240.72209980557355,316.3244356852922,240.73905229322895,1,0.02608765141359005,3.7491294087668385,2.846663592754991,409.12991348472883,-0.27506192217033276,-0.22623920179536583,4.098908999367268,30.0
1128,37.60000000000043,track,1,313.0082819307251,250.73497821679678,313.0059233896927,250.7507133247998,1,0.01591088745695626,12.825558257747499,1.7360088920470842,1399.4441703765574,-0.46819801275241185,0.3102508225972589,5.264057999738725,30.0
1129,37.63333333333376,track,1,314.2367293964958,231.40700843608047,314.2250351611135,231.38393034378146,1,0.02587186667671545,10.37240932528143,2.822926761159659,1131.7747955034504,-0.43599235495142274,-0.6560545348866822,5.428724998637335,30.0
1130,37.66666666666709,track,1,326.6348389885455,242.04564512643182,326.65358792559164,242.04377891526815,1,0.018841586569821985,6.96040692331084,2.0561287622291284,759.5593567343353,0.18944658186905938,-0.1111205404809021,10.281833001499763,30.0
1131,37.70000000000042,track,1,315.39444660698064,239.74257168807577,315.3739760509768,239.75507883556588,1,0.023989005845289228,4.632502990147324,2.6177309051140596,505.53273417274175,-0.37823405800976373,-0.2035941437819509,9.239892000550753,30.0
1132,37.73333333333375,track,1,306.5149889691569,220.63870744473763,306.533710946454,220.657814658701,1,0.026750664652586863,23.5682217116781,2.918946819224131,2571.625283553448,-0.8663009041422952,-1.2177573341707935,6.647105999945779,30.0
1133,37.766666666667085,track,1,307.5133183429906,250.92112773501685,307.53075046281333,250.9252636528704,1,0.017916043592413458,16.578406736033504,1.9551085412152802,1809.0168713768614,-0.872821374355838,0.3167090918982122,7.295512999917264,30.0
1134,37.800000000000416,track,1,323.79627544391514,239.52000866175834,323.8088411154897,239.5442028644179,1,0.027262713446254826,3.836016380550239,2.974692380268487,418.613436925256,-0.07180109516574468,-0.2534149502555976,7.071966001603869,30.0
1135,37.83333333333375,track,1,322.2328784925276,237.53008447043536,322.2186230696882,237.55501447945971,1,0.028717980957676494,3.3015515323866,3.1334985295793087,360.2546126993582,-0.14242750700413023,-0.3772218406618213,6.795899998905952,30.0
1136,37.86666666666708,track,1,311.2650217832032,254.9834361385498,311.2514832754066,254.984558010255,1,0.013584910359741747,17.35147035968963,1.48248068362624,1893.267649245587,-0.71095359803078,0.5395259557808386,7.065779000186012,30.0
1137,37.90000000000041,track,1,309.9587079014151,225.87199449438685,309.9595358052368,225.8769795600556,1,0.005053345867794374,17.328318660314675,0.5513613428644933,1890.7689115963994,-0.8144563883355729,-0.9313403317622595,6.983649000176229,30.0
1138,37.93333333333374,track,1,324.41538661243567,237.19107784172039,324.3918820863511,237.17900467310494,1,0.026423931328973197,5.219831692188477,2.8834674613875255,569.5970517442859,-0.09316332687047724,-0.3402309378576702,6.411542999558151,30.0
1139,37.966666666667074,track,1,328.28620808848945,243.50998098859316,328.26981752009635,243.52313905210121,1,0.021018690909062814,8.989014995878762,2.2935540592892614,980.9207784066351,0.13207869030473934,-0.015073161425326331,7.015332999799284,30.0
1140,38.000000000000405,track,1,317.0785563547095,227.8098109307033,317.0744420578252,227.8208965428414,1,0.011824476112248792,12.525551895752713,1.2901707514246024,1366.6504034205202,-0.4165390261675096,-0.8245876720039091,18.85315899926354,30.0
1141,38.03333333333374,track,1,295.05402363534046,248.43634474698064,295.0508618945364,248.4131254080222,1,0.023433614884995544,26.32945444434055,2.5567923490376225,2873.2049800181203,-1.5801822768957072,0.21526988270748598,7.127124999897205,30.0
1142,38.06666666666707,track,1,315.50998098859316,242.319391634981,315.5212419323078,242.3006475362596,1,0.021866643323172116,5.035102075928068,2.385937740587106,549.447176280865,-0.5733114472852897,-0.08621269262982771,6.121282000094652,30.0
1143,38.1000000000004,track,1,321.2908713154136,225.43215166861447,321.27376239609737,225.40759236066197,1,0.029931166487041534,14.64789511685289,3.2659130103765572,1598.2034242590714,-0.28593158608516034,-0.9617127000581492,7.044624000627664,30.0
1144,38.13333333333373,track,1,317.90077092036694,253.1901890692967,317.9061317961982,253.18129717054194,1,0.010382911592781846,13.346568066474205,1.1329102470667816,1456.2227792553049,-0.4552068242141105,0.4483115750772265,6.969879999815021,30.0
1145,38.16666666666706,track,1,317.27335087794984,233.17395055869537,317.25951548759883,233.1639285835497,1,0.017083852375414436,7.3649255103849764,1.8642014016786614,803.5919501807757,-0.49001165981523176,-0.5920937659062715,8.223574999647099,30.0
1146,38.200000000000394,track,1,311.9875373231209,236.41957678826432,311.98962422577097,236.39670879843698,1,0.022963016383188938,8.783497454181727,2.505451350118318,958.4913154464317,-0.7718500388804038,-0.44344628294576427,9.525822999421507,30.0
1147,38.233333333333725,track,1,336.7765806145757,253.97931301986813,336.78903075551375,253.9802560668228,1,0.012485805818427205,21.84763404589893,1.362535764580534,2383.9975596951967,0.5108582692551933,0.4717679556737269,6.063153001377941,30.0
1148,38.26666666666706,track,1,324.8406401927462,234.9810695693327,324.85209331613567,234.98582044372415,1,0.012399388809835222,6.977449832930586,1.353077367654285,761.3609496368458,-0.07237418535361376,-0.4722836710156786,5.449610000141547,30.0
1149,38.30000000000039,track,1,318.2151839379343,250.89189650027708,318.24454861502727,250.93390387338593,1,0.05125332824589073,11.073927193071414,5.592468684646783,1208.2589311132613,-0.38324152091787334,0.35650873682898176,5.67535099980887,30.0
1150,38.33333333333372,track,1,311.90308862064524,255.22062803385026,311.91826989560207,255.21920168687234,1,0.015248133492868056,17.231902433162443,1.6639828134982395,1880.209837831387,-0.7056077778129792,0.6386615252408576,5.502998999872943,30.0
1151,38.36666666666705,track,1,314.0636641287048,222.30730846991008,314.0659767418631,222.29962748066043,1,0.008021581856048737,18.668578396640196,0.8752287158938556,2036.9251482674779,-0.6105861294416514,-1.0217868911678045,5.736818000514177,30.0
1152,38.40000000000038,track,1,317.5064353665361,249.97727174895613,317.5267445980527,249.98297309041527,1,0.021094316277809954,10.28478215652704,2.3019366488799604,1122.1631459737885,-0.44234689172404273,0.43939275169872594,5.072103998827515,30.0
1153,38.433333333333714,track,1,314.27430928543805,237.2083100588665,314.2618449836682,237.20181954906116,1,0.014052954712197354,6.384061154740777,1.5335035872889398,696.6521229483834,-0.6133584724337025,-0.18861581416202294,5.399423000199022,30.0
1154,38.466666666667045,track,1,310.11531036849556,226.8002659688559,310.1096547389835,226.81371911844087,1,0.014593607468091777,16.483231869675404,1.5923187048572591,1798.565755007905,-0.8478952937903781,-0.7452057693671277,7.11607199991704,30.0
1155,38.50000000000038,track,1,323.02256892498394,243.97743107501603,323.0209244981528,243.97693040017634,1,0.0017189575032839043,4.994192650607952,0.1875824962920743,544.9417989977724,-0.20184951946967067,0.10519124813937128,8.210652000343543,30.0
1156,38.53333333333371,track,1,342.25614321986484,230.65296725050567,342.24059609404753,230.66697852012533,1,0.020929137524845962,24.119481846888096,2.2837455409625953,2632.020328674364,0.8319667437779995,-0.5853456098660379,8.974910000688396,30.0
1157,38.56666666666704,track,1,326.5288432497735,241.27958752211242,326.54791028758063,241.25779318966,1,0.02895763902298811,6.6676212281562135,3.159752770166034,727.6154692419094,0.09229947394756952,-0.06717858357302459,5.6758549999358365,30.0
1158,38.60000000000037,track,1,314.0644855381697,247.59274106642528,314.05514827902414,247.6062572521878,1,0.016427771787996284,9.653828845118863,1.792502404153111,1053.380648762766,-0.5193759712529205,0.2668609621818899,5.899207999391365,30.0
1159,38.6333333333337,track,1,319.81887438476355,235.53520222555105,319.8155278037758,235.5005589934184,1,0.03480449880265893,4.503220998672824,3.7974548172233424,491.33757322911015,-0.21512025887229305,-0.33896249327253736,7.286635000127717,30.0
1160,38.666666666667034,track,1,324.55179052753175,247.61938989432252,324.53297118723435,247.5979524149932,1,0.028526007242952383,8.84741254179987,3.112653774049686,965.3683000342685,0.037271004177714784,0.2795562817106776,5.261656999209663,30.0
1161,38.700000000000365,track,1,323.7770261591814,236.62906195144924,323.74377210362024,236.60503467545573,1,0.041026116108308044,5.053871695908311,4.476799912008712,551.4716088301236,0.02683542428493149,-0.26806900480882156,5.842366001161281,30.0
1162,38.7333333333337,track,1,313.5820611512347,224.65713791463045,313.598925260108,224.6701365884153,1,0.021292338722046424,16.612599737654765,2.323417034010303,1812.6135033055089,-0.48407943662890607,-0.9127015516292737,5.037341999923228,30.0
1163,38.76666666666703,track,1,306.9577628020775,255.99484912220458,306.95601887274665,255.99352437616471,1,0.002190032324241963,20.638271866101494,0.23897639344043953,2251.956824892149,-0.8520121091837194,0.6734392466972202,6.342926999423071,30.0
1164,38.80000000000036,track,1,330.5216845024046,237.82531086174777,330.54766716776885,237.83650806350727,1,0.028292688572747558,10.76726427841808,3.0874181639808893,1174.994633325908,0.3393620859187575,-0.28046704353451823,8.592254998802673,30.0
1165,38.83333333333369,track,1,334.36098024808746,237.00414919825388,334.34062073945904,237.00492344749694,1,0.02037422522406534,14.650047329218989,2.2233801388361987,1598.7084043748816,0.5592104217134326,-0.3299250045822462,9.413472998858197,30.0
1166,38.86666666666702,track,1,324.0661527197554,261.8098109307033,324.0624077658026,261.81944788886756,1,0.010339034905067289,22.19440161461129,1.1280921083847366,2421.596608109135,0.08363349456419591,0.9678578305021951,9.05952599896409,30.0
1167,38.900000000000354,track,1,317.1534142443744,232.50831425733168,317.14413246063316,232.51793627887469,1,0.013369173796213375,8.008573963533633,1.4588082518488574,873.8190746682401,-0.2545836503753164,-0.518421031150536,6.602073000976816,30.0
1168,38.933333333333685,track,1,326.5426789658309,239.04573210341692,326.570308001374,239.04350966282584,1,0.027718276411472377,6.639564819928065,3.0248185320583074,724.5556774307469,0.23583842839694585,-0.18156441294345782,7.2424219997628825,30.0
1169,38.96666666666702,track,1,337.2952055091169,254.53848152800035,337.28020847317487,254.56326269509339,1,0.028965795855451285,22.59854475851671,3.1605410370172606,2465.9334972867773,0.8357983432707264,0.6360869369107737,7.437652999215061,30.0
1170,39.00000000000035,track,1,319.22757639756907,223.7806991077971,319.21398113240093,223.7915402070396,1,0.01738852114981586,16.227507341555448,1.8974290838680845,1770.54986559107,-0.037137211769885006,-0.9197828088089226,21.804656000313116,30.0
1171,39.03333333333368,track,1,310.9833802207314,241.57204068383467,310.98452025592894,241.5972438175654,1,0.02522890465520111,9.155875863537387,2.752675097311521,999.1512332914083,-0.46417560208502406,0.012953920470720331,8.871440000802977,30.0
1172,39.06666666666701,track,1,312.9087452471483,239.49001901140684,312.9143322502148,239.48006468837718,1,0.011415040527459027,7.104718163911825,1.245524922265946,775.31856069927,-0.39829615785117506,-0.09169914982206441,7.4628120000852505,30.0
1173,39.10000000000034,track,1,327.2983554193465,221.91712349462597,327.28155504177164,221.92321687929837,1,0.017871262502211507,19.488230597446076,1.9501978177291865,2126.37156660303,0.32747762454938056,-1.0221618289446195,5.440475000796141,30.0
1174,39.133333333333674,track,1,319.1155880455816,244.0866910341862,319.1099933036737,244.08203730714968,1,0.007277246206247142,4.177934955988114,0.7940891653812077,455.8498010017214,-0.07830436755226489,0.0745995442498141,6.812654999521328,30.0
1175,39.166666666667005,track,1,315.4699155295647,229.05406107862248,315.44484909204436,229.0527210181789,1,0.025102232011357656,11.857163105063174,2.7393373249780084,1293.7446560278656,-0.2782558557734633,-0.7216402795980918,6.638588998612249,30.0
1176,39.20000000000034,track,1,328.0702146882933,234.8595706234135,328.0675286909417,234.8660124416631,1,0.006979369895157518,9.562575355432525,0.7615244955255075,1043.4851870003515,0.36172098539285946,-0.4671096244417864,6.345013998725335,30.0
1177,39.23333333333367,track,1,339.1200258676439,251.24005173528778,339.1143774077012,251.22835282675953,1,0.012991133918033441,22.168340733718388,1.4174773523830628,2419.0584574429977,0.9730595836639755,0.3684189522015404,5.99478900039685,30.0
1178,39.266666666667,track,1,326.59717956482245,225.97923606004238,326.62033133601176,225.98038506503735,1,0.023180265781055923,15.504141057253282,2.5295969964660707,1691.6791508107315,0.39225089140566327,-0.9206437362789335,5.3357180004240945,30.0
1179,39.30000000000033,track,1,319.2651361498296,241.28584991153497,319.24949482931254,241.27103393142716,1,0.021544469686480376,1.476070887887091,2.350894394273135,161.058553365895,0.03632064928489716,-0.13708771388760327,8.488104998832569,30.0
1180,39.33333333333366,track,1,309.38189129588795,238.92943313010767,309.3596739320442,238.93434405730477,1,0.022753647226356567,10.693557005067193,2.483022699606217,1166.9575330084997,-0.4868798358397166,-0.25922803612132644,8.937556000091718,30.0
1181,39.366666666666994,track,1,319.3989092325672,231.43215166861447,319.3778722332605,231.40835386689696,1,0.03176303994289818,8.614141061917472,3.4658697683589255,939.8723542130682,-0.006618138183054033,-0.660029297389634,6.884521999381832,30.0
1182,39.400000000000325,track,1,321.36098024808746,246.31533906729481,321.3413278086242,246.2981148407456,1,0.026132209188570465,6.439364164062209,2.8515187944377653,702.5914920093874,0.08687560346427983,0.08859721423345526,5.961794000540976,30.0
1183,39.43333333333366,track,1,306.7964253256589,234.57623231055524,306.8091333356027,234.60170673333778,1,0.02846822321177966,14.252737756332921,3.106215239844912,1555.323367587527,-0.6833889867960423,-0.5033999428643432,7.1294780009338865,30.0
1184,39.46666666666699,track,1,304.9381469868133,233.97113526051288,304.9405813925862,233.97166377125654,1,0.0024911152267950236,16.221187579215723,0.2718459243659095,1770.130797329415,-0.8466271149565097,-0.5549359521912633,6.022710998877301,30.0
1185,39.50000000000032,track,1,320.58461338756433,248.71753710354378,320.60975531963527,248.734067626487,1,0.030089448932071525,8.755326313386131,3.283405273563683,955.2767338940193,-0.09892529705309196,0.20008340817585546,5.877933999727247,30.0
1186,39.53333333333365,track,1,330.5183341270185,226.71739036321918,330.54119245792026,226.73373956187288,1,0.028103373253642854,16.944332517013816,3.06665844305917,1848.8874513370147,0.4127399680740611,-0.9195915087763733,5.47484700109635,30.0
1187,39.56666666666698,track,1,321.69311849323947,234.33591083848114,321.71049783321735,234.31775277141958,1,0.025134773869659493,5.934116311983709,2.7426371603761277,647.469075871426,-0.01800610924180522,-0.545304957131592,5.350057001123787,30.0
1188,39.600000000000314,track,1,304.0990413962086,243.9463525770537,304.0921710073294,243.95070399485246,1,0.008132470732232805,16.391067241488415,0.887427566198302,1788.694250173725,-0.9434925065332986,-0.06010433639943952,9.508377999736695,30.0
1189,39.633333333333645,track,1,317.8879232066416,222.61810870411207,317.895532162849,222.639599617263,1,0.022798148228032812,17.48748942320017,2.48750091918139,1908.0277079771236,-0.28119369077419687,-1.1651619354980745,9.67057100024249,30.0
1190,39.66666666666698,track,1,327.57204068383464,241.64267474572603,327.59461897422784,241.66094117077955,1,0.0290420639988907,7.774121361060175,3.169060174442103,848.3626010936607,0.21303344684709508,-0.20953704876701157,10.202031000517309,30.0
1191,39.70000000000031,track,1,315.72664912205016,244.78463264161525,315.7410905958459,244.79654675478298,1,0.018721705530379922,6.414450099861364,2.042903567348829,699.9226044500068,-0.3840396432760144,-0.03545713857262797,6.857489999674726,30.0
1192,39.73333333333364,track,1,309.5149889691569,222.07475018384739,309.5318399937056,222.07234035422925,1,0.017022464778338832,20.76013859038466,1.8576053389038223,2265.1958624881054,-0.7305977142336442,-1.208133080598573,6.657130001258338,30.0
1193,39.76666666666697,track,1,300.56365525301936,253.9584433574304,300.58956813076657,253.96042424027348,1,0.02598848071703028,23.9093770374422,2.83603720552095,2609.0042319886957,-1.249144954271753,0.43082738300518025,6.79188200047065,30.0
1194,39.8000000000003,track,1,324.69330397616886,238.05387903121357,324.7089952050287,238.04993764615506,1,0.01617866432409229,5.096800861802106,1.765516485727021,556.1861208570905,-0.0635154866445593,-0.3819101536586821,7.077663998643402,30.0
1195,39.833333333333634,track,1,325.3278149989194,225.48835098335854,325.31042158360356,225.47572540600243,1,0.02149269875852084,15.464641278653893,2.3452949864843706,1687.349956622532,-0.04382324621480638,-1.0425994644094563,6.3957490001484985,30.0
1196,39.866666666666966,track,1,321.38607567567567,257.1619027027027,321.3640928140668,257.15165629395335,1,0.024253558435291755,17.20581479707655,2.646638117866728,1877.2920460643763,-0.22782835217346642,0.575407973502469,8.055349000642309,30.0
1197,39.9000000000003,track,1,311.0082790737786,231.24837221335864,311.0091378109141,231.2357324021193,1,0.012668948560699443,12.55579505369514,1.3822830115614948,1370.061804259126,-0.7637332207667389,-0.773320118838563,9.035237999341916,30.0
1198,39.93333333333363,track,1,325.8712747091137,241.39863315887365,325.87834055165365,241.37712375532453,1,0.022640242309610616,6.03749596096717,2.470273946117717,658.8500768100131,-0.011157976887607501,-0.2611742785201657,8.150145999024971,30.0
1199,39.96666666666696,track,1,327.1161675093997,254.35680020744198,327.1111989746041,254.33721897569683,1,0.020201756722427706,16.003905736209894,2.204190530125189,1746.2137753888396,0.08624278279105074,0.43977717044339726,6.542913999510347,30.0
1200,40.00000000000029,track,1,316.3025253615368,228.11603712497302,316.28433791690384,228.11029973933785,1,0.019070939573198675,12.456769926596067,2.08112611350869,1359.153998833477,-0.4430628700361501,-0.8698819469341713,21.941605000392883,30.0
1201,40.03333333333362,track,1,305.7758076374173,249.60973922068936,305.78789794643274,249.6320353466765,1,0.025363217582221268,17.16857448073766,2.7674370122038505,1873.4549651527784,-1.0014404564817996,0.2667100370584155,6.714993998684804,30.0
1202,40.066666666666954,track,1,313.5846133875644,244.15784691272555,313.6061778288464,244.1489164594359,1,0.023340482509234397,7.621972824913078,2.547018264534834,831.7221149055564,-0.6402491609272996,0.030867133833400923,7.019269000011263,30.0
1203,40.100000000000286,track,1,314.9833715844628,230.45312432338804,314.986020273514,230.42900029837097,1,0.02426899537916992,10.804815037111734,2.6479442140337723,1178.9364210490767,-0.587860797900627,-0.6614031753229348,9.44906400036416,30.0
1204,40.13333333333362,track,1,323.4111971617704,249.85462726604075,323.3896366529657,249.86182909567572,1,0.02273151754744305,10.428101924676637,2.480585651056381,1137.8102964373384,-0.1590460298276904,0.33262221305180695,10.329467000701698,30.0
1205,40.16666666666695,track,1,310.8554154653815,231.85128447867808,310.8627748831726,231.86026709471514,1,0.01161242528903903,12.236998594629249,1.267096819317236,1335.286081079972,-0.8001581121219472,-0.5799661283144564,8.543818999896757,30.0
1206,40.20000000000028,track,1,320.5049846791248,232.18643994648482,320.5091870673624,232.17770308851163,1,0.009694986031106299,7.838851984892274,1.0578352180127273,855.2819467251525,-0.32158615126202633,-0.5882144378288482,7.69156199930876,30.0
1207,40.23333333333361,track,1,325.2526424781052,258.27335087794984,325.2411576941439,258.2592600780447,1,0.018178308628816333,18.99658686639683,1.983531905930788,2072.704808506395,-0.06143804080530818,0.7589431115437216,8.476046999930986,30.0
1208,40.26666666666694,track,1,331.6306575022695,235.01244974711452,331.6507598994601,235.01258002320742,1,0.020102819321416738,12.67338014342574,2.1937646275166642,1382.9741313236673,0.3075458306117962,-0.42754013332529156,8.364245999473496,30.0
1209,40.300000000000274,track,1,309.3233858777802,250.04975167350466,309.3061708211894,250.04584170359522,1,0.017653499316458918,14.67231808676711,1.9264605285556613,1601.017207634891,-0.805953323757521,0.35309818428556694,5.989567000142415,30.0
1210,40.333333333333606,track,1,306.453124323388,248.16628415537176,306.4284592379796,248.1550626118875,1,0.02709777622560044,15.833248714619069,2.9570140313184705,1727.758146967619,-0.9653436179805557,0.30315941523282003,10.22074000138673,30.0
1211,40.36666666666694,track,1,316.14911334512664,230.72248349656988,316.14204945266465,230.7389853978408,1,0.0179502457439859,10.032456024677666,1.9585677107137525,1094.649620832845,-0.5023904629577661,-0.5736299803100201,9.981118999348837,30.0
1212,40.40000000000027,track,1,321.40700843608045,253.09967553536666,321.382678292223,253.09436807910174,1,0.024902308971842972,13.167166538431239,2.7174993220212635,1436.645121124541,-0.23581337758435772,0.578073486495918,7.837889999791514,30.0
1213,40.4333333333336,track,1,311.689132593584,236.85907344242477,311.7052152228873,236.86736475011492,1,0.018094108116178044,8.866614805405886,1.9744875232734207,967.5688920957324,-0.7362544101316708,-0.2411960741983134,7.443680000505992,30.0
1214,40.46666666666693,track,1,310.1163183175386,236.41957678826432,310.11098839145234,236.3974296190637,1,0.022779491120002857,10.52478332050546,2.4854469233548473,1148.5178647007565,-0.8476646438301065,-0.272299294525568,7.122147000700352,30.0
1215,40.50000000000026,track,1,323.69330397616886,249.01657816345033,323.70887812681224,249.01622526200606,1,0.015578148403834235,9.74926125071959,1.7000016646884106,1063.7494310297272,-0.16871049531329751,0.3787722765089987,7.293082999240141,30.0
1216,40.533333333333594,track,1,336.8303667629186,230.7765806145757,336.83922557578524,230.78826600762704,1,0.01466379814956289,19.19415434809304,1.6000380207451053,2094.519433874781,0.5446938897641367,-0.5448668269161864,6.691605000014533,30.0
1217,40.566666666666926,track,1,324.3199861477858,241.56365525301936,324.3023088393271,241.58816119300946,1,0.030216358634721028,4.586078643452749,3.2970468319268647,500.45615038948443,-0.03392727863554329,-0.007681342406648264,8.114401000057114,30.0
1218,40.60000000000026,track,1,314.7391416864352,246.02484364891092,314.7523735008316,246.02193973706835,1,0.013546719758328853,7.987574229492787,1.4783053693944253,871.5749599945967,-0.5059219421550321,0.23069736831406717,9.58396699934383,30.0
1219,40.63333333333359,track,1,320.8674433656958,230.28168284789643,320.87336694965836,230.26757643902306,1,0.015299660723828448,9.771532029268215,1.6693581666253394,1066.1534909376664,-0.19093645737129317,-0.57709930571143,12.09177500095393,30.0
1220,40.66666666666692,track,1,330.7674841053588,244.60555339301933,330.7818655424353,244.62786967573027,1,0.026548864503398568,11.73310710386202,2.896840811359372,1280.3674212528751,0.3463691691811548,0.1341051971081379,6.661137000264716,30.0
1221,40.70000000000025,track,1,320.77133948291544,243.45732103416915,320.7856754622069,243.43302882808712,1,0.028206942028106016,3.521785465696513,3.0777442127315533,384.2583730258744,-0.12328006226769246,0.08756124199086884,6.975035999857937,30.0
1222,40.73333333333358,track,1,305.3986331588737,225.76331156191878,305.37510390818625,225.77838056850123,1,0.02794101997590532,20.39955992051624,3.048965414879921,2225.9550371337687,-0.9178350332584526,-0.8348799366249932,7.646880998436245,30.0
1223,40.766666666666914,track,1,318.51164901664146,253.91700886103308,318.52472198156727,253.92228619433763,1,0.014097966476013028,14.000232073387748,1.538434245778364,1527.5392403462563,-0.2789894810904321,0.5923740705589697,7.654450999325491,30.0
1224,40.800000000000246,track,1,327.169801553063,235.49667817083693,327.1614165961562,235.4945907830596,1,0.00864087322334756,8.460768279287214,0.9429456927788039,923.2548852534806,0.17516486746849408,-0.3669876324111123,6.6528910010674736,30.0
1225,40.83333333333358,track,1,325.6348389885455,236.95020531661984,325.65501230513496,236.95401518412314,1,0.02052992432065819,6.423175824292858,2.240362765310987,700.9163747160821,0.12896874619327592,-0.3110341998820336,9.726188000058755,30.0
1226,40.86666666666691,track,1,326.07011212785153,252.95050908622244,326.0677572101505,252.9526628220549,1,0.0031912717550622986,14.3034664240238,0.3482265483191857,1560.6713761667543,0.18247623498239307,0.5168724833558375,8.980610000435263,30.0
1227,40.90000000000024,track,1,328.5134785421609,226.48837610524046,328.53074863161237,226.47536181850307,1,0.021624699973520702,15.990294248579692,2.359688737839414,1744.7556476848545,0.3448413001381176,-0.826059840328353,8.131166001476231,30.0
1228,40.93333333333357,track,1,324.5016602699556,231.35189098279358,324.50128750898955,231.33144398747015,1,0.020450392868939925,9.767571478159384,2.23129948925055,1065.7600909554108,0.1778691240014477,-0.5863002524210664,7.799681001415593,30.0
1229,40.9666666666669,track,1,329.24472865537507,247.49001901140684,329.2332908918596,247.47828242074604,1,0.01638810527714617,11.881850388644729,1.788225365988595,1296.5434720792896,0.4560462781456739,0.22258017187334617,9.593370999937179,30.0
1230,41.000000000000234,track,1,319.0,225.71415008846503,319.00137142648623,225.7280977671005,1,0.014014940239816054,14.306797418474886,1.5291410665816563,1560.9862306727866,-0.03695824610655418,-0.8999094813561552,25.723684000695357,30.0
1231,41.033333333333566,track,1,310.1868108108108,244.38607567567567,310.1758527533632,244.36544900749755,1,0.023356764826402622,10.750396000178922,2.548508021836789,1173.1278920674768,-0.499036093706532,0.043868172114603005,8.127512001010473,30.0
1232,41.0666666666669,track,1,315.8593770195166,239.20679850071087,315.86832528976186,239.1970253603988,1,0.013250879666691993,4.208978995322275,1.4458940940521081,459.31195041524495,-0.23935566823646237,-0.21649582886591873,8.145035000779899,30.0
1233,41.10000000000023,track,1,325.9890490653206,232.2600846986354,326.0207113957782,232.27979989696757,1,0.03729868918988024,9.790324577975728,4.070104667612608,1068.2742177847717,0.27426549000268596,-0.5887748904070569,6.749331998435082,30.0
1234,41.13333333333356,track,1,322.8054544676114,248.56946525666825,322.8517240111338,248.6185779438283,1,0.06747537845652986,9.078117404479903,7.3627129991582425,990.5123477443198,0.12753158159281747,0.2367589785115216,8.432714999798918,30.0
1235,41.16666666666689,track,1,315.55480781674646,227.9399508217937,315.58762711907093,227.95286952386266,1,0.035270376638355236,12.82974618413924,3.8488674354151082,1399.8565549573982,-0.24594107786847422,-0.8163545725008009,8.863480001309654,30.0
1236,41.20000000000022,track,1,317.65049713769207,234.32815391899453,317.67497057729327,234.31653081015838,1,0.027093281545989684,6.140650116097719,2.9565221147098866,670.0110706915756,-0.1579930050762819,-0.5118244296073101,7.148601998778759,30.0
1237,41.233333333333555,track,1,337.5164171376796,253.5505889459378,337.5476000096619,253.5810608244234,1,0.04359939086164216,22.189264954382192,4.75744761421361,2421.290928814818,0.8742955924655451,0.4765484302252446,6.755017999239499,30.0
1238,41.266666666666886,track,1,330.86370089919546,226.65718711009765,330.8751571235896,226.67750878036304,1,0.02332842385896889,17.1976107282397,2.5454218832720086,1876.5282303555082,0.5777468881917885,-0.8961092492639189,7.456489998730831,30.0
1239,41.30000000000022,track,1,313.4840391160126,245.33498470684532,313.46594766244357,245.31782815672932,1,0.02493286794820354,8.424555552338047,2.720629006666554,919.2845123380172,-0.29143809369945445,0.06804481622652048,8.390127999518882,30.0
1240,41.33333333333355,track,1,309.3865466603505,243.61552043408983,309.3658557713609,243.63694411096458,1,0.02978400271983137,11.238878322224977,3.2499476341496254,1226.446179286407,-0.53129379807841,0.0022115184963737156,6.8822810007986845,30.0
1241,41.36666666666688,track,1,317.2931738999527,222.3303367886791,317.2733400309571,222.3108482259944,1,0.027806230144514544,17.898065958940556,3.0341472970546604,1952.827873756124,-0.16362665937100132,-1.0998488160020463,6.224734999705106,30.0
1242,41.40000000000021,track,1,322.22511940105846,243.66335355621533,322.2082747745104,243.672718250343,1,0.01927275122155779,4.2854797661570565,2.1030968292467827,467.6021949666302,0.0768806601941939,-0.023328428465868634,7.818365000275662,30.0
1243,41.43333333333354,track,1,303.02468818310405,235.12995585272813,303.01479910122873,235.11624131493727,1,0.01690805982818942,17.67337399778395,1.8449113578072744,1928.6208681863877,-0.9346681872717613,-0.45692560435752094,9.71944400043867,30.0
1244,41.466666666666875,track,1,313.9935486609227,229.01392131064046,313.9578889956184,228.97812481210588,1,0.0505272306479536,12.569361083475371,5.513403694777313,1371.473416159543,-0.4228515938588368,-0.7969997016232359,9.252563999325503,30.0
1245,41.500000000000206,track,1,317.07707789149146,251.46760587504818,317.03150523067666,251.40199514419578,1,0.07988513889783595,11.782081923996463,8.716602284462633,1285.5332727401617,-0.298792450857707,0.3428918795259408,7.833702000425546,30.0
1246,41.53333333333354,track,1,332.0,229.70241529254747,331.97694079488303,229.6938632374647,1,0.024593994933008033,15.800745734686538,2.6838162259547684,1724.1622730079614,0.4641030959285453,-0.7785354132946009,6.09321599949908,30.0
1247,41.56666666666687,track,1,324.970427681066,237.8507629486353,324.95997291532615,237.84805894861006,1,0.010798784320993238,5.406679351452813,1.1784298402165883,590.0002036468595,0.13632427090647475,-0.38578046563731694,6.959140000617481,30.0
1248,41.6000000000002,track,1,312.546875676612,249.80461611743817,312.5713236036996,249.81474991873176,1,0.026464978132247328,12.309124622335883,2.8879763382222103,1343.1102142446853,-0.4997988128376319,0.2404782582736847,6.300786999418051,30.0
1249,41.63333333333353,track,1,315.24030037546936,227.70998230546803,315.22787301115454,227.72447849539208,1,0.01909394946382739,13.17048306660613,2.083457037878073,1437.0377073975778,-0.3900659360192144,-0.8764443914897211,7.167766001657583,30.0
1250,41.66666666666686,track,1,321.9377727842358,245.35262088933064,321.94110669923134,245.33312127347483,1,0.019782568279209784,5.675392297928892,2.1584467605213087,619.2435402302585,-0.059466134481213684,0.0336492480440454,6.691460999718402,30.0
1251,41.700000000000195,track,1,319.0291072898168,241.46571663706848,319.02752585521,241.4389226441524,1,0.026840622045748466,1.736722297357747,2.928528486248192,189.50086910733086,-0.20665346318032607,-0.14240765123067473,9.826599000007263,30.0
1252,41.733333333333526,track,1,306.02902431650324,222.49168574266832,306.0257098634695,222.4811668197966,1,0.011028750486517391,22.40960287054924,1.2033375781644153,2445.231270500043,-0.896639025412372,-1.1284852239935526,8.90706900099758,30.0
1253,41.76666666666686,track,1,305.0,249.66826486976805,304.99871481907496,249.68527979201963,1,0.017063389734670538,17.8561810510855,1.8617494967740238,1948.4943307626324,-1.011207030367781,0.24995973473902072,7.0438219991046935,30.0
1254,41.80000000000019,track,1,323.0577940227908,235.1155880455816,323.0558768849686,235.11164537213733,1,0.004384072458056294,5.764927970394058,0.4783535489281043,629.0311399985228,-0.1269664907490299,-0.5041249197077288,6.5377999999327585,30.0
1255,41.83333333333352,track,1,324.19056660769,233.71415008846503,324.17950053641584,233.7309732008547,1,0.020136410899665044,7.534515362138589,2.1971601385493438,822.1207420788448,-0.06308815623420927,-0.5910123136328937,6.430644998545176,30.0
1256,41.86666666666685,track,1,310.5183341270185,251.02493614442184,310.5394389999623,251.02501351901878,1,0.02110501477853011,14.52766800040467,2.3031313665000614,1585.2030816572694,-0.7661847078974799,0.3017377732986945,7.280706999154063,30.0
1257,41.90000000000018,track,1,309.65102994633895,234.51666089665918,309.6690912889019,234.53562176094715,1,0.026186379469536628,11.687048572521519,2.8573808992821785,1275.3270303143454,-0.8493904119607509,-0.5202872450052869,6.071018000511685,30.0
1258,41.933333333333515,track,1,322.1943403540509,241.91730197699962,322.1851537403601,241.92008518625926,1,0.009598964782057408,2.908887070943437,1.0474943936729766,317.4147018731727,-0.2303867960238426,-0.14360836468147908,6.129323999630287,30.0
1259,41.966666666666846,track,1,327.71831715210357,242.94614886731392,327.73517146802885,242.95053803275812,1,0.01741645022976481,8.278801381997262,1.900589018342809,903.423465992669,0.0723379081666915,-0.07317951979269385,6.58926400137716,30.0
1260,42.00000000000018,track,1,308.9669435716438,225.83884991176345,308.967320674274,225.84620600594462,1,0.007365753728982964,17.945748731397643,0.8036605050321654,1958.153945415563,-0.8774579207145423,-0.9544366153115535,19.494260001010844,30.0
1261,42.03333333333351,track,1,306.735046789426,253.49833973004442,306.75092223700096,253.4988683899245,1,0.01588424744751792,18.914478829153563,1.7334009725059405,2063.898183975098,-1.0237251917808623,0.45565606799203684,6.7778440006804885,30.0
1262,42.06666666666684,track,1,315.2358925723154,237.83446135276114,315.2252340721109,237.84235089591152,1,0.013260788729599859,5.2396411444396325,1.4470241179135073,571.77114307712,-0.6260542546886119,-0.3505659152683375,6.885714999953052,30.0
1263,42.10000000000017,track,1,329.3986331588736,229.73009213201263,329.3778883574622,229.74448071075437,1,0.025246345949587443,13.896778977054877,2.7549029570124457,1516.371454854011,0.10496804551568223,-0.7779548509858104,7.835460999558563,30.0
1264,42.1333333333335,track,1,315.61810870411205,255.18679465559734,315.639709752562,255.17800688943748,1,0.023320165698756848,15.79189742170695,2.5447996999899005,1723.0440976114028,-0.5748459804855539,0.5280823327425561,7.551319999038242,30.0
1265,42.166666666666835,track,1,315.85463984425695,239.40700843608047,315.8645001414234,239.38307692505055,1,0.025883250962462894,4.18126214924302,2.824142474233624,456.28848935479107,-0.569514657434485,-0.271905704692044,7.304908000151045,30.0
1266,42.200000000000166,track,1,321.2358925723154,240.77238436004654,321.2238266255697,240.7857662516726,1,0.01801838212385863,1.4543659139710836,1.9661064720176304,158.70294163211327,-0.29228717971353113,-0.1921574251621767,5.856693000168889,30.0
1267,42.2333333333335,track,1,329.8262443438914,252.21926308985132,329.8337872817041,252.20967120149203,1,0.012202468321738984,15.677354469117187,1.3314753983452257,1710.6428861196537,0.1775607131802326,0.42376697321445156,8.421381000516703,30.0
1268,42.26666666666683,track,1,327.49001901140684,232.0788109229174,327.4772293132802,232.07278286578799,1,0.014139089465958526,10.897234956461254,1.5429110912063941,1189.0745504577246,0.11024389140245827,-0.5777301663129941,6.193048000568524,30.0
1269,42.30000000000016,track,1,307.1074518920315,243.16944336820353,307.10377881563943,243.16090938002185,1,0.009290879639044942,13.277946714182146,1.013736433902325,1448.9722546894545,-0.915433308813383,-0.0033722797571265895,6.830439999248483,30.0
1270,42.33333333333349,track,1,308.0,248.67243985660605,308.0014522278043,248.69007089394665,1,0.017690744566055804,14.814941133311375,1.930200990521376,1616.6157940069413,-0.8910781063565738,0.30581891383592064,5.534973000976606,30.0
1271,42.36666666666682,track,1,325.1663129628828,225.46151847199965,325.15673687211483,225.43341490080752,1,0.029690271607840425,15.452421707300285,3.239498841724692,1686.0147157848976,-0.02632736327626467,-0.8758279565950791,6.406483998944168,30.0
1272,42.400000000000155,track,1,320.68496049052203,252.2528606589231,320.7020798611695,252.23759598359663,1,0.022936502876179623,12.25771885748732,2.5028008680486358,1337.4152519643874,-0.2352849589698719,0.5083417988085703,8.606300001702039,30.0
1273,42.433333333333486,track,1,311.6716456682686,240.55526691778152,311.69006631740933,240.58233451036563,1,0.03274102752000382,8.330312796709237,3.572507438245118,909.0643755124956,-0.6976390758045111,-0.07252510199720213,8.336855000379728,30.0
1274,42.46666666666682,track,1,308.67243985660605,228.02073165464518,308.6900045510416,228.01900380561142,1,0.017649474578543777,16.476051312903003,1.926033790739003,1797.8177867551397,-0.8820262619262432,-0.728214131231276,5.716468000173336,30.0
1275,42.50000000000015,track,1,322.05400960747824,257.42376768944473,322.05085632460737,257.40067664062997,1,0.02330535835874399,17.521117521891902,2.5428001653933876,1911.6965333172666,-0.2184847389731982,0.7723214966614836,5.118839999340707,30.0
1276,42.53333333333348,track,1,327.04147764095916,239.34426441996112,327.0375422319664,239.32652165298987,1,0.01817397105027555,7.069694035147666,1.9829416848439245,771.4959643183939,0.05758544312860103,-0.16212669826871146,9.857182998530334,30.0
1277,42.56666666666681,track,1,323.67619459459456,242.38607567567567,323.6952189315026,242.36587526124765,1,0.027748551995636358,4.387711100735659,3.027841856793978,478.7947437805058,-0.08272171619632454,-0.0006370758372834517,8.864260000336799,30.0
1278,42.60000000000014,track,1,322.0165125779402,252.8844119544184,322.0167871480039,252.88992028253313,1,0.005515167027334653,13.046741941588813,0.6017479331539324,1423.509091593955,-0.1444272735583197,0.5655905265868963,6.951864999791724,30.0
1279,42.633333333333475,track,1,321.04946966118433,226.99587752823464,321.04704551916257,226.9941415611611,1,0.002981618054373893,13.047936926974923,0.3253562179613704,1423.6350557598598,-0.1758660530358754,-0.742368463185849,5.965217000266421,30.0
1280,42.666666666666806,track,1,329.4783154975954,244.0166370607859,329.45085856803996,244.01691378442194,1,0.027458323994446452,10.269095579678543,2.9964521092821608,1120.6088022240529,0.2840904166038805,0.14111238601218565,7.059448000291013,30.0
1281,42.70000000000014,track,1,319.643199792558,240.7469207830935,319.66451085713084,240.75996397979304,1,0.024985724991905857,0.8307215030116688,2.7264952395509763,90.64099534629636,-0.16467362806122,-0.01707153322775412,5.427150999821606,30.0
1282,42.73333333333347,track,1,314.1492421298096,225.31921233320378,314.1428123374385,225.30208193045576,1,0.01829734757402494,15.821992380654779,1.9964250097328864,1726.3463970795074,-0.4614501544384645,-0.8300229234544588,5.4239709988905815,30.0
1283,42.7666666666668,track,1,313.6974746384632,254.9917116339305,313.7124529530099,254.99287822561269,1,0.01502367607524831,16.25791023951617,1.6394901860841309,1773.9134886660827,-0.50129952103722,0.668394018382576,5.844194000019343,30.0
1284,42.80000000000013,track,1,325.4111971617704,239.98753947994635,325.38969565517505,239.98868789616927,1,0.021532153763426303,5.38970752630473,2.3497460538891666,588.1647259480129,0.09480079211571432,-0.11841092196378476,5.003878999559674,30.0
1285,42.833333333333464,track,1,333.273847084756,238.6390197519125,333.2573894227654,238.66033345693324,1,0.02692821308419918,13.324904530744853,2.9382741899989067,1454.1086114661468,0.5359592838789818,-0.19099422079684653,8.675817000039387,30.0
1286,42.866666666666795,track,1,323.95850443051654,256.48835098335854,323.9607405343937,256.4738302762771,1,0.01469187172195079,16.94327446370311,1.6030023492176302,1848.6627568687459,0.10706926323330591,0.743325900153625,8.860023999659461,30.0
1287,42.90000000000013,track,1,321.6222923602404,226.09131393488693,321.64143833575565,226.08756159174004,1,0.019510214184428852,14.00893508706908,2.1290823225625224,1528.4895218888478,0.00925825563928695,-0.7985783626667922,7.209090999822365,30.0
1288,42.93333333333346,track,1,322.5166392946668,239.4833607053332,322.5380600161276,239.46202297383934,1,0.030234848985992265,2.5944494456709384,3.299158279049122,283.12336322738656,0.07062567644736958,-0.10103702925106668,6.024250000336906,30.0
1289,42.96666666666679,track,1,332.9379015912717,241.74746647117166,332.93924904680887,241.76256654817382,1,0.015160077898735495,13.058744454658939,1.654086440061773,1425.0613114456035,0.6366471110302035,0.011803290581570994,8.52710599974671,30.0
1290,43.00000000000012,track,1,316.3818912958879,218.66376961992475,316.3600970466373,218.6824393078872,1,0.028697500745055518,21.626078871857736,3.131437154139558,2359.585860822197,-0.17632008440438876,-1.2027464719289285,19.44737499979965,30.0
1291,43.03333333333345,track,1,310.1735910793473,243.0909286606105,310.16429857651985,243.08807906561594,1,0.009719609067829182,10.309086031620106,1.0606583808783092,1124.985386044768,-0.5135955379181795,0.01955606985255323,4.613994000465027,30.0
1292,43.066666666666784,track,1,316.2234193854243,238.16549584105502,316.2110420057393,238.15696677472818,1,0.015031450371620802,4.2134278386757895,1.640248953822666,459.78477515418905,-0.23594432050010233,-0.23849347239744736,9.458216998609714,30.0
1293,43.100000000000115,track,1,325.98757549611736,229.49667817083693,325.9899667572274,229.49244265961386,1,0.004863916633462157,12.094976767823587,0.530714130313183,1319.7155864215742,0.2585906761445572,-0.7110280951827923,8.669064000059734,30.0
1294,43.13333333333345,track,1,320.84287375629924,248.8056596459491,320.852443002806,248.81390925551318,1,0.012634339581752306,8.855035597751929,1.3786472254048272,966.1565732564723,0.007507627963508845,0.2560154805407684,6.94203899911372,30.0
1295,43.16666666666678,track,1,316.55107166053256,233.71318467200692,316.5769689993667,233.72980189668567,1,0.030770185483938898,7.14370530509924,3.3576946019175646,779.4671063543536,-0.2190294289582364,-0.5195714342279023,6.569293998836656,30.0
1296,43.20000000000011,track,1,320.0539442403285,235.63483898854548,320.0506276000609,235.65434325550564,1,0.019784249602086138,4.345951644330304,2.1586303396625155,474.17809632743,-0.056268299790632505,-0.4467456745946642,7.7050919990142575,30.0
1297,43.23333333333344,track,1,336.2732329984044,250.50166026995558,336.26054786847124,250.50193113154955,1,0.01268802141488641,19.357065234034163,1.384605523705039,2112.272631850548,0.7965727684422796,0.3167706328359471,7.522253999923123,30.0
1298,43.26666666666677,track,1,326.98755132915494,220.63483898854548,326.9880718024398,220.65454756396184,1,0.0197154466696182,20.56890073560249,2.151103226155838,2244.27404517347,0.37087523043806475,-1.214157345204553,6.056948001059936,30.0
1299,43.300000000000104,track,1,318.4699155295647,239.40753736192332,318.4425964273529,239.38348491251736,1,0.03639853936744786,1.6749915645123976,3.971769712861235,182.78307872552307,-0.04766429752659032,-0.24825771607373956,6.029779000527924,30.0
1300,43.333333333333435,track,1,307.05772452003606,236.98350727998968,307.0536067183623,236.98302770926875,1,0.004145633691112569,13.293277278604934,0.4524002236553988,1450.6465502045614,-0.6555546658475226,-0.3814723703935142,5.582236999543966,30.0
1301,43.36666666666677,track,1,319.7433044378315,227.10764652607065,319.7582510789955,227.10170915691924,1,0.01608273715898953,12.90055615907732,1.7550228978344613,1407.5531240863538,-0.03134427766033207,-0.9159200914807493,7.400676999168354,30.0
1302,43.4000000000001,track,1,319.3784275503574,250.46991552956464,319.35669770892946,250.44477808972147,1,0.03322765249536679,10.464570090606792,3.625675017788192,1141.7686529129878,-0.07183133399213719,0.2612848219953251,6.075441999200848,30.0
1303,43.43333333333343,track,1,310.5083142573317,233.39804776918757,310.5165672399813,233.3750518000037,1,0.024432075665433522,11.568294410431891,2.6657868863775738,1262.3436830542782,-0.549675602506196,-0.622096447513274,6.7507569983717985,30.0
1304,43.46666666666676,track,1,315.3451891002036,231.47411514967726,315.3236576795092,231.44584426140875,1,0.035536533322885776,9.748936244456969,3.8775690658086326,1063.7301138723637,-0.3428401160202482,-0.7461889307548537,6.615443000555388,30.0
1305,43.50000000000009,track,1,318.2328583185342,252.53428336293152,318.22120309467186,252.5602462639265,1,0.02845903145500727,12.685578608833126,3.1051950837851767,1384.1021487604487,-0.22017916010262434,0.3329147186157141,5.668089999744552,30.0
1306,43.533333333333424,track,1,334.53428336293155,232.98336726296185,334.5597269401778,232.98435905393478,1,0.025462899921676795,16.161833635347406,2.77869175308463,1763.638059898814,0.6232399230046914,-0.6590731578544649,6.450188999224338,30.0
1307,43.566666666666755,track,1,318.8087069525666,239.53008447043536,318.81793017658424,239.5576147762995,1,0.029034214338477304,1.2621385635415454,3.167922044476624,137.7308972920379,-0.15076923799678205,-0.30858759848400447,5.390423000790179,30.0
1308,43.60000000000009,track,1,312.4850110308431,249.38205649521996,312.46627893392747,249.35979821235026,1,0.029091624416050985,12.01510614507005,3.174360300218766,1311.0351664820703,-0.48978964137964925,0.1954165745145202,4.7282120012823725,30.0
1309,43.63333333333342,track,1,312.8844119544184,225.0577940227908,312.89009544828684,225.0549395472484,1,0.006360041916118096,16.55009289009796,0.6940288860376054,1805.804934476581,-0.5021884858269905,-1.036815611891809,5.343527998775244,30.0
1310,43.66666666666675,track,1,325.33690048091506,241.47831549759542,325.31608129700635,241.45183060799843,1,0.033688095754871424,5.5107651438526934,3.675889465951255,601.3680063822662,0.12080691332101318,-0.1903109568981731,4.591269998854841,30.0
1311,43.70000000000008,track,1,320.863536506569,242.8015076459186,320.8705397601939,242.81018353665888,1,0.011149737282624394,2.941933205187882,1.2166108252138483,320.993453707387,-0.09578665743877846,-0.10684505225128521,5.963886000245111,30.0
1312,43.73333333333341,track,1,297.2109526476798,221.09513550777714,297.19876928580504,221.08845607037006,1,0.013894214286753869,29.623345791525146,1.5161617112296513,3232.473401272186,-1.340069403920031,-1.2310715457942076,8.076326999798766,30.0
1313,43.766666666666744,track,1,305.3233858777802,251.85903692507017,305.3047727722425,251.86607021058217,1,0.019897607968087566,18.88791480068384,2.1713173313984595,2061.041604013128,-0.9780581672247156,0.342506937862982,6.338405999485985,30.0
1314,43.800000000000075,track,1,322.5083142573317,232.78439079169007,322.5180169107589,232.79538910382632,1,0.014666436287490153,7.631960909761802,1.600349457122108,832.7239650320605,-0.14238013654822693,-0.6448498811557747,6.39457599936577,30.0
1315,43.83333333333341,track,1,323.9130472288117,230.7391416864352,323.91866024748674,230.7547431526017,1,0.016580462152495336,10.041447719806053,1.8090963622030964,1095.6315719073998,-0.06569508993231132,-0.7746331110149021,6.260185999053647,30.0
1316,43.86666666666674,track,1,314.4950153208752,257.1615812869535,314.49115411363323,257.15483888356175,1,0.007769744195434657,18.01765467869507,0.8477761411274769,1965.9005270608004,-0.5481987028862421,0.5861886273938026,6.774068999220617,30.0
1317,43.90000000000007,track,1,314.47411514967723,231.3950959580644,314.44859647855674,231.3718279243808,1,0.03453409861653765,10.259796997230874,3.7683079074671477,1119.48380137726,-0.5714547836451829,-0.735313410186508,6.5084390007541515,30.0
1318,43.9333333333334,track,1,322.714126950203,243.92340243641803,322.75618722797526,243.95508630805932,1,0.05265866204585475,4.820713198257315,5.746131847042552,526.0089283883058,-0.15858954276581352,-0.09893507533196555,5.64627000130713,30.0
1319,43.96666666666673,track,1,326.9779427359491,248.96572640509015,327.01518383092275,249.00232598624007,1,0.05221521325422978,11.412917126842427,5.697604369892236,1245.3236425872944,0.0811739471560382,0.19339042017237706,6.365728000673698,30.0
1320,44.000000000000064,track,1,311.4647929888184,231.94037905279973,311.44624693207015,231.95279234872476,1,0.022316947296406205,11.744115229759204,2.435254511546585,1281.4971565304736,-0.7002658044391479,-0.6551280987584936,19.400310000492027,30.0
1321,44.033333333333395,track,1,308.47771167442664,250.55061217451285,308.46205231111924,250.57928557893638,1,0.03267077869333081,15.653929865437629,3.5647793028629433,1708.1323931497525,-0.8848015281427168,0.30552757466892844,6.649520999417291,30.0
1322,44.06666666666673,track,1,312.58429919427806,240.8366151062088,312.60985183942864,240.84938579101402,1,0.028566204938455683,7.4388000414833515,3.117243311529526,811.7748828374873,-0.7107001887875419,-0.16132464303897281,6.790786999772536,30.0
1323,44.10000000000006,track,1,319.16700313560415,230.73609381040333,319.1617188423445,230.75225305970957,1,0.017001326224599007,9.28566307653531,1.8550109173601081,1013.1413091485751,-0.39067646914041687,-0.6789105479838459,6.139806999271968,30.0
1324,44.13333333333339,track,1,318.6406196213425,261.50890705679865,318.65785561419943,261.5217497235536,1,0.021494500206864164,21.5635586746626,2.3454817603957503,2352.754180269334,-0.41708848856934383,0.9140760163969348,7.306473999051377,30.0
1325,44.16666666666672,track,1,316.3813613914537,240.50474554434186,316.36107833898234,240.50390987729918,1,0.020300260022043697,3.6736461478295936,2.2153136744407007,400.8941075855796,-0.5349049110709853,-0.15551161636485944,6.296352001299965,30.0
1326,44.20000000000005,track,1,316.9219077792525,244.10686303891768,316.9221794803867,244.0999577434917,1,0.006910638640994814,5.126659014345516,0.7540060151823258,559.3953325654609,-0.5133328395463179,0.04991021288305289,6.3953489989216905,30.0
1327,44.233333333333384,track,1,330.1858944016524,250.65919359697062,330.1698422154417,250.6704952657791,1,0.01963161735565655,14.740595642781672,2.1422184177572503,1608.4517297221773,0.1822353974257785,0.42377046973906646,7.078648999595316,30.0
1328,44.266666666666715,track,1,321.462089500712,230.0186423855349,321.4291501044265,230.00618292233014,1,0.035217070448899164,10.095486605553399,3.843059558425201,1101.5018979555505,-0.22354800909669598,-0.6097404965364731,7.200244999694405,30.0
1329,44.30000000000005,track,1,315.12302420218464,240.55690726065538,315.0826767730081,240.5508122807314,1,0.040805193559538676,4.948076584625466,4.452945966829485,539.969513965727,-0.5367955415771786,-0.0718746008018381,9.706988999823807,30.0
1330,44.33333333333338,track,1,308.98673412985244,246.12551554062674,308.944103157349,246.0770329444823,1,0.06455975484381041,12.615989236031549,7.044525275384924,1376.692513277452,-0.8669298171834318,0.22662912706914645,7.401167000352871,30.0
1331,44.36666666666671,track,1,316.01237166544956,225.23918553202458,315.9883958893488,225.2038778025319,1,0.042678725397578735,15.330303311513497,4.656839634456513,1672.6776388203878,-0.5318880044618474,-0.8477431692012182,6.840461999672698,30.0
1332,44.40000000000004,track,1,322.0970094506538,251.3252060587753,322.0873526258322,251.3031195171527,1,0.024105385010033672,11.494239940231237,2.630161516515079,1254.120302792798,-0.2196244857762537,0.48442596950411104,6.691107000733609,30.0
1333,44.43333333333337,track,1,316.9958690132966,234.14871552132192,316.9979679846797,234.14095425227117,1,0.008040085705081279,6.5833588156037335,0.8772480041911803,718.3235898049214,-0.4711970599056662,-0.398800406692957,8.271544000308495,30.0
1334,44.466666666666704,track,1,307.52588485032277,230.98752328553482,307.5517362594667,230.9891661125978,1,0.025903556425415815,15.367315884702595,2.826779035411033,1676.8912409031484,-0.9739084211222733,-0.5927284148908486,7.363991000602255,30.0
1335,44.500000000000036,track,1,321.92100476396706,256.5200086617583,321.9273691690521,256.54377320889535,1,0.024602019281245363,16.65566521941336,2.684300462581972,1817.2687559554465,-0.2596522066959938,0.7102630948452383,7.130519999918761,30.0
1336,44.53333333333337,track,1,333.8098109307033,236.12817089452602,333.8207999098378,236.1196264052868,1,0.01391998415147584,14.355201474807636,1.5189465501861243,1566.5242537356514,0.3817669279214654,-0.33844712525283766,6.668005000392441,30.0
1337,44.5666666666667,track,1,327.4699155295647,241.09148797920727,327.4432861942322,241.08476715866595,1,0.027464357429182306,7.521916588062372,2.9970801302042633,820.8440166241173,0.11601578741682694,-0.0936889135521287,7.117949000530643,30.0
1338,44.60000000000003,track,1,314.987557782866,253.65991273167148,314.9900666542926,253.67834579619432,1,0.01860301866736318,14.566968656817306,2.029740284966055,1589.404999372507,-0.49589298792177666,0.5717233069829262,6.570969000676996,30.0
1339,44.63333333333336,track,1,319.11972648690494,229.08256999096892,319.11503685951845,229.08021275726037,1,0.005248728968120042,10.955588217284827,0.5727591162242258,1195.3432083181647,-0.28452141304380474,-0.6673309136696702,7.1686970004520845,30.0
1340,44.66666666666669,track,1,327.0289567802818,245.2151075106649,327.0284022895388,245.20417289240265,1,0.010948668253491224,8.74539045655555,1.1945871480540293,954.3014033947072,0.14049261418619668,0.17059384761162044,6.231510998986778,30.0
1341,44.700000000000024,track,1,322.5804232117357,242.39465143450605,322.6057718298795,242.37412390815769,1,0.032617967131338875,3.525125694309259,3.559263246139941,384.65678422664695,-0.05332300321227566,0.040723369226635484,6.506125000669272,30.0
1342,44.733333333333356,track,1,317.8595706234135,231.0,317.86632269396955,230.99826666320917,1,0.006971005180337859,9.251150302149501,0.7607189557967097,1009.3837716519962,-0.27966967402295073,-0.5520598002462407,6.022877998475451,30.0
1343,44.76666666666669,track,1,312.5183341270185,249.90856747045325,312.54008436926404,249.9149344598967,1,0.022663000514352095,12.407911450431365,2.473117180910063,1353.8886632905137,-0.5605130725189458,0.4043624473417348,5.20162800057733,30.0
1344,44.80000000000002,track,1,325.4157824072069,236.46151847199965,325.39303246231725,236.43617554595926,1,0.03405618729058207,6.464181609362972,3.7160965719991146,705.3811341641994,0.09477392627549341,-0.2769009105758993,5.163600000742008,30.0
1345,44.83333333333335,track,1,332.3233858777802,231.75538760526885,332.3042098091671,231.76995844936994,1,0.02408383493699012,14.802944401473015,2.628028551793685,1615.3167447453723,0.4865517688735179,-0.5417819029548294,5.33108800118498,30.0
1346,44.86666666666668,track,1,319.5426789658309,252.08730674288682,319.5684539589,252.08391359716097,1,0.02599737882232628,12.091616922861926,2.837015350207436,1319.291751646291,-0.1047674586142309,0.49202705753185605,5.691790000128094,30.0
1347,44.90000000000001,track,1,323.7391416864352,232.25257709726117,323.7521676165146,232.24058951875338,1,0.01770245443193345,8.619003007245142,1.9316638593518045,940.4336474862891,0.10051843288009309,-0.5229449500221242,6.723479000356747,30.0
1348,44.933333333333344,track,1,326.1283367113718,234.49833973004442,326.12085925059955,234.49973655741508,1,0.00760680920647688,8.229083539707581,0.8301057920984173,897.9469775276418,0.24854502273336204,-0.43821074253125447,6.538567999086808,30.0
1349,44.966666666666676,track,1,331.9460557596715,249.48835098335854,331.94934295954624,249.47277431604743,1,0.015919743953267732,15.248614704543666,1.7369818102161085,1663.926065964366,0.5871962118904874,0.3256643252558831,5.326120000972878,30.0
1350,45.00000000000001,track,1,318.3233858777802,220.1782768300583,318.306062539924,220.16955364962382,1,0.019395667335041365,19.902663805978246,2.116516383946531,2171.539356237145,-0.07437350538932341,-1.1832197948580576,17.719389999911073,30.0
1351,45.03333333333334,track,1,308.43634474698064,246.6883251807281,308.4108019264339,246.7048035678331,1,0.03039692292097939,13.38894704118196,3.316956978416395,1461.0348758575128,-0.5970797359426906,0.18309899787172623,5.929142998866155,30.0
1352,45.06666666666667,track,1,316.5049846791248,237.90056536187475,316.5093131864588,237.90690842200593,1,0.007679217900833392,4.070126138598159,0.8379113368062946,444.14139441706624,-0.21991465407756308,-0.2585477697450418,4.938059999403777,30.0
1353,45.1,track,1,324.92932005197054,221.47999133824166,324.93396035386127,221.45589152702973,1,0.02454247954236868,19.189265849186686,2.6777863437757263,2093.7240952960524,0.2048261030621524,-1.1365858914808697,4.628591999789933,30.0
1354,45.13333333333333,track,1,328.82955874074395,251.45312432338804,328.839620392091,251.42885928914575,1,0.02626839764067695,14.448450205034577,2.8661628210076606,1576.5452064008543,0.425997468234952,0.36522977933275114,5.278553000607644,30.0
1355,45.166666666666664,track,1,312.84299548095544,231.96694641704326,312.85182675789576,231.96668211019448,1,0.008835231208466954,10.753165906736692,0.9641647598916269,1173.3481372418053,-0.38328541945621497,-0.6695122534551594,5.442189998575486,30.0
1356,45.199999999999996,track,1,320.9916886714861,239.56365525301936,320.9923674471328,239.58850413613334,1,0.02485815215156881,1.0743007009716594,2.7122237657154913,117.2325895297856,0.013180617416966137,-0.2797618815525068,6.575336999958381,30.0
1357,45.23333333333333,track,1,327.0290356031801,258.50998098859316,327.02881066125315,258.52267536963325,1,0.012696373846950822,19.81145330763405,1.385270095273151,2161.6331873681834,0.3301025179446693,0.6966039180473742,6.456683000578778,30.0
1358,45.26666666666666,track,1,326.546875676612,227.87112977958688,326.5743500995213,227.8768562245,1,0.028064854988827177,13.791036735232082,3.0626183736687853,1504.772189764056,0.3297574520572926,-0.8482784073793945,5.086281000330928,30.0
1359,45.29999999999999,track,1,317.6515577064339,241.2239986172925,317.67029668182647,241.21334468489363,1,0.021555868674756437,2.626732356953857,2.352233671562613,286.63760569433214,-0.11431291975347768,-0.14126597826251136,6.123892999312375,30.0
1360,45.33333333333332,track,1,304.50332182916304,241.14081104400344,304.506567725619,241.13235041921087,1,0.009061899121238939,15.53475655144676,0.9887466250692875,1695.2644395371328,-0.8204549923766972,-0.13600955989814117,5.804913000247325,30.0
1361,45.36666666666665,track,1,322.5804232117357,221.29079579384654,322.60543727965853,221.2744460149496,1,0.029883421223589404,18.90594286104957,3.2609167698818404,2062.7937771118045,0.0610538135860257,-1.1729020000967632,7.088750000548316,30.0
1362,45.399999999999984,track,1,317.6222923602404,247.36525573954776,317.6424858388765,247.34528997177813,1,0.028397331953144554,7.714347528430529,3.098652875529135,841.7108584765792,-0.20331224263951633,0.1432237586765887,5.730568000217318,30.0
1363,45.433333333333316,track,1,311.750616963242,240.55526691778152,311.7638397319521,240.58151685545215,1,0.029392190120371697,8.256663842869346,3.2070371718749793,901.0272580996044,-0.53127414214107,-0.2065276446373141,4.95309600046312,30.0
1364,45.46666666666665,track,1,315.1528728211749,230.84299548095547,315.1465888665887,230.85078272051692,1,0.010006457176719247,10.35682270086308,1.091860343829746,1130.0559201555343,-0.3954553975466104,-0.7115877280792002,4.996865000066464,30.0
1365,45.49999999999998,track,1,319.6222923602404,250.06225950105926,319.6419957213583,250.0592229247768,1,0.019935978402391537,10.06559153323246,2.1755512521757674,1098.2364323050604,-0.17016613828419447,0.26830271413231455,5.795957998998347,30.0
1366,45.53333333333331,track,1,331.4933511786547,227.2238148691823,331.48463490415304,227.21273411532513,1,0.014098104384306673,17.18752476906026,1.5383178217226763,1875.4432343200554,0.42771395376694155,-0.9008693145471818,6.335822999972152,30.0
1367,45.56666666666664,track,1,329.1818886448779,242.00826766567627,329.1720199878248,242.00861623324386,1,0.009874810954202555,9.389381759706456,1.0776111546583012,1024.6301697342808,0.3501571937777293,-0.15322080554665155,8.27851300164184,30.0
1368,45.59999999999997,track,1,309.5846133875644,250.36969408506772,309.606777774178,250.35077363984158,1,0.029141778969601292,14.668250856136858,3.179920289565777,1600.56510037436,-0.6434550560953265,0.30047022579661936,5.353381000531954,30.0
1369,45.633333333333304,track,1,318.327871687346,226.37352470710303,318.3109112426306,226.3512781560995,1,0.027974376069818785,13.752840753911102,3.0524218988842766,1500.5479371479082,-0.21134496916803386,-0.9143435409862297,5.703261000235216,30.0
1370,45.666666666666636,track,1,318.07032967032967,240.78073691014868,318.06668277726703,240.79134467764982,1,0.0112171547358764,2.0890049982134093,1.2239043484465038,227.96187524891505,-0.23310202809080943,-0.17345236077050266,6.081408999307314,30.0
1371,45.69999999999997,track,1,310.2400517352878,241.15313645182152,310.2290580030526,241.14583854429122,1,0.013195514494703691,9.837898834471392,1.4399126491722332,1073.5813660613092,-0.6552926122168077,-0.14646069600909828,6.326469001578516,30.0
1372,45.7333333333333,track,1,308.5361518550475,222.50332182916307,308.5623682879577,222.5059100823454,1,0.026343887508741892,20.90125836468464,2.874824714264164,2280.612099307304,-0.7883947938490781,-1.120341200218357,6.562739001310547,30.0
1373,45.76666666666663,track,1,309.57623231055527,253.2035746743411,309.5994364368174,253.19102062097363,1,0.026382489108182406,16.798057847702292,2.878927764381655,1832.925474621992,-0.7865501829644324,0.43994311070695263,5.512709998583887,30.0
1374,45.79999999999996,track,1,327.42376768944473,231.1661834076254,327.3985752412814,231.15534899653824,1,0.02742341897117801,11.531121670242621,2.9925609463419742,1258.2291234587187,0.1047896375727212,-0.7117918472926221,5.686194999725558,30.0
1375,45.83333333333329,track,1,325.626475292897,236.07885521594397,325.6486371660843,236.0740247471589,1,0.022682196803976772,6.8789812850443095,2.4752280275551817,750.6417718704536,0.03285218271342949,-0.483727104734363,5.977529999654507,30.0
1376,45.866666666666625,track,1,311.689132593584,258.04559388627433,311.70686285179545,258.0438826009582,1,0.017812651506080614,19.858444628824618,1.9438395183124746,2166.7791022506462,-0.6764198421764491,0.6626767007942934,5.357778998586582,30.0
1377,45.899999999999956,track,1,316.92982154375403,223.1155880455816,316.9314431016454,223.10921957913104,1,0.006571667591038556,17.16725093497645,0.7170270156369345,1873.092977251698,-0.4309317949477734,-1.1218148907954015,6.766249000065727,30.0
1378,45.93333333333329,track,1,313.93375026957085,238.2608583135648,313.9369874489987,238.2478447714601,1,0.013410130825558853,6.311114730259535,1.4631674542697297,688.7060266852981,-0.5988823231351066,-0.33360556063412283,6.381185999998706,30.0
1379,45.96666666666662,track,1,327.49667817083696,253.0621225194133,327.49239044595345,253.06015874067725,1,0.004716037701376776,15.056681604068771,0.5146319388510461,1642.8753638126748,0.09446863498490748,0.44367442050817163,6.198362001669011,30.0
1380,45.99999999999995,track,1,311.1078978083258,227.3693424977305,311.1012973914843,227.34978132269794,1,0.020644734707339834,15.46657495046547,2.2525406384723916,1687.6248805010266,-0.7332575879590199,-0.8502967624178055,17.344520001643104,30.0
1381,46.03333333333328,track,1,307.8554279075771,246.9091261133342,307.8634124433697,246.91376602409957,1,0.009234802853024403,13.967709839331086,1.0077233816128737,1524.1923639030742,-0.9351838750676295,0.17159380969080307,5.505953000465524,30.0
1382,46.06666666666661,track,1,312.2112621359223,237.28168284789643,312.2004901416068,237.2666890132167,1,0.018462148843961794,8.264583654464579,2.0144888163155668,901.8747862409215,-0.752386500886101,-0.3027223289438794,6.097599998611258,30.0
1383,46.099999999999945,track,1,322.9338928340865,226.84299548095547,322.9358319362699,226.85200043728003,1,0.00921137099919378,13.471785392415768,1.0050402636609965,1469.8910018414576,-0.21725017009238382,-0.8591550988117042,6.896332999531296,30.0
1384,46.133333333333276,track,1,317.5166608966592,249.17448502683055,317.5359184062819,249.16599986964206,1,0.02104399128926024,9.49143043543905,2.29640807231892,1035.6030938580027,-0.48671107791477564,0.26619870601453566,8.198468000045978,30.0
1385,46.16666666666661,track,1,312.7641074276846,231.83446135276114,312.77713476209215,231.84304387542636,1,0.015600356953112618,10.895215255477842,1.7023325525626276,1188.847546300309,-0.7409635378542506,-0.6316514855445563,10.661812999387621,30.0
1386,46.19999999999994,track,1,316.7926297144338,239.34008726832852,316.8021582953131,239.32101727660483,1,0.02131803081700527,3.2691297170506717,2.3260503107044608,356.74889107017015,-0.5517901382763443,-0.26634704330890757,9.082349999516737,30.0
1387,46.23333333333327,track,1,335.9834489892677,248.22757639756907,335.983140916082,248.21622034865095,1,0.011360226939564403,17.97128460519504,1.2394889407612517,1961.0842725375126,0.45412502460769916,0.20184972318911587,7.764845999190584,30.0
1388,46.2666666666666,track,1,329.2067985007109,228.98345611994313,329.1974672635737,228.98433375955028,1,0.009372418993542077,14.350550748507642,1.0227842788927555,1565.8730588225226,0.16128755399292738,-0.7745519895423695,7.616677999976673,30.0
1389,46.29999999999993,track,1,318.47411514967723,247.98336438071308,318.4486964280503,247.98252869164344,1,0.0254324553546838,8.131869839419133,2.775376195630452,887.2576159493273,-0.3485926505107949,0.19739315130198215,7.4480729999777395,30.0
1390,46.333333333333265,track,1,315.97922797299634,250.48333910334082,315.9815524662316,250.46362574132456,1,0.01984993478037257,11.208719116659102,2.165788948235907,1222.9883371331987,-0.4684162566334711,0.36610052920197206,6.657691001237254,30.0
1391,46.366666666666596,track,1,313.00414955694833,225.48835098335854,313.0029794931015,225.47307294086158,1,0.015322781468927647,16.124202484324172,1.6718350465090228,1759.3366781061834,-0.6269237314501865,-0.9012413871622835,9.587081000063336,30.0
1392,46.39999999999993,track,1,318.83825117725837,249.34008726832852,318.8484254142629,249.3218664569124,1,0.02086894983669094,9.392726881317486,2.2770635145651172,1024.8240861885456,-0.3366694400858131,0.3368852401300819,9.508713999821339,30.0
1393,46.43333333333326,track,1,316.3904634156895,239.41538661243564,316.36794012391204,239.39352933499606,1,0.03138533494426995,3.6823451238305247,3.424704426776376,401.84280741181544,-0.4611963163845012,-0.14450485834715648,8.6564230005024,30.0
1394,46.46666666666659,track,1,307.6974746384632,227.0,307.7128434728852,227.00094373417494,1,0.015397782492437466,17.887137259044714,1.6803140077631311,1951.7911457623834,-0.9265448193511057,-0.7972945403405284,7.808695998392068,30.0
1395,46.49999999999992,track,1,320.0990413962086,253.91746550315952,320.0953453550377,253.92028403311645,1,0.004648099768179784,13.92061055770773,0.5072011166493721,1518.8489124698299,-0.3236784868526092,0.5694969109330756,6.130099000074551,30.0
1396,46.53333333333325,track,1,336.10374789262096,230.3693424977305,336.09950324617023,230.34922937419617,1,0.02055613684035665,18.770492227038794,2.242850915199476,2048.2759911598396,0.5295344254397403,-0.6560104508575366,7.773359999191598,30.0
1397,46.566666666666585,track,1,328.86762614728315,241.7848924893351,328.8758094897189,241.7954159789333,1,0.013330826183859362,9.055579088892836,1.4545962048646244,988.2046174340081,0.221848672801244,-0.09082533241689411,6.46901300024183,30.0
1398,46.599999999999916,track,1,313.90060396893875,251.49667817083693,313.90566007567304,251.49229443559113,1,0.006691886879926478,13.00822088171801,0.7302111684888782,1419.3554851085278,-0.5172952427646774,0.43025600843944645,6.2517100013792515,30.0
1399,46.63333333333325,track,1,318.36569845461236,225.43634474698064,318.3467104881104,225.4131465938599,1,0.029978278471151733,14.680247222112627,3.271096369364308,1601.7347522342543,-0.29514296490984493,-0.8924917648548518,7.038686999294441,30.0
1400,46.66666666666658,track,1,326.7882902360979,241.48668165700943,326.7986434315202,241.46864155613343,1,0.020799853246308852,6.955462639490968,2.269529782948036,759.0254254055596,0.15099780241752428,-0.06463386217813671,8.915181999327615,30.0
1401,46.69999999999991,track,1,316.30706721417766,240.63483898854548,316.28911676549205,240.6558174456743,1,0.027610039324862497,3.768388369343442,3.0127023416533447,411.2322055520756,-0.36509353033617253,-0.10447511003634963,9.359301999211311,30.0
1402,46.73333333333324,track,1,313.56784833138556,229.8047006882223,313.59059346743913,229.81610143612738,1,0.025442450096060075,12.032966469615074,2.7763653028410573,1312.958459109568,-0.5173338191959512,-0.673375589842306,6.018591999236378,30.0
1403,46.76666666666657,track,1,308.3552355235524,255.7915220093438,308.3677394443656,255.83263256044268,1,0.04297005291313148,19.646417979574732,4.688432795747362,2143.711824688958,-0.815085909629585,0.6532894539725961,7.336480000958545,30.0
1404,46.799999999999905,track,1,328.21172345974605,240.56321347642054,328.2400590972418,240.61897976094326,1,0.06255227287443815,8.263274766731072,6.825199306307161,901.7485855446619,0.18366386689031688,-0.12334709032718458,5.57135099916195,30.0
1405,46.833333333333236,track,1,336.0678285445125,235.9568363807648,336.0749744165722,235.9668216088013,1,0.012278773001998582,16.57321122862686,1.3397906356884932,1808.5705188130546,0.6190189648138265,-0.35927552077269076,5.962143000942888,30.0
1406,46.86666666666657,track,1,325.4496053823263,255.06831414154482,325.4303629047621,255.07151206736137,1,0.019506400804277155,16.01996620701915,2.1286693660498828,1747.9405075099487,0.1317734042983859,0.6353850811071206,4.714147000413504,30.0
1407,46.8999999999999,track,1,314.87573887906115,230.47322776890883,314.88720659730177,230.45112479640727,1,0.02490080229733413,10.831513007537895,2.7169768559629253,1181.8510602423662,-0.3941853964100083,-0.6071496771468533,4.554387998723541,30.0
1408,46.93333333333323,track,1,338.97316013591984,238.32414297389136,338.9756315594558,238.30947871577428,1,0.014871059155903622,19.05078621192928,1.6225558580724986,2078.9569512301837,0.8625517822461846,-0.20769262113238962,5.695388001186075,30.0
1409,46.96666666666656,track,1,335.61552043408983,251.89251108910037,335.6337604086011,251.89772607271846,1,0.018970838787713187,19.646128122736766,2.0702017175993586,2143.787928445344,0.7385179990568269,0.5024012046320411,6.4328099997510435,30.0
1410,46.99999999999989,track,1,320.670850045284,223.4599560098331,320.68502574195156,223.43157238274273,1,0.03172665539913733,16.582582849949212,3.4617446352299828,1809.2911327365264,0.028165810720053256,-0.9450352545219599,16.966490000413614,30.0
1411,47.033333333333225,track,1,309.9337902495797,240.57377473166946,309.93251188957925,240.59103900517948,1,0.017311537890079776,10.084822455507425,1.8888280573320022,1100.5293848658844,-0.5237750737722912,-0.061114616812270414,5.437526999230613,30.0
1412,47.066666666666556,track,1,317.3953298005256,237.05204428934556,317.37006718395617,237.04326994250107,1,0.026743017004088973,3.957120070180064,2.9183397224259444,431.78736281065807,-0.16718361190256276,-0.24825428151878104,6.582714000614942,30.0
1413,47.09999999999989,track,1,327.6649864288484,229.37878592046874,327.67629968266715,229.35351185747766,1,0.02769057550945315,13.125291866735179,3.0213471039288833,1432.1605439974999,0.3629461645508629,-0.668927850437164,6.222292999154888,30.0
1414,47.13333333333322,track,1,323.80946700183205,253.94035192365047,323.7800562869878,253.9054125846584,1,0.045669985295069514,14.41004249412097,4.983317210219297,1572.268951638026,0.1900851530901579,0.5770272474659429,7.712579999861191,30.0
1415,47.16666666666655,track,1,314.93337034980567,233.74475718617862,314.89253816813175,233.71197282343928,1,0.0523648880498787,8.100953779472952,5.714041856433571,883.9411556391351,-0.26308241830371726,-0.4664448320136393,5.334618999768281,30.0
1416,47.19999999999988,track,1,315.185543100116,231.8185800798866,315.1533361719793,231.80516365592985,1,0.034889635306063226,9.520792664896005,3.807311920339561,1038.8421977471426,-0.2740698664867311,-0.5940897297121089,4.400441999678151,30.0
1417,47.23333333333321,track,1,332.2627246476749,250.8279532819032,332.24359806702626,250.8307170442007,1,0.019325228830342163,16.34656310416439,2.1088996374058624,1783.7169192089782,0.6001368022742767,0.3721632276799182,6.854764000308933,30.0
1418,47.266666666666545,track,1,330.3693424977305,227.14939696537414,330.349136214567,227.14064361276837,1,0.022020787023251193,16.506594654303996,2.4029996700281417,1801.125563186807,0.5427128113227941,-0.8431741098782725,6.8371750003279885,30.0
1419,47.299999999999876,track,1,314.4114107614389,245.43634474698064,314.38917752064697,245.41253928029732,1,0.03257325958700585,7.7959547430430085,3.554296524522848,850.6792119993411,-0.25745691600097503,0.08789883843251334,7.687105000513839,30.0
1420,47.33333333333321,track,1,312.20264506957307,243.1736957739198,312.19039030944407,243.1655132441714,1,0.014735431412173264,8.426771482474743,1.6079503587621427,919.5683773538088,-0.39992044216064526,-0.009766052378217177,5.723319000026095,30.0
1421,47.36666666666654,track,1,320.4850110308431,224.07059739585586,320.4650827515769,224.06637658734735,1,0.020370359323708127,15.940409562556637,2.222944013795541,1739.224820354524,-0.028003528695420096,-1.0024798552159124,5.778474000180722,30.0
1422,47.39999999999987,track,1,319.8879619623946,245.36516101145452,319.8923209477646,245.3449664285921,1,0.020659669175531505,5.346050963193947,2.2541524056811046,583.2969393687308,-0.03696106443964535,0.06687463919211012,6.872736999866902,30.0
1423,47.4333333333332,track,1,311.0207783212848,234.43634474698064,311.0215199602642,234.41205669978638,1,0.024299367582025545,10.575358818987503,2.6512537896718666,1154.0036772196684,-0.5192753841921329,-0.49494275208440647,6.347856000502361,30.0
1424,47.466666666666534,track,1,306.39444660698064,228.6802906448683,306.3721355411709,228.69799586800946,1,0.028482601426907075,17.704631798141087,3.108012847696476,1931.9181689915852,-0.8108751844994955,-0.8216422125251804,7.167567000578856,30.0
1425,47.499999999999865,track,1,325.49667817083696,246.05383951682484,325.494177565174,246.05166881648393,1,0.0033113394044581275,8.173657845913636,0.36132998807407585,891.8829195566843,0.1267018172127931,0.04587461837914647,5.597314999249647,30.0
1426,47.533333333333196,track,1,333.15700451904456,226.9545513234345,333.15019390534167,226.957831371496,1,0.007559310437864157,18.520954680642646,0.8248971318902449,2020.9628185727897,0.5330198465677295,-0.9398272451357486,5.983515000480111,30.0
1427,47.56666666666653,track,1,325.6013668411264,236.2782127254639,325.6222198611837,236.2631947011198,1,0.025698044686517933,6.750782918241955,2.804189167348077,736.6551643126968,0.18385146999702723,-0.4928447733587565,6.814687998485169,30.0
1428,47.59999999999986,track,1,314.54461166932595,250.49833973004442,314.56905961024665,250.49918103348978,1,0.024462412120427414,11.820656322347151,2.6695163528391834,1289.7759380543023,-0.3765469918688696,0.24057072387830492,6.688435001706239,30.0
1429,47.63333333333319,track,1,312.8967519896752,226.86371262637127,312.9001935792884,226.86870845961516,1,0.006066538458340661,14.927761678502248,0.6619440469652006,1628.8023854459864,-0.48684654556611073,-0.9595565456016426,7.7296269992075395,30.0
1430,47.66666666666652,track,1,326.643199792558,251.35680020744198,326.6631468551294,251.3378335789946,1,0.027524866936804313,13.150817323573413,3.0034605288497875,1434.9239706164635,0.20564034406365206,0.3113487877568461,5.810495000332594,30.0
1431,47.699999999999854,track,1,313.56784833138556,237.11219322165954,313.59215943384606,237.1058804559649,1,0.025117338902847213,7.031098680605612,2.740957931572627,767.2622937028035,-0.458657057900797,-0.39360275472590023,6.6007580007863,30.0
1432,47.733333333333185,track,1,301.86371262637124,222.87610238761025,301.8703607567727,222.8824035621176,1,0.009159827400490818,24.933830971187962,0.9994967095142309,2720.7296008163694,-1.1042985288509348,-1.1488562599870142,6.065765999665018,30.0
1433,47.76666666666652,track,1,306.52588485032277,253.09981371572152,306.55130379807224,253.09525359760107,1,0.025824747471424728,18.77107072910946,2.8181620670090335,2048.258160883549,-0.9396566951651397,0.37837161322818813,5.513284999324242,30.0
1434,47.79999999999985,track,1,328.94223578458764,236.0907723385052,328.9458466178253,236.08538563606191,1,0.006484957970755047,9.764854188773452,0.7075991524810162,1065.5823515688005,0.17706120209439546,-0.5148674451738154,5.849872999533545,30.0
1435,47.83333333333318,track,1,323.49001901140684,232.59350155547875,323.4772703542176,232.61718623356182,1,0.026897810989522753,8.160719835053124,2.9348814259937934,890.4283812981658,-0.10225057336842375,-0.7064620410567917,4.648507001547841,30.0
1436,47.86666666666651,track,1,318.61810870411205,258.19509664029056,318.6376498313033,258.18372312660676,1,0.02261000808093382,18.234686307344077,2.467254072645171,1989.549622349525,-0.3443155812766849,0.6206563681887881,5.813596000734833,30.0
1437,47.89999999999984,track,1,314.09521756005,236.49833973004442,314.08867523950835,236.49639590601203,1,0.006824984244573607,6.871608404981397,0.7447816732157188,749.8460005838707,-0.5856996569104141,-0.4770165567907704,7.155847999456455,30.0
1438,47.933333333333174,track,1,323.87609172654135,250.1404293765865,323.88179993124766,250.13225447742855,1,0.009970585600243557,10.850389463130119,1.0879331122834925,1183.8907524126755,-0.0911855955217521,0.24223547920449007,6.6245109992451034,30.0
1439,47.966666666666505,track,1,324.15783325401287,250.58880283822958,324.1509476243151,250.61238308961617,1,0.024565018864017206,11.395307851066534,2.6802743178787454,1243.348016165,-0.05560745220318969,0.3224377005539371,7.013673999608727,30.0
1440,47.99999999999984,track,1,314.10793046787165,223.48668165700943,314.1006750693133,223.4694944833941,1,0.01865582335690327,17.551628051903325,2.035546990878494,1915.059273480375,-0.5607249534559748,-1.0463972036935467,15.916551999907824,30.0
1441,48.03333333333317,track,1,303.6675180743755,246.44053855145245,303.6856825555644,246.41408324095983,1,0.0320909929750411,17.529900669991733,3.5015729049690894,1912.944709265326,-1.1282515302324354,0.15110930720812382,5.397344999437337,30.0
1442,48.0666666666665,track,1,310.06186364222197,232.92988787214847,310.05757173737743,232.93426399093698,1,0.0061295075532812405,12.197397472705635,0.6688360412351262,1330.9901509503466,-0.8552213022126146,-0.5272017186749625,8.817632000500453,30.0
1443,48.09999999999983,track,1,323.2572725307975,231.51164901664146,323.24201092102635,231.52693051555525,1,0.021597243848661244,9.072129920822505,2.356639309810523,989.8641631095301,-0.20014976773802443,-0.6253235842119331,5.604215999483131,30.0
1444,48.13333333333316,track,1,325.3192123332038,252.31921233320378,325.30303504008907,252.3019137961411,1,0.023684260533702914,13.396240654903862,2.584351592448762,1461.6767967461744,-0.07545532453417758,0.4390511131763295,6.021568999130977,30.0
1445,48.166666666666494,track,1,308.5804232117357,235.9002985849669,308.6020158922821,235.90430289738617,1,0.02196083721378416,12.11151421070664,2.3965108675960236,1321.6704780203058,-0.9294134616764094,-0.391278994218217,6.410930000129156,30.0
1446,48.199999999999825,track,1,318.6515577064339,238.13688804390097,318.67100654935984,238.12912397003004,1,0.020941306889296164,2.2948639853726838,2.285214560703073,250.40295997848895,-0.4367889391526761,-0.28571378698105865,5.917073000091477,30.0
1447,48.23333333333316,track,1,327.1860384996339,251.1364282330649,327.1772340093785,251.12840458522714,1,0.011912093572598913,13.242132631788719,1.2998283964950468,1444.8971528494183,0.014133176216339971,0.39493132826547117,8.78718999956618,30.0
1448,48.26666666666649,track,1,325.9917472598324,222.90509348807223,325.9911431125988,222.9079030202704,1,0.0028737545219410967,18.111697186076245,0.31355087600605674,1976.1670488085015,-0.009318841912514642,-1.0438217918766566,6.728690999807441,30.0
1449,48.29999999999982,track,1,314.65612187648355,239.50498467912476,314.67427508431376,239.50944574713503,1,0.018693316514708232,5.348269753159903,2.03993177641073,583.6418585882317,-0.5690400125877544,-0.16315873220926488,6.438659000195912,30.0
1450,48.33333333333315,track,1,311.2650217832032,249.04555061898805,311.2525742126429,249.04332128649457,1,0.01264562913501676,12.581697731072927,1.37997536112704,1372.8810737450278,-0.7570461628313412,0.31101203671627076,6.4744089995656395,30.0
1451,48.36666666666648,track,1,318.4783154975954,222.99168146960704,318.4520783834257,222.9904402557405,1,0.026266457161492382,17.079847306828913,2.8663840926827047,1863.5486558935752,-0.403021727544658,-1.0261890472527802,8.406951999859302,30.0
1452,48.399999999999814,track,1,321.9340177842691,253.0,321.93897947718654,253.00104828592782,1,0.0050712227316024195,13.144843017167506,0.5534045338166081,1434.2121831513787,-0.21874748753913545,0.5243089396869657,6.659446000412572,30.0
1453,48.433333333333145,track,1,308.5846133875644,236.40292501406256,308.6060345846,236.3802913199977,1,0.031163308384403683,11.955113500733264,3.4004486494169406,1304.608510827531,-0.9057369149230121,-0.3170044589745573,10.382660999312066,30.0
1454,48.46666666666648,track,1,313.356800207442,232.9543627641644,313.33585832578785,232.95826578505955,1,0.021302487632308263,9.695194944292458,2.324669636621824,1057.9118598679415,-0.6938961323764964,-0.513818442534152,7.4349589995108545,30.0
1455,48.49999999999981,track,1,326.4833391033408,252.17863943223125,326.4632067153434,252.1690284252677,1,0.022308843567790955,13.778907571365492,2.43442134991884,1503.4468173149128,-0.0241299192462045,0.46909714133714814,7.387285999357118,30.0
1456,48.53333333333314,track,1,337.61810870411205,232.1037748086652,337.6390860722712,232.09645669780434,1,0.022217216780157027,19.328821852215246,2.424449716043573,2109.2383506525784,0.5971910346862177,-0.5512072223415269,8.858683999278583,30.0
1457,48.56666666666647,track,1,326.1657243968754,239.70998230546803,326.15670885415864,239.72584724506737,1,0.018247638723100507,6.1628097202422625,1.9910493162168228,672.5310922465844,0.07954664211600168,-0.16345319637750236,6.908044999363483,30.0
1458,48.5999999999998,track,1,308.5846133875644,253.0083077322487,308.60788781585916,253.00871878605153,1,0.023278057858789857,17.29181842579375,2.5402674851641995,1886.8191947642902,-0.8053245565375908,0.5223920781232265,6.3111750005191425,30.0
1459,48.633333333333134,track,1,319.0622272157642,229.35262088933064,319.0596475693512,229.33185478096163,1,0.02092572178944322,10.709509097447846,2.283166849821803,1168.494258618804,-0.2827206195672599,-0.6685278026066707,5.9416410003905185,30.0
1460,48.666666666666465,track,1,326.93368734619867,246.6933039761689,326.9392092791477,246.71010438278995,1,0.017684609300926357,9.652881758715699,1.9295640111594061,1053.3030666520121,0.1376306652886593,0.2332592850117879,7.134142999348114,30.0
1461,48.6999999999998,track,1,318.4153866124356,243.20769330621783,318.39023131423846,243.19709066900793,1,0.02729844213855823,3.5794893445177385,2.978928037765447,390.5649711263933,-0.2734112629470804,0.07822865043301129,6.363331000102335,30.0
1462,48.73333333333313,track,1,312.44892833946744,232.13301580428663,312.4251102917034,232.12672371519375,1,0.024635133132245118,10.925540423693029,2.688333672998354,1192.1652513145966,-0.5855771173308694,-0.48993017904721503,10.283296998750302,30.0
1463,48.76666666666646,track,1,315.98763152243936,256.9464032639038,315.98979734271325,256.94781906324056,1,0.002587521057069538,17.415805934634488,0.28235386265035056,1900.2194943581762,-0.42453790211423914,0.7872875738435622,11.073136000049999,30.0
1464,48.79999999999979,track,1,328.59299156391955,225.9626216742375,328.6153452300805,225.96644421142378,1,0.022678143252371583,16.46708418344158,2.474789874316548,1796.7762364395942,0.22660966033622287,-0.809640965234281,9.897652998915873,30.0
1465,48.83333333333312,track,1,329.373524707103,229.2116640006917,329.35098444594485,229.20117444416076,1,0.0248614997394363,14.284801135953877,2.712981550081649,1558.703660310053,0.3076498676406748,-0.6684646208000162,9.325256998636178,30.0
1466,48.866666666666454,track,1,326.24421161557365,251.87582460225067,326.23044694066266,251.88110702160384,1,0.01474348091964254,13.415631671271269,1.6088793503116372,1463.8079154598217,0.18904011694318634,0.4784963004549942,8.553738000045996,30.0
1467,48.899999999999785,track,1,319.6008661758337,234.52000866175834,319.6217369856365,234.5457785842209,1,0.033161417423749465,5.467322394040683,3.6184298843923317,596.5290844629081,-0.1055539812268251,-0.415139866035994,8.857683000314864,30.0
1468,48.93333333333312,track,1,328.6599127316715,243.93778891433016,328.677494811099,243.94128954820246,1,0.01792718479020898,9.530618001967131,1.9563318329634793,1040.0196181176823,0.3590274220078894,0.05891102610942575,6.378452000717516,30.0
1469,48.96666666666645,track,1,337.56365525301936,246.65092420241547,337.58826801771806,246.6692955770701,1,0.030713117601679912,18.810281107878502,3.3514160941334197,2052.668409344883,0.8720910246965827,0.2184605587362896,7.900134998635622,30.0
1470,48.99999999999978,track,1,317.178446375308,221.6306575022695,317.16748891275347,221.65201906064692,1,0.024007960387057013,18.5653312281316,2.6195488088691685,2025.6318942489522,-0.12002658085622744,-1.0713266375003174,18.040307999399374,30.0
1471,49.03333333333311,track,1,308.04559782374025,245.68496049052203,308.04326940783756,245.7024797727547,1,0.017673335015337268,13.246949913554815,1.9283056920072676,1445.5566422825793,-0.5918538103126684,0.1570188389437271,5.8477820002735825,30.0
1472,49.06666666666644,track,1,313.01236635321396,241.04534329511787,313.01243845814076,241.0450621986231,1,0.0002901971051600473,7.0652792797072905,0.03166316437367699,771.0124399132804,-0.37817874192545164,-0.06744357746934962,8.557700999517692,30.0
1473,49.099999999999774,track,1,330.72596340988713,226.60555339301933,330.73966673263305,226.62680180570692,1,0.02528390982464667,17.15176001091051,2.7588157577603116,1871.5226119580393,0.5225065432017899,-0.8258010550873595,6.67698899997049,30.0
1474,49.133333333333105,track,1,319.1575605753034,255.50831425733168,319.14780503749523,255.51669947194137,1,0.012863994013429438,15.540083614854327,1.403705276984064,1695.5468264371314,-0.05291448530298818,0.6401667478352442,7.663786000193795,30.0
1475,49.16666666666644,track,1,312.9128065395095,232.60555339301933,312.9169808782499,232.62738474703872,1,0.022226855878396207,10.223728065010096,2.4251405699954547,1115.5853192771592,-0.38901090919856224,-0.5551771643699356,6.172113000502577,30.0
1476,49.19999999999977,track,1,321.29856161720875,232.33173513023195,321.2839285240992,232.3143166847609,1,0.022749278155130073,7.792188426696324,2.482309712122271,850.1940450738813,0.01788209443972382,-0.5981701074543994,7.700815000134753,30.0
1477,49.2333333333331,track,1,326.7887196306046,251.71415008846503,326.79908977691775,251.72996949980904,1,0.018915435755685942,13.558016309956185,2.063931275332252,1479.353197552568,0.30556260144325553,0.3918606187313014,7.209860001239576,30.0
1478,49.26666666666643,track,1,327.6222923602404,225.81737213022612,327.64361274398846,225.82937916528113,1,0.024468911990037,16.10066180693922,2.6701104539420357,1756.7797016303384,0.37244679933141,-0.9366085605557455,7.826695999028743,30.0
1479,49.29999999999976,track,1,310.5066488213453,243.0455919177964,310.5153172021895,243.0450834100127,1,0.008683283170907519,9.961512974895758,0.9475824928952882,1087.0555742536385,-0.5015146158278264,-0.05801348519006366,7.215101000838331,30.0
1480,49.333333333333094,track,1,315.33591083848114,243.16173484815758,315.316482511293,243.15245441677257,1,0.021531054410368986,5.645644774235574,2.3495499393758723,616.0603396933939,-0.2873911810188417,-0.03944983958611084,6.591924999156618,30.0
1481,49.366666666666426,track,1,325.7224834965699,227.72248349656988,325.73864454041836,227.73837815585046,1,0.022667587695150093,13.538072662317882,2.4734358240220864,1477.1582365198328,0.23332689241861035,-0.8385322442214558,6.4556109991826816,30.0
1482,49.39999999999976,track,1,321.22007872312815,247.60136684112635,321.209248807108,247.6245346218277,1,0.025574071706120857,7.719832308861474,2.790423288915634,842.2989895261644,0.01277125337831115,0.1599066313776088,6.202087999554351,30.0
1483,49.43333333333309,track,1,309.7932014992891,235.17371074059713,309.80583834781737,235.16597378105087,1,0.014817236035993688,11.28223121888213,1.6168865571332598,1231.1598150967031,-0.5899485414574823,-0.4761240976564813,6.634674999077106,30.0
1484,49.46666666666642,track,1,307.768265873529,229.00827621880254,307.77925254830825,229.00707701444458,1,0.011051928057903905,16.437488373969522,1.2060628977614076,1793.6359187455812,-0.7461181663851147,-0.8185127840526909,6.302736001089215,30.0
1485,49.49999999999975,track,1,321.85504745470234,247.49667817083693,321.86327927186403,247.49529530834934,1,0.008347162538432488,7.7234229072556815,0.9108994151378392,842.6957981020618,-0.06444644040271974,0.11152418531148994,7.529668000643142,30.0
1486,49.53333333333308,track,1,334.0290770628705,229.58461338756436,334.02659952969213,229.60918630034382,1,0.02469749406553092,17.45607354783206,2.69469205464792,1904.813724042998,0.575387932209087,-0.8084495513236312,6.912859000294702,30.0
1487,49.566666666666414,track,1,320.66867989646244,236.49667817083693,320.6857799659532,236.49604431652642,1,0.017111813108960133,3.5704340903382548,1.8673671494499384,389.5654816871442,-0.07503201376354988,-0.48479705082392743,6.7081269990012515,30.0
1488,49.599999999999746,track,1,312.3736555684107,247.7339846595535,312.3867376739314,247.77423235643369,1,0.04232042756180916,10.881197175741088,4.617571997323505,1187.3285089092126,-0.5097609786409362,0.09444495000422315,6.4590050005790545,30.0
1489,49.63333333333308,track,1,322.54249540185634,227.78476410453825,322.59816871873284,227.83152144465998,1,0.07270328099397955,12.44276299873833,7.93332811875926,1357.6147573546073,-0.006299188739844946,-0.9219144570360476,5.8466959999350365,30.0
1490,49.66666666666641,track,1,318.9279557442429,247.84150263733437,318.9412804067929,247.85733887276263,1,0.020696207010209064,7.928345435112378,2.2582870853502484,865.0484924889852,-0.18791631504181805,0.10400037955168429,6.625983998674201,30.0
1491,49.69999999999974,track,1,317.4926751729175,243.65115779524854,317.4976270566708,243.67385668582983,1,0.023232752448390473,4.4451201666009625,2.5348993447181187,485.02549009163613,-0.26841049129587335,-0.08085158182457708,6.397359000402503,30.0
1492,49.73333333333307,track,1,306.08636422053723,224.86428479629868,306.0843391075267,224.8729678266502,1,0.008916058478443987,20.55414119947292,0.9728190669629436,2242.800375118903,-0.8809415027455686,-1.0489114626892384,7.698912999330787,30.0
1493,49.7666666666664,track,1,303.9486806654407,252.0225805072061,303.954831703295,252.02414734803062,1,0.00634746066189943,20.050624556774775,0.6926720948084186,2187.92926135673,-1.0546548703179406,0.3370544009460404,6.354982000630116,30.0
1494,49.799999999999734,track,1,318.6071167018481,233.51596088398742,318.62608604791933,233.53170992231355,1,0.024654985268058288,6.6125952603209335,2.6903382815539905,721.4924995898259,-0.3554358437876856,-0.6170567063278516,7.1948349996091565,30.0
1495,49.833333333333066,track,1,327.895183044316,236.96095054592163,327.89960195277683,236.96215406354258,1,0.004579869719659181,8.46358192173777,0.4997828101909996,923.58731699072,0.12168606482372163,-0.4543982433159899,7.18341900028463,30.0
1496,49.8666666666664,track,1,308.95072922458405,255.01847654078097,308.9473366972883,255.01265686533463,1,0.006736309357000335,18.642457784299513,0.7350166692204216,2034.1657205994438,-0.8464867970237965,0.49173463816976465,4.862937001234968,30.0
1497,49.89999999999973,track,1,314.445422003709,230.29223271660845,314.4164586890895,230.26920143903806,1,0.0370042340857386,11.218929280669489,4.037892358684241,1224.128306305866,-0.5914478656973454,-0.7499327761896524,5.5075149994081585,30.0
1498,49.93333333333306,track,1,325.00619594681814,242.32012391893636,324.9954431193556,242.2958699631979,1,0.026530692931049787,5.497769624732544,2.894794745148699,599.9386618972039,-0.05808676374615768,-0.12232149443354623,5.882772000404657,30.0
1499,49.96666666666639,track,1,326.5270512820513,247.3213675213675,326.4767568840151,247.26569543759274,1,0.07502604471544574,9.733381217567365,8.186586917510791,1062.0730272702585,0.04555485989621699,0.15839946168147356,5.811300999994273,30.0
1500,49.99999999999972,track,1,313.7148127493458,227.32533996825532,313.68782914015935,227.28767274405402,1,0.046335029338056576,14.193194327778665,5.055815595714368,1548.6443602708255,-0.5957936705003599,-0.8571857903112586,20.099100000152248,30.0
1501,50.033333333333054,track,1,303.9008904374758,249.24880629758678,303.89152801157616,249.22045818184426,1,0.029854156911189172,18.56070362041737,3.257377555798672,2025.389798584648,-1.1312944680262627,0.2677767482915201,6.175091999466531,30.0
1502,50.066666666666386,track,1,310.217456961643,235.6952150839194,310.19913752666173,235.7066672209843,1,0.02160447040280261,10.699981849174378,2.357519919183886,1167.6273041188824,-0.8605513760832064,-0.41224026533626273,6.599312000616919,30.0
1503,50.09999999999972,track,1,327.0663298354709,227.68078766679622,327.0631441360165,227.69789684909438,1,0.01740324107531518,14.185547117459594,1.8988399484549505,1547.823755823551,-0.011003259439398061,-0.8470259655306203,8.288781000374001,30.0
1504,50.13333333333305,track,1,313.63901975191254,251.28214548126377,313.6592271554317,251.26634506340588,1,0.025651361785894916,12.928106255524995,2.799072586491592,1410.6192969364927,-0.6869450447297261,0.3486773764444506,5.8816420005314285,30.0
1505,50.16666666666638,track,1,310.2079632598241,238.52168450240458,310.19625881144555,238.54842352122466,1,0.029188512111910564,9.910621351151143,3.184789432647829,1081.5158411298635,-0.887417406716464,-0.30413786314626495,6.7730819991993485,30.0
1506,50.19999999999971,track,1,318.8056596459491,236.1323168368006,318.81512075637795,236.1241712974197,1,0.012484487268313011,4.052898586655185,1.362296452075152,442.2103767938342,-0.46891356702647147,-0.43117493589128164,6.118570001490298,30.0
1507,50.23333333333304,track,1,331.01660468736486,254.51331834299057,331.01758954117076,254.5278592404252,1,0.014574211307064428,18.233101036502894,1.5901590926780798,1989.5038329276435,0.17641933625794748,0.5260582940948629,8.156376001352328,30.0
1508,50.266666666666374,track,1,328.59717956482245,240.07475018384739,328.6199242947889,240.06976097896154,1,0.023285508511522977,8.62020657769162,2.541064188046845,940.7004830400975,0.10560617846513737,-0.18312759802954068,7.253088999277679,30.0
1509,50.299999999999706,track,1,314.4850110308431,246.10797248777956,314.4656968515467,246.10224697038552,1,0.020144951509599024,8.238078017751446,2.198333658265058,898.9121522835189,-0.5869770452004468,0.1472721363297015,6.779080000342219,30.0
1510,50.33333333333304,track,1,310.4269061393662,248.49335117865468,310.40278362557206,248.4867631259758,1,0.025005961486200354,12.811389873624586,2.7287985496525313,1397.963766260721,-0.8080225724810297,0.3063415054052046,5.945856000835192,30.0
1511,50.36666666666637,track,1,322.2608583135648,226.97515635108905,322.24660885366086,226.97692456460197,1,0.014358749478348518,13.215435866342618,1.566927074240368,1441.916272791978,-0.2115284127957175,-0.7845956234921052,7.1107000003394205,30.0
1512,50.3999999999997,track,1,316.38575872796406,250.49001901140684,316.3627645916947,250.47792913383387,1,0.025978749825632922,11.091279473039812,2.8348822885319622,1210.169942065901,-0.5012891874234977,0.42758585285451745,7.542228999227518,30.0
1513,50.43333333333303,track,1,318.1735910793473,233.02479872562105,318.16373090540344,233.02471785627858,1,0.009860505567874121,7.212935960639696,1.076051012444673,786.9979704109353,-0.4112191244808875,-0.4570445714278333,6.416270000045188,30.0
1514,50.46666666666636,track,1,312.49001901140684,235.8921534739025,312.4771005332784,235.89693046335572,1,0.013773405729545291,8.569083732169865,1.5030229447829568,935.0834877283352,-0.7088644040340195,-0.3326814286311657,6.229567001355463,30.0
1515,50.499999999999694,track,1,324.5083142573317,255.20731654645186,324.5193872670277,255.1979568269095,1,0.01449882387092289,15.85568519433887,1.5820990690896093,1730.005468103124,-0.09791884244709023,0.6679228266943861,5.948310999883688,30.0
1516,50.533333333333026,track,1,336.49001901140684,227.36916695471828,336.4772916940349,227.348210757959,1,0.024518295008016673,20.774236751210257,2.6752635044457045,2266.885201170682,0.5614509638921337,-0.7500291166258019,7.814398000846268,30.0
1517,50.56666666666636,track,1,332.0041313422559,232.84714033653225,332.0049556248574,232.85357381529138,1,0.006486068975226667,13.971054604727756,0.7076831353162646,1524.5528427587349,0.4068986876748035,-0.48000187054352766,7.742121000774205,30.0
1518,50.59999999999969,track,1,313.1658532371615,248.49168574266832,313.15736374603955,248.48392026657712,1,0.011505393449727147,10.899475858666406,1.2554511699213902,1189.3028569347591,-0.5189322777674573,0.31019185523281906,6.645133000347414,30.0
1519,50.63333333333302,track,1,315.80076959661034,226.37770763975962,315.81165600358736,226.35561502637017,1,0.024629198591202838,14.272752598602038,2.687331133760701,1557.2941685544054,-0.3852822669562157,-0.8254599842707553,5.997734999255044,30.0
1520,50.66666666666635,track,1,329.30738609320235,244.41538661243564,329.29144562412137,244.39021803131538,1,0.02979187859348218,10.276428180476463,3.2506944314610764,1121.4030868368832,0.3200887676659109,0.08847729125254217,6.3706210003147135,30.0
1521,50.69999999999968,track,1,318.6766141222198,245.24461239473118,318.69363065543246,245.2312344869099,1,0.02164557276331643,5.39188419028648,2.3619641341957696,588.3038078864055,-0.19244774414086302,0.14418335983694486,7.216234000225086,30.0
1522,50.733333333333015,track,1,307.48835098335854,231.39420791009294,307.47645814310965,231.37158655054634,1,0.02555710384457526,15.208176067365782,2.788585176464042,1659.5323052895244,-0.7793244139905282,-0.5678230119531343,6.2728019984206185,30.0
1523,50.766666666666346,track,1,309.63901975191254,252.67221333794356,309.65947664426847,252.69020184487238,1,0.02724097697201613,16.36971735046246,2.9725019572826827,1786.1920427319733,-0.7144032764145908,0.5155095676799274,6.195404001118732,30.0
1524,50.79999999999968,track,1,326.63926920917373,232.49168574266832,326.65926723387406,232.4808226629999,1,0.02275802038396973,10.044096172249866,2.4834203192523554,1095.9765212296218,0.13724522098292724,-0.5180128515500754,5.811050999909639,30.0
1525,50.83333333333301,track,1,327.6807876667962,226.9253789350952,327.6992805475546,226.93004485081804,1,0.0190724253380885,15.169134733121107,2.0812990623317047,1655.1483504421528,0.21640178586825087,-0.8430332957741643,6.728133999786223,30.0
1526,50.86666666666634,track,1,323.90858330087,259.43215166861444,323.914716031211,259.4078710589523,1,0.02504313053513817,19.798748966688255,2.732423608527259,2160.213687656221,0.05108790581879338,0.8131390237638111,8.060178999585332,30.0
1527,50.89999999999967,track,1,324.8098109307033,237.04547999483182,324.8213611934427,237.04172584055073,1,0.012145050173474992,5.656581101699222,1.3253348061540466,617.2579272882648,0.11852289783559795,-0.35401129510605933,7.246422999742208,30.0
1528,50.933333333333,track,1,332.02903685779717,247.34844229356608,332.02566143675506,247.32826471138435,1,0.020457963972790694,14.082613275652317,2.232134702784018,1536.723858809777,0.5236678192238515,0.18128678419964292,6.679000998701667,30.0
1529,50.966666666666335,track,1,328.7764071598016,248.2608583135648,328.7876997296994,248.24861255849032,1,0.01665775051563481,12.052521548598996,1.817640888084011,1315.150135728997,0.40842319866357024,0.2646786266943779,6.810521999796038,30.0
1530,50.999999999999666,track,1,317.71415008846503,228.95442972424806,317.7311786503087,228.95722012991178,1,0.01725567391417689,11.273443909295894,1.8830565499534153,1230.0312295312724,-0.1306096065784289,-0.7123380437728771,22.258180999415345,30.0
1531,51.033333333333,track,1,307.05811640577707,243.51331834299057,307.05619916761236,243.52943035738042,1,0.016225683649044104,13.416365328810832,1.7703542297679602,1464.074072883902,-0.6964187220404165,0.02600865731107499,7.460021000952111,30.0
1532,51.06666666666633,track,1,320.4615184719996,247.67153189830657,320.43560568372027,247.69193251435195,1,0.03297965632691936,7.70425714245274,3.5987378385757847,840.5964184913253,-0.06783695848928796,0.2621609860437987,9.611653000320075,30.0
1533,51.09999999999966,track,1,325.02485007981363,221.27335087794987,325.02335205501674,221.26067629004854,1,0.012762807557925082,19.400936033475034,1.392522093968003,2116.8195263137504,0.19292709758732987,-1.0944665130904472,14.65366000047652,30.0
1534,51.13333333333299,track,1,325.7463727316038,248.46151847199965,325.760446592014,248.43361518396284,1,0.031251672437013794,10.213158669609225,3.409928016972579,1114.3999502688225,0.24837227210168736,0.30431575317036386,6.843482000476797,30.0
1535,51.16666666666632,track,1,312.9009586037914,223.01238017452607,312.9047537017848,223.0121969584187,1,0.0037995179853778957,18.40999652938303,0.4146304317116166,2008.728368549064,-0.40729494121765786,-1.0086836008925921,7.245430999319069,30.0
1536,51.199999999999655,track,1,319.38189129588795,239.62225969645868,319.3602751639031,239.64187714290074,1,0.02919077537327554,0.7331438103783792,3.1852578178139606,80.00268793269694,-0.09838840607276443,-0.15195213718686554,6.7820219992427155,30.0
1537,51.233333333332986,track,1,329.9297006245962,253.1984923540814,329.9345396205722,253.18976801573217,1,0.009976470402277452,16.512572718433372,1.0885562706751275,1801.767890880577,0.44987748050219106,0.5378318626595184,6.110903999797301,30.0
1538,51.26666666666632,track,1,328.4950153208752,217.3563074532821,328.489838135666,217.3363276755557,1,0.02063964061429189,24.20164033282849,2.251962136064546,2640.6443699299007,0.4120500773912499,-1.29987299774408,6.322887998976512,30.0
1539,51.29999999999965,track,1,316.6013668411263,235.642891128509,316.62470055772667,235.66125974976262,1,0.02969627210853399,5.497027677212529,3.240455577506867,599.8098648511274,-0.1803043089397279,-0.3522952109538781,6.488961000286508,30.0
1540,51.33333333333298,track,1,310.6182407607521,233.51164901664146,310.6400879374613,233.5264300023748,1,0.026377578914939925,11.38046845839881,2.8783516202028623,1241.8489215156146,-0.511066369117817,-0.4916451814493459,7.3193650005123345,30.0
1541,51.36666666666631,track,1,319.90033308820347,218.5149889691569,319.907308265957,218.53199112334983,1,0.018377332556543044,21.46820898178259,2.005155246064199,2342.349209859801,-0.06034831313092585,-1.3178650107531904,7.529570999395219,30.0
1542,51.39999999999964,track,1,327.5166608966592,244.59702267612948,327.5388210012376,244.61779364274037,1,0.030372739238932793,8.840692292780815,3.31421966465105,964.7147202070223,0.329084990673638,-0.041976541152243,6.240370001250994,30.0
1543,51.433333333332975,track,1,311.4799913382417,235.99168471199653,311.45643116601264,235.9929098618327,1,0.023592005162421555,9.436595773714055,2.574530638890539,1029.7578373093422,-0.4906252449932882,-0.5214982125367276,5.777316999228788,30.0
1544,51.466666666666306,track,1,308.0620662902461,230.22757639756907,308.0599340673989,230.21672739988765,1,0.011056542179252124,15.436242976934853,1.2063625266374793,1684.3952691514228,-0.7116770030249853,-0.8460347220610559,6.62892299988016,30.0
1545,51.49999999999964,track,1,323.26918597126956,255.20292480911093,323.25497856726895,255.19239971801937,1,0.01768128589560583,15.53717782177495,1.9293869758051263,1695.2421042173469,0.03173218716546969,0.4282374399497213,7.297277999896323,30.0
1546,51.53333333333297,track,1,338.5183341270185,241.25767349235898,338.54195578307394,241.24503425215892,1,0.026790539890745372,18.583708848088378,2.923456104069678,2027.987517486215,0.8409828035460023,-0.27666908773724597,5.999934999636025,30.0
1547,51.5666666666663,track,1,319.61392432432433,242.25323243243244,319.63369640754297,242.23912998689752,1,0.024286091593134985,2.2688943166376503,2.650119180193659,247.55567814669945,-0.06119251617035495,-0.2094108301016699,6.374102000336279,30.0
1548,51.59999999999963,track,1,313.3442644199611,249.0248865845755,313.32589096460333,249.02437246025306,1,0.018380647039851677,11.224216218415313,2.005830034873751,1224.7282308163587,-0.4052349481334901,0.16852387929020918,6.087336001655785,30.0
1549,51.63333333333296,track,1,312.5552669177815,219.92934147291857,312.5785063494586,219.93291970118776,1,0.023513292032825563,21.395473346575077,2.565925324713418,2334.463145732611,-0.47544613402335817,-1.3148521394445505,7.117104998542345,30.0
1550,51.666666666666295,track,1,324.1528596634677,246.0247880535353,324.14358791152983,246.0223099021539,1,0.009597219298677944,7.31009831248233,1.0473066958163517,797.6356486833874,0.10147031023615781,0.04117732098038518,7.613244999447488,30.0
1551,51.699999999999626,track,1,313.0041415012942,242.50332182916307,313.00587234486,242.50412813624348,1,0.0019094372357122916,7.428894896222484,0.20836522252437797,810.6794694593357,-0.4729574305981647,-0.11204724401411877,7.68818399956217,30.0
1552,51.73333333333296,track,1,303.92527890685807,222.51331834299057,303.9309533233735,222.52933577632143,1,0.01699285653735494,23.736856774057586,1.854081972693397,2590.0863589963096,-0.9843222568374473,-1.1461655913701614,7.608039999468019,30.0
1553,51.76666666666629,track,1,306.3285250162443,252.46991552956464,306.31161377994124,252.44241785059228,1,0.032281763616106934,18.49826152043029,3.522363311950919,2018.5021922186058,-0.9315053778359368,0.384357369520953,6.544343999848934,30.0
1554,51.79999999999962,track,1,324.5149889691569,233.24916727949127,324.534627932582,233.23530783538502,1,0.024036910686427652,8.143949322592587,2.6229287408228315,888.6188238245073,-0.039423237917461135,-0.6108230186788728,8.053006000409368,30.0
1555,51.83333333333295,track,1,324.67243985660605,231.2446335248132,324.68927034898115,231.2320575902528,1,0.02100998818790826,9.943141883050723,2.2926170198683957,1084.9188658307,-0.024949215494449783,-0.7355238068572616,7.210604999272618,30.0
1556,51.86666666666628,track,1,320.5384815280004,257.5717441205769,320.5641595866167,257.5957713636046,1,0.03516633477940189,17.604813146393237,3.837281821820096,1920.8240562715584,-0.22553821496358917,0.6231236489450322,8.154721999744652,30.0
1557,51.899999999999615,track,1,308.33173513023195,230.12854736296487,308.31496956626563,230.12174868895931,1,0.018091603116982758,15.300973341633382,1.974234907409619,1669.6302556658138,-0.865632838432163,-0.7843619011739145,6.386073000612669,30.0
1558,51.933333333332946,track,1,321.8421530872745,244.58461338756436,321.8513934537675,244.60880360098588,1,0.025894995622787884,4.966762361248383,2.8254144933740837,541.9268751739972,-0.20043840425240317,-0.04763077322258416,6.515686998682213,30.0
1559,51.96666666666628,track,1,322.61810870411205,250.88792320664157,322.63870076873775,250.89605572884267,1,0.0221398067493918,11.211011202963912,2.4159993041271886,1223.2225220056016,-0.1504387514606264,0.3136232256325905,6.023635000019567,30.0
1560,51.99999999999961,track,1,312.7588566478995,227.47999133824166,312.77427401664977,227.45341535176055,1,0.03072423012258444,14.478532464372913,3.3524043667258896,1579.7924568830533,-0.6549890888017078,-0.8635735737124843,21.07058000001416,30.0
1561,52.03333333333294,track,1,297.9503726360229,250.20264506957307,297.95122305035954,250.19202608368147,1,0.01065298389700718,24.29044998894503,1.162322085616342,2650.6646080346845,-1.4612240196380715,0.3208234083583627,7.65262799905031,30.0
1562,52.06666666666627,track,1,315.1866574490149,239.49001901140684,315.1762555970631,239.4797254451388,1,0.014634070880694685,4.851720898537025,1.5968373699940503,529.4545781690895,-0.6432104177972703,-0.19424618683706757,6.942256999536767,30.0
1563,52.0999999999996,track,1,322.61392432432433,226.61807567567567,322.63600093091475,226.6381104193798,1,0.029812204109035706,13.61941974066699,3.2530627427021974,1485.9965419142704,-0.27301730830459575,-0.8665540543113821,7.249527001476963,30.0
1564,52.133333333332935,track,1,318.68496049052203,254.82175396174273,318.7020681764774,254.83280594453635,1,0.020367111783887535,14.889484853640354,2.222490152247468,1624.5627765140798,-0.4671111395788087,0.5700241627679294,5.934396000156994,30.0
1565,52.166666666666266,track,1,314.8839929221872,239.50498467912476,314.889711924797,239.51041836947934,1,0.007888724974308335,5.133686237442391,0.8608032657581807,560.2248912179762,-0.667139553010128,-0.19421693574510343,8.05964799837966,30.0
1566,52.1999999999996,track,1,318.70581380292634,235.9088437135828,318.72207355226783,235.91293214881716,1,0.016765880570777318,4.2821979900496965,1.8295974405954527,467.2294507322095,-0.4796101764475359,-0.40258726900828457,7.64383000023372,30.0
1567,52.23333333333293,track,1,325.1408778971902,259.29418619707366,325.13462125567037,259.27794096254513,1,0.01740842347814489,19.950021132684483,1.899433049776271,2176.7292354071014,-0.13721442987567994,0.8191043509151336,7.610151998960646,30.0
1568,52.26666666666626,track,1,327.12386564018755,228.91742290654165,327.1173935581519,228.92335793791733,1,0.008781369102061547,13.166217772508588,0.9582082970503687,1436.6134258549173,0.00015162145680425176,-0.7268789306629682,7.317900000998634,30.0
1569,52.29999999999959,track,1,315.4699155295647,243.7296946068876,315.44328286782115,243.74610369102942,1,0.03128189114996573,5.898895141179952,3.413543242092898,643.6848831286756,-0.5698622745682123,0.041681791571392596,6.511251000119955,30.0
1570,52.333333333332924,track,1,317.6222923602404,251.3362013057201,317.6419668174209,251.31761425615798,1,0.02706589508535172,11.560653655452814,2.9533793524273877,1261.3685363568277,-0.4596233374702014,0.4618288190898773,4.52254400079255,30.0
1571,52.366666666666255,track,1,321.7848924893351,228.9875899513078,321.79516888571067,228.9881516810725,1,0.01029173759848987,11.157214469897488,1.123109177377399,1217.346431395499,-0.23612318168679303,-0.6649096158538143,4.603191000569495,30.0
1572,52.39999999999959,track,1,323.5044022442814,247.83599482088908,323.5131486264217,247.84828487800092,1,0.01508458499120042,8.598708554055467,1.645945959893375,938.2155191358021,-0.12430048520927253,0.30991284010801523,5.502930000147899,30.0
1573,52.43333333333292,track,1,315.55260110648885,235.93549770553673,315.60317190175556,235.96681707909602,1,0.059483682586515464,5.966461413516676,6.490977309841882,651.0514738809637,-0.5147229730741314,-0.28514003334569465,5.6471020016033435,30.0
1574,52.46666666666625,track,1,306.2042904432312,234.25794247882723,306.2052553349248,234.25334556798197,1,0.00469708476608076,14.943862202779213,0.512492695531979,1630.7405881171067,-1.0130316925759122,-0.3909709945860951,6.972548000703682,30.0
1575,52.49999999999958,track,1,328.6869580223478,253.4307347167695,328.70864566808024,253.4146136788989,1,0.027022987241246816,15.993510231536849,2.9487574081799046,1745.1102381701057,0.1244091980296178,0.5930647572534256,8.067171000220696,30.0
1576,52.53333333333291,track,1,337.17909679632885,230.9155980615002,337.17533608595113,230.92356299623805,1,0.008808128514241498,19.42611331040346,0.9610649498561491,2119.8358956232964,0.5925837418395576,-0.5528870911517301,7.249909000165644,30.0
1577,52.566666666666244,track,1,329.56549851286695,229.0910384068279,329.59114096549973,229.0901258270443,1,0.025658686226808895,14.526367043752309,2.8000600381976293,1585.064470065152,0.27709165057393637,-0.675923624642757,6.920802999957232,30.0
1578,52.599999999999575,track,1,316.31551813026294,254.50227702354357,316.30375133989827,254.50740685292288,1,0.012836374291328301,14.970875316879026,1.4007578773238627,1633.4586131544206,-0.3637655104523154,0.6122796754073117,6.777057000363129,30.0
1579,52.63333333333291,track,1,313.43243243243245,226.04551920341393,313.40600036718683,226.04401459070687,1,0.026474854721918857,15.435360698796224,2.889125499314026,1684.1744914435353,-0.5152590068048474,-0.8702453586317658,7.252945000800537,30.0
1580,52.66666666666624,track,1,326.8161077870087,250.3677844259825,326.8244290279919,250.34340760578033,1,0.02575795827836394,12.391888978578413,2.810448093203003,1352.1263887902505,0.17401156604241147,0.3661806310748461,6.827172999692266,30.0
1581,52.69999999999957,track,1,324.9445371678007,243.92399537809732,324.940591113536,243.9204737213338,1,0.005288989565129778,6.30710351515019,0.577127947293999,688.2304591435327,0.11226637559044325,0.04823130217105717,7.052377999571036,30.0
1582,52.7333333333329,track,1,305.01068090787714,227.37865541151643,305.003988020691,227.35292600221362,1,0.026585658576724038,19.61705523234982,2.9007298367320153,2140.5968998942153,-0.9097217372018243,-0.8088864157218918,6.793839998863405,30.0
1583,52.76666666666623,track,1,303.030794234635,251.01437064282965,303.0202054762975,251.0045827581513,1,0.014419587012326554,20.233987836018812,1.5734391649978057,2207.962899572102,-1.05724120628682,0.3845716031400842,7.991853999556042,30.0
1584,52.799999999999564,track,1,330.2346830161366,240.22242091369694,330.18697008889,240.1756100779798,1,0.06684143749933119,10.188483620805785,7.293589774413079,1111.8422581162722,0.303259136071791,-0.17993439058907748,7.849146000808105,30.0
1585,52.833333333332895,track,1,330.43476385594136,234.23601466465388,330.3900488712889,234.20048024691255,1,0.05711501288351208,11.899056471595701,6.232378260256786,1298.4575930113017,0.31022925727106104,-0.48326664456375057,7.348047000050428,30.0
1586,52.86666666666623,track,1,325.83887765202047,250.26957008219648,325.83111562432214,250.237663071574,1,0.032837576050210926,11.7818357903717,3.582872343987737,1285.547894238474,0.1134597638071638,0.3379268673164223,6.679915999484365,30.0
1587,52.89999999999956,track,1,320.5414123046283,232.3273152357449,320.56625105966134,232.3055931872736,1,0.03299713838170346,7.71521460895925,3.6006127863518875,841.7922934102405,-0.13670096511776542,-0.5652767227091091,6.898225999975693,30.0
1588,52.93333333333289,track,1,334.6306575022695,249.14939696537414,334.6496786527583,249.1429973139479,1,0.020068874016633383,17.268685083466583,2.190019100376891,1884.3906580338976,0.6136624133756976,0.2968043774330561,6.7370470005698735,30.0
1589,52.96666666666622,track,1,334.60555339301936,243.37368625924483,334.62925466069396,243.35128196987574,1,0.0326144488151628,15.0082038488638,3.5588253890218122,1637.7903553052454,0.6797191397468934,0.03140392282392403,6.506269000965403,30.0
1590,52.99999999999955,track,1,322.9916937053861,223.59299156391953,322.99175740678504,223.6149859346906,1,0.02199446301875656,16.655908810432418,2.399764214685241,1817.3014319201382,0.13789080641202414,-0.9945752909821882,19.458632999885594,30.0
1591,53.033333333332884,track,1,308.3611363341549,248.61810870411207,308.3394324905803,248.63733940151525,1,0.02899787144813361,14.511115276873184,3.164207185613401,1583.459302798628,-0.6119822087488022,0.27247371289948585,7.492835999073577,30.0
1592,53.066666666666215,track,1,319.34085299848454,237.55107166053259,319.3204555466143,237.57819059500787,1,0.03393365070063603,2.515341221034553,3.7026706407458483,274.44742101147153,-0.07797235340246815,-0.29655360441815415,7.911083999715629,30.0
1593,53.09999999999955,track,1,327.3897551073295,229.50831425733168,327.36724352051203,229.519266911182,1,0.025034619378085925,12.811012573936965,2.731865372468612,1397.8653218963846,0.34188067060426874,-0.7306911612783288,6.130871999630472,30.0
1594,53.13333333333288,track,1,323.1534142443744,254.67243985660605,323.14551449738684,254.6919340620462,1,0.021034021208743064,15.024885621421008,2.2950324915431484,1639.3466252925255,0.14713031362915685,0.5509568027941061,7.5530180001806,30.0
1595,53.16666666666621,track,1,312.36098024808746,237.6597657431819,312.3408467223568,237.67992347400752,1,0.028490225874597555,8.002835998375456,3.108786314825779,873.315454184913,-0.4106663285486858,-0.3213856821261913,8.45917300102883,30.0
1596,53.19999999999954,track,1,319.39444660698064,232.0830413909433,319.37060910845145,232.0778362187919,1,0.024399183454672263,7.947126013261,2.6625969443021256,867.0958267105572,-0.07592060558938152,-0.6217877398777056,11.362249000740121,30.0
1597,53.23333333333287,track,1,334.689132593584,254.70571218859288,334.7058226421771,254.7216176336109,1,0.02305517085732756,20.80834556934818,2.515725163638691,2270.5548162806663,0.7213051258688504,0.5398920290857945,7.071942000038689,30.0
1598,53.266666666666204,track,1,326.86293427940984,226.58880283822958,326.8701200538218,226.6131433933914,1,0.025379085473762705,15.046809607349479,2.769095196850456,1641.786777841923,0.36528177581023286,-0.905290686487292,7.313975000215578,30.0
1599,53.299999999999535,track,1,318.9917087705661,245.68078766679622,318.99278207156414,245.6973575748808,1,0.01660463275607656,5.785704044575249,1.8116990256056544,631.2699525059458,-0.022398756231444217,0.07235107620388498,6.070198000088567,30.0
1600,53.33333333333287,track,1,312.2906951594065,243.5149889691569,312.2743087289269,243.53258997825526,1,0.024048089843970506,8.495027814575115,2.624053664608017,927.0115786512937,-0.38219502368485925,-0.016653480220265027,6.364217999362154,30.0
1601,53.3666666666662,track,1,323.69330397616886,225.72231576220696,323.71152724509386,225.7355871475856,1,0.02254367317410656,14.73936594685129,2.4599773888207306,1608.1995806916175,0.1813821493565808,-0.9369496560816338,6.848201001048437,30.0
1602,53.39999999999953,track,1,324.123982952344,247.83055663179647,324.11770314518265,247.83899379251216,1,0.010517683153927492,8.85467689251794,1.1476355443961357,966.1529909700849,0.21206323585850304,0.17793750475795952,7.680157999857329,30.0
1603,53.43333333333286,track,1,311.68444271441547,245.39444660698067,311.70280248427457,245.37357415797703,1,0.02779820635739816,9.885281272995666,3.0332387052805236,1078.6980121447714,-0.4331573005387672,0.06680589663712924,7.616631000928464,30.0
1604,53.46666666666619,track,1,304.7423934213374,229.57204068383467,304.7564306512148,229.5967097010792,1,0.028383168153718472,18.455212150903133,3.096954206174621,2013.8529308972898,-0.8417633022587241,-0.7413581110770862,6.942617001186591,30.0
1605,53.499999999999524,track,1,316.37430143395574,250.47411514967726,316.3520966859837,250.44856214303525,1,0.033852724867392124,11.067052428053291,3.6938825014224284,1207.526768230524,-0.304253857101505,0.3206646604541219,6.619047999265604,30.0
1606,53.533333333332855,track,1,320.546875676612,227.95011475338848,320.57208858515935,227.9543480015064,1,0.025565819897772558,12.059229553254335,2.789915527376275,1315.7582641619508,-0.11372390875099381,-0.839312206873826,8.24689799992484,30.0
1607,53.56666666666619,track,1,326.59717956482245,235.9418609681187,326.6202639916691,235.94697044495388,1,0.02364312831178572,7.7624058057710394,2.580090411834533,847.04994866233,0.19564697921894095,-0.45718758189913555,9.598801001629909,30.0
1608,53.59999999999952,track,1,314.90871763841466,248.6390197519125,314.9149713856376,248.65834925649227,1,0.0203159814340222,10.041141760591,2.2166716663734056,1095.6184789940032,-0.4013593140166817,0.19542722383038857,7.8444139999191975,30.0
1609,53.63333333333285,track,1,317.07062794824077,225.57623231055524,317.0657767617337,225.60034989339283,1,0.0246006465861094,14.6955635892161,2.684139678013145,1603.4136398006601,-0.31427011635679386,-0.9833619013249301,8.399202999498812,30.0
1610,53.66666666666618,track,1,318.46571663706845,246.94178542036644,318.4379351817324,246.94697669882368,1,0.02826231824546816,7.120430587434189,3.084173871490136,776.9024787408065,-0.258635464790627,0.11261025012248543,7.009552000454278,30.0
1611,53.69999999999951,track,1,320.3442644199611,244.14931950745301,320.3264004367027,244.13930482907892,1,0.020479640641199465,4.152153864335452,2.234794739178767,453.03369775138316,-0.1885962172306147,-0.005521968375023278,6.551395999849774,30.0
1612,53.733333333332844,track,1,312.2650217832032,218.22775309494025,312.25207897203643,218.2139969077411,1,0.018887801543793874,23.122720665861852,2.0609703742999557,2522.918969290228,-0.5995250013026436,-1.3521302563813977,5.913494998821989,30.0
1613,53.766666666666175,track,1,309.49667817083696,250.44728213977567,309.4932371644188,250.42298148487083,1,0.024543071404646188,14.799682710014771,2.6778502083684534,1614.9071726314244,-0.7805733320874769,0.29811627082440684,5.572525999014033,30.0
1614,53.79999999999951,track,1,319.2566955621685,226.87165221891576,319.2440955630619,226.87839566795355,1,0.014291049031195225,13.143359226794448,1.5594814818584735,1434.0455848038018,-0.31391141053493066,-0.9278689987603335,7.000413999776356,30.0
1615,53.83333333333284,track,1,327.84681071289947,227.25669556216846,327.85667945898217,227.2424795254223,1,0.01730571726374547,14.98271473333392,1.888296453291297,1634.8126043194547,0.1324903010956615,-0.9551011975145551,5.90370499958226,30.0
1616,53.86666666666617,track,1,314.3192123332038,255.9461070086799,314.30309479555825,255.9509137357473,1,0.016819026275486718,16.937720564280397,1.8353858139167187,1848.0759941943513,-0.5474744401626693,0.5016512286554803,6.933400998605066,30.0
1617,53.8999999999995,track,1,315.5804232117357,232.74659223679086,315.6019884242137,232.76229345866227,1,0.02667558354517679,8.469173619620356,2.910855629896092,924.0986933169254,-0.5011843959554816,-0.7055244818108064,7.16802700117114,30.0
1618,53.93333333333283,track,1,322.099391743238,245.73081402873044,322.09356523271566,245.74646370944703,1,0.01669912367156975,6.115951319919696,1.822046893975924,667.3130603645415,-0.1727837004266032,-0.0458142553573877,7.316713999898639,30.0
1619,53.966666666666164,track,1,325.361417629495,249.58042321173568,325.34193676009056,249.60374050091696,1,0.03038421049684326,10.989454943615698,3.3154002506546103,1199.0873216279772,0.012470800211834276,0.18705048096027033,7.179460000770632,30.0
1620,53.999999999999496,track,1,311.02890944289095,222.86371262637127,311.02819990008135,222.87134010042263,1,0.007660405433320433,19.336085099840925,0.83580967019021,2109.7993261615147,-0.7137469354113881,-1.1725617674599398,19.591218000641675,30.0
1621,54.03333333333283,track,1,302.04988524661155,250.54687567661196,302.0486848679423,250.5720333838159,1,0.02518632844835247,20.833089181371086,2.7480219755164716,2273.3529745669252,-1.217414796396103,0.26641024533853214,8.562173999962397,30.0
1622,54.06666666666616,track,1,314.4573210341691,235.75470962712745,314.4297700248974,235.7704817407004,1,0.03174614430840257,6.994017921143784,3.46422118537374,763.1892633094068,-0.6350824034314997,-0.47044251171400253,6.669400001555914,30.0
1623,54.09999999999949,track,1,318.8181113551221,231.92559100891359,318.8288718941753,231.92864414128258,1,0.011185294720207253,8.155876803771909,1.2206054541107119,889.8744871295042,-0.427938164154706,-0.6824950829408978,7.625346999702742,30.0
1624,54.13333333333282,track,1,318.18658489180666,256.4916857426683,318.17694358462586,256.4821451464259,1,0.013563840931502109,16.582660924034126,1.4800532298990265,1809.302990378785,-0.46400235721539634,0.5848388947121974,8.527634001438855,30.0
1625,54.16666666666615,track,1,308.31503950947797,239.87978755559394,308.29644703679367,239.8879698398694,1,0.02031329162103769,11.704089145224188,2.2166695617221452,1277.2361570154912,-0.9877956808705863,-0.24376956577657757,7.185520000348333,30.0
1626,54.199999999999484,track,1,320.9126856944865,238.53848152800035,320.91825742667913,238.56509978605771,1,0.027195144081890575,1.7035654744162314,2.967230025246598,185.88223268002864,-0.36763964205246974,-0.3096921533610113,6.536324000990135,30.0
1627,54.233333333332816,track,1,331.1871020832431,257.5384815280004,331.1755595356952,257.56470560343826,1,0.028651920292834986,20.81854975427738,3.1262335684633844,2271.5829346850355,0.18317421331098366,0.6960961358478706,10.705519998737145,30.0
1628,54.26666666666615,track,1,329.92970668044967,231.19434035405092,329.93251390773696,231.18403779863706,1,0.010678163376636289,13.280663464723748,1.1650853576384634,1449.1698054396425,0.1738852026519878,-0.6226826339276476,5.748043000494363,30.0
1629,54.29999999999948,track,1,313.231734126471,252.04138109401268,313.2193184341551,252.0388482407269,1,0.012671415132082932,13.817073114833033,1.3827871081212768,1507.6167150085507,-0.6496464349752198,0.47698968152575916,8.35653699868999,30.0
1630,54.33333333333281,track,1,312.0332223039322,250.59717956482243,312.03198828098334,250.62071189306852,1,0.02356466179091119,13.277376693833531,2.5710899764302404,1448.7598519379922,-0.7251477023792017,0.46041106280974686,7.180168000559206,30.0
1631,54.36666666666614,track,1,319.34028995424023,220.93721934738912,319.32200315911797,220.9874215647651,1,0.053429107285346784,19.024663425990095,5.8296413952665045,2075.740588964199,-0.3608345247423001,-1.0486082270902777,8.583396998801618,30.0
1632,54.39999999999947,track,1,320.3408825185121,251.45312432338804,320.32021053314435,251.42816697551763,1,0.03240679237088211,11.432652151003646,3.536091849952164,1247.3934126531062,-0.31823953128506943,0.542132488877834,6.263395000132732,30.0
1633,54.433333333332804,track,1,315.49001901140684,233.00829588662288,315.4770811817395,233.00760155414378,1,0.012956447587703776,8.327690595968823,1.4139019931175907,908.6651239705441,-0.5454202544200049,-0.38832915692319225,10.266707000482711,30.0
1634,54.466666666666136,track,1,311.44053855145245,231.1413048183904,311.4165411487986,231.13194956356432,1,0.025756477379317546,12.34172128973242,2.8106669747735906,1346.6955983922833,-0.7679793708974175,-0.5138361448629412,6.029923999449238,30.0
1635,54.49999999999947,track,1,328.1122515265688,249.45732103416915,328.10701219941484,249.433052536545,1,0.02482761619567094,12.438091773205374,2.708908728876551,1357.1970713275732,0.08323963173689641,0.41169120683055094,7.359496999924886,30.0
1636,54.5333333333328,track,1,333.17818448655413,226.29835541934648,333.1696418226801,226.28047246842078,1,0.019818603378534173,19.017489356575034,2.1624345105476586,2075.13429344987,0.3911499306518283,-0.7817200927950272,6.9652510010200785,30.0
1637,54.56666666666613,track,1,326.35262088933064,241.07052417786613,326.3351226663882,241.06582628780114,1,0.018117891080528963,6.424154798411502,1.9771338338421167,701.0477955673006,0.09923091155838906,-0.04269950602954342,6.429197001125431,30.0
1638,54.59999999999946,track,1,313.8794439873555,246.54687567661196,313.88656318177937,246.57359958288697,1,0.027655923340945805,8.976988426332484,3.017516364225625,979.5417631420568,-0.5163785451317298,0.24340906659476214,9.148823000941775,30.0
1639,54.63333333333279,track,1,315.3160767664515,227.47411514967726,315.296975425332,227.4455551377166,1,0.03435892192365409,13.406435989853716,3.7490316898646685,1462.7804685635333,-0.45272826715149606,-0.7401368520964668,6.057239001165726,30.0
1640,54.666666666666124,track,1,329.57601212383634,241.44892833946741,329.59809272692416,241.42190813633596,1,0.03489476192765107,9.702845291089256,3.8075662721439527,1058.8418870278454,0.2890684230309497,-0.048566953818206,5.6288819996552775,30.0
1641,54.699999999999456,track,1,318.689132593584,241.91710202495574,318.70489444009206,241.91982856784227,1,0.01599593202833718,2.3158238579839723,1.7455854675784976,252.688969736942,-0.2365158415981262,-0.02487056724174537,5.471032998684677,30.0
1642,54.73333333333279,track,1,309.9131521130401,233.7973549304269,309.91747639687816,233.80705287512427,1,0.010618359669235525,11.832576908645708,1.1585805951738108,1291.1948204203247,-0.696022559752778,-0.4501101192975879,6.044530999133713,30.0
1643,54.76666666666612,track,1,318.0371980884316,249.82640892065268,318.03520560341235,249.83511538881334,1,0.008931549943001328,10.029452214958457,0.9745110671216568,1094.3005681711686,-0.304825268873562,0.36495074367757346,5.93869800104585,30.0
1644,54.79999999999945,track,1,323.5804232117357,229.39465143450605,323.60314533275954,229.37217210365498,1,0.031962714204734795,11.222004370134435,3.487696690656553,1224.4323576240338,-0.019179687669382217,-0.6747185908796691,6.196602000272833,30.0
1645,54.83333333333278,track,1,331.8015076459186,234.14473400818437,331.812663503891,234.13854018043617,1,0.012759963529497848,13.18695303216475,1.3924005085964113,1439.0064311073697,0.43128224571650287,-0.45404668730256637,6.912852000823477,30.0
1646,54.86666666666611,track,1,315.9958782362286,249.95878236228586,315.9966095772678,249.96152325349578,1,0.0028367841546900166,10.735878185167765,0.30951917352730274,1171.3986922809756,-0.3485428751860383,0.35074759525573107,7.526887000494753,30.0
1647,54.899999999999444,track,1,323.18204542516054,227.7765806145757,323.1725614424216,227.78690985447457,1,0.014022807332364863,12.618427675771285,1.5301224010385415,1376.786093722207,0.01894590406201374,-0.78033051285642,6.881724000777467,30.0
1648,54.933333333332776,track,1,329.25303547508963,239.65155770643392,329.23970433182575,239.66873954954946,1,0.021747071379133318,9.245640574108005,2.372936430854226,1008.9521877118324,0.35587344939099186,-0.16449764457332702,7.050166999761132,30.0
1649,54.96666666666611,track,1,330.50998098859316,247.22813688212926,330.52114581117326,247.21672761237102,1,0.015963229612504067,12.758356736317056,1.7418659057157075,1392.2062782030634,0.46552836630791916,0.21335168254898546,7.060009000269929,30.0
1650,54.99999999999944,track,1,318.4195767882643,224.62611969362587,318.39645983270356,224.64720256587498,1,0.03128707619240623,15.436312063488772,3.4139952949175134,1684.2268766177967,-0.1216219210723049,-0.9491410340463114,20.03548500033503,30.0
1651,55.03333333333277,track,1,310.71415008846503,249.26927890217064,310.72942533202297,249.2547362002548,1,0.02109083319282045,13.099377726092335,2.3013886729285016,1429.3732916989354,-0.5290593613352361,0.31223340695961577,5.982362001304864,30.0
1652,55.0666666666661,track,1,317.43215166861444,235.23685235683678,317.4097640165895,235.22247067003696,1,0.026609018741716027,5.434529321699497,2.903621485034733,592.9745413061754,-0.21292017647095962,-0.3985714930565158,6.221681000170065,30.0
1653,55.09999999999943,track,1,328.4615184719996,227.36588851834208,328.4366490778276,227.34370978836245,1,0.03332240732588718,15.21048091230524,3.6360963905330794,1659.6745055576503,0.35475023475215334,-0.8324837276006518,5.921824998949887,30.0
1654,55.133333333332764,track,1,321.31503950947797,250.8839328122976,321.29608742112134,250.89015638325066,1,0.019947794075668813,10.96701183800054,2.176811715635196,1196.5911997362898,0.01032002091178752,0.35409128214702235,5.920894000155386,30.0
1655,55.166666666666096,track,1,313.96284030794374,233.87613435981248,313.9654477096966,233.88295242448208,1,0.007299626684957151,8.592676671768556,0.7964651397719738,937.611760808515,-0.3735401090421656,-0.5258750239156453,8.269216999906348,30.0
1656,55.19999999999943,track,1,316.44892833946744,231.93349209785669,316.42201143247974,231.93902041597119,1,0.027478758759449683,8.819376057490409,2.9986626037844717,962.2924034724634,-0.27124345411995476,-0.6507128804612972,7.481360999008757,30.0
1657,55.23333333333276,track,1,331.86745074473106,252.2159934755548,331.87891327666665,252.2332877785497,1,0.020748073511878407,17.051742154612263,2.263896093838308,1860.6399802993446,0.5212337863634996,0.3869217450440528,8.147968999764998,30.0
1658,55.26666666666609,track,1,337.714126950203,230.79619576832656,337.7570334758831,230.83350505496196,1,0.05685906097690924,19.98341480931225,6.204390151947915,2180.653179976228,0.8751715275806046,-0.7047025345704869,6.749083000613609,30.0
1659,55.29999999999942,track,1,314.54249540185634,245.61230163822233,314.6019393729275,245.66765083077485,1,0.0812226496300497,7.82696138186033,8.8628821019554,854.0561667721249,-0.27160156864000756,0.04853337258628504,7.43574399893987,30.0
1660,55.33333333333275,track,1,306.6378827684224,243.8759636504587,306.6622235543627,243.88844089704924,1,0.027352432116225213,13.893028939854776,2.9847842757806147,1516.0879199953456,-0.6843022088765695,-0.014239558902547633,5.859430999407778,30.0
1661,55.366666666666084,track,1,321.6134866296344,222.01033458209534,321.6409523214805,222.01464050054358,1,0.02780117195852023,18.060063146236768,3.033850891015978,1970.497829929187,0.04526033801769796,-1.143856729269666,7.284753999556415,30.0
1662,55.399999999999416,track,1,321.00827265285017,249.58636735749064,321.0123081931732,249.61086456232073,1,0.024827376627145216,9.664030500429831,2.7088752977915225,1054.4247693989348,0.01241387072039836,0.2641089099591793,5.739104000895168,30.0
1663,55.43333333333275,track,1,311.5291833829429,229.84884172382556,311.5579921317403,229.86040383282068,1,0.031042331930570804,13.193896592032086,3.387479343574742,1439.6635464387095,-0.4901582638055354,-0.7564883306809785,6.230189999769209,30.0
1664,55.46666666666608,track,1,309.75164920450135,230.55710774802742,309.76307324608985,230.57933960181765,1,0.024995280537852348,13.911991651190807,2.727280602005524,1518.054635858531,-0.627223738114524,-0.7572880240851501,8.142818000123953,30.0
1665,55.49999999999941,track,1,322.27227020755447,257.2846461260797,322.25494281093347,257.2654456743855,1,0.025863024164283342,17.412075735412397,2.8220796559691483,1899.8002528071825,-0.020294350722337096,0.6143351148435543,8.30311299978348,30.0
1666,55.53333333333274,track,1,330.52510135426553,230.7909083067368,330.54316064943356,230.79714529364236,1,0.019105971517460307,13.994669386094595,2.0849425639903303,1527.0833750784902,0.41437554982469427,-0.7499243697172413,7.029714000964304,30.0
1667,55.56666666666607,track,1,318.9037217868003,240.0311790654846,318.90366412364347,240.02212779622164,1,0.009051452939178426,1.0965591608080594,0.9875859865211009,119.6646460448764,-0.15998021771126758,-0.29481706547739206,6.306388999291812,30.0
1668,55.599999999999405,track,1,319.35898532745864,256.4616503400779,319.3063312274183,256.4021083850072,1,0.07948395224634708,16.41676995756406,8.672991004127391,1791.1996968491094,-0.14262293150584515,0.579546294763793,6.835303000116255,30.0
1669,55.633333333332736,track,1,312.3971437123188,231.22474024030444,312.33867920831017,231.1706089816916,1,0.07967616574599498,11.689909410571321,8.694125858328716,1275.5594248456998,-0.5146188719326115,-0.6766726244036368,5.917821001276025,30.0
1670,55.66666666666607,track,1,325.1739430543572,243.5066867989646,325.14129759403266,243.46219067718505,1,0.05518723523807689,6.198363109369532,6.021741223592012,676.3736651795093,0.12452996624911486,-0.02425317388703979,7.677413999772398,30.0
1671,55.6999999999994,track,1,314.28053246025934,241.04066686770344,314.25363055067794,241.02868129092724,1,0.029451091487138592,5.837717623044613,3.21382547367665,637.051371236028,-0.431143570780042,-0.1321481097483401,7.708850000199163,30.0
1672,55.73333333333273,track,1,303.33135684916687,228.44769530404673,303.31043479395584,228.41884955882523,1,0.03563438524287007,20.314148574526143,3.8882170064947523,2216.6986137174526,-1.034317490535741,-0.7845583026605116,7.345901000007871,30.0
1673,55.76666666666606,track,1,311.199333823593,244.59717956482243,311.18992178474826,244.61778752253286,1,0.02265555994033705,9.94693117308617,2.4719764767488153,1085.440774713233,-0.6940568657585067,0.023585612060177924,7.444418999511981,30.0
1674,55.79999999999939,track,1,320.1780922386643,227.27335087794987,320.16991470733467,227.25907839522625,1,0.016449187874876724,12.742054557517756,1.7948139477172846,1390.2593202208684,-0.2744667188759128,-0.8684709076698257,6.833108000137145,30.0
1675,55.833333333332725,track,1,327.33591083848114,234.0663527582185,327.31623327329635,234.0611967344223,1,0.02034185716665628,9.42319762800955,2.2198271424930343,1028.2561384629223,0.10657216871947184,-0.5573520376870374,6.643372000326053,30.0
1676,55.866666666666056,track,1,314.4916857426683,250.38560877640046,314.48232540998464,250.36584781728322,1,0.021865757091449795,11.742892908154131,2.3858042418012486,1281.2932302669835,-0.5413204331014392,0.27685015327589,6.640822999543161,30.0
1677,55.89999999999939,track,1,312.50332182916304,233.44314063848145,312.5050119185781,233.4209521603343,1,0.02225275184594168,9.972899117972991,2.427953931658706,1088.2319815941482,-0.6673638272307189,-0.5731024689003076,7.169851000071503,30.0
1678,55.93333333333272,track,1,324.5133183429906,238.24076796679063,324.5284566009431,238.2289724499854,1,0.01919117168229054,4.862453883538226,2.0941415678637387,530.6144109537273,-0.06397507816764131,-0.3437473313403444,7.209585999589763,30.0
1679,55.96666666666605,track,1,328.6807876667962,247.0248736883016,328.698420169325,247.02305272011233,1,0.0177262819162361,11.179704063686,1.9344173507442146,1219.925907017537,0.17758215648894826,0.1135063605052638,8.407987001191941,30.0
1680,55.99999999999938,track,1,313.66408916151886,220.18661713248952,313.68411797489944,220.17592315026678,1,0.022704947064772385,20.805873898952594,2.477627657110137,2270.120720080718,-0.5708604611060363,-1.2699862799654897,18.684807000681758,30.0
1681,56.03333333333271,track,1,308.5804232117357,248.87121900558225,308.60257169214617,248.87724490797655,1,0.02295357671820149,14.446689904225927,2.5048293316026897,1576.4226600627987,-0.8568857582238197,0.20546040097842286,6.35806600075739,30.0
1682,56.066666666666045,track,1,306.61392432432433,237.98339459459459,306.6370355719463,237.98589029124116,1,0.023245607507549813,13.513898631569853,2.5367220983843706,1474.7297929551373,-1.0030935574339583,-0.34042161738385496,7.29023399981088,30.0
1683,56.099999999999376,track,1,321.64737911066936,222.8713970874206,321.6650534456813,222.8769890424188,1,0.018537855291686646,17.20377595850459,2.0229515980864443,1877.0706215065022,-0.2643560928632822,-1.144196138565801,6.944523000129266,30.0
1684,56.13333333333271,track,1,320.716454613493,260.6161659360633,320.73236732203145,261.56266199265673,1,0.9466298111933585,21.575095691652045,103.28434930431975,2354.011815912372,-0.3047928963953507,0.7745201962102709,6.838099001470255,30.0
1685,56.16666666666604,track,1,306.9958814191943,235.0041185808057,306.9952577484188,235.00418269852054,1,0.0006269579870798509,13.93131406364177,0.06841802881796127,1520.2522267232016,-1.0205723025196147,-0.5758906683252147,6.5420490009273635,30.0
1686,56.19999999999937,track,1,319.13662828308964,244.74330443783154,319.12822739730046,244.75571801280682,1,0.014989053529482807,4.834960319191132,1.6355166736508353,527.5358825551601,-0.4298434933175475,-0.0752531556362925,6.869116999951075,30.0
1687,56.2333333333327,track,1,331.0535967360962,259.97938587073224,331.05258008740674,259.98194869908104,1,0.0027571114781995538,22.83501259910418,0.300828899708132,2491.5813284638584,0.19926134274835033,0.7558823898931362,5.6395160008833045,30.0
1688,56.26666666666603,track,1,324.888049064916,227.49168574266832,324.8949987850598,227.4832425053208,1,0.010935578036101772,13.439874675246974,1.1932423589522734,1466.4314690158603,-0.07108315302607035,-0.8622978082356425,6.181750000905595,30.0
1689,56.299999999999365,track,1,316.25253352882834,243.85924360688256,316.2393796268825,243.86557381048362,1,0.014597829086251133,5.393044267851249,1.592969439582294,588.4751116376566,-0.49294405424873033,0.023726062467850917,7.844626999940374,30.0
1690,56.333333333332696,track,1,310.02910224762894,246.54267896583085,310.02756718173185,246.56775235866525,1,0.025120339478927535,11.940887209902975,2.740828825514706,1303.0072235313557,-0.8236163873222141,0.1882302237819475,6.580545001270366,30.0
1691,56.36666666666603,track,1,316.2071733782209,229.29418619707369,316.1962158360465,229.28027314441402,1,0.017709905838640478,11.37459088601935,1.9324212232714295,1241.0829764168063,-0.5292761538473719,-0.686721259923427,7.187534998593037,30.0
1692,56.39999999999936,track,1,323.0207657365347,257.40700843608045,323.01946458803167,257.38277021875206,1,0.024273116130509007,17.643068522122526,2.648382907574934,1925.00768282603,-0.17803812181399215,0.7601773690811029,5.831619000673527,30.0
1693,56.43333333333269,track,1,316.43634474698064,240.63430154538764,316.41132067549137,240.65437941404286,1,0.03208309467050208,3.6478530276970886,3.5009006449162503,398.0784355708763,-0.5043201585772199,-0.09256719835775785,7.973796999067417,30.0
1694,56.46666666666602,track,1,313.8388499117634,228.0578487496234,313.8451376939224,228.0541112450664,1,0.007314721101496194,13.438250933511538,0.7981986263030539,1466.2744069126188,-0.647191410405861,-0.7451758858876453,6.238145000679651,30.0
1695,56.49999999999935,track,1,323.3488341912878,255.5149889691569,323.32938969881474,255.53349418523533,1,0.026842714274898972,15.88629212148994,2.929022692990878,1733.3334651620112,-0.16369994679455363,0.6570137046086373,5.935229999522562,30.0
1696,56.533333333332685,track,1,334.2359129122656,236.75994826471222,334.2224938571238,236.7727254139752,1,0.018529074023968774,14.584054058098058,2.02185439941047,1591.5047729735488,0.4323945066162509,-0.310222651003835,6.268897999689216,30.0
1697,56.566666666666016,track,1,321.091396918816,243.48333910334082,321.08614069061514,243.4633355063262,1,0.02068264558568869,3.629654863646075,2.2566677884483357,396.03069113104465,-0.18960338719279818,0.035986234539762046,5.9134390012332005,30.0
1698,56.59999999999935,track,1,309.90034171028157,256.6013668411264,309.9059480188879,256.62267605104927,1,0.022034362339927893,19.447448277229586,2.404145008223772,2121.9707669315585,-0.7611765244884205,0.7457809192448082,7.076509000398801,30.0
1699,56.63333333333268,track,1,321.0456609158127,232.38189129588793,321.0418168388989,232.35921831004168,1,0.022996547882298157,7.711480218441566,2.509118270558283,841.3867660480838,-0.20482675089456054,-0.4569638658109194,6.491600999652292,30.0
1700,56.66666666666601,track,1,328.27335087794984,240.19051727857112,328.2569142163203,240.18121505877065,1,0.018886374420210177,8.25890254653713,2.060930663988787,901.2722791019029,0.18847073558045693,-0.05238876603529528,6.229740998605848,30.0
1701,56.69999999999934,track,1,325.59299156391955,246.60129785853343,325.61631562785703,246.62389972171286,1,0.03247854950180818,8.684414128484365,3.5439915663560613,947.6092902007147,0.0907186116234957,0.2959154536984888,5.701605001377175,30.0
1702,56.73333333333267,track,1,310.0498528648087,226.48333910334082,310.0473696995578,226.4632000439829,1,0.020291570207477565,16.80177975532665,2.213972127527145,1833.3210096112093,-0.6951348606637279,-0.7381617446892541,5.416498001068248,30.0
1703,56.766666666666005,track,1,314.42376768944473,247.38637642272903,314.39921688498526,247.36478348775398,1,0.03269551713069428,9.25250275995246,3.56769848691539,1009.5875578006257,-0.4981052219581851,0.32083405667104464,6.227108000530279,30.0
1704,56.799999999999336,track,1,328.62194910853384,230.51666089665918,328.644582314439,230.53588588918763,1,0.029696167215045498,12.81788825406078,3.2404210656894232,1398.6464207330584,0.23090999881179036,-0.5462483787855467,6.2042570007179165,30.0
1705,56.83333333333267,track,1,325.6974746384632,229.9419814375135,325.71505155297916,229.9443852294653,1,0.017740522530346647,11.566209520262255,1.9359691103965182,1262.0201759881957,0.1162841283480201,-0.6220476837979297,5.2646269996330375,30.0
1706,56.866666666666,track,1,325.0998223647156,250.47831549759542,325.09353084282725,250.4504014164972,1,0.02861431759154766,11.625615949822137,3.1220730842405415,1268.4903932173133,0.11463548893447184,0.4088306538140414,6.386434999512858,30.0
1707,56.89999999999933,track,1,317.72248349656985,228.111835008845,317.73620682487535,228.10590164600399,1,0.014951071345680722,12.107614760731018,1.6315244495504024,1321.0451532968455,-0.2464669170123575,-0.7522060596036981,5.1746200006164145,30.0
1708,56.93333333333266,track,1,328.7391416864352,242.9254690532672,328.7539298497011,242.92923880858973,1,0.015261088688912728,9.231019868423845,1.6653832563958495,1007.3388703458902,0.330674348327364,-0.017511614126063363,5.974389998300467,30.0
1709,56.96666666666599,track,1,327.8595706234135,246.1404293765865,327.8671138837808,246.13216673983396,1,0.011188026772992092,9.974715524038897,1.220801231879795,1088.4412630184172,0.3257117330190647,0.1560190838432084,8.183939999071299,30.0
1710,56.999999999999325,track,1,322.49001901140684,217.12443829934324,322.4782163111314,217.11617955991017,1,0.01440522512199176,23.017619208315857,1.5719068848518816,2511.406443371637,0.08160354233173903,-1.3539535458356904,16.849121999257477,30.0
1711,57.033333333332656,track,1,307.74330443783157,243.77228619485055,307.7560309928433,243.78253894825554,1,0.01634270953208866,12.814927933596964,1.7833104201662373,1398.4372588677502,-0.6803351790162327,0.0032896163424051272,6.093681999118417,30.0
1712,57.06666666666599,track,1,319.0496230885204,236.8015076459186,319.0474296700003,236.81302636859823,1,0.01172570070290952,3.3262878950634853,1.2793756375732301,362.9299175847809,-0.13430874081040978,-0.3588716293683516,6.857409998701769,30.0
1713,57.09999999999932,track,1,327.4111971617704,227.70510102539697,327.38909495262453,227.7221848320371,1,0.027934997734844993,14.329810519248367,3.048264171561276,1563.569700224556,0.2992145191541182,-0.8591113571486239,5.33298200025456,30.0
1714,57.13333333333265,track,1,321.6807876667962,256.0994947532064,321.6991229952293,256.09557154432855,1,0.018750355640563175,16.18500671274238,2.0461584989574333,1765.915443056189,0.025075118455315258,0.5801878280109702,5.921803000092041,30.0
1715,57.16666666666598,track,1,319.89682300846914,237.91333132711407,319.9023607571374,237.9182011523269,1,0.007374405597486073,2.084087297576526,0.80468733393322,227.39069531352249,-0.05829631459359048,-0.36389599024992203,8.87968099959835,30.0
1716,57.199999999999314,track,1,318.0206513789098,239.8595706234135,318.0210934181523,239.86558409730247,1,0.006029698740835702,1.983466383526104,0.6578890225812153,216.45035860345,-0.16525277972878544,-0.25976307581376346,7.407171000522794,30.0
1717,57.233333333332645,track,1,332.7472048348802,249.3025253615368,332.759387834616,249.28672567811094,1,0.01995132774828139,15.781167629001095,2.1769906862651225,1722.0501600678253,0.5995724876360026,0.23441465820949214,6.559179000760196,30.0
1718,57.26666666666598,track,1,333.9709078315079,229.44053855145245,333.9721574731169,229.4175990184424,1,0.022973545195956846,17.52736132417108,2.506592547087122,1912.5891867573184,0.7151810199029977,-0.7683367462839111,6.502352998722927,30.0
1719,57.29999999999931,track,1,317.813945475688,239.1901890692967,317.8229905574819,239.17905044060967,1,0.014348608074853064,2.326656032136293,1.565658578914329,253.8963102903412,-0.07671145861212633,-0.27838885669823293,6.137923001006129,30.0
1720,57.33333333333264,track,1,307.3481564631724,242.49335117865468,307.3275170997263,242.48720365470552,1,0.02153544460106079,12.914255877816162,2.350068982229296,1409.289002801818,-0.6361054625196585,-0.10380275977527789,5.751882999902591,30.0
1721,57.36666666666597,track,1,324.546875676612,224.04572814272723,324.5716189789154,224.04359037268824,1,0.024835480056122017,16.598394750184337,2.710222905974266,1811.0402098918346,0.2144966443471389,-1.061849746083647,6.975506999879144,30.0
1722,57.3999999999993,track,1,323.59827437446074,254.50332182916307,323.618650799792,254.50523375701556,1,0.020465927230259782,14.949797321585974,2.2333867629007154,1631.1581296223724,0.1753644727063518,0.49099733115547806,6.468966999818804,30.0
1723,57.433333333332634,track,1,313.0165567196999,232.75578838442632,313.01454872167915,232.7680389464657,1,0.012414037471030957,10.054739690396328,1.3544760753022105,1097.14630877316,-0.37311624370080687,-0.6399499007221692,5.858423999598017,30.0
1724,57.466666666665965,track,1,303.97106566200216,236.1777395048439,303.9727809385869,236.16870246786902,1,0.009198380892721326,16.47879217728766,1.0036215815178926,1798.2686060234082,-0.886096885276399,-0.4828024030333029,6.370967999828281,30.0
1725,57.4999999999993,track,1,320.6306575022695,253.15354688107897,320.6493638956375,253.14617420081356,1,0.02010685373534335,13.162202307634297,2.1941538307475454,1436.1012896800803,-0.08554625773101622,0.4017730089986676,5.172806999325985,30.0
1726,57.53333333333263,track,1,325.88380236026455,234.3693424977305,325.89051402779404,234.35067014424078,1,0.019841957208701688,8.16168385388768,2.164958895871827,890.5872915166563,0.18811763101398077,-0.5307243587449086,7.407480999972904,30.0
1727,57.56666666666596,track,1,317.7765806145757,238.14067146489677,317.7886645660627,238.13400647720408,1,0.013800142915341217,2.8934298381856256,1.5059112579198966,315.7291359760853,-0.22428995402818827,-0.34222720993329625,8.502974000293761,30.0
1728,57.59999999999929,track,1,307.39444660698064,246.87543791358505,307.3744014496,246.88364410470433,1,0.021659868584580057,14.380204967805348,2.363619162761545,1569.2092437831418,-0.7881487655264303,0.11779127799412503,6.970873999307514,30.0
1729,57.63333333333262,track,1,311.9009586037914,229.02063362421012,311.90749443943105,229.02012545785243,1,0.006555561040465936,13.63987870947318,0.7153895837826252,1488.3120173658274,-0.6116318235711548,-0.7876535460582441,6.49041699944064,30.0
1730,57.666666666665954,track,1,321.1860384996339,244.85116920029284,321.17646881988384,244.8577866851345,1,0.011634856086292984,4.998216718233504,1.2696084294969598,545.3507803824267,-0.11731537852946564,0.013821506008368345,6.6634949998842785,30.0
1731,57.699999999999285,track,1,305.5437262357415,248.49001901140684,305.56680440491226,248.47938043912734,1,0.025412223681168036,16.739684217974826,2.773074407683226,1826.6729490022085,-0.937996076743709,0.23084302112061986,6.799778999265982,30.0
1732,57.73333333333262,track,1,307.7016445806535,229.9834246989252,307.71763449984104,229.98554047863604,1,0.016129291348603827,15.84758346829359,1.7601377771826179,1729.281178315307,-0.8855471758718552,-0.7025387117296604,5.69071000063559,30.0
1733,57.76666666666595,track,1,310.79735493042693,247.13233963727222,310.80759842399453,247.12427322176433,1,0.013038259838472266,11.62994048449501,1.4227323631812618,1269.059887769938,-0.7849380901083405,0.17464678671769018,7.6726219995180145,30.0
1734,57.79999999999928,track,1,323.5166608966592,239.54716981132077,323.53553390593265,239.57247826389568,1,0.03157068657430419,3.561288367268376,3.444833223225586,388.63314172979494,-0.10030429528515053,-0.167297457507795,6.918831999428221,30.0
1735,57.83333333333261,track,1,318.38189129588795,230.17434167855754,318.36061041102863,230.1644254003956,1,0.023477832799913313,9.971265011462235,2.5619917237367615,1087.949647732838,-0.3561539994673987,-0.6801743890851191,10.222397999314126,30.0
1736,57.86666666666594,track,1,320.7962666204686,260.4615184719996,320.80957643046236,260.43499328847463,1,0.02967720342459189,20.451023561102346,3.238122048046376,2231.367330811623,-0.2380723053975327,0.8792715163881997,8.335530999829643,30.0
1737,57.899999999999274,track,1,319.7848924893351,233.95863317102598,319.79779829260565,233.96195798108846,1,0.013327194753941736,6.04142673154401,1.454345744884191,659.1680631447744,-0.27570685841290654,-0.4869672015757035,6.654752998656477,30.0
1738,57.933333333332605,track,1,328.2650217832032,248.02070482681276,328.24957911384286,248.0194264234189,1,0.01549549457781433,11.505075215581236,1.6909789316937922,1255.409912287047,0.18677400141822165,0.2375122217268476,6.792117001168663,30.0
1739,57.96666666666594,track,1,324.0249016471402,260.373524707103,324.0245068245729,260.3515195380784,1,0.02200871074511023,20.745626109853124,2.4013145685491883,2263.525189387976,0.005675446185834654,0.9291768087637426,8.53413000004366,30.0
1740,57.99999999999927,track,1,317.88396287502695,233.3025253615368,317.8887550579188,233.28502144847664,1,0.018148057452140324,7.039054776948554,1.980121925672995,768.0293681217855,-0.28958598628415866,-0.40332434569960773,19.198412999685388,30.0
1741,58.0333333333326,track,1,304.5164664858582,250.49834258900512,304.5328557127404,250.49645765876016,1,0.016497264010281676,18.692463074326298,1.800292735764213,2039.7428253012274,-0.9913900585982878,0.5259845119929222,5.359548998967512,30.0
1742,58.06666666666593,track,1,322.2400517352878,243.90894589351154,322.22884522712184,243.91521153106459,1,0.012839160378312595,4.505178395962239,1.401044771330586,491.572385564309,-0.11254891243931993,0.22867273747594036,6.570679001015378,30.0
1743,58.09999999999926,track,1,324.4866816570094,239.41096601228054,324.46911432810197,239.38736843362392,1,0.02941864652558448,4.510909034082454,3.2100128996040707,492.2621419672676,0.01834105352852375,0.01384203754273905,5.281811998429475,30.0
1744,58.133333333332594,track,1,330.71831715210357,260.8301618122977,330.7331141344323,260.8395074673824,1,0.017501198673205796,23.441092348818515,1.9097527091434436,2557.7006174211187,0.3753767928006146,1.144699212622691,6.230762000996037,30.0
1745,58.166666666665925,track,1,317.82597436229446,236.29418619707369,317.83704829291577,236.27840658596597,1,0.019277657173949803,4.304488079500288,2.103469878742304,469.67516336008634,-0.24694626070573414,-0.08228910225789818,6.644749999395572,30.0
1746,58.19999999999926,track,1,322.1368171021378,237.67661412221983,322.130549294811,237.6924193541558,1,0.017002669356179122,3.1407274212663436,1.8551719780467995,342.7065317232041,-0.0146605193285866,-0.01276684844774345,5.764600999100367,30.0
1747,58.23333333333259,track,1,333.01242932976567,261.70998230546803,333.01247764551647,261.72484701274726,1,0.014864785800978459,25.323774446206464,1.621856390220447,2763.149227479658,0.5804510681063827,1.2441874153723236,6.913411998539232,30.0
1748,58.26666666666592,track,1,332.1984923540814,235.97105319836314,332.1888620766578,235.97433050809917,1,0.010172659552008436,12.836447077825238,1.110093275766268,1400.782750309172,0.6059307292764696,-0.05724791931380638,6.147420999695896,30.0
1749,58.29999999999925,track,1,315.39444660698064,249.37368625924483,315.3717941991926,249.35428438726393,1,0.029825563112179026,10.436614649034281,3.2545392401401476,1138.7575430170712,-0.21295638385155274,0.6369280538419402,5.559880999499001,30.0
1750,58.33333333333258,track,1,310.05398157359747,243.60136684112635,310.0500103871692,243.62480920356893,1,0.02377634703938525,10.589690035960384,2.594200543968192,1155.600808907847,-0.4995689765582094,0.36886068503396463,6.392529001459479,30.0
1751,58.366666666665914,track,1,321.149190589251,233.3025253615368,321.1404213000715,233.28732722729825,1,0.017546615543930257,6.808857209181893,1.9145604244782817,742.9044057845531,0.05176121872904419,-0.1629888470174161,6.302136998783681,30.0
1752,58.399999999999245,track,1,330.73880371410064,257.6766141222198,330.7513728105596,257.69326020596276,1,0.02085843449954453,20.703706770227047,2.27595759329475,2259.0446405701323,0.5659145769136479,1.0872663239784266,7.827727999028866,30.0
1753,58.43333333333258,track,1,313.5183341270185,246.43222650331182,313.54055842013054,246.4082998915634,1,0.032655810418533236,9.09893911530118,3.5633002650647523,992.8557388192118,-0.29341856992627413,0.5265623848441295,6.664521999482531,30.0
1754,58.46666666666591,track,1,311.03326115201384,235.47999133824166,311.02987046061565,235.4567786773456,1,0.02345899430993072,10.055052657244378,2.559571564178069,1097.2415425268002,-0.44641226137502105,-0.029305237118809002,6.456881999838515,30.0
1755,58.49999999999924,track,1,329.0745952946255,256.3025253615368,329.0697104328119,256.2874594169918,1,0.015838073114232843,18.64245106189666,1.7280827902070972,2034.1234666962164,0.4657572942483686,1.042302878993852,6.030349999491591,30.0
1756,58.53333333333257,track,1,334.0829911389669,230.63483898854548,334.07923193619854,230.6531041637918,1,0.01864800880073554,16.89938560084949,2.034656560207039,1844.0837246805925,0.7587191143222076,-0.27122001437985654,5.512641999303014,30.0
1757,58.5666666666659,track,1,326.373524707103,248.36107388353292,326.3545283511438,248.34215317940607,1,0.02681146367478346,10.486732104624647,2.9256026443325576,1144.2606339129768,0.41220911156389545,0.6348896599473453,6.5956620001088595,30.0
1758,58.599999999999234,track,1,322.8056094093318,246.79320149928913,322.8169388983829,246.8020332677545,1,0.014365147280301095,7.362255179825098,1.567525031176499,803.3017226717719,0.25407851017568944,0.5747385585214245,4.858121999859577,30.0
1759,58.633333333332565,track,1,320.6599127316715,229.20737028556616,320.6794507300546,229.19455521901045,1,0.023365772224455322,10.826785774623325,2.5497073354835997,1181.2892908190322,0.1548405201905515,-0.3356500326285404,4.338393999205437,30.0
1760,58.6666666666659,track,1,336.0041327650781,254.83055663179647,336.0056409200482,254.83981918832882,1,0.00938453434800185,21.826607038287335,1.0239278275832984,2381.680766747024,0.9669824659989743,0.9634102063530259,5.15766999888001,30.0
1761,58.69999999999923,track,1,323.1661690250552,248.58042321173568,323.1554760090305,248.60447093027756,1,0.026317928466606487,9.164821265772652,2.871578824601496,999.9761218279324,0.35711835620212934,0.6502979789162102,5.389605999880587,30.0
1762,58.73333333333256,track,1,313.92575725026853,231.92575725026853,313.92966265965094,231.92828977924273,1,0.004654667061068299,10.099579264182909,0.507924428071191,1102.0152936591971,-0.11596824826683125,-0.20219474199723575,6.968985999264987,30.0
1763,58.76666666666589,track,1,322.63901975191254,256.8008384838138,322.65807099416537,256.81135755407,1,0.02176236821744379,17.020196362580844,2.374766507061497,1857.045614414406,0.31504591675840476,1.0665402913566944,7.876715999373118,30.0
1764,58.79999999999922,track,1,326.4447330822185,241.4405766982725,326.41947706462935,241.41454741259662,1,0.03626830761504399,6.573479304431255,3.9575021864773006,717.3407088262928,0.5200047230706621,0.2820375226676931,6.291952000538004,30.0
1765,58.833333333332554,track,1,327.5183341270185,242.38651023853845,327.5411584729299,242.36490647448716,1,0.031427271397125235,7.90328120130581,3.4292869240331005,862.4506259395322,0.5966382944876573,0.32998548402533145,6.262869999773102,30.0
1766,58.866666666665886,track,1,322.50332182916304,256.9213114754098,322.50504242976274,256.9273101723256,1,0.006240579389026916,17.111664654411285,0.6809040278671681,1867.0245639981943,0.35730280742569265,1.0976119195899778,6.443043999752263,30.0
1767,58.89999999999922,track,1,319.0990413962086,229.03714052357822,319.09455143387686,229.0357717243333,1,0.004693971997479831,11.00155165359976,0.5122328202131678,1200.3582389142175,0.1815893939999152,-0.30961906794048094,7.3499620011716615,30.0
1768,58.93333333333255,track,1,327.0,236.72664912205013,327.00097798111494,236.74070296880421,1,0.014087833603800485,7.7224808079799026,1.537096141578308,842.7074065997804,0.5859041379326562,0.08820011356653365,6.683178999082884,30.0
1769,58.96666666666588,track,1,334.74687702615086,248.48835098335854,334.7603251798137,248.4754087476856,1,0.01866425195805796,17.020568523236484,2.0366035111156933,1857.3264719220128,1.0144331963893234,0.6812020172415029,6.881976998556638,30.0
1770,58.99999999999921,track,1,322.28584991153497,227.07871229448065,322.2700836647093,227.07397742058185,1,0.016461882328725443,13.123846218559855,1.7964142121132918,1431.9233379752286,0.41184162856484074,-0.42609638570282976,19.024415998501354,30.0
1771,59.03333333333254,track,1,315.6222923602404,248.96264429936443,315.6449488218738,248.9658606048854,1,0.022883615862665928,9.96760388209394,2.497219222643802,1087.581874354569,0.06375359050655849,0.6819079112843534,5.743612000514986,30.0
1772,59.066666666665874,track,1,319.6306575022695,236.2240954480612,319.6506856422358,236.2108584874619,1,0.02400715552533663,3.8052087883031693,2.619696731790986,415.17934358713404,0.2665780995078182,0.03170341561168455,5.09134399908362,30.0
1773,59.099999999999206,track,1,328.8264089206527,231.01653248374737,328.8368858410678,231.01469903700234,1,0.010636135969007013,12.602626105844402,1.160685961221801,1375.166748110821,0.7193878090127577,-0.2725638624289339,5.59494499975699,30.0
1774,59.13333333333254,track,1,321.39444660698064,252.8837420526794,321.3721101754045,252.8906560039345,1,0.023382020817588344,12.963475558090945,2.55157694734648,1414.420850164829,0.351936347186896,0.8277741336625811,5.136604000654188,30.0
1775,59.16666666666587,track,1,312.4816658729815,232.25767349235898,312.4577733440228,232.2440208553096,1,0.027518129268614345,10.818520944334537,3.0028466291545923,1180.4887080732533,-0.12396285068410473,-0.24148090720143864,5.439256001409376,30.0
1776,59.1999999999992,track,1,323.07469202507025,235.63483898854548,323.0699140625895,235.65470570740177,1,0.020433194649457826,5.320334091104743,2.22944610714968,580.5253452111762,0.38924520725459266,-0.1064831676341734,7.050182999591925,30.0
1777,59.23333333333253,track,1,340.24841506016304,253.25669556216846,340.23690804559794,253.24410052442255,1,0.017060080891434168,24.18550487269175,1.8615294079939828,2639.154573018587,1.292503556292591,0.7925370261428841,5.378935999033274,30.0
1778,59.26666666666586,track,1,326.6974746384632,226.14504640621627,326.7155417543957,226.13906018023624,1,0.01903301288822105,15.402082772863697,2.076982427454628,1680.5457691072982,0.6458995908283862,-0.5966588167489422,6.426855999961845,30.0
1779,59.299999999999194,track,1,318.5426789658309,241.995842536053,318.5669896639951,241.99666870658353,1,0.024324732331074673,2.4576827596227293,2.6544942381857415,268.16906924460284,0.23737309476740798,0.2129663733667397,5.904219000512967,30.0
1780,59.333333333332526,track,1,311.70123189971906,249.63483898854548,311.7187814984578,249.65559612945714,1,0.02718174598361142,12.720421238523205,2.965962996876853,1388.003497199854,-0.13743521803548203,0.6141790907659338,5.810485001347843,30.0
1781,59.36666666666586,track,1,330.2192630898513,225.95035552682612,330.20594839348774,225.9528397882745,1,0.01354447098259142,17.3632972854933,1.478060072981682,1894.588861846843,0.7929212196879761,-0.6010819580296979,6.7418529997667065,30.0
1782,59.39999999999919,track,1,325.50998098859316,249.07466297960593,325.5201744106798,249.07085688745894,1,0.010880817582666479,10.618510733482598,1.1873687345051809,1158.6196912013977,0.5670430418847556,0.5847505939316304,5.325055999492179,30.0
1783,59.43333333333252,track,1,309.1943403540509,230.99586509884998,309.18427778304704,230.99478423535152,1,0.010120454590084657,14.073867913340791,1.1044145009966226,1535.7317050954814,-0.2802273851523692,-0.3377700998805273,5.940642000496155,30.0
1784,59.46666666666585,track,1,310.67243985660605,229.96268302163867,310.68966509269177,229.96420455589424,1,0.017292305361047852,13.68939466456337,1.887058539506145,1493.7442879106547,-0.2582168401840624,-0.42817203648322355,5.193768000026466,30.0
1785,59.49999999999918,track,1,326.18706967479324,255.54687567661196,326.17500222263266,255.5734971454824,1,0.029228855716020574,16.753043478421073,3.1891909482809035,1827.9332958217274,0.5047783231879726,0.8712500836833396,6.662898000286077,30.0
1786,59.533333333332514,track,1,335.33591083848114,230.0373234264979,335.3181657865469,230.03445664415636,1,0.017975130295567306,18.274524821218613,1.9615644042525404,1994.143410237334,0.9974294556164383,-0.4520123912939641,7.921921000161092,30.0
1787,59.566666666665846,track,1,328.120493399697,236.42795931616533,328.1122237454686,236.40382233329217,1,0.025514331723101677,8.873593855201678,2.7838685558670426,968.3236958070751,0.670806698788726,-0.15628873804811255,5.498938000528142,30.0
1788,59.59999999999918,track,1,318.0288647394871,253.06185301318672,318.02625749252326,253.06005926118786,1,0.0031646931863901985,13.208361268210352,0.3453346058403273,1441.1426916699804,0.1670329740832942,0.7026710529250826,5.883411000468186,30.0
1789,59.63333333333251,track,1,320.2443591181673,226.27335087794987,320.232273138361,226.25990127850616,1,0.018082108092671613,13.7420618426494,1.9730560746345533,1499.3679259608414,0.25743209674319145,-0.6583161346160425,5.60754099933547,30.0
1790,59.66666666666584,track,1,322.87099548484196,245.8875080627822,322.8750592646894,245.89060155111827,1,0.00510724747139175,6.554780881884104,0.5573040603773769,715.2034173068978,0.4017196848889466,0.3596735636212555,5.310623000696069,30.0
1791,59.69999999999917,track,1,318.07361224577545,242.83420045577674,318.05730117306655,242.8301809095417,1,0.016799042974250986,3.4327835225808907,1.8332171615618544,374.56547752707695,0.1531792781522235,0.22166226363708683,6.727818999934243,30.0
1792,59.7333333333325,track,1,297.5819851521263,229.8828477020126,297.5694506674929,229.84651591691357,1,0.038433213676559136,24.621591792236423,4.1934283880145,2686.8027296200744,-0.9440300262830347,-0.44863745340648625,5.320319998645573,30.0
1793,59.766666666665834,track,1,305.26079175011716,256.1015894660587,305.21350158804535,256.05522628532486,1,0.06622615764590009,21.826837296313084,7.226438596650493,2381.672524518656,-0.6249773916264113,0.8921002578554469,4.989565999494516,30.0
1794,59.799999999999166,track,1,325.87859561881083,234.92386504908475,325.87401498771305,234.91581346427552,1,0.009263379469410835,7.768719637489804,1.010752431942756,847.7154681958131,0.38111610952799596,-0.19702735806831023,5.828349998409976,30.0
1795,59.8333333333325,track,1,324.524138228569,241.13253375900598,324.541047511216,241.11852244188782,1,0.021959982855696912,4.676772920735798,2.396262109125821,510.3588579274598,0.30241835262547556,0.11384838216208573,5.7304399997519795,30.0
1796,59.86666666666583,track,1,318.621721717411,256.2005081607166,318.6363121946446,256.1837745169039,1,0.022201280619684665,16.241126871139915,2.4225171997126904,1772.03734336535,-0.0017741888961778918,0.9164531416720062,7.067001999530476,30.0
1797,59.89999999999916,track,1,316.7215418331829,228.73391775170813,316.7344832140163,228.74667915639293,1,0.018175059488293625,11.717543679829097,1.9832204071590689,1278.494790634623,-0.11628067897001028,-0.45905282095810224,6.589368998902501,30.0
1798,59.93333333333249,track,1,319.9651118046945,241.96511180469452,319.9648858002367,241.96391290611132,1,0.0012200146834165822,1.9642267969396052,0.13311417626867922,214.31287909991318,0.03548839977596439,0.24051603601924704,7.0298280006682035,30.0
1799,59.96666666666582,track,1,326.65509229379114,242.0103265780302,326.67276901207373,242.01337312170517,1,0.01793732972338528,6.969900832558254,1.9574430817753774,760.59576097131,0.3804976904255666,0.25174202667700857,5.669637999744737,30.0
1800,59.999999999999154,track,1,319.6112188186636,223.59053896859248,319.63695738199505,223.61547899815054,1,0.03583962495233517,16.388542595439475,3.9107391745329902,1788.1194629105248,0.05420880180777227,-0.7111596339938808,16.79794099982246,30.0
