frame_index,timestamp_s,state,detected,selected_x_px,selected_y_px,truth_x_px,truth_y_px,truth_visible,centroid_error_px,pointing_offset_px,pan_rate_deg_s,tilt_rate_deg_s,processing_time_ms,source_fps
1,0.03333333333333333,acquire,1,321.03146715615577,240.2201389799397,321.166664506174,240.001944442644,1,0.25668498116881533,1.1666661265432605,0.053932838927494835,0.0,31.9810540004255,30.0
2,0.06666666666666667,acquire,1,322.10416402986965,239.98481204910772,322.0456742418078,240.0077777489713,1,0.0628369212943138,2.04568902743669,0.11375113966906666,-1.5925716608762745e-05,34.36662899912335,30.0
3,0.1,track,1,323.02765042979945,239.90716332378224,322.60562711444334,240.0175847913224,1,0.4362299613711665,2.6056864516683818,0.16983978849912704,-5.936907775700093e-05,33.79615299854777,30.0
4,0.13333333333333333,track,1,322.8638700373617,240.11862120687886,322.8664016384471,240.03151222244503,1,0.08714576394264911,2.8665748504191497,0.1726124863292688,-9.037479814440013e-05,11.902535999979591,30.0
5,0.16666666666666666,track,1,323.09907949790795,240.3779079497908,323.11233659042273,240.04949355702445,1,0.3286818581516698,3.1127300982049677,0.1960218832732026,-2.518951947906614e-05,13.042234999375069,30.0
6,0.19999999999999998,track,1,323.27785843920145,240.20907441016334,323.23335661360977,240.07101558196166,1,0.14505396418372382,3.2341363922468394,0.2175623183159349,5.665398037125051e-05,13.650955999764847,30.0
7,0.2333333333333333,track,1,323.4033869602032,240.13801862828112,323.23941654404814,240.09598921577015,1,0.16927128784905746,3.240838390817562,0.23707812033883333,0.00012580253300841244,11.720766999133048,30.0
8,0.26666666666666666,track,1,323.2861859252824,240.26342311033883,323.1413014646081,240.12448188399298,1,0.20073906277396228,3.1437669492173526,0.24439227675308747,0.00023383569385031943,13.637936001032358,30.0
9,0.3,track,1,323.39130434782606,240.30485338725987,323.0040738596414,240.15628587801314,1,0.41475264409467816,3.00813647128035,0.2629008430492569,0.0003862749311537712,12.744360999931814,30.0
10,0.3333333333333333,track,1,322.7708558863099,240.33664919278124,322.76801725203563,240.19116399818859,1,0.1455128849628269,2.774610455860488,0.24343013972387167,0.0005840290544179028,11.977674999798182,30.0
11,0.36666666666666664,track,1,322.76030853894645,240.16314095285074,322.6356747899931,240.22887415470302,1,0.14090573162194042,2.645593501900148,0.2532319849591734,0.000726760057468415,12.061839001034969,30.0
12,0.39999999999999997,track,1,322.39833448993755,240.42765440666204,322.4509132595176,240.26970935058694,1,0.1664667166406617,2.465708607981347,0.24400209640630588,0.0009491592499633796,11.639731001196196,30.0
13,0.4333333333333333,track,1,322.64716249559393,240.68434966513922,322.3152222873906,240.31324419203884,1,0.49789916046035354,2.3363167944172893,0.26500721976122044,0.03713162495255866,11.560343000383,30.0
14,0.4666666666666666,track,1,322.17714672075726,240.4785327924273,322.0673355250767,240.1676911177051,1,0.3296680837462152,2.0741254745558177,0.24868775741969057,0.004200232824273116,11.10067599984177,30.0
15,0.49999999999999994,track,1,321.92912416461485,240.3081252198382,321.9063044798012,240.2016567862147,1,0.10888647929488211,1.9169408517574253,0.24170214849322832,0.004599044574784506,11.541800999111729,30.0
16,0.5333333333333333,track,1,321.899741506647,240.39900295420975,321.7823356522108,240.2373794839158,1,0.1997655646145091,1.798073801746146,0.24480383215689108,0.004949994627337675,11.837850001029437,30.0
17,0.5666666666666667,track,1,321.6874644405336,240.58327343669367,321.6416172028446,240.27511380374312,1,0.31155148624894446,1.6645103321053127,0.23774425760426152,0.0358189019382181,11.47190200026671,30.0
18,0.6,track,1,321.64464944649444,240.43874538745388,321.53832956551275,240.1520965943829,1,0.3057310053969176,1.5458302708103286,0.23836061712441475,0.007716343764227944,12.229343999933917,30.0
19,0.6333333333333333,track,1,321.4874069685247,240.20362152835733,321.43152148426407,240.1828415826784,1,0.05962376617979084,1.4431509984287654,0.2324194450162947,0.007943919528217462,11.929111000426929,30.0
20,0.6666666666666666,track,1,321.6774013402829,240.2872300819062,321.3561535228108,240.21625392208523,1,0.3289950994977373,1.3732873465700564,0.24381365995633997,0.008028891192033956,11.593024000831065,30.0
21,0.7,track,1,321.23365539452493,240.22399355877616,321.2197573479925,240.25309332580605,1,0.03224828892531785,1.2457384234057038,0.22235294275888276,0.007977632183882406,11.500067999804742,30.0
22,0.7333333333333333,track,1,321.4141487507263,240.16952353282974,321.19754633185084,240.29408547231253,1,0.24986453255799135,1.2331275205568553,0.231799304230976,0.007813385118078097,11.123445998237003,30.0
23,0.7666666666666666,track,1,321.30715287517535,240.42531556802243,321.1246697918116,240.3398320363632,1,0.20151305143558762,1.1748906134412112,0.22668863135234837,0.007656091250296678,12.133889998949599,30.0
24,0.7999999999999999,track,1,321.33009880028226,240.36785462244177,321.0787523179081,240.39029496292505,1,0.2523462365141927,1.147186437104594,0.22793640562254153,0.007482343099127861,16.07752000018081,30.0
25,0.8333333333333333,track,1,321.22601013876675,240.49440937483152,321.02586926881963,240.44556099378406,1,0.2060158541329966,1.1184508732574556,0.2225799984247883,0.007349347160003094,15.985717000148725,30.0
26,0.8666666666666666,track,1,320.92902430433253,240.70781965480802,321.0012300259666,240.50541172634496,1,0.21490145588479653,1.1215625609051345,0.20666381263328665,0.04434990353469219,14.674000998638803,30.0
27,0.8999999999999999,track,1,321.2211956308969,240.4579728301296,321.0611404923718,240.37180044774345,1,0.1817782353704252,1.1243908206194633,0.220647999944111,0.00983094624796264,14.985886000431492,30.0
28,0.9333333333333332,track,1,321.0581213307241,240.58356164383562,321.04611909908476,240.42616342060217,1,0.15785516856084564,1.129593037571166,0.2119426355581051,0.040433713780249764,13.710167999306577,30.0
29,0.9666666666666666,track,1,321.1556540481314,240.4600749412125,321.0771638799681,240.32118359261324,1,0.1595353039738275,1.1240288806218024,0.21647208349411703,0.01201929161498418,14.399939000213635,30.0
30,0.9999999999999999,track,1,320.9670300452008,240.50957192236106,321.0836762648105,240.3716180792021,1,0.1806588038030924,1.1456239538799302,0.20645948919033402,0.03870942910595601,33.88517099847377,30.0
31,1.0333333333333332,track,1,321.1802551303383,240.30264374191162,321.14320091190143,240.28357462289887,1,0.04167308968495791,1.1778467182636707,0.21702944646274577,0.013767553345880885,12.446217000615434,30.0
32,1.0666666666666667,track,1,321.4875161827261,240.33345663029405,321.1459513168245,240.3324226454124,1,0.3415664309371098,1.1931928744820657,0.23365794164109402,0.013596307045453464,13.569692000601208,30.0
33,1.1,track,1,321.00275245140205,240.4935489420265,321.05960238586295,240.3860507643484,1,0.12160498859965858,1.1277377393616066,0.2100399707225393,0.01339884537895888,13.196967000112636,30.0
34,1.1333333333333335,track,1,321.2164543023439,240.48623564574484,321.0987890512479,240.44459739341846,1,0.12481528501062368,1.1853287397919197,0.2214187201878789,0.013183853946672985,14.261572001487366,30.0
35,1.166666666666667,track,1,321.3108660130719,240.5390114379085,321.07684925539,240.50815458018485,1,0.2360423448123801,1.1907247356953972,0.22757631269259207,0.04117470684069517,14.01022200116131,30.0
36,1.2000000000000004,track,1,321.15905868208205,240.81505958002526,321.02161629142415,240.4262896674519,1,0.4123499189669622,1.106988133395967,0.2213239580086295,0.057439290791681925,13.66809099999955,30.0
37,1.2333333333333338,track,1,320.98410859129285,240.48485350107597,320.9992636720642,240.26154122587832,1,0.22382593399144013,1.032923859314517,0.2133903805993458,0.017637291306363594,14.494659999400028,30.0
38,1.2666666666666673,track,1,321.2946353020816,240.3325435775935,321.0187450513929,240.31292946052065,1,0.27658659405982694,1.065723382027092,0.23040011341187988,0.017508697923828826,13.780614999632235,30.0
39,1.3000000000000007,track,1,321.0026586316909,240.49858206309818,320.9470165797561,240.36886125601268,1,0.14115071992175382,1.0163164017766368,0.217048247816422,0.017323435138865747,13.84851799957687,30.0
40,1.3333333333333341,track,1,321.0273184759166,240.70524802300503,320.94599392565215,240.42963719015177,1,0.28735868468133346,1.038986343766011,0.21929814478659604,0.05407641996319326,13.195506000556634,30.0
41,1.3666666666666676,track,1,320.96937086092714,240.47744205298014,320.9324548379866,240.29825157382788,1,0.18295360222898388,0.9789923524601307,0.21733365749770833,0.019523704936767104,13.6807310009317,30.0
42,1.400000000000001,track,1,320.9257713248639,240.47967332123412,320.9288631878087,240.35499972822493,1,0.12471192569394096,0.9943900787447117,0.21591855697432566,0.019341019113398687,14.317094999569235,30.0
43,1.4333333333333345,track,1,320.82634827810267,240.50129954515918,320.9322760732566,240.41657304343312,1,0.13564393787012183,1.0211130090650629,0.21140685962504727,0.04531660048656518,14.698439999847324,30.0
44,1.466666666666668,track,1,321.13506052240393,240.42578042047143,320.95919584431886,240.34345893079,1,0.19417830121137558,1.0188330112918298,0.22800474882720584,0.020566153684220823,14.374803000464453,30.0
45,1.5000000000000013,track,1,320.7614627807685,240.6456283645814,320.89702521247705,240.4061943341842,1,0.2751469203952345,0.9847070980463329,0.20993822549585114,0.05408647432732641,14.435256000069785,30.0
46,1.5333333333333348,track,1,320.93924122828975,240.54229561884173,320.93062822398133,240.2939999114468,1,0.24844504855997004,0.9759635439919735,0.21942269066663567,0.05070239733473105,13.539990999561269,30.0
47,1.5666666666666682,track,1,320.83637039791745,240.38490145035328,320.91305345934757,240.20369715811705,1,0.1967620070926511,0.9354994130685066,0.2148336650483889,0.023963926296341545,13.530126998375636,30.0
48,1.6000000000000016,track,1,320.97860658841347,240.2764104505869,320.91934672857906,240.2598408412182,1,0.061532779412485396,0.9553615389547525,0.22274722006078815,0.023533170462474273,14.563329001248349,30.0
49,1.633333333333335,track,1,321.08183472175506,240.39338224755772,320.8828148008474,240.32212110242494,1,0.21139318750545114,0.939746762283725,0.22919418346316595,0.023028452338222215,15.540271999270772,30.0
50,1.6666666666666685,track,1,320.9448023681003,240.49051018631377,320.8112667041603,240.39093032072674,1,0.16657707877804348,0.9005443803292587,0.22345448972174706,0.022517020899812012,15.636252001058892,30.0
51,1.700000000000002,track,1,320.88286177689673,240.60839790953327,320.7696851563976,240.466302171272,1,0.18165942381176245,0.8999183045764603,0.22113369489192058,0.05387785916612137,15.15272299911885,30.0
52,1.7333333333333354,track,1,320.87485586374146,240.55730085169276,320.7398232503124,240.37824904383035,1,0.2242618036766016,0.830909610524126,0.2213759581518724,0.05294000370023057,13.81256200147618,30.0
53,1.7666666666666688,track,1,320.7489648033126,240.6766735679779,320.70799857035104,240.29902842391516,1,0.3798606153278198,0.7685570726551788,0.21536086077374672,0.06083284807468339,13.699573999474524,30.0
54,1.8000000000000023,track,1,320.9615275223484,240.29627331898394,320.7075709416272,240.18154098875686,1,0.27867086767535293,0.7304887186219902,0.22661202716319453,0.0274560414802178,14.601928000047337,30.0
55,1.8333333333333357,track,1,320.7729090909091,240.59490909090908,320.6464408666857,240.2458892440318,1,0.37122643393550614,0.6916265715339864,0.2175739137852862,0.05821451439126888,14.355790999616147,30.0
56,1.8666666666666691,track,1,320.51645730640803,240.17315948481476,320.63280508799244,240.15001602370717,1,0.11862725686642192,0.6503438219572982,0.2041744770167186,0.028687895396716456,13.951129998531542,30.0
57,1.9000000000000026,track,1,320.8425661186562,240.36812008577556,320.6899112552162,240.21543943345773,1,0.21590481449952703,0.7227666909609105,0.2203179460752081,0.028137670883912596,13.64959300008195,30.0
58,1.933333333333336,track,1,321.0146464646465,240.25875420875423,320.66018447021656,240.2876162757658,1,0.35563510007790455,0.7201157245891199,0.2296099744828513,0.027480012969233112,15.403998000692809,30.0
59,1.9666666666666694,track,1,320.83126770538246,240.3721671388102,320.5801530242293,240.3671170593949,1,0.2511654562091801,0.6865511392614049,0.22092199035745452,0.026792439352720795,13.666888000443578,30.0
60,2.0000000000000027,track,1,320.6094019551466,240.65353651523864,320.54569760016307,240.45409882296974,1,0.2093648440913952,0.7099236662108354,0.20945631176515242,0.060409959464426365,40.833392000422464,30.0
61,2.033333333333336,track,1,320.8102473498233,240.34098939929328,320.5716198596847,240.36559851244476,1,0.2398930751396741,0.6785363190631475,0.21930656381886654,0.027961507040153277,13.595889999123756,30.0
62,2.066666666666669,track,1,320.623433915652,240.41591671078172,320.54422213910993,240.45396538483476,1,0.08787608969536263,0.7087046686212556,0.20948523604196542,0.027418534484442054,14.334366000184673,30.0
63,2.1000000000000023,track,1,320.60823117338003,240.66374781085813,320.56840683935457,240.54903424201098,1,0.12142973465433438,0.7902688997585655,0.2079300990947388,0.06164979598877056,13.250023999717087,30.0
64,2.1333333333333355,track,1,320.7387023034992,240.67153156321436,320.60007492668,240.46533982119968,1,0.24846042759124767,0.7593622764031442,0.2139385491498106,0.06403455340688913,13.216192999607301,30.0
65,2.1666666666666687,track,1,320.8601455624099,240.66066375955538,320.5988745967679,240.37272742081325,1,0.3888056746701572,0.7053910354406587,0.21998797413953716,0.06557101802181342,13.904763000027742,30.0
66,2.200000000000002,track,1,320.5865312264861,240.27445447705043,320.56457465214226,240.27571850352433,1,0.021992928860058488,0.628303454572108,0.2057710175249008,0.03301812551399703,12.644968999666162,30.0
67,2.233333333333335,track,1,320.4166129032258,240.4017741935484,320.6052498061572,240.35612016617733,1,0.19408289817171978,0.7022456127392235,0.1741357242253254,0.032635396997953085,12.969489000170142,30.0
68,2.2666666666666684,track,1,320.8829294369209,240.57555238774057,320.8137852086936,240.44235535083692,1,0.15007456459060675,0.9262422049888285,0.21734548255410896,0.06233145009602667,13.178002000131528,30.0
69,2.3000000000000016,track,1,320.64640536575143,240.26619157409348,320.79099461486385,240.37400099677927,1,0.18035776273489054,0.8749566996917604,0.20509962002162807,0.03372249852939242,12.151812999945832,30.0
70,2.333333333333335,track,1,320.91524775205664,240.53204515018174,320.83262870943713,240.46201419466263,1,0.10830623682080899,0.952222497029292,0.21858571939284893,0.06103954610990069,13.092536999465665,30.0
71,2.366666666666668,track,1,321.0121257002423,240.63529602998295,320.80143774561907,240.40811997274375,1,0.30983604568555745,0.8993688744087892,0.224212372817092,0.06788116251369311,12.9960829999618,30.0
72,2.4000000000000012,track,1,321.02264082593734,240.14290889331642,320.73932616181014,240.3215176123008,1,0.3349153227410638,0.8062113547677919,0.22581765481173344,0.03632534092375376,13.080280999929528,30.0
73,2.4333333333333345,track,1,320.9416920731707,240.37118902439025,320.6677286757829,240.40699038896446,1,0.27629274477202326,0.7819864200689188,0.22274843834918306,0.03572824269459222,12.977559001228656,30.0
74,2.4666666666666677,track,1,320.63587061785785,240.42068564787914,320.6115633597283,240.49942200916962,1,0.08240301806998716,0.7895771565877281,0.20753213630411552,0.03509444441122206,12.642712999877403,30.0
75,2.500000000000001,track,1,320.9951811277262,240.81827564318925,320.6356020942492,240.5990050622945,1,0.42116109621163395,0.8733825547080681,0.226100056287698,0.0774238701065251,14.091023000219138,30.0
76,2.533333333333334,track,1,320.6779929577465,240.58380281690143,320.5596497965739,240.47659916763996,1,0.159680074559382,0.7350881997422728,0.21045861521878942,0.06763291469332669,13.692369999262155,30.0
77,2.5666666666666673,track,1,320.45734249635444,240.48462288838095,320.56614383771944,240.41017646310547,1,0.13183323601854002,0.699116282082893,0.17467311267484192,0.03877611280677287,12.994238999453955,30.0
78,2.6000000000000005,track,1,320.9955517536356,240.6448246364414,320.7625066684536,240.50141819337182,1,0.27363373264519225,0.9125988297606487,0.2240796745021112,0.0721504574337187,13.430459999653976,30.0
79,2.6333333333333337,track,1,320.7670778862088,240.60504511139754,320.69436807933266,240.41842159872976,1,0.20028742221225368,0.8106933229524605,0.21294762535090966,0.07198782222169332,12.955844000316574,30.0
80,2.666666666666667,track,1,320.913961038961,240.71915584415584,320.6845881405536,240.34004721825863,1,0.4430973671254199,0.7643906284303137,0.2207290920798558,0.07981502897079992,12.933403999340953,30.0
81,2.7,track,1,320.5454365472184,240.52801425460305,320.6322822569816,240.22367916638336,1,0.31648384354649645,0.6706811626754804,0.20195195024822848,0.07203895541066636,13.030115000219666,30.0
82,2.7333333333333334,track,1,320.85221674876846,240.2264367816092,320.6790838418847,240.15253150128876,1,0.18824716174559214,0.6960033930910507,0.21723307160765137,0.045793596153901606,13.31277799909003,30.0
83,2.7666666666666666,track,1,320.73278488726385,240.2035344302255,320.6433363373817,240.22510360158128,1,0.09201234824193415,0.6815814510684409,0.21128289317070817,0.045143276777437576,14.009127000463195,30.0
84,2.8,track,1,320.9071618037135,240.52219274977895,320.63826086652193,240.30488506785127,1,0.34573160492973193,0.7073413874021536,0.22035005305783156,0.071752778812977,12.55478600069182,30.0
85,2.833333333333333,track,1,321.0051396265205,240.26263491519614,320.5837524941817,240.2464866242866,1,0.42169643417986236,0.6336581337089731,0.22610916293439015,0.04548660803950633,14.546657999744639,30.0
86,2.8666666666666663,track,1,320.5726795096322,240.4171628721541,320.49744170162944,240.33190825606073,1,0.11370610062038505,0.5980061345515345,0.20435988048055076,0.04466785786648605,13.670323000042117,30.0
87,2.8999999999999995,track,1,320.49419516786946,240.49262629432067,320.5260274745865,240.42542674200922,1,0.07435775401252226,0.6765299822154455,0.17365512366445798,0.043832439839234454,12.844925999161205,30.0
88,2.9333333333333327,track,1,320.9220406503318,240.60563752317074,320.7172599151613,240.5271272912795,1,0.2193148558775045,0.8901263770436684,0.21911818155036966,0.074705159620135,15.5815239995718,30.0
89,2.966666666666666,track,1,320.78852867830426,240.75361596009975,320.6648982628094,240.46789610808094,1,0.3113202747542871,0.8130291924920329,0.21261753223084817,0.08392988387528547,15.394449999803328,30.0
90,2.999999999999999,track,1,320.61372018686995,240.44590607327268,320.6460698863193,240.36318539970625,1,0.08882124120809785,0.7411544593189988,0.20344983903508318,0.046531999370309704,38.36161399885896,30.0
91,3.0333333333333323,track,1,320.7135001896094,240.5788775123246,320.674986629356,240.46164526937582,1,0.12339648743053475,0.8177550394503528,0.20803150574471066,0.07618578727636377,14.494567998553975,30.0
92,3.0666666666666655,track,1,321.0668786557038,240.64118377266587,320.67830619485153,240.40566294611722,1,0.45437717490094337,0.7903554389174925,0.22635043038479583,0.08087936560543563,16.93725400036783,30.0
93,3.0999999999999988,track,1,320.7841424491853,240.262388711574,320.58275084251136,240.3283556549908,1,0.21192030781043245,0.6688916060260645,0.21267535516633712,0.04891605304970096,16.516748999492847,30.0
94,3.133333333333332,track,1,320.74270072992704,240.46532846715328,320.558942886626,240.42522288017074,1,0.18808350029136817,0.7023045267763356,0.2106305816082145,0.04819323551252805,16.078524000477046,30.0
95,3.166666666666665,track,1,320.64882753403936,240.71331316187593,320.54484171323475,240.52964467319703,1,0.21106199246193347,0.7598525990786357,0.20563920134748015,0.08482040365875107,15.606117000061204,30.0
96,3.1999999999999984,track,1,320.8339951130116,240.52825290164935,320.5561502329631,240.44241709429093,1,0.29080158733068867,0.7106588259817305,0.21493386150281607,0.07696878824339143,14.505180999549339,30.0
97,3.2333333333333316,track,1,320.71264468465,240.3288665651698,320.5166639185934,240.40075626525243,1,0.20875006501102197,0.6538709268008132,0.20882950229564007,0.050444596494883046,15.000019000581233,30.0
98,3.266666666666665,track,1,320.55137457044674,240.35017182130585,320.50849857531875,240.50424516164674,1,0.15992793740311198,0.7161242798183465,0.20012676720746408,0.04959914200331527,15.63827400059381,30.0
99,3.299999999999998,track,1,320.5980734363686,240.87943238232077,320.54549992349416,240.61592637892136,1,0.2686994381897603,0.8227608831144767,0.20168925325434067,0.09484118205957415,14.840767000350752,30.0
100,3.3333333333333313,track,1,320.7555315978035,240.6106855308788,320.572907846587,240.4899957660475,1,0.21890055697376354,0.7538695188329526,0.20922840075168442,0.08317183587352221,14.203276999978698,30.0
101,3.3666666666666645,track,1,320.44100822309616,240.4669288523418,320.55883456038487,240.42997649533243,1,0.12348490777183835,0.7051069794144025,0.16948152782142104,0.05268185093496888,13.383890998738934,30.0
102,3.3999999999999977,track,1,320.9595752946279,240.60598669164324,320.7554599314956,240.5362410449726,1,0.21570242626391004,0.9264308751378107,0.21687454415159532,0.08367188292438593,14.717979000124615,30.0
103,3.433333333333331,track,1,320.9943192230163,240.8678761224116,320.69802565579926,240.48089168875163,1,0.48738776130441025,0.8476418066992523,0.21944151515421,0.09893106905390354,15.536037999481778,30.0
104,3.466666666666664,track,1,320.9630123292236,240.61596134621794,320.62559176138757,240.34782192791863,1,0.4309888481674272,0.7157828898884304,0.21881449442177858,0.08826193980569075,13.723473000936792,30.0
105,3.4999999999999973,track,1,320.7227743709029,240.38232184394164,320.55518067173807,240.27531172712986,1,0.19884369011821862,0.6196951874645816,0.2071684667388747,0.05758612847706673,13.722932000746368,30.0
106,3.5333333333333306,track,1,320.6285078521805,240.686876813252,320.5455482394923,240.37005896615028,1,0.3274993825636268,0.6592165956962504,0.2022498197481351,0.09287151923208187,13.915776000430924,30.0
107,3.5666666666666638,track,1,320.84502031939996,240.52248190708312,320.56080293134664,240.28026610194593,1,0.3734273957948323,0.626936213427612,0.21329316036163157,0.0859622844660163,13.92472499901487,30.0
108,3.599999999999997,track,1,320.41758450436765,240.24211925560198,320.5158019920857,240.23096663150125,1,0.09884865157389164,0.5651524395299092,0.16942335497080369,0.05958054151877553,14.47840999935579,30.0
109,3.63333333333333,track,1,320.90071893187263,240.53509072235536,320.70340339415907,240.32600938549706,1,0.2874863941922271,0.7752795975302504,0.21392005330693564,0.0866298174673173,14.227428999220137,30.0
110,3.6666666666666634,track,1,320.6607478231176,240.5458425815264,320.6523069933389,240.28042434309782,1,0.26555242212767716,0.7100297358285163,0.20188836641252356,0.08811664830775742,15.34792099846527,30.0
111,3.6999999999999966,track,1,320.59433501546476,240.06576591242066,320.66398540185946,240.23053991776567,1,0.17889004768954583,0.702869310445316,0.19808365322839733,0.06037980312351343,15.29875800042646,30.0
112,3.73333333333333,track,1,320.8124890982034,240.5328798185941,320.69454933309544,240.33221104751442,1,0.23276113051871253,0.7699110053726635,0.20898032248861553,0.0871405720293858,14.00903400099196,30.0
113,3.766666666666663,track,1,320.7936478795667,240.48081512759316,320.6655793361315,240.29477908279227,1,0.22585606430374996,0.7279358215784443,0.20831292701700105,0.0600397384239533,13.619938999909209,30.0
114,3.7999999999999963,track,1,320.9163922429565,240.49798755945847,320.63873836075186,240.4055011556893,1,0.29265237601196303,0.7565830296546016,0.2150737754366368,0.05894074833364742,15.017931000329554,30.0
115,3.8333333333333295,track,1,320.6950315164998,240.52428624397479,320.5743970599776,240.52569597930687,1,0.12064269333078355,0.778645134300829,0.20426747434236484,0.08525024701747246,15.061252999657881,30.0
116,3.8666666666666627,track,1,320.62267375617165,240.5556399544246,320.5662348676849,240.50918011857084,1,0.0731017406166165,0.7615026713872693,0.2004199286894061,0.08767988720750697,16.834702999403817,30.0
117,3.899999999999996,track,1,320.676271019766,240.61957911299046,320.5771264074831,240.4833079504292,1,0.16852146418340969,0.7527691978039627,0.20287860052829682,0.09200864468309197,14.631723999627866,30.0
118,3.933333333333329,track,1,320.7160177595629,240.3941256830601,320.5734265216727,240.4379459409863,1,0.14917263867002764,0.7215362936013716,0.2047965312636404,0.06079477764361548,14.482459999271668,30.0
119,3.9666666666666623,track,1,320.777397260274,240.62062404870625,320.5580071814916,240.56264980598644,1,0.22692073392945242,0.7924309552085591,0.208019878056448,0.09232061780120672,13.166556000214769,30.0
120,3.9999999999999956,track,1,320.4674302904084,241.0113386555594,320.5238942032129,240.52280278546323,1,0.4917880334247824,0.740126940901467,0.16748804075364415,0.11422123288337702,34.5288629996503,30.0
121,4.033333333333329,track,1,320.6656379466514,240.5921134445702,320.7044366206201,240.36973438505106,1,0.22573830692717486,0.7955717868047567,0.19966005612654125,0.09516603686124092,14.005789998918772,30.0
122,4.066666666666662,track,1,320.81814971751413,240.24276129943502,320.7118686215433,240.32187052940503,1,0.13249128887291517,0.7812538460945062,0.20736563974852362,0.06549465599250025,14.987061000283575,30.0
123,4.099999999999995,track,1,320.81966055825524,240.65118828334934,320.67666592771343,240.4358257633969,1,0.2585120487792612,0.8048732035350488,0.20779474356288222,0.09874214089017036,14.558749999196152,30.0
124,4.133333333333328,track,1,320.6765423492506,240.40345067967934,320.63762453425556,240.37602765560928,1,0.04760901777117109,0.7402444491299044,0.2006892282818427,0.06607084743947392,13.341927000510623,30.0
125,4.166666666666662,track,1,320.8860099824723,240.7526316195789,320.6349171963873,240.4940378369431,1,0.360441856118028,0.8044832071583007,0.21163143567707413,0.10460010802029639,13.871285000277567,30.0
126,4.199999999999995,track,1,320.69042769857435,240.76393260507314,320.5722775305653,240.41011479270082,1,0.3730234664903711,0.704056613619939,0.20212136562770122,0.10704502568597082,13.909434999732184,30.0
127,4.233333333333328,track,1,320.543044077135,240.50068870523415,320.55877250471326,240.31670308572188,1,0.1846566858291322,0.6422830813039478,0.19438436190050123,0.09514661428002724,12.978270000530756,30.0
128,4.266666666666661,track,1,320.61592586236486,240.32040501115497,320.5849339376168,240.29029516555806,1,0.0432099780312116,0.6530076527287462,0.1975928693578849,0.06975220909010081,13.499815000614035,30.0
129,4.2999999999999945,track,1,320.68211465842774,240.53158256093374,320.59237395988066,240.40286432083303,1,0.1569132827721767,0.7163843726275405,0.2006970766029425,0.09652299529533487,14.483214001302258,30.0
130,4.333333333333328,track,1,320.399404108515,240.72149913752548,320.5816370474397,240.37619081321145,1,0.3904442122374184,0.6926912608796676,0.16476822908766608,0.10734176699475331,13.600488999145455,30.0
131,4.366666666666661,track,1,320.76431133988456,240.2676649508657,320.7608877184998,240.29534662988704,1,0.027892589281489348,0.8161983533121623,0.2021122135155896,0.07106746581531384,12.785314000211656,30.0
132,4.399999999999994,track,1,320.9231243576567,240.4487153134635,320.7393257803237,240.4114893634935,1,0.18753049986815973,0.8461241668452518,0.210622322123048,0.06992178246983219,13.589700000011362,30.0
133,4.433333333333327,track,1,320.8177440266716,240.6503056121504,320.6707201665215,240.53726088370854,1,0.18545923024193667,0.8593688375441118,0.20596572402301294,0.1027745576243673,12.290271000892972,30.0
134,4.466666666666661,track,1,320.92502343017804,240.59028428616057,320.6252815938399,240.49133053756282,1,0.31565331110717954,0.7952249799501384,0.2121696460706048,0.10078263906554255,13.590390000899788,30.0
135,4.499999999999994,track,1,320.63769194974407,240.53685435086086,320.54507558766545,240.4595311115254,1,0.12065104171124115,0.7129349470523946,0.19807680777234282,0.09895031488799431,12.818148001315421,30.0
136,4.533333333333327,track,1,320.6947426878934,240.50629396519807,320.5383398546817,240.4410058165904,1,0.16948270880907992,0.6959137370430784,0.20097412038336798,0.0981219114416349,12.796159000572516,30.0
137,4.56666666666666,track,1,320.60571333665507,240.66483972762,320.5144485936737,240.43039475097794,1,0.25158239283414485,0.6707436151035772,0.19637644342190178,0.10711991125319853,12.658084999202401,30.0
138,4.599999999999993,track,1,320.65311333726186,240.59929286977018,320.5133634382528,240.3752847339199,1,0.26402590630497946,0.6359093105530427,0.1985655547295482,0.10497612694165742,12.659277999773622,30.0
139,4.633333333333327,track,1,320.5908424908425,240.43956043956044,320.4988765592625,240.3350928785651,1,0.13918047230732275,0.600970097963808,0.19514041300620213,0.07464622518886316,12.722532999760006,30.0
140,4.66666666666666,track,1,320.79016609110346,240.53658937674726,320.5009190336634,240.460139370374,1,0.29917965123348483,0.6801824155728268,0.2052297502445132,0.10157078839365502,12.799276000805548,30.0
141,4.699999999999993,track,1,320.4123428939736,240.60860457621658,320.4474020537666,240.44506125002658,1,0.16725897353111036,0.6310690247427811,0.16415354670389645,0.10608428619489935,14.085978000366595,30.0
142,4.733333333333326,track,1,320.5367967680101,240.51244867015924,320.6111969366077,240.40937834820488,1,0.1271175690261898,0.735630564412334,0.18963738118420298,0.10205201137562031,12.642657000469626,30.0
143,4.7666666666666595,track,1,320.67560493234566,240.34352511419831,320.6373052651911,240.398662228891,1,0.06713394015535867,0.7517244001525148,0.19620044764875122,0.07581933256473612,13.168819999918924,30.0
144,4.799999999999993,track,1,320.8409264931087,240.63342266462482,320.62662627441523,240.53130911825406,1,0.23738525667044497,0.8215533256748555,0.20474066684029624,0.1077245117113968,13.169148000088171,30.0
145,4.833333333333326,track,1,320.75817923186344,240.574679943101,320.56860364170916,240.49724447367407,1,0.20478075179984404,0.7553556566044398,0.20096339029370686,0.1056625106927461,13.187684999138582,30.0
146,4.866666666666659,track,1,320.53477868112014,240.88563685636856,320.52891918960245,240.4776205841929,1,0.40805834386883716,0.7126548474363089,0.18950420458440045,0.12292094210321453,13.829696999891894,30.0
147,4.899999999999992,track,1,320.4889342866871,240.39019407558732,320.54853163230337,240.36938910008848,1,0.06312440581909413,0.6613132834758231,0.1609156277783283,0.07861499022366354,13.363639000090188,30.0
148,4.933333333333326,track,1,320.6596782938731,240.5073197180553,320.7187862745443,240.50088731728147,1,0.05945695214807786,0.8760946370608024,0.19290185264011464,0.10400304999145328,12.83020899973053,30.0
149,4.966666666666659,track,1,320.6960936155567,240.78403028738597,320.7166060799807,240.5004077205674,1,0.2843633619253648,0.8740321279385361,0.19463610601999232,0.1191587499867508,13.182255999709014,30.0
150,4.999999999999992,track,1,321.22024445235553,240.54147383410466,320.70332348953093,240.42251673759074,1,0.5304319679454981,0.8204781072461883,0.22226263939095436,0.10812706855054631,34.43380799944862,30.0
151,5.033333333333325,track,1,320.70001796299624,240.75264954194358,320.5408349568454,240.40687420685435,1,0.3806570790137589,0.676793225992494,0.19715782802198067,0.12005828340830445,12.9918650000036,30.0
152,5.066666666666658,track,1,320.68762153376963,240.46800530164276,320.5103629548564,240.33100511440557,1,0.22403047806349147,0.6083048014379137,0.19680639083687018,0.08226843359091317,13.382893001107732,30.0
153,5.099999999999992,track,1,320.52368129257087,240.7167749089181,320.4798781430784,240.46008220027602,1,0.2604032691336012,0.6647997166178636,0.18838425548605203,0.11869394577239548,13.773123000646592,30.0
154,5.133333333333325,track,1,320.60115002613696,240.5572399372713,320.4924129211913,240.3982838911213,1,0.1925896741769924,0.6333249899403126,0.19196282938213258,0.11174384015399513,12.25864599837223,30.0
155,5.166666666666658,track,1,320.67416378316034,240.65244136870433,320.4839522037689,240.3769404681459,1,0.3347852911092143,0.6134279518075854,0.19557407334750665,0.11757340212542378,13.821332999214064,30.0
156,5.199999999999991,track,1,320.6031900207878,240.78259304873407,320.45431046888507,240.32788731950177,1,0.4784583797692701,0.5602750185655494,0.19188664192322052,0.12562412300145614,12.952237999343197,30.0
157,5.2333333333333245,track,1,320.38547255468427,240.45130004127117,320.4424027250725,240.23927184209265,1,0.21953815510593686,0.5029624096987579,0.16003124676801828,0.08632854115393573,13.201719000790035,30.0
158,5.266666666666658,track,1,320.90070786301897,240.32026018748803,320.59844687348823,240.36360119067444,1,0.3053524985149211,0.7002460183733352,0.20481928807496882,0.08501704128102192,14.047385999219841,30.0
159,5.299999999999991,track,1,320.66695074143513,240.6323504346344,320.51366670252037,240.49828709751864,1,0.20363932563390857,0.7156420284134382,0.19344357887141367,0.11672755613378706,14.537077000568388,30.0
160,5.333333333333324,track,1,320.8124244958647,240.62103893690178,320.48759101946507,240.4672056162044,1,0.35941824932334854,0.6752970384030499,0.20118461799340998,0.11700802888656928,13.08500100094534,30.0
161,5.366666666666657,track,1,320.6077490142294,240.735299159952,320.41825265966963,240.43797706609917,1,0.35257523436066507,0.6056064710268169,0.19110053816726894,0.12391041201785709,17.342322000331478,30.0
162,5.399999999999991,track,1,320.6401634776147,240.33382872004458,320.4007077725755,240.3752779828094,1,0.24301661683834683,0.5489993473438,0.19268481297708512,0.08666549015108672,17.865637000795687,30.0
163,5.433333333333324,track,1,320.47056878306876,240.5496031746032,320.37271400393524,240.5145540134813,1,0.10394229887113736,0.6353593955543243,0.15911922454836605,0.11400611178764616,14.31879099982325,30.0
164,5.466666666666657,track,1,320.5420480828435,240.46843018168732,320.5217261837138,240.51134224285943,1,0.04748078114645017,0.7305265909637075,0.18506979947899158,0.08574234298950471,14.038127999810968,30.0
165,5.49999999999999,track,1,320.75458440445584,240.53213367609254,320.53031368902634,240.6621926997036,1,0.259254129035437,0.8483700727332879,0.19573471509420348,0.11210276231047994,13.909810999393812,30.0
166,5.5333333333333234,track,1,320.47447724477246,240.79428044280442,320.47998897371644,240.67576962357407,1,0.11863892038703432,0.8288872052546147,0.15653086320700613,0.12632591669441584,13.499779999619932,30.0
167,5.566666666666657,track,1,321.0199370409234,240.75358516963973,320.63670775787614,240.61679830015987,1,0.4069094875362792,0.8864744282943338,0.2076173190722914,0.12572683900192572,13.761152998995385,30.0
168,5.59999999999999,track,1,320.3595573440644,240.73621730382294,320.5189107162796,240.56432380313186,1,0.2343946945137499,0.7666353019859025,0.1554868745910007,0.1262928322598859,16.441485000541434,30.0
169,5.633333333333323,track,1,320.83076923076925,240.66692307692307,320.6770769897264,240.51212555333132,1,0.21813660460113554,0.8489439512664382,0.1966554695481807,0.12410225965665694,14.861200001178076,30.0
170,5.666666666666656,track,1,320.44362524725767,240.46718216148173,320.6136007297812,240.47489833131817,1,0.17015053316415288,0.7759086806298696,0.1537625609207857,0.09032067085695426,14.58257200101798,30.0
171,5.6999999999999895,track,1,320.93204823448957,240.58171585707453,320.7767990072066,240.62112061624134,1,0.16017196264314443,0.9945891199471117,0.20030235940155566,0.11943630152243108,13.051710999206989,30.0
172,5.733333333333323,track,1,320.6962323390895,240.78139717425432,320.6896864589321,240.61533359393184,1,0.16619254272246273,0.9242850444832327,0.1890705118345049,0.1306398241031544,13.324188999831676,30.0
173,5.766666666666656,track,1,320.6728436657682,240.72506738544473,320.660367628705,240.55306149410808,1,0.1724577575968069,0.8613724057029635,0.18817263495483316,0.12920422425074318,13.512702000298304,30.0
174,5.799999999999989,track,1,320.7165665012589,240.52640453577388,320.63371712778826,240.50170592004633,1,0.08645253208169414,0.8082736097768741,0.19074430629369699,0.1200738869385172,12.727363999147201,30.0
175,5.833333333333322,track,1,320.55901120461147,240.63824232342324,320.5912198441722,240.50229838560972,1,0.13970737521906335,0.7757864218514866,0.18291373417537982,0.1264758299704163,12.765584999215207,30.0
176,5.866666666666656,track,1,320.37999624695067,240.78720210170763,320.5883435784642,240.4719929402304,1,0.3778431235685032,0.7542715041332358,0.15343768548571401,0.13525103378443198,12.704955999652157,30.0
177,5.899999999999989,track,1,320.8371614672609,240.52245457661982,320.7405200650146,240.39812503493977,1,0.15747188816579932,0.8407577000153068,0.1950881396404112,0.1228415529213939,13.297809000505367,30.0
178,5.933333333333322,track,1,320.6908809891808,240.5030911901082,320.6683971718762,240.39367246056804,1,0.11170488089052873,0.7757143711327179,0.1882546855740238,0.12227402877506627,12.41398999991361,30.0
179,5.966666666666655,track,1,320.89655760054535,240.39059304703477,320.63054498349175,240.39547088460563,1,0.26605733542053556,0.7443011465645907,0.1994333672871474,0.09623382583870643,12.778292999428231,30.0
180,5.9999999999999885,track,1,320.5855923694779,240.22703313253012,320.5308880404607,240.5393673280887,1,0.3170886521596895,0.7568085795719692,0.18427851528824266,0.09452974274941796,31.606709999323357,30.0
181,6.033333333333322,track,1,320.27769006490655,240.68009922899458,320.50986114494935,240.69556185024544,1,0.2326854165266692,0.8624179234257174,0.15353512500389896,0.12840505815070227,10.961486999804038,30.0
182,6.066666666666655,track,1,320.92227983178395,240.88520737021742,320.65059248124703,240.67429032187556,1,0.34394769620250826,0.9369834656119685,0.19969756156978175,0.14002031850413332,12.924505999762914,30.0
183,6.099999999999988,track,1,320.63819261213723,241.13786279683376,320.54290697743636,240.59426566373577,1,0.551885128711312,0.8049221485612119,0.1859863899738994,0.15508527872853864,12.458688001061091,30.0
184,6.133333333333321,track,1,320.59547908232116,240.51602564102564,320.5061199062998,240.4370820681836,1,0.1192356911008087,0.6687287147121347,0.1838984305851477,0.12529228302057815,14.451134000410093,30.0
185,6.1666666666666545,track,1,320.6068342600432,240.41049536757393,320.4782301900716,240.44197452311164,1,0.1324006950382833,0.6511878329450567,0.18445633441649878,0.09872643971122752,12.899941999421571,30.0
186,6.199999999999988,track,1,320.5832786885246,240.57475409836064,320.44511597045516,240.591724069978,1,0.13920099353464702,0.7404495946015298,0.1831940993477607,0.12731554663263292,13.850862000253983,30.0
187,6.233333333333321,track,1,320.61283917935145,240.58223031105229,320.4164740921178,240.59216345988693,1,0.1966161614162032,0.7239531978178071,0.1846174145527441,0.12821425985086932,13.331731999642216,30.0
188,6.266666666666654,track,1,320.65159921671017,240.6315274151436,320.37797108257246,240.59096724308824,1,0.2766179375037799,0.7015015478702205,0.1866348645878911,0.13134917678809926,13.214757000241661,30.0
189,6.299999999999987,track,1,320.40292526547785,240.84692446403525,320.3264277102546,240.57620141516327,1,0.28132338179695326,0.6622409839765487,0.1526114053050226,0.14343475690624,13.139713999407832,30.0
190,6.333333333333321,track,1,320.6112670784204,240.50814149354295,320.4540516710638,240.5001214862309,1,0.15741983619476826,0.6754882833814554,0.1823263857946547,0.12723923039840823,14.519038999424083,30.0
191,6.366666666666654,track,1,320.2630729502905,240.57617817947062,320.42089415787314,240.51355237046573,1,0.16979259558754467,0.6639939226700107,0.15008720202870107,0.13110821274480072,14.858977001495077,30.0
192,6.399999999999987,track,1,320.87192240947866,240.67530844098602,320.55736694394614,240.50947566465038,1,0.35559197207412546,0.7551313548481496,0.19343913503481636,0.13685560409414466,13.712433999899076,30.0
193,6.43333333333332,track,1,320.47229965156794,240.38885017421603,320.4603069960872,240.4778654633642,1,0.08981951618446536,0.6635042816162413,0.1486422454091711,0.10237116942567323,13.203336000515264,30.0
194,6.4666666666666535,track,1,320.85006217800674,240.57772250843846,320.59983098372595,240.63328374663888,1,0.2563253826322183,0.87226458875425,0.19095266344604722,0.13100293352394818,14.11619200007408,30.0
195,6.499999999999987,track,1,320.6045607408628,240.54029258558717,320.5113562406425,240.63910299441636,1,0.135832896436412,0.8184973074579963,0.17897039808483478,0.12944952657734843,13.112038001054316,30.0
196,6.53333333333332,track,1,320.66473802635807,241.14657666345227,320.4844334123093,240.65630295781443,1,0.5223773160150972,0.8157262429256386,0.18218046102021462,0.16165135668727673,13.535512000089511,30.0
197,6.566666666666653,track,1,320.8503698084582,240.58619381756117,320.4380264413096,240.50484784367904,1,0.4202906374144815,0.6683850002459182,0.19230175483832915,0.13495950123329298,14.182225000695325,30.0
198,6.599999999999986,track,1,320.26141078838174,240.69986168741355,320.3352651493658,240.4988294118525,1,0.21416919118680605,0.6010270397481234,0.14873932365173068,0.14158612242425664,13.019555999562726,30.0
199,6.6333333333333195,track,1,320.50120616069773,240.48877342735202,320.46245248264495,240.4605411895077,1,0.04794691665078425,0.6526564838700666,0.172826471743947,0.10598889189572626,12.92841199938266,30.0
200,6.666666666666653,track,1,320.63893480257116,240.60440771349863,320.45878045762834,240.6151690876252,1,0.18047546973167483,0.7674063556364873,0.17966796522696635,0.1360805535524174,12.320677000388969,30.0
201,6.699999999999986,track,1,320.49733865602127,240.65003326679974,320.41621569813924,240.61236434898046,1,0.08944205758593068,0.7404225842583422,0.14636617629441545,0.13904210323178817,13.008380001338082,30.0
202,6.733333333333319,track,1,320.63021259198695,240.4607522485691,320.5488455363543,240.59681287125682,1,0.15853419438246813,0.8108125714823592,0.1772114546771381,0.1057333896222528,12.86414199967112,30.0
203,6.766666666666652,track,1,320.6303407714928,240.95139249264832,320.5145421327195,240.76194799193217,1,0.22203275342466955,0.9194119581303057,0.17735848072512866,0.15404471921213284,12.074788000973058,30.0
204,6.799999999999986,track,1,320.65684995340166,240.66206896551725,320.477019379425,240.67245471343313,1,0.18013022815884341,0.8244651781399955,0.17895155794903853,0.14079782314522915,12.85865099998773,30.0
205,6.833333333333319,track,1,320.5530179445351,240.62601957585645,320.42855491032924,240.6566354383972,1,0.1281732340344218,0.7841105853936488,0.17383376793250457,0.13977478708506708,12.551694999274332,30.0
206,6.866666666666652,track,1,320.56754643206256,240.64320625610947,320.40492995134787,240.64928807899105,1,0.16273017043435387,0.7652079946122312,0.17455225379115533,0.1413904781843297,13.166671998988022,30.0
207,6.899999999999985,track,1,320.5198076923077,240.8196153846154,320.3750076590618,240.63633122239253,1,0.23358110743328156,0.7386123265601346,0.17205160480190945,0.15143366600962835,11.890095998751349,30.0
208,6.9333333333333185,track,1,320.613100252738,240.58256107834876,320.355946741302,240.5728099846733,1,0.2573383225866937,0.6743955524652709,0.17678716146537335,0.1404070500654761,12.967736000064178,30.0
209,6.966666666666652,track,1,320.26273616128896,240.63953549343088,320.30914411740036,240.5710883845568,1,0.08269646367082974,0.6493935850460275,0.14477897396233833,0.14389245685872726,12.085831998774665,30.0
210,6.999999999999985,track,1,320.38645627876394,240.82248520710058,320.4305564666736,240.55376066616168,1,0.27231912433116096,0.7014483205356354,0.14262208693185288,0.15419419236027096,32.661080000252696,30.0
211,7.033333333333318,track,1,320.641359223301,240.48135922330096,320.5609669247567,240.48446474195498,1,0.08045225858446264,0.7412084570945672,0.17405080493278316,0.11244361819715781,13.21358699897246,30.0
212,7.066666666666651,track,1,320.87215713301174,240.88628532046863,320.5212423641399,240.64080456267675,1,0.4282545708553117,0.826029109487959,0.18644637104693246,0.1572289018301471,12.625786999706179,30.0
213,7.0999999999999845,track,1,320.5980389467984,240.665071418627,320.4128830554912,240.5612471529878,1,0.2122785486602171,0.6967573352671951,0.17331412587219902,0.14716878117927984,12.505425000199466,30.0
214,7.133333333333318,track,1,320.1936530833033,240.54994590695998,320.37202748101186,240.53829290244607,1,0.17875463147034795,0.6543421852913386,0.14217913831575393,0.14184031226499225,16.512591000719112,30.0
215,7.166666666666651,track,1,320.6337590610977,240.53451846738005,320.4946804502313,240.54669786906516,1,0.13961088004142155,0.737283736346731,0.17339521085375126,0.14123892945748476,17.634701000133646,30.0
216,7.199999999999984,track,1,320.72795353813234,240.561668959193,320.44829318774646,240.56124242820965,1,0.27966067565289543,0.7183034493878949,0.1787046184882314,0.14274979355907463,17.671145000349497,30.0
217,7.233333333333317,track,1,320.38860667634253,240.76034107402032,320.3710248131947,240.5706527317186,1,0.1905014149997803,0.6806643462265966,0.1413220459668001,0.1533587988264269,13.622743001178605,30.0
218,7.266666666666651,track,1,320.5516213847502,240.4313759859772,320.49055615605016,240.52639679624326,1,0.11295094749405776,0.7195407766998893,0.1682894282185167,0.11444177714683643,14.694939000037266,30.0
219,7.299999999999984,track,1,320.6936568067989,240.81096200950964,320.4636777547664,240.69260483597918,1,0.25864799419265033,0.8334857641777574,0.17582873665425697,0.15509738686597344,14.023488000020734,30.0
220,7.333333333333317,track,1,320.5801774138519,240.7178437393381,320.39399632897903,240.64488085498306,1,0.19996744449497467,0.7557145124798318,0.1705325780390513,0.1513396169320766,14.105731999734417,30.0
221,7.36666666666665,track,1,320.47075970122063,241.0,320.3499580577268,240.62008755072316,1,0.3986558743908656,0.7120247276111575,0.1404173537000094,0.16702523732884622,14.082977000725805,30.0
222,7.3999999999999835,track,1,320.4846471836851,240.42036551275964,320.46392167522504,240.51451814865118,1,0.0964067712676486,0.6927858587146828,0.13855842726260487,0.11657103239123934,14.019339998412761,30.0
223,7.433333333333317,track,1,320.6464939300598,240.97336473998914,320.5851773387167,240.68090965909346,1,0.2988138194857119,0.8978142801238469,0.17051430096043863,0.1659286364260791,13.59525800035044,30.0
224,7.46666666666665,track,1,320.4065309117593,240.68060906255732,320.5333698893344,240.5869236774979,1,0.15768664371473623,0.7930717761061964,0.1370826386420461,0.15244793804750179,14.473814000666607,30.0
225,7.499999999999983,track,1,320.7755033557047,240.75620805369127,320.65722332359405,240.56768902822387,1,0.2225524409196042,0.8684545640629521,0.1758413350413729,0.1572265055056345,14.086526000028243,30.0
226,7.533333333333316,track,1,320.7839087546239,240.68742293464857,320.571712895445,240.52581413991766,1,0.26672923571864243,0.7767471561296108,0.1772996631284925,0.1546912238839232,14.27946599869756,30.0
227,7.5666666666666496,track,1,320.4174523570712,240.5542627883651,320.47576443244975,240.50029735583007,1,0.07945165853298929,0.690397884871321,0.13732912179851628,0.14846491375200754,14.243973999327864,30.0
228,7.599999999999983,track,1,320.6862187640281,240.9477779440371,320.5903224642889,240.51081527798942,1,0.44736167898377976,0.7806489992765638,0.1715278293037703,0.16941394093389583,14.542304999849875,30.0
229,7.633333333333316,track,1,320.5172251800814,240.4179455057939,320.5198082529603,240.41242385927694,1,0.006095969632124931,0.6635465767724968,0.16336891271654308,0.12147284242970394,13.80221300132689,30.0
230,7.666666666666649,track,1,320.5140007671653,240.78826237054085,320.4901197458462,240.5725281572536,1,0.21705196143300196,0.7536616323765819,0.1632630046164255,0.1609880674757263,13.52374499947473,30.0
231,7.699999999999982,track,1,320.33892215568864,240.68962075848304,320.4582982131078,240.52468546899945,1,0.20360327306304046,0.6966578023082673,0.13632799756584613,0.15683384216038346,13.993357999424916,30.0
232,7.733333333333316,track,1,320.7573292982788,240.40836012861735,320.5674228612181,240.5017905213349,1,0.2116452057582337,0.7574710758401966,0.17413057350194652,0.12133165602480375,13.95135399980063,30.0
233,7.766666666666649,track,1,320.8541746092261,240.69843690430804,320.4722172897309,240.67102339917392,1,0.3829398049037168,0.8205251799669058,0.18015966764410896,0.15597062566832576,13.335509998796624,30.0
234,7.799999999999982,track,1,320.5713116096283,240.65498608154576,320.34213080721315,240.65828886798045,1,0.22920459985325067,0.7418879450100936,0.16669403954985484,0.15423448130462214,12.969280998731847,30.0
235,7.833333333333315,track,1,320.3391339538648,240.52509105625253,320.28112603487807,240.65757843459255,1,0.14462995569584441,0.7151512043809032,0.13707470028448487,0.14779597896878421,13.54125600119005,30.0
236,7.8666666666666485,track,1,320.4309270795163,240.9133382191279,320.3753468986454,240.69396220960903,1,0.22630729121720686,0.7889669465117938,0.13524671611966216,0.16809791576807764,12.772018999385182,30.0
237,7.899999999999982,track,1,320.44733021455073,240.60348443297306,320.4765636681443,240.62481535510688,1,0.03618843804430653,0.7858162366434593,0.13332872148773092,0.1532328947201561,15.759198000523611,30.0
238,7.933333333333315,track,1,320.7938576779026,240.8994756554307,320.5852472599563,240.63768578655367,1,0.3347420528143879,0.8655388597047166,0.17300311133166385,0.16906007209487028,14.343650000228081,30.0
239,7.966666666666648,track,1,320.4695524578136,240.74192956713134,320.479562514995,240.5688725555642,1,0.17334627338745462,0.7440404493456543,0.13242802260305278,0.1622308466297987,13.580419999925653,30.0
240,7.999999999999981,track,1,320.7664505283381,240.85434678194045,320.58749757456144,240.53920055684284,1,0.3624104066644159,0.7974275143329367,0.17076947173170162,0.1690220139403703,35.18256999996083,30.0
241,8.033333333333315,track,1,320.5700751388435,240.49411956876838,320.48815518989363,240.4760184116035,1,0.08389594702162805,0.6818277037533738,0.16146684487514817,0.12556031148342323,13.194008999562357,30.0
242,8.066666666666649,track,1,320.34924078091103,240.69931586851328,320.43562808371917,240.64733211118687,1,0.10082200708295541,0.7802632180863602,0.13189341652667394,0.16030370640327762,14.404846999241272,30.0
243,8.099999999999982,track,1,320.63040526746664,240.8151812435088,320.53801821256616,240.63603845882812,1,0.2015626582885033,0.8330717365037297,0.16312394037482766,0.1669987138945214,14.275180999902659,30.0
244,8.133333333333315,track,1,320.3896167703898,240.7107762856207,320.47102887781944,240.59171948016137,1,0.1442305590445927,0.7563069131921791,0.13055419712080285,0.162595460517519,14.218152000466944,30.0
245,8.166666666666648,track,1,320.8159924445144,240.82559420746105,320.57491924842134,240.57355649603915,1,0.3487682523586577,0.8120955586346097,0.17156368576237838,0.16935025047451033,13.051755999185843,30.0
246,8.199999999999982,track,1,320.7110897189921,240.48206846550775,320.4572578633872,240.52203050854655,1,0.25695831530360935,0.6939744991588727,0.16734244212113444,0.1272430420521851,13.408176000666572,30.0
247,8.233333333333315,track,1,320.56114498644985,240.70105013550136,320.3592664355124,240.69772937932248,1,0.20190586110910774,0.7847921116165145,0.16042572780565065,0.1620346983144463,12.449193998691044,30.0
248,8.266666666666648,track,1,320.28331600059425,240.9009062546427,320.2953119806057,240.69051633751997,1,0.21073163209007723,0.7510139667617604,0.1313859758735793,0.17311738515621006,14.340511999762384,30.0
249,8.299999999999981,track,1,320.8230659025788,240.5811246418338,320.38337523652535,240.6268296981459,1,0.4420597629133361,0.734773463360351,0.1728694488805182,0.15768042468766721,13.923778999014758,30.0
250,8.333333333333314,track,1,320.1767140543459,240.97300701817528,320.2473235726218,240.64809802901868,1,0.3324929402346984,0.6936858112952172,0.1309611390698383,0.17846831130482907,14.129445000435226,30.0
251,8.366666666666648,track,1,320.57362947287805,240.65715384468604,320.33190443150033,240.56111256534996,1,0.260105599642858,0.6519262708644062,0.15922329654708675,0.16359062472961636,12.925171000460978,30.0
252,8.39999999999998,track,1,320.40227349847305,240.83389888021716,320.2628666205194,240.5560800881135,1,0.31083365143871255,0.6150804212292948,0.12944081158409038,0.17340670354486792,14.022882998688146,30.0
253,8.433333333333314,track,1,320.3741613356218,240.74176938679983,320.349772897667,240.50129087689265,1,0.24171203865975066,0.6112557755949318,0.1276020450770748,0.16976135550873844,13.145074000931345,30.0
254,8.466666666666647,track,1,320.5362684951281,240.51136773727896,320.4435814616604,240.4685295410536,1,0.10210777261739706,0.6452010880095438,0.15382063222355313,0.15842383932420373,13.138403999619186,30.0
255,8.49999999999998,track,1,320.6327487903096,240.81431095637666,320.3946444891026,240.49881128147922,1,0.39526409287169567,0.6360479284692108,0.15901721951786024,0.17418943381597185,13.382609000473167,30.0
256,8.533333333333314,track,1,320.6784280936455,240.68879598662207,320.31507074099363,240.44757645002846,1,0.43613694014678644,0.5473520352116718,0.16200515646064556,0.1685803992047812,12.553181000839686,30.0
257,8.566666666666647,track,1,320.2292051756007,240.53789279112755,320.21663114679336,240.4288133155319,1,0.10980181326676856,0.48042680330979176,0.12721892076728017,0.16112898713831017,13.6938369996642,30.0
258,8.59999999999998,track,1,320.29179910998096,240.66989828353465,320.3007794540363,240.45233810962327,1,0.21774543818804068,0.5432108664118495,0.1254374678290759,0.16791099471427068,17.864515999463038,30.0
259,8.633333333333313,track,1,320.4619919902124,240.5609239546263,320.3914816808226,240.44222945111392,1,0.13805828078858512,0.5906139126808736,0.12363697449230862,0.1624948882775444,18.423777000862174,30.0
260,8.666666666666647,track,1,320.61084468819433,240.74821646108006,320.48883093481913,240.46353411011842,1,0.30972794023425393,0.6736613051670856,0.15385987728189424,0.17222281237356138,15.736680999907549,30.0
261,8.69999999999998,track,1,320.2321630804077,240.50218411260315,320.42202736173203,240.43547405775894,1,0.20124283028252857,0.6064196146494081,0.12229324658929995,0.1598832993615758,14.616441001635394,30.0
262,8.733333333333313,track,1,320.76152674429,240.40803321416934,320.52060676478004,240.47573239793633,1,0.25025110591122934,0.7052323857998781,0.16050438521577287,0.13319545816451658,14.470248999714386,30.0
263,8.766666666666646,track,1,320.50668764752163,240.71302124311566,320.41241269860257,240.66082362576594,1,0.1077606479689129,0.7789557743152673,0.14828266203488255,0.16829877431563822,15.041141001347569,30.0
264,8.79999999999998,track,1,320.281471248489,240.8919012260404,320.3664121169645,240.6611849524336,1,0.24585554710924262,0.7559255127213388,0.12195257024193108,0.17810650428471062,14.757801000087056,30.0
265,8.833333333333313,track,1,320.473403459407,240.81713687285915,320.45784137646865,240.61171619364382,1,0.20600930531087702,0.7640781554087159,0.12036426177682039,0.17539515126890004,14.58312999966438,30.0
266,8.866666666666646,track,1,320.47391587870885,240.5927616563417,320.5547360566743,240.57917578718525,1,0.08195411525422831,0.8019829705400277,0.11877502778900975,0.16457870206997824,14.49780499933695,30.0
267,8.899999999999979,track,1,320.97513611615244,240.79582577132487,320.65709288440553,240.6067808804837,1,0.3699857673116176,0.8944015293239193,0.16841605629809883,0.17538251251910647,14.543335000780644,30.0
268,8.933333333333312,track,1,320.57313879536105,240.50411522633743,320.4916756172015,240.57921336255686,1,0.11079701918140118,0.7597585352695322,0.14952320861367202,0.16095643725563283,14.283446000263211,30.0
269,8.966666666666645,track,1,320.38746387283237,240.7579479768786,320.4239901191943,240.63102253714965,1,0.1320766214122648,0.7602348739469684,0.12025443331848666,0.17406798281621702,14.360819999637897,30.0
270,8.999999999999979,track,1,320.68164703024416,240.7262237337544,320.5093665624081,240.6153309793931,1,0.20488475435632356,0.798803172940814,0.15463539771167903,0.17314284883640088,38.85230099876935,30.0
271,9.033333333333312,track,1,320.7438159760517,240.68473294469828,320.4083315936973,240.60699083938925,1,0.3443742233988637,0.7315548984962501,0.15909414302302707,0.17159574411729692,14.008154999828548,30.0
272,9.066666666666645,track,1,320.21018207530494,240.47816864062224,320.28046234053727,240.6093091267751,1,0.14878555974801666,0.6707583293788184,0.12148020733218078,0.13616833328797254,14.399806999790599,30.0
273,9.099999999999978,track,1,320.56879432584395,240.6726436724619,320.350138427915,240.80297061308602,1,0.2545496280719323,0.8759901393180872,0.14989751589916103,0.1692898901009307,13.502990999768372,30.0
274,9.133333333333312,track,1,320.55280791320996,241.02887683471602,320.2651852467909,240.82237058321016,1,0.35407856493864004,0.8640697837819411,0.14971677550417817,0.18834136102627025,14.148472000670154,30.0
275,9.166666666666645,track,1,320.323787772312,240.7861911454673,320.17811778607756,240.74253924767572,1,0.1520698295861246,0.7636036144859457,0.12131561308550269,0.1773987730526538,13.705601999390638,30.0
276,9.199999999999978,track,1,320.33154486586494,240.73395004625348,320.23943705855345,240.7234346466655,1,0.09270610441727026,0.7620287350256411,0.11979227246239971,0.17559213230471382,13.507859999663197,30.0
277,9.233333333333311,track,1,320.2882237323664,240.55758667193592,320.30578681091697,240.71632142807198,1,0.15970342680652158,0.7788593981238524,0.11817231036460389,0.1670479070841385,13.24409500011825,30.0
278,9.266666666666644,track,1,320.4764406501396,240.7952717123625,320.37767452168646,240.75712304933472,1,0.10587761151643836,0.8460929949863694,0.11656355730347202,0.1795620456699546,14.901795999321621,30.0
279,9.299999999999978,track,1,320.86335847279213,240.84365138833363,320.4550326077847,240.73351788434275,1,0.4229177233639948,0.8631935824587617,0.16024909476058913,0.18304027245182872,14.493037999272929,30.0
280,9.33333333333331,track,1,320.33259135596364,240.69189389723613,320.29628375278344,240.6936870842926,1,0.03635185784125438,0.7543114960530655,0.116654912318729,0.17620395256316934,15.29691600080696,30.0
281,9.366666666666644,track,1,320.36586774473,240.73592261045337,320.36691206378464,240.69263116050342,1,0.04330404416514349,0.7838127244763403,0.11517658348218453,0.17906206282934936,14.720760998898186,30.0
282,9.399999999999977,track,1,320.72512512512515,240.4870870870871,320.4422919572578,240.67863605550951,1,0.34159275189847216,0.8100426354781844,0.1517024707260099,0.14117650864271347,14.644195000073523,30.0
283,9.43333333333331,track,1,320.25545058139534,241.33684593023256,320.31972661794816,240.8689908574845,1,0.4722496987516504,0.9259428819404714,0.1148401448066361,0.2093781551871482,13.935799999671872,30.0
284,9.466666666666644,track,1,320.5194947830862,240.72707303679297,320.39061222146074,240.69788668147044,1,0.13214597242501883,0.7997647952544009,0.14057186176094977,0.18042291427959178,13.321536998773809,30.0
285,9.499999999999977,track,1,320.2662325854843,240.96529767381173,320.32110627951624,240.6834830874509,1,0.2871072680766538,0.7551545362216743,0.113734496118914,0.19374657622680216,15.377138000985724,30.0
286,9.53333333333331,track,1,320.5676470588235,240.8032679738562,320.3915696747397,240.6002820618553,1,0.2687127195661754,0.7167045164926674,0.14201638770270503,0.18691928364663624,16.96660199922917,30.0
287,9.566666666666643,track,1,320.5391570881226,241.04812260536397,320.30802551251827,240.5557448053496,1,0.5439280312581052,0.6353990911507609,0.1411684503749226,0.20086679390790121,13.690380999832996,30.0
288,9.599999999999977,track,1,320.38829787234044,240.43741134751772,320.22582539286987,240.43906178761654,1,0.1624808620663916,0.4937330872139913,0.11352084218218954,0.1478286540820967,13.163693000024068,30.0
289,9.63333333333331,track,1,320.19147411785775,240.7075049256672,320.28789344154484,240.60747920239055,1,0.13893103072132978,0.6722452045359568,0.11204789806195598,0.182804152632401,12.632915000722278,30.0
290,9.666666666666643,track,1,320.52734811034924,240.552224525594,320.3546240333569,240.59158034682127,1,0.1771510300204985,0.6897285783404253,0.13816991816257107,0.17500745453668187,13.360309998461162,30.0
291,9.699999999999976,track,1,320.34106150603566,240.8275531711056,320.27883664447563,240.61947294684592,1,0.21718497444372353,0.6793354150759363,0.11098565221677792,0.18919696434047414,12.706636000075378,30.0
292,9.73333333333331,track,1,320.58503142258616,240.58369834317273,320.3448241213903,240.5738865462804,1,0.2404076099171258,0.6695143334494124,0.14020780129274388,0.17713223576204348,13.249249999716994,30.0
293,9.766666666666643,track,1,320.3728113643872,240.74165840766435,320.25174494053635,240.59483304468358,1,0.1903017766560859,0.6459116550529135,0.11029513523549447,0.18522297681781047,13.844323000739678,30.0
294,9.799999999999976,track,1,320.534379671151,240.53923766816143,320.3149775082343,240.5748058745521,1,0.22226652109208817,0.6554484145324431,0.13694258689974367,0.17492683031449055,12.588124000103562,30.0
295,9.833333333333309,track,1,320.74752964426875,240.8733530961792,320.23286062471675,240.61185768255882,1,0.5772902658378243,0.6546708289283444,0.1488254321650671,0.1920536897839117,14.428103999307496,30.0
296,9.866666666666642,track,1,320.00709355828224,240.7501917177914,320.08413165474553,240.5597216591384,1,0.2054597565217279,0.5660092499587523,0.11109859957731504,0.18644794237954002,13.450436999846715,30.0
297,9.899999999999975,track,1,320.30692347735555,240.69115044247786,320.1333683801354,240.53962757262343,1,0.23039216970206916,0.5558642297858275,0.10978885177511011,0.18375709271550072,13.942157000201405,30.0
298,9.933333333333309,track,1,320.3888888888889,240.26798433048432,320.1863392180087,240.5360184762435,1,0.33595933156638774,0.5674840183146083,0.10844583952400157,0.147598882641718,14.682212000479922,30.0
299,9.966666666666642,track,1,320.068831942789,240.90032777115613,320.24321448419505,240.7273761096519,1,0.24560445428431257,0.7669610747714758,0.10697476769414781,0.1922987157867931,15.035414999147179,30.0
300,9.999999999999975,track,1,320.1796165489405,241.02176733458268,320.30467010475286,240.6824467028955,1,0.3616308655381891,0.7473669614206011,0.10543181016404439,0.199601387229982,36.40977300165105,30.0
301,10.033333333333308,track,1,320.65646315089003,240.7183496922309,320.37108244800515,240.60067088879714,1,0.3086915067776722,0.7060507771158134,0.13835051160876308,0.18515702969764447,13.156772000002093,30.0
302,10.066666666666642,track,1,320.03073845034555,240.68606766096764,320.2586490136996,240.5980219022931,1,0.24432617647098392,0.6515592896352923,0.10482379386927497,0.18382954671401414,13.542967000830686,30.0
303,10.099999999999975,track,1,320.70958083832335,240.63488811849984,320.3217384215368,240.60453213629785,1,0.3890285669642828,0.6848172863690193,0.14062009447342927,0.18136559761222826,12.537156999314902,30.0
304,10.133333333333308,track,1,320.3963198646153,240.88315871534175,320.1906209942499,240.62625177751374,1,0.3291097081122905,0.654620235165358,0.10476085791503789,0.1944655427851842,12.795971000741702,30.0
305,10.166666666666641,track,1,320.4478537894031,240.80667337357477,320.2474527205295,240.58016240089842,1,0.3024364547280365,0.6307307351902791,0.1035820424017361,0.19148186258117456,13.416746000075364,30.0
306,10.199999999999974,track,1,320.3590618079194,240.67525915443397,320.30726451529404,240.5520323300259,1,0.13367052695719536,0.6317841211622037,0.10239059196744765,0.1853315215111606,13.27667300029134,30.0
307,10.233333333333308,track,1,320.4693212458975,240.76446081889702,320.37011696202444,240.55873938834156,1,0.2283917619542155,0.6702061396783129,0.10123920105179096,0.19026094096338436,13.041456000792095,30.0
308,10.26666666666664,track,1,320.4841498559078,240.64214273605697,320.4357896440099,240.54118046260555,1,0.11194682110398152,0.6948301281120706,0.10013664378144262,0.18439850223517537,12.383409999529249,30.0
309,10.299999999999974,track,1,320.7205271709695,240.5185051453331,320.50401538609117,240.5569010501672,1,0.21988996907368213,0.7511127006607984,0.1368826656105726,0.177931618368478,13.074345000859466,30.0
310,10.333333333333307,track,1,320.28268492235765,240.50225413257638,320.3729284076576,240.60911375644991,1,0.13986731517217538,0.7142094689476933,0.1007553824493512,0.176548702251801,12.673565001023235,30.0
311,10.36666666666664,track,1,320.71852502194906,240.75575065847235,320.43117968028673,240.67069296256022,1,0.29967008026982167,0.7973361692034162,0.13748319435044448,0.18924078511491893,14.642472999184974,30.0
312,10.399999999999974,track,1,320.5276993648553,240.72212420606917,320.2902020790598,240.66656086092462,1,0.24391032385674305,0.7269942420729268,0.129215529085978,0.18785137597804863,14.242229999581468,30.0
313,10.433333333333307,track,1,320.5389550870761,240.50155820348306,320.1899649014654,240.67180757386313,1,0.388302714087109,0.6981490385932071,0.13089715698826693,0.1765297442957798,13.8055669995083,30.0
314,10.46666666666664,track,1,319.95864937583644,240.88255465324485,320.0773987071493,240.7393937647314,1,0.18600119270374052,0.7434337221246176,0.10356709193337856,0.19602600756622757,13.41632899857359,30.0
315,10.499999999999973,track,1,320.46551863602855,240.74597078873896,320.10722601909015,240.70494611514573,1,0.3606336412427404,0.7130543067880447,0.10254264463251646,0.18983448171616574,13.987898999403114,30.0
316,10.533333333333307,track,1,320.1887698559291,240.9067233099372,320.1391437405482,240.70545493348845,1,0.20729619071780456,0.7190463432331367,0.10140315206061133,0.19880246644170058,12.810029000320355,30.0
317,10.56666666666664,track,1,320.2476619328022,240.611014894354,320.17375901506625,240.6600582415956,1,0.08869549683352607,0.6825460260048979,0.10019596398692734,0.18443520877197175,13.406460999249248,30.0
318,10.599999999999973,track,1,320.1429062768702,241.01513327601032,320.21142649163585,240.69319938910667,1,0.3291450248270904,0.7247251578517881,0.09888163380636851,0.20576929573379604,14.131911999356817,30.0
319,10.633333333333306,track,1,320.2236286919831,240.63431786216597,320.25271123876746,240.6144599069346,1,0.03521552091672165,0.6643974318353888,0.09754020605890527,0.18742403951209244,14.52274999974179,30.0
320,10.66666666666664,track,1,320.2139471902505,240.79587000677049,320.29775145845156,240.63545163988306,1,0.18098952401601204,0.7017511792936992,0.09617841338942795,0.19611848544528826,13.375801998336101,30.0
321,10.699999999999973,track,1,320.5688294607628,240.58154318281456,320.3466494830043,240.61195150328467,1,0.22425121732242026,0.7033139458588233,0.12473743024372945,0.18560790743491895,13.186931000745972,30.0
322,10.733333333333306,track,1,320.31576440704873,240.92332116208922,320.23982141886495,240.6463749307925,1,0.28716990177201024,0.689430826191717,0.09584220929103651,0.2034760183027285,13.100983000185806,30.0
323,10.766666666666639,track,1,320.5158131321239,240.70300208701235,320.28368366280733,240.5873575335968,1,0.2593409980313307,0.6522770061995795,0.1217711064366574,0.19312237680461827,13.636932999361306,30.0
324,10.799999999999972,track,1,320.39563019140485,240.82719393282773,320.18583475141645,240.58540392223745,1,0.32011956494593147,0.6141924022690289,0.09560289658653318,0.20003563709376607,13.147443998605013,30.0
325,10.833333333333306,track,1,320.3066508715519,240.76544254526993,320.2241197931528,240.5484125312771,1,0.2321926051265247,0.5924407026400339,0.09459356525399701,0.19764459136013718,13.408134000201244,30.0
326,10.866666666666639,track,1,320.45260179217104,240.73950636692342,320.26435201184904,240.5259948832329,1,0.2846491409771141,0.5886871863356846,0.09362706937374753,0.19688295601978734,14.400344998648507,30.0
327,10.899999999999972,track,1,320.7537672828394,240.5195285648656,320.3062968991958,240.5094493261647,1,0.4475838863173805,0.594437891109436,0.13225870479543464,0.1857481430951149,12.680750000072294,30.0
328,10.933333333333305,track,1,320.59731940764595,240.6914180221755,320.1387584072636,240.55408799056704,1,0.47868332815469017,0.5711982115491528,0.1260242883670708,0.19430173373146595,12.362019999272889,30.0
329,10.966666666666638,track,1,320.18621349928196,240.59741503111536,320.00101616991014,240.55489455417637,1,0.19001589871790348,0.5548954846237986,0.096136887378185,0.18949566932618528,14.893638999637915,30.0
330,10.999999999999972,track,1,320.017550274223,241.15953686776356,320.0192135004943,240.5831089874198,1,0.5764302798771446,0.5834254449464632,0.09522081709050037,0.21883724657511322,33.7638999990304,30.0
331,11.033333333333305,track,1,320.02881206136965,240.5803760306893,320.0388307360879,240.45659899195243,1,0.12418183909726957,0.45824716640379354,0.09413762795270147,0.19041427646174935,12.371865999739384,30.0
332,11.066666666666638,track,1,319.9410324020952,240.4738161013139,320.06075331654665,240.48343059125023,1,0.12010635192958628,0.4872331085096339,0.09289026296419646,0.15980160328263393,12.129518001529505,30.0
333,11.099999999999971,track,1,319.8568296795953,240.93558178752107,320.0858510243022,240.67527061973738,1,0.34671700333884153,0.6807061100462051,0.09148857976246652,0.2064649723401384,12.040085999615258,30.0
334,11.133333333333304,track,1,320.2013386396527,240.76157742402316,320.1149411063593,240.6199685842148,1,0.16588428880111464,0.6305335069164917,0.0901094980295245,0.19838203053738918,13.335486999494606,30.0
335,11.166666666666638,track,1,320.30131463628396,240.6213847502191,320.14789727678726,240.6094931887876,1,0.15387753386449493,0.6271806371848363,0.08880363535230656,0.1914411308487983,12.682344000495505,30.0
336,11.19999999999997,track,1,320.2365979381443,240.716323024055,320.1843233279594,240.63774190261188,1,0.09438022842332608,0.6638447285149249,0.08755817764714519,0.19630612722672425,12.169659999926807,30.0
337,11.233333333333304,track,1,320.19153746770024,240.8092700258398,320.2238914328584,240.64173828814273,1,0.1706272610026096,0.6796730126875398,0.0863413072493479,0.20143363543423526,12.884509000286926,30.0
338,11.266666666666637,track,1,320.7452764170749,240.82242827151856,320.2664434975718,240.62007060493988,1,0.5198361184286904,0.6748923562382421,0.12442224175033177,0.20276874266706874,12.362486000711215,30.0
339,11.29999999999997,track,1,320.1056555737407,240.68157846881252,320.1023856399888,240.5929532954899,1,0.0886854769012642,0.6017278703103762,0.08714048954546688,0.19607008552504795,13.118721999489935,30.0
340,11.333333333333304,track,1,320.30165042752037,240.74647047126666,320.1336466389075,240.60322138851416,1,0.220783995565134,0.6178490654295961,0.08628047827087539,0.199635653030201,12.642229999983101,30.0
341,11.366666666666637,track,1,320.39813986764443,240.54319441960294,320.165971698146,240.59612061951384,1,0.23812442454578903,0.6187943096013651,0.08545965685604287,0.18932991842975552,12.916900001073373,30.0
342,11.39999999999997,track,1,320.2919444945035,240.6060551450712,320.1991463330394,240.64561951503288,1,0.10088031592729262,0.6756358635791313,0.08464560171118826,0.1921651140629702,12.57421500122291,30.0
343,11.433333333333303,track,1,320.2455414012739,240.74490445859874,320.2331290239372,240.6816213442978,1,0.0644889111923404,0.7203865620652955,0.08382099784964789,0.19920935313310084,12.504861999332206,30.0
344,11.466666666666637,track,1,320.40153666276933,240.5645565391682,320.267970637045,240.68166608807314,1,0.17763594701669516,0.7324458464263661,0.08306579007740039,0.1899932469975067,12.823169001421775,30.0
345,11.49999999999997,track,1,320.4347393553522,240.46339037007562,320.30329570559206,240.7324637819711,1,0.29946274234257014,0.7927745435683352,0.08238126425812052,0.1599717829527407,12.068189000274288,30.0
346,11.533333333333303,track,1,320.3022847100176,240.88732669400508,320.3387219442502,240.94496451157352,1,0.0681893690583364,1.0038378771744056,0.08169755927453486,0.2039814724243795,12.48448600017582,30.0
347,11.566666666666636,track,1,320.52491467576795,240.98327645051194,320.3742396997559,240.92432361720898,1,0.16179735767520848,0.9972108614549274,0.10854338730736234,0.20982760208627485,12.25833599892212,30.0
348,11.59999999999997,track,1,320.3274627443391,241.06154441648926,320.2630195600482,240.8740682260925,1,0.19824289638529047,0.912783957370217,0.08234953110196798,0.2153191044348406,13.02541699988069,30.0
349,11.633333333333303,track,1,320.4473344401402,240.97177642501384,320.2879346446473,240.796077808071,1,0.2372304761172254,0.8465496063972259,0.08182909432997287,0.21241864856735312,12.452708000637358,30.0
350,11.666666666666636,track,1,320.45635644768856,240.63807785888076,320.31205489310696,240.73509758055116,1,0.17388434388313279,0.7985904515107596,0.08133000948520502,0.1963737462858478,13.398908000453957,30.0
351,11.699999999999969,track,1,320.4744318181818,240.53181818181818,320.3352613113525,240.76121934753814,1,0.26831571851981917,0.8317782408528095,0.08085228200923437,0.19094384030763512,12.43713999974716,30.0
352,11.733333333333302,track,1,320.51806331471136,241.14245810055866,320.35743491601625,240.81781786822035,1,0.3622054153654078,0.8925165459351498,0.10750280834468479,0.22277178736753533,12.768096999934642,30.0
353,11.766666666666636,track,1,320.390753302392,240.74991074616207,320.23388664915547,240.7061726490101,1,0.16285013982218507,0.7438970189906214,0.08178274960289235,0.204231101244494,12.55186600064917,30.0
354,11.799999999999969,track,1,320.3696152077265,241.1079258010118,320.2439213000755,240.69490443943823,1,0.4317239899943613,0.736471167515393,0.08132345444101285,0.22366104071462709,12.37275600033172,30.0
355,11.833333333333302,track,1,320.3373094764745,240.55218687872764,320.2528098384737,240.58149125897148,1,0.08943676829885554,0.6340701055004369,0.08080521480269143,0.19643518716917738,13.589352000053623,30.0
356,11.866666666666635,track,1,320.1033297140789,240.771444082519,320.2608617169658,240.61475200986183,1,0.2221907684112006,0.6678090063839378,0.0801474872421668,0.2077358762604099,13.702119000299717,30.0
357,11.899999999999968,track,1,320.32687443831117,240.66640824834198,320.26881599321905,240.5891997878914,1,0.09660191204972388,0.6476252220703099,0.07945915730935225,0.20274292787761203,14.024132999111316,30.0
358,11.933333333333302,track,1,320.3099874933,240.71824191531178,320.27683104202856,240.59172196657187,1,0.13079238391460732,0.6532765965150578,0.07874064592237383,0.2055246644913436,15.740525999717647,30.0
359,11.966666666666635,track,1,320.50789177001127,240.53664036076663,320.2850630334078,240.5808415168467,1,0.22717039431911795,0.6470222567334522,0.10464856271833839,0.1961252581897051,14.887484001519624,30.0
360,11.999999999999968,track,1,320.9067818135636,240.71920243840486,320.1514995928062,240.62151247592942,1,0.761573740199001,0.6397107818040626,0.12684584671978022,0.20510392315428091,34.58868100096879,30.0
361,12.033333333333301,track,1,320.036884512086,240.7056401074306,319.895926044441,240.61570638960848,1,0.1672045549682414,0.6244403465747542,0.08197279016100524,0.20444098198606636,13.006965000386117,30.0
362,12.066666666666634,track,1,320.0052253928424,240.81270307499693,319.87604619421927,240.61483306747482,1,0.2363044756954888,0.6272035130864804,0.08117128647822794,0.21007986005014295,13.6168760000146,30.0
363,12.099999999999968,track,1,319.9875412238915,240.81220227189448,319.8568071233806,240.58527070165042,1,0.26189567123158547,0.6025329817735416,0.08018034709018675,0.21050842950381063,13.906242000302882,30.0
364,12.1333333333333,track,1,319.796258940033,240.90995782138273,319.8392145593077,240.55479548402877,1,0.35775057107152575,0.577624434245411,0.07897255790451789,0.21615061495293858,12.931272000059835,30.0
365,12.166666666666634,track,1,319.9235273243435,240.62313697657913,319.8244204783041,240.49558932668538,1,0.1615257562288571,0.5257727162600098,0.07766999878304884,0.2019659412993393,13.95577200128173,30.0
366,12.199999999999967,track,1,319.9375506893755,240.4170316301703,319.8129258045544,240.51338332710043,1,0.1575278115698231,0.5464057056311858,0.07631912887364627,0.16907181627895623,13.51893600076437,30.0
367,12.2333333333333,track,1,319.7454716981132,240.80622641509433,319.80498372065085,240.7079490598444,1,0.11489177247063735,0.7343182011537968,0.07487446945458275,0.20872608388362934,13.811134000206948,30.0
368,12.266666666666634,track,1,319.9928008227631,240.89801165581076,319.801090002946,240.69234958335028,1,0.2811581876518757,0.7203562538725694,0.07346136157251493,0.2139007197118733,12.666021000768524,30.0
369,12.299999999999967,track,1,319.94936927596336,240.74252635216865,319.8010719828376,240.65046407147724,1,0.17454956509409264,0.6802028111489432,0.0720783488150262,0.20650743438134725,13.78433900026721,30.0
370,12.3333333333333,track,1,319.9667710508003,240.69885177453028,319.8047647999331,240.64930922688018,1,0.16941218771890948,0.6780259991009956,0.07074793568031326,0.2044232316879623,13.079143000140903,30.0
371,12.366666666666633,track,1,319.74937733499377,240.7359900373599,319.81188361057457,240.66055771752622,1,0.09796463322277998,0.6868218649358114,0.06939282860239196,0.20642172146015883,13.445097998555866,30.0
372,12.399999999999967,track,1,319.94625998547565,240.86401597676107,319.8225558442275,240.6624229446577,1,0.2365215955353173,0.6857773589342095,0.06813530107224514,0.21337097706206296,13.800511000226834,30.0
373,12.4333333333333,track,1,320.0568465527175,240.5346648742078,319.83625684589356,240.628488570738,1,0.23971379765725498,0.6494687860590529,0.06704223398577558,0.19675110957966885,13.100580999889644,30.0
374,12.466666666666633,track,1,319.73203365978003,240.8784556935636,319.8521053033294,240.68444431840385,1,0.2281613755130873,0.7002405774436402,0.06593208445065513,0.21425305295918853,13.96076699893456,30.0
375,12.499999999999966,track,1,319.92200297840657,240.8553611317945,319.8701881739644,240.64829491534738,1,0.21345067803384135,0.661163676742731,0.0648912585746395,0.2138140442080907,14.263617000324302,30.0
376,12.5333333333333,track,1,320.0165408704031,240.6079974305444,319.89013162361357,240.6157131447926,1,0.12664450213198203,0.6254388353789625,0.06399657427855601,0.20151369431543512,12.611839998498908,30.0
377,12.566666666666633,track,1,319.87421126490733,240.72162166697916,319.91115216351886,240.6499471843979,1,0.08063412083926202,0.6559918296397609,0.06315164866015488,0.2072181051070469,12.570707000122638,30.0
378,12.599999999999966,track,1,320.1000146649069,240.9375274967004,319.9329803881187,240.6549593219272,1,0.3282456747876494,0.6583793296846929,0.06247705653074275,0.21876094153226439,12.32032000007166,30.0
379,12.633333333333299,track,1,320.0627762371551,240.47498478196994,319.9547038672865,240.5995989520643,1,0.1649494726190949,0.6013074446199722,0.061907575584774215,0.17065552107376386,12.225657999806572,30.0
380,12.666666666666632,track,1,320.0877947737412,240.7359783301466,319.9757580643311,240.8019777630384,1,0.13003134005879843,0.8023440682481809,0.06147233626159239,0.20675495166793306,12.631277999389567,30.0
381,12.699999999999966,track,1,320.0592002769604,240.80785875021638,319.9954231214024,240.81299085433898,1,0.06398331082238956,0.8130037374185421,0.0611161699573593,0.21071430284227122,12.836510999477468,30.0
382,12.733333333333299,track,1,320.1269072769953,240.99853286384976,320.01327345443065,240.80403960837134,1,0.22525601447520802,0.8041491630428156,0.06087797969012302,0.2212970419107521,12.572825000461307,30.0
383,12.766666666666632,track,1,320.1252538930264,240.8544346648612,320.02867603785216,240.73978690239596,1,0.14990460816246953,0.7403424721731914,0.0607326528867273,0.2151020432823369,12.272256000869675,30.0
384,12.799999999999965,track,1,320.2669686052931,240.89392824407454,320.04113182113997,240.70970160416118,1,0.2914476075221456,0.7108925331294781,0.06071654724752836,0.2180562903874534,12.35020700005407,30.0
385,12.833333333333298,track,1,320.1477576711251,240.90889063729347,320.0499478873853,240.66497532392623,1,0.26279542212576235,0.6668485381891814,0.060745566433616734,0.21989546996325965,12.888098000985337,30.0
386,12.866666666666632,track,1,320.1909438987848,240.70734143499251,320.0548798748828,240.61154266363042,1,0.16640559844817088,0.6140001873837934,0.06082355160884628,0.21041309159498578,12.657717999900342,30.0
387,12.899999999999965,track,1,320.15562403698,240.52740479859125,320.05566297715677,240.60977282850672,1,0.12952492359826526,0.6123081490647023,0.06092333161625085,0.20122429078177756,12.655370999709703,30.0
388,12.933333333333298,track,1,320.03509393831973,240.83020205600852,320.0521773420455,240.6580876223477,1,0.1729601715923188,0.6601528563220613,0.060965069106234164,0.21663478607167372,13.003416999708861,30.0
389,12.966666666666631,track,1,320.2057450628366,240.85098743267505,320.04472895810363,240.6252783380478,1,0.2772558049542787,0.6268761278951733,0.06103989921159815,0.21836694913903196,12.449085999833187,30.0
390,12.999999999999964,track,1,320.53836679394016,240.43736913412982,320.03313780140024,240.58428360773632,1,0.5261560580835023,0.5852225629203108,0.08940390982105892,0.17445867220249045,35.666789999595494,30.0
391,13.033333333333298,track,1,320.0139481457171,240.71447325237938,319.8665247541951,240.77850662667902,1,0.16072936692480944,0.7898659437055273,0.0632928322326853,0.2093725825519392,12.436172999514383,30.0
392,13.066666666666631,track,1,319.837355907781,240.8306916426513,319.8354201734594,240.78754989970366,1,0.04318514851106551,0.8045628401979453,0.06324461349566342,0.21552251820461535,13.063993999821832,30.0
393,13.099999999999964,track,1,319.97641277641276,241.1210483210483,319.8008187402429,240.764808784126,1,0.3971647935115184,0.7903199671744973,0.0631136990458149,0.2313365424949007,12.705691000519437,30.0
394,13.133333333333297,track,1,319.75246723831094,240.7840155314674,319.7631581349817,240.65872895486518,1,0.1257418846221336,0.7000127891711062,0.0628276546774071,0.21538262589556184,13.457855999149615,30.0
395,13.16666666666663,track,1,319.72538375140397,240.5696368401348,319.7232623956245,240.6387268998426,1,0.069122619313587,0.6961003909336857,0.062398274164125106,0.204583792399736,13.312850000147591,30.0
396,13.199999999999964,track,1,320.08904444082697,240.73888979326063,319.6818927017798,240.6772963013491,1,0.41178428437104814,0.7482797157494647,0.06198903388628063,0.21305760663931114,13.627541000460042,30.0
397,13.233333333333297,track,1,319.81801537898207,240.62815818381546,319.6389384008487,240.67163715277343,1,0.18427963761367228,0.7625365193663123,0.061466011352362446,0.20739400685125908,14.15533600084018,30.0
398,13.26666666666663,track,1,319.5804024496938,240.7686789151356,319.5950031353798,240.6971364328524,1,0.07301716780144236,0.8062392116254201,0.06074129705993735,0.2144915179761408,13.282820000313222,30.0
399,13.299999999999963,track,1,319.60244451592155,240.85686715985847,319.55115944049317,240.68572231005396,1,0.17866370245884214,0.8195565473865419,0.05990015883177592,0.21939387067107785,13.15919000080612,30.0
400,13.333333333333297,track,1,319.6810226155359,240.77817109144542,319.5080251315178,240.64908971223167,1,0.21584747377791874,0.8144671422120563,0.059012735490368576,0.215895287233773,15.610948999892571,30.0
401,13.36666666666663,track,1,319.63722927557876,240.6385362210605,319.465843992024,240.6320310380131,1,0.17150869606413263,0.8275178994250005,0.0580887729289578,0.20889648959771123,15.578780999931041,30.0
402,13.399999999999963,track,1,319.2084347193158,240.74566422101037,319.42480786948363,240.65320149221589,1,0.23530128841482675,0.8703552013063519,0.015599932242829781,0.21430367544568144,14.73112200073956,30.0
403,13.433333333333296,track,1,319.7007263123143,240.72499174645097,319.60659312755683,240.64642321532529,1,0.12261350070784838,0.7567244812988364,0.05315360053944981,0.21338973760038352,12.991113999305526,30.0
404,13.46666666666663,track,1,319.76792947683566,240.78279071009473,319.5843034407285,240.64539624288705,1,0.2293376566456445,0.7676847919054316,0.052146336751289116,0.21652367649185258,13.40366600015841,30.0
405,13.499999999999963,track,1,319.8897247392717,240.5913831424175,319.56359421127354,240.62851926507687,1,0.3282380430396841,0.7651708822261465,0.051299478105013605,0.20677625245286196,13.140724000550108,30.0
406,13.533333333333296,track,1,319.6275201612903,240.9988239247312,319.54360708505374,240.66448024069132,1,0.3447130740497713,0.8061193975350923,0.05049909913436737,0.2277756970349355,12.94881400099257,30.0
407,13.56666666666663,track,1,319.6032897174886,240.91395662849618,319.5240913525788,240.5892832174559,1,0.33419336444778164,0.7574587454544507,0.04974980469894897,0.2245488438387626,13.585328000772279,30.0
408,13.599999999999962,track,1,319.6685906685907,240.72759339426005,319.504771787299,240.53212245456962,1,0.25504022061457815,0.7269149120166972,0.04908212767590951,0.21570376588158482,13.894693000111147,30.0
409,13.633333333333296,track,1,319.76578332034296,240.26968043647702,319.4852103628757,240.52294914595814,1,0.377976485596862,0.7338148129800243,0.04853834152416818,0.17766025803626034,14.30795099986426,30.0
410,13.666666666666629,track,1,319.7403931855102,241.00527092875444,319.4647436367768,240.71747557051617,1,0.3985082708557155,0.8951371786818094,0.048070276390584823,0.22774949696551336,14.795203998801298,30.0
411,13.699999999999962,track,1,319.63236814891417,240.8335056876939,319.44296511463654,240.64564772270478,1,0.2667660480710158,0.8527302301113501,0.04764385520215717,0.21985702413055636,14.834863000942278,30.0
412,13.733333333333295,track,1,319.6144631117604,240.6598977355734,319.4196500887906,240.61668870043218,1,0.19954732430296074,0.8468240506040686,0.04724582969713184,0.2112743248999261,14.125338000667398,30.0
413,13.766666666666628,track,1,319.7322047725882,240.83540689373854,319.3946445513134,240.6342670043564,1,0.3929429450795284,0.8767838114779549,0.0469227452795771,0.22038369931612423,13.432276000457932,30.0
414,13.799999999999962,track,1,319.62665994284754,240.84333501428813,319.3675462944934,240.60401219309801,1,0.35272552431852194,0.8745446924086123,0.046637772654302495,0.2213991300822156,13.699021001229994,30.0
415,13.833333333333295,track,1,319.5420604182804,240.69682416731217,319.3381495759256,240.5690792425262,1,0.24062085827794774,0.8728672110473651,0.04634963178060063,0.2143457716366401,13.236085000244202,30.0
416,13.866666666666628,track,1,319.18123893805307,240.458407079646,319.3064688558477,240.5724889633102,1,0.16940250438296572,0.8992936456025902,0.0031276626392654147,0.1778985480339592,13.14002800063463,30.0
417,13.899999999999961,track,1,319.83533987775513,240.8538618262641,319.5014821570521,240.77099589644217,1,0.34398799397400753,0.9181256515684951,0.04281415223380926,0.2201302873959878,13.758128001427394,30.0
418,13.933333333333294,track,1,319.5730208162596,240.8787084084576,319.48100868079223,240.74496615835346,1,0.16233675657775884,0.907924317608544,0.04255764956115189,0.22204186531613246,13.508097999874735,30.0
419,13.966666666666628,track,1,319.6650317564209,240.9333437798883,319.4580754095107,240.70942785454076,1,0.30490862754382986,0.8927318424786489,0.0424056876955244,0.22572154734346464,13.110010000673356,30.0
420,13.999999999999961,track,1,319.89983369579124,240.88205193808366,319.43212252511717,240.65493833327787,1,0.5199368506474605,0.866850071740262,0.04245579830735405,0.2241201521452824,38.087950999397435,30.0
421,14.033333333333294,track,1,319.4980385881915,240.81452771825192,319.4020700831702,240.60965056912687,1,0.22624013832569737,0.853928569540103,0.01623826625003453,0.2215023649150553,12.632374000531854,30.0
422,14.066666666666627,track,1,319.515522875817,240.99493464052287,319.5080099959241,240.57897254160684,1,0.41602994014723355,0.7597784993307468,0.04070246542812726,0.2316881175650705,13.278825999805122,30.0
423,14.09999999999996,track,1,319.4289598912305,240.66910265125765,319.4796375574142,240.49460591950265,1,0.18170672866739362,0.717922062107657,0.010741465284638724,0.21593589123768883,12.571706000017002,30.0
424,14.133333333333294,track,1,319.86791993423464,240.59293547669114,319.6072184006089,240.49487379844618,1,0.278534346849797,0.6318049233812615,0.03861328163059095,0.21200393797376454,13.941004001026158,30.0
425,14.166666666666627,track,1,319.6099348534202,240.74120521172637,319.5823087834701,240.51672192293336,1,0.2261768040454484,0.6644302055190993,0.03863831418849075,0.21948129737117428,14.281496998592047,30.0
426,14.19999999999996,track,1,319.55798192771084,240.54631024096386,319.553422874782,240.4992878194962,1,0.047242915704795316,0.6698652517225169,0.038689337435691244,0.20943225316852473,14.43956699949922,30.0
427,14.233333333333293,track,1,319.62601187263897,240.86706242129878,319.52042008881335,240.53603282809286,1,0.34746253954859174,0.7192552286963362,0.03878060375855562,0.22570830208839837,13.379998999880627,30.0
428,14.266666666666627,track,1,319.40258449304173,240.73343273691188,319.48308386982467,240.48654363300398,1,0.259681303314061,0.7098781532433212,0.007556607870060187,0.21932520730265395,14.117596998403315,30.0
429,14.29999999999996,track,1,319.6723961878829,240.38938053097345,319.60842706634935,240.47165617524433,1,0.10421770554930615,0.6130162396004615,0.03674283734570809,0.1809879291211557,15.789081999173504,30.0
430,14.333333333333293,track,1,319.5300136425648,240.70037517053206,319.57425996927896,240.66177993463657,1,0.05871396479136585,0.78689723321787,0.036762629273490444,0.2150156288287556,15.739063999717473,30.0
431,14.366666666666626,track,1,319.56617916101277,240.76973239141182,319.5361351144845,240.67095552475394,1,0.10324492296738468,0.8156910862649632,0.036813340856791985,0.21850764519442012,17.344842999591492,30.0
432,14.39999999999996,track,1,319.5406726632773,240.73308564724286,319.4938858422222,240.66202707981483,1,0.08507835582193943,0.8333255036966588,0.03687516573565807,0.2167422000266033,14.9824299987813,30.0
433,14.433333333333293,track,1,319.4427495291902,240.77231638418078,319.4474511694882,240.66302154527898,1,0.10939591963168803,0.8630804015872912,0.007758167515887836,0.21887245629155572,16.71161900048901,30.0
434,14.466666666666626,track,1,319.59459899800413,240.56763471956336,319.55244981688975,240.65314899181908,1,0.09533752791025539,0.791773182114866,0.03497242609878628,0.2083481714684376,17.00790200084157,30.0
435,14.49999999999996,track,1,319.76945141627823,240.59071351738976,319.5084467884192,240.69988744472562,1,0.2829175890145002,0.8552584376081747,0.03508170793040241,0.20898461751008257,14.931267000065418,30.0
436,14.533333333333292,track,1,319.3323222109875,240.9031007751938,319.46000037656745,240.74370014018996,1,0.2042309389036914,0.9190699058427813,0.00017028627192968576,0.22495940342457266,14.57208499959961,30.0
437,14.566666666666626,track,1,319.57546164772725,240.7958096590909,319.59388612599355,240.7027697278213,1,0.09484666683672839,0.8116734374134459,0.032753847387087295,0.22012854208308502,15.956813000229886,30.0
438,14.599999999999959,track,1,319.7667468223978,240.84730333218826,319.55012929752866,240.6880467835183,1,0.2688601874110478,0.8220657061646244,0.032880560416642,0.2233050649228388,15.043425999465398,30.0
439,14.633333333333292,track,1,319.6570958302853,240.48500365764448,319.5018316261833,240.6568123772597,1,0.23157117525991736,0.8243629222573964,0.03307882744893807,0.17954551653931602,14.617974000429967,30.0
440,14.666666666666625,track,1,319.71620893914917,240.8231915275534,319.4486100787731,240.85937933640503,1,0.2700346414519208,1.021060081028821,0.03334236388924352,0.22017932536156726,18.194742000559927,30.0
441,14.699999999999958,track,1,319.5427881297446,240.7736369910283,319.3901151829141,240.84563686539013,1,0.1687987280818179,1.042622270152891,0.03359353727732202,0.21806535663683496,14.609924000978936,30.0
442,14.733333333333292,track,1,319.31322858590977,240.73863828349383,319.3264115489851,240.84356021617464,1,0.10574687925854892,1.0794976793181374,-0.0021685460122966467,0.21657752445533876,15.21814199986693,30.0
443,14.766666666666625,track,1,319.522237272191,240.92252360778892,319.44956859635886,240.84979709455524,1,0.10280993227466696,1.0124869540042918,0.03143508260902139,0.2265291785169264,14.72230899889837,30.0
444,14.799999999999958,track,1,319.4483727464294,240.6848513228752,319.3896346216063,240.80332400372572,1,0.13223442598522375,1.0088980870749937,0.002625289423848244,0.21505896694692533,14.502887999697123,30.0
445,14.833333333333291,track,1,319.33466204506067,240.96481802426342,319.47948001080977,240.8183779861497,1,0.20595370345409156,0.9698884406781213,-0.005300972629120191,0.22992441520710838,14.776173000427661,30.0
446,14.866666666666625,track,1,319.57104391052195,240.74295774647888,319.6077247774101,240.75448927790922,1,0.038450776491455486,0.8503728127932564,0.02713055455190139,0.21950394267344683,14.408013001229847,30.0
447,14.899999999999958,track,1,319.75666301569913,241.00912741876596,319.5591262680173,240.74650320797446,1,0.3286217320546255,0.8669698305411353,0.027209743956506837,0.23390259200909544,14.092097999309772,30.0
448,14.933333333333291,track,1,319.71853388658366,240.7966804979253,319.50622921635295,240.66203820748046,1,0.2513997203220471,0.8258959831282437,0.027406257605725334,0.22419542876152893,13.978618000692222,30.0
449,14.966666666666624,track,1,319.56082748149555,240.81647371417728,319.44840686842986,240.6296456878224,1,0.21804381594928138,0.8370834337081969,0.027633794240469738,0.2258749556939634,13.805726999635226,30.0
450,14.999999999999957,track,1,319.67902262945995,240.80660835762876,319.38549278672167,240.58858370898088,1,0.3656426069210107,0.8509112160788486,0.027934934441259968,0.22604232205397473,37.94260500035307,30.0
451,15.03333333333329,track,1,319.1412191859354,240.47525320084083,319.31709348036406,240.54690419841518,1,0.18990953871296493,0.8749088619995876,-0.016869130706016422,0.18432820655973695,14.936306000890909,30.0
452,15.066666666666624,track,1,319.781244757591,240.8366045965442,319.48376914913683,240.72796212736557,1,0.3166937380726356,0.8924254312050495,0.025235130234089853,0.22569670915916393,14.53732099980698,30.0
453,15.099999999999957,track,1,319.36237271698724,240.733796670438,319.4220078682747,240.68863726443647,1,0.07480456683579809,0.8990529385452728,-0.007994591851677394,0.22082680812780656,14.52086999961466,30.0
454,15.13333333333329,track,1,319.8169778203287,241.05058241582896,319.53359007140443,240.67552149132734,1,0.47008436830888967,0.8208943334788237,0.02337372943411803,0.2376883088173679,14.31572799992864,30.0
455,15.166666666666623,track,1,319.572606669057,240.548404446038,319.4739920944962,240.57270105856924,1,0.10156357465299473,0.7776058250417063,0.023640591016375098,0.2127266492932596,15.937378000671742,30.0
456,15.199999999999957,track,1,319.4718281517255,240.47338766475502,319.40908766639313,240.60321987786415,1,0.14419699046982445,0.8444238314135565,-0.0037038499908215138,0.18348961813321762,14.11196499975631,30.0
457,15.23333333333329,track,1,319.3764367816092,240.8739012846518,319.4861363878092,240.7898669861595,1,0.13818743402905032,0.9423086902700465,-0.01033149204189814,0.22670424804847472,15.47739499983436,30.0
458,15.266666666666623,track,1,319.7097371967655,240.8015498652291,319.59464802770276,240.7462205770844,1,0.1276982653059693,0.8492086734775011,0.02033949780231877,0.22350974270903184,13.888546998714446,30.0
459,15.299999999999956,track,1,319.5773502578342,240.76021420071402,319.535695955851,240.71978308930943,1,0.05804959640789033,0.8565430176406478,0.020611818912334073,0.2217239003546325,15.524131000347552,30.0
460,15.33333333333329,track,1,318.9987251866691,240.94390821344018,319.47140585522334,240.70302870232172,1,0.5305185701759619,0.8795800851430914,-0.031632070336184974,0.23164600099876897,14.379203999851597,30.0
461,15.366666666666623,track,1,319.98935622317595,240.79862660944207,319.681863673959,240.63350210043973,1,0.3490240268193447,0.7088974772196632,0.01750685584525245,0.2250315606087447,14.507169998978497,30.0
462,15.399999999999956,track,1,319.65115876859215,240.62538913870634,319.6263605991712,240.59938521453842,1,0.0359326213733485,0.7063066170290004,0.017827921976120306,0.21639575460395008,13.927834999776678,30.0
463,15.43333333333329,track,1,319.7033771106942,240.71463414634147,319.565258130388,240.6114457051151,1,0.17240854713022835,0.7502441892460507,0.01826306309789228,0.22084526187013093,14.102363998972578,30.0
464,15.466666666666622,track,1,319.74539631705363,240.79439551641315,319.4979474901047,240.59988227727877,1,0.3147480296315579,0.7822502600097503,0.018797716064320034,0.22512272066342667,14.296396000645473,30.0
465,15.499999999999956,track,1,319.57687661777396,240.86056945642795,319.42389761412414,240.5655995642528,1,0.3322797207888386,0.807339350022541,0.019328819119657302,0.22900661671929,14.42344499992032,30.0
466,15.533333333333289,track,1,319.5437712506657,240.71258858711235,319.3431271441432,240.5106836076286,1,0.2846465847723378,0.8320334703977127,0.019835326628873218,0.2219083494590379,14.13077299912402,30.0
467,15.566666666666622,track,1,319.35277143200676,240.84189010460503,319.2557670084466,240.49369298451916,1,0.361456902861651,0.8930932250778648,-0.01363225142214047,0.22882721266853315,15.582486001221696,30.0
468,15.599999999999955,track,1,319.2586458840721,240.57655463549278,319.3430121252636,240.43985670442498,1,0.16063619458577838,0.7906370772853002,-0.020588392765472287,0.21548575322461705,13.95759899969562,30.0
469,15.633333333333288,track,1,319.4724113221068,240.4439269079183,319.46346800393326,240.4572168595589,1,0.016018918645237648,0.704921158334942,-0.011845398490580448,0.18479042039060192,13.741892000325606,30.0
470,15.666666666666622,track,1,319.2696915888996,240.77124099807986,319.53340580281315,240.63831447893062,1,0.29532125916224067,0.7906677676881207,-0.024262530802905406,0.22255675159769892,14.234312999178655,30.0
471,15.699999999999955,track,1,319.95933926302416,240.69268469776728,319.66567945523184,240.61800772492643,1,0.30300615997912844,0.7026405729267421,0.01157843882005497,0.21857595772198485,13.267282000015257,30.0
472,15.733333333333288,track,1,319.886726228462,240.72032546266752,319.60291238560603,240.61893496841594,1,0.30138070562206876,0.7353632222467588,0.01199718763554581,0.2199229345152396,19.135521999487537,30.0
473,15.766666666666621,track,1,319.67821862348177,240.8613765182186,319.5340231161913,240.61266846955823,1,0.2874857175429932,0.7697383385507683,0.012508940057160887,0.22737738372489225,16.203508001126465,30.0
474,15.799999999999955,track,1,319.6268380198123,240.4567753383488,319.4585156822468,240.5666220793014,1,0.20099431788341118,0.7837511385155932,0.013066906055383059,0.1828416088151206,14.728742000443162,30.0
475,15.833333333333288,track,1,319.5227817745803,240.84326824254882,319.37614370906545,240.7580640303729,1,0.16959504718730195,0.9817625710342778,0.013612112466208592,0.22447491760211546,14.082704999964335,30.0
476,15.866666666666621,track,1,319.39956995736327,240.9406337256401,319.28697538868846,240.7274129142104,1,0.24112372616939817,1.0185939544764753,-0.017303784175326596,0.23014792672409567,15.120427999136155,30.0
477,15.899999999999954,track,1,319.5140746934225,240.99233556298773,319.35880345484316,240.66644403405712,1,0.36099092254335174,0.9248138515676568,0.012424630953424328,0.23392098989027837,13.814595000440022,30.0
478,15.933333333333287,track,1,319.5093374833259,240.71631836371722,319.26819180540815,240.58527747405878,1,0.2744502737125417,0.9370661424426845,0.01281719756366071,0.2207376295491621,13.454089999868302,30.0
479,15.96666666666662,track,1,319.26215277777777,240.79114583333333,319.1715985696701,240.57433453279873,1,0.23496213449301484,1.0080223635107344,-0.02548218559079394,0.22495346439866573,14.981513000748237,30.0
480,15.999999999999954,track,1,318.84808716107466,240.9612479881144,319.2753811267612,240.54080654344625,1,0.5994590407248596,0.9041815243014785,-0.049675702351337996,0.23447207858187924,38.00919499917654,30.0
481,16.03333333333329,track,1,319.45015462494723,240.42400295683976,319.5043085461625,240.45639905819007,1,0.06310431495303274,0.6738027290864146,-0.02221866420569977,0.1852939986317642,14.860597000733833,30.0
482,16.066666666666624,track,1,319.6094909404659,240.65004314063847,319.5829116018149,240.63414815563988,1,0.030969530045358212,0.7590168741220996,0.00472827742487172,0.21691706519550022,13.81380700149748,30.0
483,16.09999999999996,track,1,319.54078903376796,240.5887662988967,319.5139112517593,240.64310143235866,1,0.06061948444217772,0.8061400148038746,0.004954310535537175,0.2135386019179787,16.443298000012874,30.0
484,16.133333333333294,track,1,319.65975791742665,240.84811805670702,319.4398194945775,240.66992076035285,1,0.28306745887387963,0.8732674411697576,0.005339361525813826,0.22677710591667746,20.015862999571254,30.0
485,16.16666666666663,track,1,319.6441824507151,240.84692694240434,319.3597887645642,240.6259693620293,1,0.36014166802480296,0.8953815210163839,0.005867711748404263,0.2273813553951721,19.579703999625053,30.0
486,16.199999999999964,track,1,319.324154209284,240.72501966955153,319.27305537197026,240.5786169778803,1,0.15506398454637502,0.9291103805859843,-0.028973602966957855,0.22168520783759638,18.476554001608747,30.0
487,16.2333333333333,track,1,319.3035105315948,240.43329989969908,319.36825814578606,240.56145277713017,1,0.1435806865052911,0.8451786741943097,-0.03199356909093102,0.18391778393433855,16.530989001694252,30.0
488,16.266666666666634,track,1,319.6450787401575,240.94074803149607,319.4756838860019,240.74551062078012,1,0.2584806823680715,0.9114238712553263,0.002458733528319805,0.23077391337109637,14.834753001196077,30.0
489,16.29999999999997,track,1,319.69663091101376,240.8570781084756,319.3954811949493,240.67945194710978,1,0.3496315270213211,0.9094492476720205,0.003038182229488662,0.22739766723209615,14.622438999140286,30.0
490,16.333333333333304,track,1,319.69788259597175,240.64090204854534,319.30830603896266,240.63116981769622,1,0.3896981012121559,0.9363844693854171,0.003742746643005547,0.21679392364670805,13.50760900095338,30.0
491,16.36666666666664,track,1,319.49694197663274,240.92127656096574,319.2134919228138,240.63919794664935,1,0.3998903320469628,1.0134934486615672,-0.021843841428222394,0.23147932560880932,14.129608000075677,30.0
492,16.399999999999974,track,1,319.14849594142925,240.5710647779723,319.2512591581192,240.56864795481215,1,0.10279163262955965,0.9401985666934595,-0.04126646405517339,0.214101573182619,15.201105999949505,30.0
493,16.43333333333331,track,1,319.5793516957092,240.49053775529325,319.388734137322,240.5905103988639,1,0.21524307893171218,0.8499108694692006,0.0008545236789666757,0.18381671856278092,14.72133099923667,30.0
494,16.466666666666644,track,1,319.6906779661017,240.98463983050848,319.29768518974925,240.77361022676496,1,0.4460681740736076,1.0448535187541286,0.0015376087542689027,0.2329963920254321,15.650798999558901,30.0
495,16.49999999999998,track,1,319.1444145547218,240.84100240690924,319.1991154239304,240.694123694803,1,0.15673398215499143,1.059822536028178,-0.042645384227136,0.22666660825453736,15.219871000226703,30.0
496,16.533333333333314,track,1,319.5423565652676,240.87158259530227,319.3323115936023,240.64808831755886,1,0.3067060193506566,0.9304978642609418,-0.00033180451233134206,0.22902119633115917,15.436231000421685,30.0
497,16.56666666666665,track,1,319.2704257767549,240.65477560414269,319.23595969156054,240.58917452459946,1,0.07410406645969106,0.964823410452537,-0.03800482969460249,0.21850210097865833,14.38703499843541,30.0
498,16.599999999999984,track,1,319.6201292705448,240.69196675900275,319.3366560341617,240.58602904386385,1,0.302621670133443,0.8851300792912018,-0.001837127865572349,0.22047378612129673,14.357568999912473,30.0
499,16.63333333333332,track,1,319.4175518875633,240.7842784768753,319.24058454396663,240.57202146606664,1,0.27635209305719716,0.950747281091773,-0.031728410217208895,0.22546435542387452,14.244437999877846,30.0
500,16.666666666666654,track,1,319.3469098914924,240.65922314829376,319.3000609795995,240.53103816622706,1,0.13647787429831557,0.878587597379466,-0.03692300280742415,0.21936828882515347,13.4604209997633,30.0
501,16.69999999999999,track,1,319.4279296875,240.5166015625,319.3833708816844,240.52219496368298,1,0.04490849933482389,0.8080340646597294,-0.03444800141777382,0.21180903844428228,13.495973998942645,30.0
502,16.733333333333324,track,1,319.50033715441674,240.49275118004044,319.44961101135823,240.55328260394003,1,0.07897591321981963,0.7804163495473267,-0.005988018573330697,0.18411380968275753,13.214962000347441,30.0
503,16.76666666666666,track,1,319.42230623818523,240.85500945179584,319.36019610622316,240.7316800746421,1,0.13808621857909956,0.9719592348037435,-0.03560833522892757,0.22639152576949495,13.732659001107095,30.0
504,16.799999999999994,track,1,319.6529176962555,240.8070708990686,319.42488911195505,240.6841854439681,1,0.25903256616363923,0.893790946075009,-0.006726555260751117,0.22448824799887257,13.58930300011707,30.0
505,16.83333333333333,track,1,319.38299677583575,241.05362294247414,319.33168023787175,240.64641779109343,1,0.41042590364107867,0.9297888282256699,-0.0383082001529627,0.238034977865771,13.51529100065818,30.0
506,16.866666666666664,track,1,319.3195733754691,240.85700177760222,319.4030425174924,240.53596419193013,1,0.3317110626498183,0.802256723844144,-0.043147798044308294,0.22934005082172965,13.38948600096046,30.0
507,16.9,track,1,319.356426448737,240.53268945022288,319.4963531773458,240.47143393816668,1,0.15274726556118398,0.6898623631022625,-0.04300387641868324,0.21320795389267624,13.442605999443913,30.0
508,16.933333333333334,track,1,319.7119619565564,240.69857841674246,319.58503496679464,240.49247906235087,1,0.2420483518031496,0.6439965882185377,-0.01089868604490765,0.22153078672655252,13.080962999083567,30.0
509,16.96666666666667,track,1,319.5043672557384,240.5378834044282,319.4986293488719,240.46866040404439,1,0.06946040136181393,0.6863054015026318,-0.010126601114110553,0.21323018182311215,12.679494999247254,30.0
510,17.000000000000004,track,1,319.8694900605013,240.613779478948,319.4042478251829,240.48862343476048,1,0.48178249544863716,0.7705021186190513,-0.009146566826423886,0.21669031113038503,34.715977000814746,30.0
511,17.03333333333334,track,1,319.42745844875344,240.53341412742384,319.3007829812673,240.4896313810459,1,0.1340283661887762,0.8536060734263815,-0.03812110491888717,0.21215867487776302,12.761570998918614,30.0
512,17.066666666666674,track,1,319.59621668099743,240.57351676698195,319.3479942281126,240.51429414045901,1,0.2551895483918396,0.8304275943662676,-0.009202281762148733,0.2136106161869087,12.914133998492616,30.0
513,17.10000000000001,track,1,319.53035982009,240.73013493253373,319.23711870684724,240.53068645295207,1,0.35464072877107605,0.9293094096097777,-0.00822320871750287,0.22133055624511674,12.500648001150694,30.0
514,17.133333333333344,track,1,319.1032781492113,240.7143648614964,319.1171701953381,240.50536615133183,1,0.20945990021013672,1.0172430441695604,-0.054322346155671136,0.22063487270089638,12.570835999213159,30.0
515,17.16666666666668,track,1,319.1242985437255,240.350291055352,319.2392343028873,240.48320372694138,1,0.1757156993644426,0.9012492927228161,-0.055720730625511916,0.18326355488936702,12.088865001715021,30.0
516,17.200000000000014,track,1,319.49027237354085,240.58613371064735,319.3649088764971,240.6597897341419,1,0.14540019321880052,0.9157855799428134,-0.03900923983331778,0.21137220449439592,12.577423000038834,30.0
517,17.23333333333335,track,1,319.3457943925234,240.86496280755293,319.3976098203523,240.6858848579277,1,0.18642357845258242,0.9128592262066084,-0.04773836383400902,0.225551184021942,13.134294998963014,30.0
518,17.266666666666683,track,1,319.6374224776887,240.69475117228862,319.4730223616616,240.63576785635087,1,0.17466089919821962,0.8257761188589121,-0.01507617448998776,0.2173072076389432,13.052227999651222,30.0
519,17.30000000000002,track,1,319.45929389005323,240.96920844752538,319.37039482027444,240.6290150184725,1,0.35161714090511464,0.8899789749208761,-0.04255728043011401,0.2319104315522633,12.347976000455674,30.0
520,17.333333333333353,track,1,319.66851087701957,240.45443753666794,319.4104934714135,240.54376180695817,1,0.2730417676081517,0.8019942954613541,-0.015249951570953966,0.18235842083563983,12.867532999734976,30.0
521,17.36666666666669,track,1,319.50291223137174,240.90560353484636,319.30111540585244,240.7221566775968,1,0.27271726792488227,1.0049626574825674,-0.014295879581209576,0.2275151667641324,13.856993000445073,30.0
522,17.400000000000023,track,1,319.3196749654219,240.7527662517289,319.1828134459063,240.6590734730362,1,0.16585961625206447,1.0498436583851691,-0.04893773634618952,0.22051212233220985,12.172930999440723,30.0
523,17.43333333333336,track,1,319.1147000659196,240.89255108767304,319.2454347065602,240.63268496042133,1,0.29089852243736153,0.9847126693646242,-0.06124624449293882,0.22837934315320502,14.107222999882651,30.0
524,17.466666666666693,track,1,319.4400265076209,240.54887342611,319.3698701994049,240.5636702842355,1,0.07169975308807608,0.8454512138072678,-0.046580594255247125,0.21140706729688724,13.822203000017907,30.0
525,17.50000000000003,track,1,319.3893143365984,240.54853072128228,319.41225999317703,240.58449399334222,1,0.042659818249533764,0.8288977885562249,-0.05046414561881605,0.21112389455301792,13.876176000849227,30.0
526,17.533333333333363,track,1,319.4565626175254,240.84392628807822,319.471535452416,240.6061347786199,1,0.2382624346285709,0.8041605237175924,-0.04831909047962854,0.22637000640003146,12.268423999557854,30.0
527,17.5666666666667,track,1,319.6620459961786,240.61302377929275,319.51554634095646,240.54575703742967,1,0.16120472555444915,0.7297575567712055,-0.020932754003584984,0.21509614576620745,13.177191000067978,30.0
528,17.600000000000033,track,1,319.54131054131057,240.66365007541478,319.4096748660097,240.5447878793591,1,0.1773588809817346,0.8032917261600738,-0.01997107626907764,0.2177177647773859,13.775830999293248,30.0
529,17.63333333333337,track,1,319.3231320201856,240.36431710890446,319.2948549576711,240.52910534397733,1,0.1671967544029596,0.8815792623164589,-0.05440056162393672,0.1830439811259136,11.66474799902062,30.0
530,17.666666666666703,track,1,319.39505965383967,240.97697865904888,319.35984194499633,240.6976055179532,1,0.2815841596784838,0.946813494868361,-0.052074767937426415,0.23197113038644818,13.56628200119303,30.0
531,17.70000000000004,track,1,319.562114356232,240.74105306458247,319.4086101747546,240.60440403982716,1,0.20551518118528692,0.845604025985681,-0.02161033295896333,0.22090521262862475,13.195859000916244,30.0
532,17.733333333333373,track,1,319.5678988326848,240.81848249027237,319.2910894374302,240.56945122284287,1,0.37234394510826424,0.9093013147028385,-0.02059146241555479,0.22547618245795314,13.268806998894433,30.0
533,17.76666666666671,track,1,319.4182820220449,240.25256556442417,319.1643253297391,240.5093376308996,1,0.3611452556644815,0.9786608078216444,-0.049979821887370615,0.18324520179828888,12.127193998821895,30.0
534,17.800000000000043,track,1,319.48561736569224,240.81611197077717,319.19049237381796,240.67366097299418,1,0.32770573323968455,1.05314847167071,-0.04746535097093138,0.2236554005682409,12.750314999721013,30.0
535,17.83333333333338,track,1,319.3723622782446,240.95070028011204,319.19944481194943,240.6216556073905,1,0.3717133933508187,1.0135799442149207,-0.054222424066970434,0.23137619942599877,12.182439999378403,30.0
536,17.866666666666713,track,1,319.5524636653669,240.54129741226515,319.2406335921539,240.52765232448291,1,0.3121284719159339,0.9246914711931069,-0.02261784103164044,0.21110020401965598,11.563599000510294,30.0
537,17.90000000000005,track,1,319.1140059450953,240.75799965028853,319.1094659705898,240.5409546936569,1,0.2170924332346499,1.041961054035618,-0.06811810019786661,0.22217401202264941,16.075143999842112,30.0
538,17.933333333333383,track,1,319.1191843210003,240.5991752614141,319.21717057006344,240.49435110596164,1,0.14349009921169817,0.9258536236038015,-0.07026133769244677,0.21431263312815357,17.394479000358842,30.0
539,17.96666666666672,track,1,319.2739916550765,240.62726008344924,319.3325127815674,240.48881657681295,1,0.15030411430003837,0.8273335678781674,-0.06461819546501543,0.2156453935761692,17.0811620009772,30.0
540,18.000000000000053,track,1,319.74241264983425,240.52869166029075,319.41396812863627,240.47530305788268,1,0.3327553851886647,0.7545504297836594,-0.02841974479169204,0.21040037922467086,41.59673400135944,30.0
541,18.03333333333339,track,1,319.41488712629655,240.47264592231033,319.2985778903894,240.4888793859434,1,0.11743663695297507,0.8549830582245114,-0.058157367401178134,0.18223290243149468,16.30329199906555,30.0
542,18.066666666666723,track,1,319.27722022344255,240.59231206210944,319.3380040905797,240.65178607501025,1,0.08504020645949444,0.9290122021084848,-0.06654261118171606,0.21079712973861991,16.492757000378333,30.0
543,18.10000000000006,track,1,319.5277549342105,240.65275493421052,319.41837038374274,240.66144142749954,1,0.10972891618301224,0.8807938308822311,-0.030331475164417126,0.21364600190086797,16.156398000021,30.0
544,18.133333333333393,track,1,319.596326971552,240.78592005761612,319.3018324612617,240.6549814052314,1,0.32229171146562835,0.9573079720480728,-0.029276053611856645,0.22060448986911954,14.810720000241417,30.0
545,18.16666666666673,track,1,319.1747493013316,240.88426763110306,319.1758905592317,240.61047546852706,1,0.2737945411392233,1.0255908872629524,-0.07142021276363339,0.22636284728908987,15.206554000542383,30.0
546,18.200000000000063,track,1,319.58707037643205,240.66726677577742,319.2709455756383,240.53431173530703,1,0.34294596143326467,0.9038857141078221,-0.03007439028478546,0.21600695560317984,15.556301999822608,30.0
547,18.2333333333334,track,1,319.1541806020067,240.49147157190635,319.1417207845907,240.51242029964988,1,0.02437408960582919,0.9996088110340419,-0.07330305347224954,0.1812958834772977,15.805338000063784,30.0
548,18.266666666666733,track,1,319.2443790252676,240.71967679983007,319.23928332765604,240.67468290007332,1,0.0452815321016071,1.0168022773545582,-0.07059787424671767,0.21677241578488987,16.25286899979983,30.0
549,18.300000000000068,track,1,319.29813968668407,240.9061684073107,319.3186559718192,240.64675309989934,1,0.2602253248150094,0.9394249607962377,-0.06952203948955672,0.22696446438614537,14.700527000968577,30.0
550,18.333333333333403,track,1,319.1973113936299,240.7004631600844,319.38853185590096,240.5634689434653,1,0.23522899604055844,0.831498972637859,-0.07639921732795951,0.21733724715153016,15.177208000750397,30.0
551,18.366666666666738,track,1,319.50695379093764,240.58277254374158,319.49133039050025,240.53052065754082,1,0.054537604024789285,0.7349809111168596,-0.036273385909644094,0.21155600480589426,15.090060000147787,30.0
552,18.400000000000073,track,1,319.6785450516987,240.55742245199409,319.3763722447334,240.52738386291048,1,0.3036621841840425,0.8167284224252715,-0.03513690816504762,0.21014386463600382,15.31020900074509,30.0
553,18.433333333333408,track,1,319.4114433840965,240.50813235789744,319.2516040650369,240.5307441795169,1,0.16143079753999856,0.9174888879765181,-0.06468945395370145,0.2073236988925948,14.849522000076831,30.0
554,18.466666666666743,track,1,319.5071609098568,240.71171019376578,319.28070411208546,240.54809858678982,1,0.2793768766274397,0.904322196571424,-0.034690704555325275,0.21757343535012097,15.168947998972726,30.0
555,18.500000000000078,track,1,319.128008475856,240.89194208008473,319.14606898832653,240.50972846099398,1,0.38264008249155745,0.9944954884990507,-0.0791344558452768,0.22744411988435137,14.09658699958527,30.0
556,18.533333333333413,track,1,319.2649947386882,240.57032620133288,319.24472891578625,240.4176429454924,1,0.15402233666564052,0.8630527449518748,-0.07390737770762543,0.2116764478916694,15.36952599963115,30.0
557,18.566666666666748,track,1,319.5240705842042,240.65256124721603,319.31177639740804,240.40856748677584,1,0.32342197958887514,0.8003618671669592,-0.03689411657525339,0.21589175198871843,14.965439000661718,30.0
558,18.600000000000083,track,1,319.5136612021858,240.52088841882602,319.17768875860816,240.37591376942646,1,0.3659168372896483,0.9041609036912658,-0.03563574669674725,0.20911680340487854,16.164829999979702,30.0
559,18.633333333333418,track,1,319.1215413739111,240.3518431942943,319.0331624289181,240.37828404365405,1,0.09224942510899334,1.038206967101839,-0.08035677729825974,0.1814157717881071,15.825495998797123,30.0
560,18.666666666666753,track,1,319.12476722532585,240.73658371423736,319.1234245951566,240.52727166720206,1,0.20931635313533864,1.022936875574623,-0.08214655033581467,0.21766148090415188,15.609661999405944,30.0
561,18.700000000000088,track,1,319.14363778298207,240.55171740827478,319.2195123092829,240.4818149501923,1,0.10316635782728402,0.9172277152320115,-0.08321619678802467,0.2082769318348292,14.316022999992128,30.0
562,18.733333333333423,track,1,319.4178331735379,240.74745925215723,319.3175886964741,240.48526287624077,1,0.2807060646397116,0.8373561047949524,-0.07083414778309856,0.21823348896832936,14.880607001032331,30.0
563,18.766666666666758,track,1,319.49661114244657,240.64840544018486,319.345915222548,240.4344504982971,1,0.2616982564562964,0.7852223453042064,-0.06759336558577927,0.2134979437945696,14.810804999797256,30.0
564,18.800000000000093,track,1,319.5069287786014,240.38446664518207,319.35324919331447,240.4077233275716,1,0.1554293672692642,0.7645422930057213,-0.041781865470971805,0.17962192038595254,14.846776000922546,30.0
565,18.833333333333428,track,1,319.3350945968979,240.86466678029657,319.21921737058756,240.5604848932337,1,0.32550599379197237,0.9611268542369454,-0.07525666917641119,0.22267636932656648,14.584984999601147,30.0
566,18.866666666666763,track,1,319.49909850844125,240.5194230454024,319.26001733994303,240.48242700115293,1,0.2419266674440438,0.8833516562651544,-0.06762258021473108,0.2054407151982626,13.813203999234247,30.0
567,18.900000000000098,track,1,319.42422689219205,240.8788655390398,319.25640568014114,240.49508453938142,1,0.4188696872692203,0.8933315250571162,-0.07190237520676429,0.22401518659530492,13.40373299899511,30.0
568,18.933333333333433,track,1,319.39050370102905,240.43329120779924,319.2719271529911,240.40745785689114,1,0.12135798187072008,0.834333252180417,-0.07430187914390278,0.179007177187588,14.297537998572807,30.0
569,18.966666666666768,track,1,319.31075344888575,240.76565263530244,319.2965576279505,240.55864121664217,1,0.20749758742636984,0.898282349668558,-0.07925948130212657,0.21695366966296253,16.288025999529054,30.0
570,19.000000000000103,track,1,319.2389774522476,240.71966106563264,319.3439444249302,240.5061983209539,1,0.23787477529140377,0.8286408496548395,-0.08413908592110551,0.21516381896567413,38.072229999670526,30.0
571,19.033333333333438,track,1,319.2563505212043,240.54141799710223,319.4136757273891,240.46204405961134,1,0.17621419481385392,0.7464990727890042,-0.08465691175340977,0.20629165259250876,14.889282001604442,30.0
572,19.066666666666773,track,1,319.7455601092896,240.4918032786885,319.4824929263548,240.46393852305073,1,0.2645388201077907,0.6950198014757065,-0.04698906023884825,0.17776368648329008,14.282321000791853,30.0
573,19.100000000000108,track,1,319.1666666666667,240.9129113018598,319.34674332804366,240.61670039746923,1,0.3466532905549173,0.8983672187330651,-0.08926867671464644,0.2235166848276895,14.531703000102425,30.0
574,19.133333333333443,track,1,319.5705468798768,240.82443030272026,319.43281772126625,240.52415230762722,1,0.3303576780834238,0.7722896988181,-0.04719505090615942,0.22018152855477424,14.998779000961804,30.0
575,19.166666666666778,track,1,319.48125937031483,240.48238380809596,319.2908364807829,240.44808552770678,1,0.19348707681740576,0.8388644331050432,-0.07286214951064153,0.17801838500830014,16.019775999666308,30.0
576,19.200000000000113,track,1,319.44968152866244,240.54713375796177,319.2820878444379,240.59557045390397,1,0.17445273430287048,0.9327925968119558,-0.07484036688612235,0.2046045110503552,15.899465999609674,30.0
577,19.233333333333448,track,1,319.62406667824274,240.4990449730856,319.2802355273036,240.59993212713198,1,0.3583267757337005,0.9370055780629181,-0.04644914559791265,0.17581132576945321,14.608544999646256,30.0
578,19.266666666666783,track,1,319.0696723638554,241.02080837868758,319.1233136454023,240.75651470128378,1,0.26968228529441357,1.1579695408758932,-0.09374592734844173,0.22727807417618662,13.392543000009027,30.0
579,19.300000000000118,track,1,319.22151243093924,240.7919544198895,319.2149960443878,240.63725303844694,1,0.15483856339401006,1.0110997207677563,-0.08779927140034194,0.2170275258970764,14.597781000702525,30.0
580,19.333333333333453,track,1,319.5047657675928,240.68566213749747,319.2713222598177,240.57129391109038,1,0.25995376999354597,0.9259308731682698,-0.048542062527789726,0.21241707508598534,14.218881000488182,30.0
581,19.366666666666788,track,1,319.34413441344134,240.3024302430243,319.114640586497,240.52854467138445,1,0.3221725489829937,1.0311259674391358,-0.08155064549181704,0.17694816834854493,15.507636999245733,30.0
582,19.400000000000123,track,1,318.94476675613885,241.06115720779863,319.1303731983571,240.6735716382609,1,0.4297351802061399,1.0999770570357872,-0.10361999402507313,0.2305775247756276,15.861478999795509,30.0
583,19.433333333333458,track,1,319.6987680027763,240.53912892590665,319.2601821695873,240.53117197762504,1,0.4386580058542659,0.9107546826728975,-0.05087653488997521,0.20504889411750177,16.535097000087262,30.0
584,19.466666666666793,track,1,319.2223267481969,240.66713703355285,319.1050705574071,240.52350953897462,1,0.18541270581423563,1.0368032333172383,-0.09032328060938215,0.2116874653260917,16.044427999077016,30.0
585,19.500000000000128,track,1,319.4334287157044,240.69786231274196,319.156724192738,240.47901384645684,1,0.35278895139361277,0.9698290324643482,-0.080725898696034,0.21368046642219768,15.630627000064123,30.0
586,19.533333333333463,track,1,319.2789513391173,240.4688796680498,319.1535791734291,240.4224492239714,1,0.1336935528239058,0.9459870836787554,-0.08953798798754277,0.17757167007419178,14.877497000270523,30.0
587,19.566666666666798,track,1,319.18707102952914,240.68938547486033,319.1938241646028,240.55701322384698,1,0.13254439886945318,0.9798893861649772,-0.09566032524193588,0.21153764719670085,14.81409399821132,30.0
588,19.600000000000133,track,1,319.6731059868652,240.7080335046885,319.26311868084554,240.5089617029978,1,0.45576218944275415,0.8955646786453991,-0.054657500575537026,0.21284653988727198,15.461580000192043,30.0
589,19.633333333333468,track,1,319.07056171983356,240.64701803051318,319.1101334240625,240.4524537767461,1,0.19854764823468513,0.9982870043542307,-0.10201705518033219,0.2100737626606267,17.538113999762572,30.0
590,19.666666666666803,track,1,319.2651796778191,240.43308550185873,319.2061393558281,240.40924636606655,1,0.06367153222688536,0.8931390208157433,-0.09383949641954041,0.17637924079100264,17.584282999450807,30.0
591,19.700000000000138,track,1,318.87973237597913,240.75848563968668,319.2549435169103,240.54424347366603,1,0.43206840428351506,0.9226646853662677,-0.11551461102717082,0.2139556135546297,14.965320999181131,30.0
592,19.733333333333473,track,1,319.6486845994679,240.61203074194503,319.41576518386046,240.47732170944028,1,0.2690687228298498,0.7544311331676279,-0.059645597682666154,0.2068507465935017,16.08306299931428,30.0
593,19.766666666666808,track,1,319.6304942549699,240.55662958234544,319.2750407326648,240.44676908332326,1,0.37204372829613985,0.8515682903376967,-0.05825374928071596,0.20399427367020137,15.612204000717611,30.0
594,19.800000000000143,track,1,319.54511545293076,240.25204262877443,319.1233201411717,240.42991557544224,1,0.4577663925827433,0.9764194676895054,-0.05668477707832345,0.17460305177749116,15.033618999950704,30.0
595,19.833333333333478,track,1,319.0795532646048,240.8036082474227,318.95966388696525,240.56826794569042,1,0.2641183834764805,1.185422998841964,-0.10333114369088026,0.2145024918386141,15.512305999436649,30.0
596,19.866666666666813,track,1,318.85883768913345,240.58081155433288,319.04122562122143,240.49226411289555,1,0.20274616434454548,1.0777626205464181,-0.1167855184736706,0.20354274342171372,15.580032000798383,30.0
597,19.900000000000148,track,1,319.46777507939476,240.9022977769475,319.19098660459554,240.4731412155129,1,0.5106732947825405,0.9372114402635509,-0.08756177142064447,0.22045078441813604,16.56130400078837,30.0
598,19.933333333333483,track,1,319.1316693796347,240.3199493579309,319.18133544390366,240.3622591940334,1,0.06524446467703014,0.8952337008123358,-0.10569414864702434,0.17435002815718267,15.48438999998325,30.0
599,19.966666666666818,track,1,319.4144090487209,240.53945329662224,319.26484343137963,240.49565313544667,1,0.15584713025811073,0.8866381511438547,-0.0925646142897258,0.20045303964152866,15.992562999599613,30.0
600,20.000000000000153,track,1,319.56849759771455,240.57784703285287,319.2747857073948,240.48822446444683,1,0.30708122587174175,0.8742418989520214,-0.06244259116241135,0.2022325603133679,42.88830199948279,30.0
601,20.033333333333488,track,1,319.21759095725895,240.58177322500882,319.12054104001186,240.46968666921998,1,0.14826355731018606,0.9970223816677262,-0.10179129662897635,0.2023763861760108,16.050489000917878,30.0
602,20.066666666666823,track,1,319.268115942029,240.63997879109226,319.1726253958577,240.4487516772499,1,0.2137434290839542,0.9412368476712926,-0.10031125135368453,0.20542823498442858,18.814494998878217,30.0
603,20.100000000000158,track,1,319.55624888571936,240.4881440541986,319.21329089100004,240.40989827277326,1,0.35177064751447995,0.887089519837773,-0.06292091241460841,0.17215672167432858,16.304917999150348,30.0
604,20.133333333333493,track,1,318.92989352989355,240.79066339066338,319.0510214517574,240.54683931194586,1,0.27225384261291763,1.0952595665476264,-0.11734204256137054,0.21154166302345367,14.935888000763953,30.0
605,20.166666666666828,track,1,319.2147793726741,240.65319865319864,319.1754837782237,240.47206197981518,1,0.1853500423189609,0.95008921305282,-0.10467807501370563,0.2051948595120031,14.358275000631693,30.0
606,20.200000000000163,track,1,319.6085997794928,240.61797133406836,319.22889625337757,240.42945721070623,1,0.4239249254895663,0.8826293015092608,-0.06476923959627931,0.20375521712723804,14.816396000242094,30.0
607,20.233333333333498,track,1,319.14805496419586,240.34333268821365,319.0659585249148,240.39284179231163,1,0.09586958188715461,1.0132907534197637,-0.10773461377990429,0.1716449715394586,14.800212000409374,30.0
608,20.266666666666833,track,1,319.21349785006544,240.5404748551131,319.1286720259659,240.5257806075124,1,0.08608914767098753,1.0176726809590935,-0.10572787853277929,0.19791501531966504,15.436793000844773,30.0
609,20.300000000000168,track,1,319.29358786077825,240.61270646345298,319.17719119368485,240.51690046437216,1,0.15075468009427095,0.9716997590912102,-0.10273571769936798,0.20161215173673422,15.662519999750657,30.0
610,20.333333333333503,track,1,319.3430287108275,240.57027584912743,319.2062661511934,240.4865785725426,1,0.16034098610583486,0.9310059774238502,-0.10103356576391435,0.1995988435799797,15.728480999314343,30.0
611,20.366666666666838,track,1,319.37561152382676,240.67312919007065,319.22278271092955,240.46525902595158,1,0.2580051378993468,0.9058325869935534,-0.09998973139297211,0.2051052622049543,15.887887000644696,30.0
612,20.400000000000173,track,1,319.62633125229524,240.40268086669116,319.230257703555,240.41282502391118,1,0.39620343251589224,0.8734573276947483,-0.06772791051084938,0.17033375828205688,15.094672999111935,30.0
613,20.433333333333508,track,1,319.21679738781563,240.90496592995186,319.06220104326735,240.5440805815681,1,0.39260446307417235,1.0842004254234192,-0.10690878606045173,0.2158670000957063,15.076636000230792,30.0
614,20.466666666666843,track,1,319.1468174357104,240.59420025533467,319.0996463251654,240.43072216942437,1,0.17014757783448398,0.9980773151523954,-0.1116123076599764,0.20099558563218486,16.00372699977015,30.0
615,20.500000000000178,track,1,319.20734557595995,240.64808013355594,319.15872024745363,240.3948964217218,1,0.2578108114693025,0.929351820320572,-0.109817285367725,0.2041528110633558,15.675594000640558,30.0
616,20.533333333333513,track,1,319.2962904498816,240.7344909234412,319.2047698670558,240.3404390795797,1,0.40454032275091667,0.8650374160968569,-0.10633793283464997,0.20925436254444083,14.834418001555605,30.0
617,20.566666666666848,track,1,319.42275810097965,240.29992464204975,319.2288180853775,240.2569689112138,1,0.19864018843983736,0.8128681115477646,-0.10052591238680174,0.17159265494748574,14.719726999828708,30.0
618,20.600000000000183,track,1,319.4490154711674,240.68547819971872,319.2184300411718,240.3725451589048,1,0.38871162647814467,0.8658183966433751,-0.09943666528247351,0.2056269960307729,15.070646000822308,30.0
619,20.633333333333518,track,1,319.3994452149792,240.5795522092332,319.1987999314465,240.3047774437348,1,0.34023477417605785,0.8572110825576426,-0.10218122787331507,0.20065499454859526,15.156538000155706,30.0
620,20.666666666666853,track,1,319.44816396242527,240.3393680614859,319.19038085189186,240.26168816040172,1,0.2692327972382462,0.8508606573803883,-0.0999146909751938,0.17047314597882463,14.580194998416118,30.0
621,20.700000000000188,track,1,319.36451612903227,240.52751423149905,319.16645308728994,240.3777184148189,1,0.2483299321449152,0.915134775091505,-0.10439547912658827,0.19611746283375187,16.00863100065908,30.0
622,20.733333333333523,track,1,319.31755349365653,240.3380041658777,319.16300855796794,240.35511726672894,1,0.1554895345923182,0.9092100676762973,-0.10727984739155344,0.16833305128520112,14.152423000268755,30.0
623,20.766666666666858,track,1,319.2142618570474,240.45791583166334,319.17153924919626,240.47882656364231,1,0.04756553304126082,0.9568814418055188,-0.11334975340536765,0.16626680759399984,15.057376000186196,30.0
624,20.800000000000193,track,1,319.30915056507473,240.7183740430186,319.20904095816877,240.61167139382405,1,0.146312640397199,0.9998790426232748,-0.10943904007757457,0.20182916539176796,13.750678999713273,30.0
625,20.833333333333528,track,1,319.25216666666665,240.61666666666667,319.2222900153947,240.55295455377427,1,0.07036936563902746,0.9542492120481151,-0.11318235101723162,0.1971069931066736,13.779556000372395,30.0
626,20.866666666666863,track,1,319.451500238133,240.38053659311,319.2521142216922,240.517515562776,1,0.2419049848244087,0.9094808932080151,-0.1036562297826156,0.16508467296201912,15.772193000884727,30.0
627,20.900000000000198,track,1,319.30136761000136,240.6208240633912,319.22774964784867,240.65094392277524,1,0.07954124892676423,1.0099993054432634,-0.11171719848385123,0.19567302047682544,14.162600999043207,30.0
628,20.933333333333533,track,1,319.242194092827,240.60489451476792,319.2430005201577,240.61930480759952,1,0.01443283979444549,0.9780524818216049,-0.11557991497496989,0.19518691420916606,14.449067999521503,30.0
629,20.966666666666868,track,1,319.4306165298721,240.71483107463257,319.275482610984,240.58831739353946,1,0.20018052925625326,0.9332967387319109,-0.10665554920870443,0.2013452100713022,14.916740999979083,30.0
630,21.000000000000203,track,1,319.3167366526695,240.78344331133772,319.25700463655016,240.52253364692024,1,0.2676597966376744,0.9083410825629971,-0.11288049792905425,0.20584863297417685,32.964558000458055,30.0
631,21.033333333333537,track,1,319.30941237649506,240.38880221875542,319.2683694664181,240.43076835622946,1,0.05869989064790174,0.8490256853581988,-0.11393348989221086,0.16596541612394516,14.560218000042369,30.0
632,21.066666666666872,track,1,319.45111653218237,240.59016701069618,319.2819998941495,240.54973908800548,1,0.17388172472292154,0.9042882377220198,-0.1071742128534772,0.1951502791078185,13.957805000245571,30.0
633,21.100000000000207,track,1,319.2811140121845,240.73223092544242,319.2562370852261,240.51107159292428,1,0.22255406501514333,0.902428637891754,-0.11623922913103654,0.20302211879160165,14.116170001216233,30.0
634,21.133333333333542,track,1,319.51742015761096,240.5790128577354,319.2754839079796,240.4284241937753,1,0.28497384897384753,0.841707109040027,-0.07934931037607737,0.19596476269912066,13.685249999980442,30.0
635,21.166666666666877,track,1,319.08447204968945,240.46796805678792,319.09465404996126,240.38140815540578,1,0.08715669599532712,0.9824069779177981,-0.12550311903741096,0.1660523494265724,13.36542900025961,30.0
636,21.200000000000212,track,1,319.2156159555941,240.64190635547627,319.1566541021202,240.49190602579347,1,0.16117257542777697,0.9763215872255223,-0.12016710609729483,0.19795116985350122,14.180349000525894,30.0
637,21.233333333333547,track,1,319.24519522003294,240.72105655149414,319.18687843090834,240.43024682399232,1,0.2965993012525288,0.9199342453010253,-0.11972910572130357,0.2027032981148749,13.887952000004589,30.0
638,21.266666666666882,track,1,319.36315044804275,240.46942304669076,319.21145655518217,240.3412018628901,1,0.19862454306162583,0.8591969946437493,-0.11454247538709873,0.16586554024259373,13.896698999815271,30.0
639,21.300000000000217,track,1,319.2465036821255,240.54922961155518,319.20506927045994,240.44657284588516,1,0.11070330621936389,0.9117796726452361,-0.12121908935028637,0.1928826460284532,14.197145999787608,30.0
640,21.333333333333552,track,1,319.3859643642572,240.562466681138,319.2309940716598,240.40578950028612,1,0.22037134702001926,0.8695028673701212,-0.11486312141138284,0.1937705062742884,13.897392000217224,30.0
641,21.366666666666887,track,1,319.35928143712573,240.5729186787715,319.2197307505976,240.3581968253825,1,0.25608566620035494,0.8585598798436216,-0.11666790275403947,0.19457345735009068,13.497449999704259,30.0
642,21.400000000000222,track,1,319.10815363881403,240.3344002695418,319.2148102352867,240.30423671620156,1,0.11083983724833717,0.8420706301110795,-0.13035539750416508,0.16482852764896183,14.532117000271683,30.0
643,21.433333333333557,track,1,319.5732567678425,240.48383921246923,319.2796139655534,240.4068202728422,1,0.30357538173818566,0.8273202360761672,-0.08498791805996513,0.1629874414311788,15.102478999324376,30.0
644,21.466666666666892,track,1,319.2088748607501,240.42554771630154,319.09918908374425,240.5171160893026,1,0.14288364710992646,1.038686361064363,-0.12451913207038964,0.16106846009736062,15.102874000149313,30.0
645,21.500000000000227,track,1,319.5050916496945,240.89222674813306,319.1263356626523,240.63552872218725,1,0.4575477835645094,1.0803638882701205,-0.0839646082187855,0.20597999238154635,15.194863999568042,30.0
646,21.533333333333562,track,1,319.0993702410271,240.4722498594782,318.9339368442902,240.51228457171737,1,0.17020865706531146,1.182762078518578,-0.12920139913185613,0.1607004623232214,15.064043000165839,30.0
647,21.566666666666897,track,1,318.88774652428276,240.96022936620898,318.97955342084106,240.62839180022047,1,0.34430317520586845,1.1984103952743033,-0.14174391223162874,0.20936814920752006,14.320526001029066,30.0
648,21.600000000000232,track,1,319.4642857142857,240.6430566640064,319.08882306015585,240.48278777094174,1,0.4082380711428326,1.0311776992713968,-0.11375423244244467,0.1946274622550743,14.144396000119741,30.0
649,21.633333333333567,track,1,319.0668121537687,240.51670303844216,319.04558125235235,240.41363968850783,1,0.10522739792771144,1.0401985088290424,-0.1347671201565911,0.18874060049479063,14.64172700070776,30.0
650,21.666666666666902,track,1,319.24492926538267,240.39543207772286,319.11118224556435,240.37371638673744,1,0.13549847432814507,0.9641892647795451,-0.1270467616395814,0.16189111453744479,14.08235000053537,30.0
651,21.700000000000237,track,1,319.3301868982443,240.59826316783085,319.13238931718547,240.47480778698855,1,0.2331632778368698,0.9890352529201664,-0.1235190159203837,0.19150966768132605,13.759956000285456,30.0
652,21.733333333333572,track,1,319.1325282308658,240.73415934755332,319.13157036186,240.41574029727894,1,0.3184204910031155,0.9628136014730896,-0.13449820915728583,0.1990885096389598,14.751559001524583,30.0
653,21.766666666666907,track,1,319.393954248366,240.66813725490198,319.1861030494251,240.31404835153012,1,0.41058625450963454,0.8723844412034526,-0.12205908094208809,0.19664294454077608,13.875680000637658,30.0
654,21.800000000000242,track,1,319.27220630372494,240.1510665393187,319.1710970298086,240.22318478612192,1,0.12419390803843798,0.8584238945581609,-0.1287062161375587,0.16229066225368916,13.647698000568198,30.0
655,21.833333333333577,track,1,319.2144707024927,240.41210747814827,319.1883531077249,240.31330811608564,1,0.1021931636678273,0.8700187660878312,-0.13242145522880924,0.16045633912949214,16.260594999039313,30.0
656,21.866666666666912,track,1,319.1142857142857,240.25164835164836,319.22224193924535,240.41097860730065,1,0.19245954607076182,0.8796652867583297,-0.13858886341451904,0.15849246987096294,14.21700500031875,30.0
657,21.900000000000247,track,1,319.2876140820837,240.58505376337206,319.285849230188,240.51687657874163,1,0.0682000235069264,0.8815740012470631,-0.13077283864729303,0.1871495920580602,15.179563999481616,30.0
658,21.933333333333582,track,1,319.29755749688,240.5883401675878,319.3046041773889,240.46767950725098,1,0.12086625111714559,0.8380330969642378,-0.13084224310557319,0.18752421516688011,14.996679999967455,30.0
659,21.966666666666917,track,1,319.46659578238524,240.699096225412,319.32056994449135,240.41421684421084,1,0.3201246744100969,0.7957391496944655,-0.12244962505936739,0.1936605453080633,15.673554000386503,30.0
660,22.000000000000252,track,1,319.51733027785735,240.42695502721284,319.28862332101403,240.32574896694223,1,0.2500990578631467,0.7824124033200383,-0.09429435858284528,0.1578474664602393,41.3281890014332,30.0
661,22.033333333333587,track,1,319.1323245501273,240.59906768460957,319.1033711265586,240.4259955635248,1,0.1754772345152765,0.992680994494997,-0.13754927589898636,0.18750429185385437,14.680525999210658,30.0
662,22.066666666666922,track,1,319.09547970479707,240.54228167281673,319.14567532084993,240.36577334357253,1,0.18350692129591495,0.9293335226241937,-0.14048903838198373,0.18498379295052716,15.024398000605288,30.0
663,22.100000000000257,track,1,319.4587953251423,240.61627210068923,319.20052942579287,240.31668426111582,1,0.395542852782151,0.8599082045553242,-0.12259232310826011,0.18916884199029524,14.603510999222635,30.0
664,22.133333333333592,track,1,319.0948289836278,240.55260171826876,319.1568132757968,240.24295497723278,1,0.31578973496600016,0.8774912950193123,-0.14155401304698376,0.18644837305132816,14.413231998332776,30.0
665,22.166666666666927,track,1,319.0714959145192,240.39644877435575,319.21111278245326,240.181404530362,1,0.2563920760994182,0.8094755373972071,-0.1440557329167869,0.15788871622224546,14.843820999885793,30.0
666,22.200000000000262,track,1,319.56125916651763,240.2382400286174,319.2756492237788,240.2698315576945,1,0.287351812419357,0.7729767891340905,-0.0967577668612542,0.1561760223934771,14.363713999046013,30.0
667,22.233333333333597,track,1,319.1456136860951,240.6156753530933,319.08483209439555,240.3650419176813,1,0.25789827613993427,0.9852856931433042,-0.13943326330105912,0.18667727766823855,14.461187998676905,30.0
668,22.266666666666932,track,1,319.08657630083076,240.17555749890687,319.11852771492227,240.2952175690109,1,0.12385243332187316,0.9295949668607661,-0.14355940461204708,0.15481577770670696,14.790412000365905,30.0
669,22.300000000000267,track,1,319.2527490836388,240.4993335554815,319.1711474129802,240.39294958642245,1,0.13407602890536685,0.9172818478957291,-0.1361187183182861,0.15305488609983767,14.917164999133092,30.0
670,22.333333333333602,track,1,319.2750642673522,240.53830334190232,319.1810093638974,240.49769113185425,1,0.102448408815785,0.9583538619686112,-0.1355936506726201,0.17948978768424745,14.308474999779719,30.0
671,22.366666666666937,track,1,319.3383608940578,240.51044884608396,319.1850048238405,240.4590544079142,1,0.16173890239299465,0.9353865973963731,-0.1327831029964844,0.1782718003542546,15.133061000597081,30.0
672,22.400000000000272,track,1,319.6663157894737,240.82140350877194,319.17095255675804,240.42451128168773,1,0.6347504803041579,0.9314126322023933,-0.09826254336544038,0.19489156214525025,15.230912998958956,30.0
673,22.433333333333607,track,1,319.08318352672006,240.4861905540121,318.9697405236477,240.29891691076318,1,0.2189537220551287,1.0727468984592257,-0.14399909190499458,0.1534269453698111,15.222238000205834,30.0
674,22.466666666666942,track,1,319.18845412821054,240.62755815245777,319.0094146934,240.39204449386716,1,0.2958408399798911,1.0653441391509915,-0.13955068760424255,0.18490962087244422,15.333631999965291,30.0
675,22.500000000000277,track,1,318.82730923694777,240.36221074775293,319.02233007664813,240.3148316788088,1,0.20069355767300498,1.0271112232900619,-0.15936552562530876,0.15287096987885265,15.668592999645625,30.0
676,22.533333333333612,track,1,319.2577829023225,240.80612749135233,319.1378987586004,240.40604877388932,1,0.4176543883198488,0.9529397447896585,-0.13905923553073668,0.1937000057898218,15.000925001004362,30.0
677,22.566666666666947,track,1,319.1584545596746,240.60613170655404,319.1421495490854,240.27705804308403,1,0.32947735788653226,0.9014813117153078,-0.14497055523812793,0.18477025362524352,15.415666999615496,30.0
678,22.600000000000282,track,1,319.47364217252397,240.39201277955272,319.17491789368864,240.19322964418325,1,0.3588187978255873,0.8474067367836822,-0.12942839659852495,0.15387185285944135,19.267476998720667,30.0
679,22.633333333333617,track,1,319.11494252873564,240.36576917020943,319.12179346797416,240.27171968514745,1,0.09429867978330765,0.9192814042443609,-0.1480378549004553,0.15245672707870953,16.676066999934847,30.0
680,22.666666666666952,track,1,319.46709930576515,240.57696951403562,319.1649264890582,240.355274042289,1,0.3747763244250759,0.9075061508337323,-0.13058753236255063,0.18119877515289212,15.226012001221534,30.0
681,22.700000000000287,track,1,319.3155004068348,240.14422294548413,319.1120064191448,240.28304449220263,1,0.24633559397558696,0.9320122232064899,-0.13820929896836157,0.15144024981730014,15.163852000114275,30.0
682,22.733333333333622,track,1,319.3188745369761,240.17186020724841,319.0967593935138,240.36702415792843,1,0.29567567468479716,0.9749617047395199,-0.1382210953078591,0.14970393780830638,14.43224799913878,30.0
683,22.766666666666957,track,1,319.42760768033213,240.58380902957964,319.0786072636631,240.45775132772337,1,0.37106850450075846,1.0288347061636676,-0.13265940525867054,0.17854818883680784,16.191855000215583,30.0
684,22.800000000000292,track,1,319.2073918374496,240.50236468733578,319.0278331614147,240.39211978597154,1,0.21070181873020827,1.0482682331327557,-0.1439624025850944,0.17472701722293962,15.432838999913656,30.0
685,22.833333333333627,track,1,319.1441409058232,240.62652767792954,319.0343905115526,240.3443352687143,1,0.302783263839416,1.0251675284850756,-0.14788187676101489,0.18148895297518333,14.617449000070337,30.0
686,22.866666666666962,track,1,319.2928641068933,240.35499107912204,319.05890898217854,240.25794471342033,1,0.25328442012137337,0.9758010960260979,-0.14094688756169804,0.149422534679901,15.056774000186124,30.0
687,22.900000000000297,track,1,319.2353897005914,240.69605573775985,319.0435065928932,240.34002288001352,1,0.4044484179903865,1.0151330931318547,-0.14429768127764706,0.1844384208496226,14.912554001057288,30.0
688,22.933333333333632,track,1,318.95684917565643,240.15082434357828,319.0430493761162,240.2327877113737,1,0.11894733380648054,0.9848576623645802,-0.1595575167701184,0.1489489874205099,13.650872999278363,30.0
689,22.966666666666967,track,1,319.35613502411144,240.16610108948026,319.1210607773678,240.3122578405214,1,0.27680624515532093,0.9327588734760869,-0.14030983953924792,0.14734347736463754,13.89041899892618,30.0
690,23.000000000000302,track,1,319.4630056323605,240.4420122887865,319.09350931724975,240.3977092998673,1,0.3721428243397637,0.9898979973279799,-0.13486388905612817,0.1457428469700286,38.19893799845886,30.0
691,23.033333333333637,track,1,319.2193386354123,240.53725408120553,319.034012825859,240.48910638363418,1,0.19147808351875553,1.0827540233666204,-0.1473591992022491,0.17229245157650924,13.381314998696325,30.0
692,23.066666666666972,track,1,319.0317962377227,240.46995172298983,319.0382666795508,240.4363048530222,1,0.034263369304119495,1.0560742892585402,-0.15787530489236254,0.14461415262676927,14.246021999497316,30.0
693,23.100000000000307,track,1,319.16388443017655,240.43097913322632,319.0957238063495,240.52851057043426,1,0.11898845273530191,1.0473962275394129,-0.15236243783945197,0.1431876726006052,13.624172999698203,30.0
694,23.133333333333642,track,1,319.3021148036254,240.6829571707837,319.12090506877917,240.62570424071737,1,0.1900391170370425,1.079033685734538,-0.14601709080720116,0.1775971544019745,15.903973999229493,30.0
695,23.166666666666977,track,1,319.14295862191443,240.68478067838748,319.10937932270167,240.53675116900922,1,0.15179033230871108,1.039859129047825,-0.15475427040730028,0.17892878272896703,16.270022999378853,30.0
696,23.200000000000312,track,1,319.22957746478875,240.43158953722335,319.14159549107694,240.43805703793942,1,0.08821936444872634,0.9637179408040986,-0.15116702186908684,0.1443860470555753,16.025716000513057,30.0
697,23.233333333333647,track,1,319.5263262863981,240.784802552852,319.1518321031581,240.5209422822677,1,0.4581136711269694,0.9953741219699825,-0.1113568147286172,0.18441971212988156,15.465608001250075,30.0
698,23.266666666666982,track,1,319.14783526927135,240.261703625484,318.9469088906974,240.38765662085643,1,0.23714039438724951,1.1221758062737037,-0.15369314725134997,0.14499830557051652,14.624800000092364,30.0
699,23.300000000000317,track,1,318.8868292682927,240.38478048780487,318.96494960773725,240.46195098813791,1,0.10980925988544063,1.1334584376874441,-0.16823349377997854,0.14380813873015705,13.341452000531717,30.0
700,23.333333333333652,track,1,319.1864289423576,240.7320408516531,319.05771790292397,240.53991602096698,1,0.23125415074817277,1.0860040792588324,-0.1544090641075243,0.18093849019157426,14.270739000494359,30.0
701,23.366666666666987,track,1,319.1709155058967,240.3607641730754,319.0739439084766,240.41716623350135,1,0.11218147407879084,1.015680831275877,-0.15602915745860652,0.14403034364305792,14.481665999483084,30.0
702,23.400000000000322,track,1,319.2521453350374,240.63903596859595,319.09600738372365,240.48856425674103,1,0.21684279077021332,1.0275688216596897,-0.15258830942584323,0.1763210135610051,15.321971999583184,30.0
703,23.433333333333657,track,1,319.2695821185617,240.49368318756075,319.09692564229886,240.38504040776502,1,0.20399390284329733,0.9817328613982443,-0.152139120477791,0.14399266387400014,13.81505200151878,30.0
704,23.466666666666992,track,1,319.2694870186002,240.65539986244255,319.0926632313799,240.45122015942002,1,0.2701036890775552,1.013340833065059,-0.15249476613081156,0.17716130775696387,14.691483000206063,30.0
705,23.500000000000327,track,1,319.12729053380485,240.63293770523134,319.08752166517525,240.33777694444552,1,0.2978278657542686,0.9729902238581387,-0.1603024853358399,0.17720661211239705,14.120531001026393,30.0
706,23.533333333333662,track,1,318.9692936928986,240.2525825829457,319.1212544298096,240.2213593356962,1,0.15513528525561127,0.906197402682839,-0.16952903079053663,0.14512580590807345,13.917836000473471,30.0
707,23.566666666666997,track,1,319.242303009219,240.3938076187163,319.20143772320444,240.27329738189565,1,0.12725049618614045,0.8440338671356323,-0.15673513880739506,0.14384962348566782,17.530831000840408,30.0
708,23.600000000000332,track,1,319.40235556262934,240.62613401241447,319.210638367588,240.32929057907768,1,0.35337162702981073,0.8552918052883861,-0.14876648253939498,0.17532888593787008,14.970755999456742,30.0
709,23.633333333333667,track,1,319.4744897959184,240.37062682215742,319.1746001392121,240.21463407468514,1,0.33803482581438915,0.8528497618013667,-0.14468577493888948,0.14345685494984675,14.371145000040997,30.0
710,23.666666666667002,track,1,319.154861343134,240.22018042098227,319.11406798051075,240.26719231784182,1,0.062243207504449026,0.9253471120990098,-0.16085198954280175,0.14201750903211652,13.914903000113554,30.0
711,23.700000000000337,track,1,319.3150684931507,240.4206392694064,319.13703472311704,240.32464856972,1,0.20226279365884609,0.9220118019455787,-0.1530097826612359,0.14054445011243397,13.327644001037697,30.0
712,23.733333333333672,track,1,319.34135014098524,240.69364737103996,319.1154647292169,240.38717357875066,1,0.3807235277861497,0.9655599542969402,-0.15158477497320988,0.1754186954389294,14.056797999728587,30.0
713,23.766666666667007,track,1,319.29898874260635,240.5720282388857,319.0835923680804,240.26090603234593,1,0.3784080146628747,0.952824698228878,-0.15364211457959576,0.1701627316144524,14.209753000614,30.0
714,23.80000000000034,track,1,319.04330294530155,240.17689340813465,319.0599994955412,240.1598647204446,1,0.02384850088266462,0.9534976021079542,-0.16711667308254918,0.14083837736531218,13.930963999882806,30.0
715,23.833333333333677,track,1,319.4404898584003,240.17699961729812,319.1055873125665,240.2124054309495,1,0.33676889233758756,0.9192878344342627,-0.14728860237432292,0.13933294823164738,14.299638000011328,30.0
716,23.86666666666701,track,1,318.82083599234204,240.40172303765155,319.04275119336717,240.27015163348983,1,0.25798719123070535,0.9946392224707448,-0.17941317746051094,0.13781619434420322,14.553725999576272,30.0
717,23.900000000000347,track,1,319.1573918873617,240.60459269192089,319.1485813418967,240.3331548283686,1,0.27158081574591475,0.9142788803377846,-0.16373888816666327,0.1680256919273699,16.09392700083845,30.0
718,23.93333333333368,track,1,319.27386172006743,240.42360876897135,319.1681599374549,240.23219947416374,1,0.2186558597115883,0.8636402523371333,-0.158366676378695,0.13716803011688722,15.297043999453308,30.0
719,23.966666666667017,track,1,319.0501419110691,240.55572374645223,319.15644087890246,240.29296825229676,1,0.2834429753430572,0.8929850993385471,-0.17041371157542995,0.1649407918694491,15.752052000607364,30.0
720,24.00000000000035,track,1,319.2916077322018,240.17503536067892,319.20633633171974,240.20275676675556,1,0.0896643078099347,0.8191534195822205,-0.15887193191809995,0.1364693147486139,39.08224700171559,30.0
721,24.033333333333687,track,1,319.09377593360995,240.36846473029044,319.1920488275389,240.26152551962014,1,0.14523620919025576,0.8492235833359052,-0.16949337208243853,0.13512292923741487,14.264835999711067,30.0
722,24.06666666666702,track,1,319.2731914893617,240.41157446808512,319.2317917787834,240.32459861559028,1,0.09632619038023899,0.8339713018970552,-0.16103380382991173,0.1337787516340218,14.264172999901348,30.0
723,24.100000000000357,track,1,319.22254559565386,240.5102832751261,319.22380940968424,240.39195557106996,1,0.11833445302660042,0.8695406846074025,-0.163952025134607,0.15916958544574078,14.441944998907275,30.0
724,24.13333333333369,track,1,319.15682281059065,240.4809650634498,319.22879289597495,240.3210009824786,1,0.17540866680747655,0.8353454543187144,-0.1678357859042784,0.13306283217869444,13.42885399935767,30.0
725,24.166666666667027,track,1,319.29175010012017,240.48217861433722,319.25190144176236,240.38638000369042,1,0.1037559124810435,0.8419863182315074,-0.16141073065302117,0.1319059284828829,14.164074000291293,30.0
726,24.20000000000036,track,1,319.2872838616715,240.4432636887608,319.23816438398944,240.4550181586951,1,0.05050634268280827,0.8873753605799946,-0.16174722841537753,0.13076027839931534,13.682382999832043,30.0
727,24.233333333333697,track,1,319.5000879025746,240.53416748214732,319.22365305643393,240.5268468489421,1,0.2765317627892599,0.9382335418351927,-0.1244528158169171,0.15760430103416967,13.660094000442768,30.0
728,24.26666666666703,track,1,319.2475482442265,240.539069914584,319.0076790167534,240.45257927308603,1,0.25498603364746714,1.0906552765280966,-0.1612515171753762,0.15872524570744906,13.463606001096196,30.0
729,24.300000000000367,track,1,319.26702508960574,240.61433691756272,318.9854153140693,240.3693966659455,1,0.3732288742045428,1.079738848859626,-0.16030541608168572,0.163644230947291,13.944627000455512,30.0
730,24.3333333333337,track,1,318.7876797998749,240.30534709193245,318.9555661383142,240.2570343294833,1,0.17469958686277243,1.0755969216991985,-0.18557446848686598,0.13273793776100218,14.943340000172611,30.0
731,24.366666666667037,track,1,319.17022731157067,240.46197231242522,319.0579554727108,240.30655196634802,1,0.1917301483224198,0.9906674515029869,-0.16750972645394518,0.13179455802683057,14.686165999592049,30.0
732,24.40000000000037,track,1,319.1299367413233,240.11591725081212,319.0614796062596,240.35813895532192,1,0.25170962134326313,1.0045317520047568,-0.17027013590316256,0.13068129278303536,13.633536000270396,30.0
733,24.433333333333707,track,1,319.19603924418607,240.29487645348837,319.07721590086817,240.41269296922746,1,0.16733116355940233,1.0108639772295416,-0.1675990960533037,0.12949428492726978,14.26262799941469,30.0
734,24.46666666666704,track,1,318.9665098777046,240.48278457196614,319.0762065421666,240.47059895176972,1,0.11037140722875306,1.0367534548496058,-0.18026255583388,0.12835814692769779,14.389570000275853,30.0
735,24.500000000000377,track,1,319.46115992970124,240.45746924428823,319.1402454711879,240.53157727992266,1,0.3293601230090163,1.010817616755327,-0.15571093144258677,0.1272510515801521,13.105467000059434,30.0
736,24.53333333333371,track,1,318.9911159883456,240.70898077206792,319.07086220968836,240.5954647756032,1,0.13872757934825036,1.1035738907610024,-0.1799235570302652,0.16332826288063368,13.51583900031983,30.0
737,24.566666666667047,track,1,319.07572958995195,240.44735869966752,319.12814275578603,240.46393688603257,1,0.054972504180775615,0.9876094817841599,-0.17679407373266853,0.12778619896717497,13.649919999807025,30.0
738,24.60000000000038,track,1,319.45217557983517,240.70289438374544,319.16627255443655,240.51895486173498,1,0.33996218567588354,0.9820466394240844,-0.15795975438499277,0.16373414231263148,13.46470099997532,30.0
739,24.633333333333717,track,1,319.2003219459846,240.60454301556072,319.1015025330512,240.37923048017728,1,0.24603051634588363,0.9752504576819861,-0.17064047268831278,0.16030208476701005,13.687361000847886,30.0
740,24.66666666666705,track,1,319.40215767634857,240.277510373444,319.1019229726712,240.25478226251607,1,0.3010937467277859,0.933518263510956,-0.1603885638308627,0.13000318156089166,14.416878000702127,30.0
741,24.700000000000387,track,1,319.2468102073365,240.56000797448166,319.0452366357863,240.28889193565556,1,0.337839919571791,0.997512722791787,-0.16809181683886643,0.1584841309582389,13.333139999303967,30.0
742,24.73333333333372,track,1,319.26553867403317,240.125,319.02721452002515,240.1680588694967,1,0.24218271743864725,0.9871957119367955,-0.16721901705761213,0.13019521455147748,16.099607000796823,30.0
743,24.766666666667057,track,1,319.19135802469134,240.1358024691358,319.00212783841084,240.1950476326067,1,0.19828780293917694,1.0167558359115014,-0.17116374671913814,0.1290914039789679,14.192262999131344,30.0
744,24.80000000000039,track,1,319.0437944141464,240.2543381259296,318.99568026931183,240.2248629787291,1,0.05642477501642137,1.0291848622344182,-0.17931414685039124,0.1278812465692642,14.23346099909395,30.0
745,24.833333333333727,track,1,319.1664581612499,240.45741319219357,319.0303122699006,240.25806410986047,1,0.24140372896529305,1.0034397733314109,-0.1738746117176665,0.12669039217140066,13.30460000099265,30.0
746,24.86666666666706,track,1,319.0888542478566,240.65646921278255,319.0335544266493,240.29454012956285,1,0.36612939175354137,1.0103320910334797,-0.17853195370214464,0.15995991549110838,13.886429000194767,30.0
747,24.900000000000396,track,1,319.07787934186473,240.60475319926874,319.0592670184974,240.15049444381452,1,0.45463989649825787,0.9526946625786381,-0.18001593913147557,0.1586137734458319,14.623955999923055,30.0
748,24.93333333333373,track,1,319.40975013105015,239.968373230823,319.0905357711167,240.0105360559719,1,0.32198681869331675,0.9095252564353022,-0.1634892522075096,0.12799319782152307,14.549266001267824,30.0
749,24.966666666667066,track,1,319.2918053574259,240.2854652084324,319.0313140854612,240.03078743422088,1,0.3643027195165292,0.9691750446290884,-0.16925485858580896,0.12684046911707034,15.420998000990949,30.0
750,25.0000000000004,track,1,319.0028945381324,240.5030203876164,319.00050453873746,240.05407891853338,1,0.4489478307771762,1.0009573949545298,-0.18444361496489142,0.15203466153847225,36.455900999499136,30.0
751,25.033333333333736,track,1,319.0353102502571,240.11930065135414,319.04837430318526,239.9398858209779,1,0.17988982972319803,0.9535225122448071,-0.18390617349750146,0.126291359616634,14.397461000044132,30.0
752,25.06666666666707,track,1,319.12714776632305,240.16494845360825,319.09106072171994,239.95986703741028,1,0.20823223107375022,0.9098248547311192,-0.1801666747295353,0.12504925760122582,13.841214000422042,30.0
753,25.100000000000406,track,1,319.06987310192267,239.9124656875802,319.11149657924557,239.98334179572362,1,0.08219450450003483,0.8886595661230691,-0.18392339702021446,0.12366310801006813,13.936856999862357,30.0
754,25.13333333333374,track,1,319.2953225806452,240.11887096774194,319.149672170877,240.0110706785058,1,0.18120415068377904,0.8503998923468853,-0.17302312054075492,0.12224375140910944,14.415898000152083,30.0
755,25.166666666667076,track,1,319.4199134199134,239.97205824478553,319.1274273114882,240.04322315353284,1,0.30101921509889024,0.8736425686389429,-0.16648297509606594,0.12075614777221912,14.653583000836079,30.0
756,25.20000000000041,track,1,318.9870330102038,240.17778836356268,319.06802653364207,240.08015560367994,1,0.12685466740040963,0.9354140595460994,-0.18873059746992857,0.11932527072123475,13.52846400004637,30.0
757,25.233333333333746,track,1,319.14951524209016,240.1362404463629,319.1250151246943,240.12155792088197,1,0.028562778347164402,0.8833882839062772,-0.18135388330336588,0.11793243534419783,13.710731000173837,30.0
758,25.26666666666708,track,1,319.11802806765024,240.10867218423894,319.14040717391435,240.167219685065,1,0.06267881819368407,0.8757067144490454,-0.18356853323270167,0.11657505168627087,15.079730001161806,30.0
759,25.300000000000416,track,1,319.2426229508197,240.15737704918033,319.1653671990123,240.21694432445975,1,0.09755363382027717,0.86236694765042,-0.17768829164609107,0.11526935952955669,14.711060999616166,30.0
760,25.33333333333375,track,1,319.1349473267295,240.4991701752688,319.1567330460275,240.27044869041856,1,0.2297566869482372,0.8855741921550976,-0.18351060455204524,0.11414833879926795,14.561317999323364,30.0
761,25.366666666667086,track,1,319.348005957306,240.74549065033924,319.1769289645224,240.32674044340501,1,0.45234839810407884,0.8855536385779625,-0.17283167629952903,0.15233178705618705,13.243625000541215,30.0
762,25.40000000000042,track,1,319.19669451507446,240.52760624772975,319.1379589852786,240.17618835901703,1,0.35629256934112924,0.8798619487823154,-0.18044229843190107,0.1429133108072806,14.024701000380446,30.0
763,25.433333333333756,track,1,319.1601549343213,240.02761872684405,319.1373780518825,240.07266201369157,1,0.05047458829609913,0.865676841325781,-0.18258055309188065,0.11650262694698921,12.98483700156794,30.0
764,25.46666666666709,track,1,319.4736750952546,240.4717700034638,319.14601090380324,240.10677919605178,1,0.49049170416505505,0.8606388168868606,-0.16643510212770268,0.11591987267398937,13.400402000115719,30.0
765,25.500000000000426,track,1,319.02106969205835,240.23824959481362,319.06635516803635,240.14078366536637,1,0.10747270229026255,0.944199508942055,-0.18932461337648787,0.11529393189513534,14.307338000435266,30.0
766,25.53333333333376,track,1,319.1751582755502,240.3266505878806,319.1066080575922,240.1748985025199,1,0.16651674928789234,0.9103508383820317,-0.1820875437141911,0.11467389165673553,13.893227998778457,30.0
767,25.566666666667096,track,1,319.3154964984737,240.3083138804094,319.106105246251,240.20908502668362,1,0.23171331838960513,0.9180219927448874,-0.17500026045626554,0.11405616131249621,14.438487000006717,30.0
768,25.60000000000043,track,1,319.21523472099204,240.31496899911426,319.0656563907851,240.24332374308779,1,0.16585149857207254,0.9655073402263779,-0.18000163850510123,0.11344600791889475,14.322357999844826,30.0
769,25.633333333333766,track,1,319.4538116591928,240.53596412556055,319.04974517130495,240.27756710202266,1,0.47962354863713064,0.9899635021471843,-0.16751886520046333,0.14097849950182625,13.652039999215049,30.0
770,25.6666666666671,track,1,319.16324921135646,240.29432176656152,318.96513362413725,240.1617138937445,1,0.2384001548495078,1.047425319209586,-0.18190761633817268,0.11434297226873726,13.341839001441258,30.0
771,25.700000000000436,track,1,319.17037735849055,240.36075471698115,318.95514741346983,240.18465315158846,1,0.27809295310629106,1.0610436908866365,-0.18178798939066357,0.11387429551764307,14.935115999833215,30.0
772,25.73333333333377,track,1,319.1975755382667,240.50045232495023,318.94241941350674,240.2068213088969,1,0.3890036267067645,1.077613915435976,-0.18064623424812365,0.1396175548956437,14.639896000517183,30.0
773,25.766666666667106,track,1,319.0434529979829,240.1222207641965,318.92150918790776,240.08841437856836,1,0.12654313306095735,1.0821088365340201,-0.18899987713411515,0.11465027320123675,15.51873400057957,30.0
774,25.80000000000044,track,1,318.6219625301428,240.49248747913188,318.94306979678004,240.09988162166178,1,0.5071974329657686,1.0616392008702293,-0.21214530756463224,0.11416611115528907,17.229368999323924,30.0
775,25.833333333333776,track,1,319.0050360596776,240.2089000328623,319.08600173411423,240.11063947855473,1,0.12732076409529053,0.9206703667746945,-0.1947573457876381,0.11359885315130855,14.041569998880732,30.0
776,25.86666666666711,track,1,319.3562607472253,240.4875722995154,319.1341378915679,240.12112424276484,1,0.428512241717385,0.8742930132420458,-0.17755358779995736,0.11307507711945175,15.295359000447206,30.0
777,25.900000000000446,track,1,319.17191241874787,240.10023947998633,319.0884716956707,240.13109716216604,1,0.08896376125784944,0.920907332754729,-0.1870736795474498,0.11244086597061798,14.34446499843034,30.0
778,25.93333333333378,track,1,319.04054472299595,240.25889817393994,319.0915413740963,240.14114041250014,1,0.12832594750387585,0.9193572162220217,-0.19447417989996954,0.11175040560438768,13.974348999909125,30.0
779,25.966666666667116,track,1,319.06462715105164,240.33556405353727,319.13205349113423,240.15154721484487,1,0.19598088748466816,0.8810775792060062,-0.19421068056924373,0.11105875100998139,13.277796999318525,30.0
780,26.00000000000045,track,1,319.13305084745764,240.24261501210654,319.1691444560586,240.16231720054634,1,0.08803685093865515,0.8465623476693267,-0.19151358198209523,0.11031798836590587,34.03492899997218,30.0
781,26.033333333333786,track,1,319.67482859941236,240.16617695070192,319.1898461694841,240.17370557828303,1,0.4850408617553581,0.8285667486848785,-0.1465421710465073,0.10951008244601222,13.529799000025378,30.0
782,26.06666666666712,track,1,319.20103181427345,240.42579535683578,318.9687067511427,240.18606378163236,1,0.3338355330222127,1.0479434602944941,-0.18559392955228937,0.10877436422684847,15.066646001287154,30.0
783,26.100000000000456,track,1,319.08848594741613,240.1976427923844,318.9538609124629,240.1990001827303,1,0.1346318778919241,1.0648981468664565,-0.19156958564558932,0.10799536543095993,15.836384000067483,30.0
784,26.13333333333379,track,1,319.06602426837975,240.3135260528194,318.9689139370141,240.21273902169924,1,0.1399587156984568,1.0528040466474593,-0.19329868301454295,0.1072324468782734,14.25077599924407,30.0
785,26.166666666667126,track,1,319.27284380150155,240.39315143746566,318.99122869660505,240.22718798486903,1,0.32688061261515866,1.0340376796916062,-0.18310498346075238,0.10651534724760445,14.027090001036413,30.0
786,26.20000000000046,track,1,319.15533285612025,240.54026485325699,318.9572281477656,240.24209618960276,1,0.3579804847441149,1.0705062824815916,-0.1891639565780989,0.1341468200466009,14.360966999447555,30.0
787,26.233333333333796,track,1,319.1045166106756,240.43281075027994,318.95360443984805,240.10626477194637,1,0.35973150997613884,1.0517774812490177,-0.1921768811867613,0.10723943068136343,13.065905000985367,30.0
788,26.26666666666713,track,1,319.1728293166061,240.32040277319248,318.96412323077493,240.11056122324635,1,0.2959589605786051,1.0417602723783899,-0.18914507688616544,0.10669472138309467,14.498725000521517,30.0
789,26.300000000000466,track,1,318.80603371783496,240.17888198757765,318.95655723773734,240.11437818048353,1,0.16376223976679763,1.0496928914158876,-0.20877203823495383,0.10606560001466651,14.613903998906608,30.0
790,26.3333333333338,track,1,319.05085607730126,240.40125444990676,319.05176450351814,240.11815947630998,1,0.2830964311218886,0.9555690548725629,-0.1977360100588033,0.10545947395112279,13.448834999508108,30.0
791,26.366666666667136,track,1,319.2018535681186,240.35050973123262,319.08622039779243,240.12177614172333,1,0.2563007706767385,0.9218582266832812,-0.19071300208966147,0.1048561198701937,13.437375000648899,30.0
792,26.40000000000047,track,1,319.3305605856929,240.3604762208396,319.08133902983263,240.12520710318586,1,0.34272867056461276,0.9271541386398705,-0.18421780018735823,0.10426191434062534,13.491489999069017,30.0
793,26.433333333333806,track,1,319.1480341880342,240.57418803418804,319.0399467210668,240.12839731661165,1,0.4587071662757148,0.9686011404615481,-0.19351482917036936,0.13381491816804708,12.491959998442326,30.0
794,26.46666666666714,track,1,319.1935955786736,240.12597529258778,319.046280079398,239.97055545150533,1,0.21414290398915006,0.9541743385719067,-0.19148934476093604,0.10525779360964298,13.717245999941952,30.0
795,26.500000000000476,track,1,319.2029271501398,240.1901003124486,319.0399637638973,239.9615960166227,1,0.28066221417659887,0.9608040594052089,-0.191175854091916,0.10467182724035343,12.781465000443859,30.0
796,26.53333333333381,track,1,319.008537886873,240.02241195304163,319.030139825534,239.952333363678,1,0.0733324787601461,0.9710308266134055,-0.20153333474952592,0.10395137830537812,13.482152999131358,30.0
797,26.566666666667146,track,1,319.2762414056532,240.12421695951107,319.07373154946777,239.94347863317057,1,0.27143430966001586,0.927991329355858,-0.18834103473128969,0.10315108443025972,13.71515600112616,30.0
798,26.60000000000048,track,1,319.0718483412322,240.0642654028436,319.04515156378034,239.93545160309077,1,0.1315511798999874,0.957027706858421,-0.19894163702385512,0.10226961265831017,13.026112001170986,30.0
799,26.633333333333816,track,1,319.13783635365183,240.05839282445544,319.0713068259572,239.9286791987597,1,0.14577998060914168,0.931427757908917,-0.1961166759390088,0.10133677182129859,14.077345998884994,30.0
800,26.66666666666715,track,1,319.0626540673788,239.88557929334428,319.08060582982876,239.92342940335743,1,0.04189148604511265,0.9225772034984772,-0.20047951579268009,0.10029876342679211,13.544809999075369,30.0
801,26.700000000000486,track,1,319.1916146916147,240.0403672903673,319.1113950321294,239.92025716371836,1,0.14443557834398252,0.8921758284455821,-0.1943999418288484,0.09926146358429236,13.227911998910713,30.0
802,26.73333333333382,track,1,319.485801581596,240.04385334291877,319.1079930973208,239.91915279252066,1,0.39785610220267836,0.8956632097973941,-0.1791074330714071,0.09823436417771177,13.917398000558023,30.0
803,26.766666666667156,track,1,319.16590686510307,240.0212336295985,319.02127593095497,239.920056017555,1,0.17650783634551803,0.9819836269802187,-0.19488240772466828,0.09722873495810674,13.498458998583374,30.0
804,26.80000000000049,track,1,319.49208728968847,240.2790271530901,319.0169483551765,239.9228464998314,1,0.5938195557953346,0.9860746416871478,-0.17787510968339615,0.09633699111062849,12.567760000820272,30.0
805,26.833333333333826,track,1,319.01456146291906,239.94751100575687,318.9201831789419,239.9269110579953,1,0.09660030193665546,1.0822875590541503,-0.20182770410808662,0.09543592284980534,13.904469999033608,30.0
806,26.86666666666716,track,1,319.0806338028169,240.0723591549296,318.9494447779746,239.93229366823653,1,0.19190857407017733,1.0527347348148781,-0.1990846832172045,0.0945860391234769,13.808114999847021,30.0
807,26.900000000000496,track,1,319.01741679599934,239.88532505604414,318.96236817227873,239.93871563110747,1,0.07668705548608896,1.0394400337541074,-0.2029649691864065,0.09371842870846474,13.216665998697863,30.0
808,26.93333333333383,track,1,318.98825122282733,240.13879220878434,318.99428931911484,239.9462658124994,1,0.19262105770979523,1.0071451417510975,-0.20537146874219042,0.09294980866809524,13.276331001179642,30.0
809,26.966666666667166,track,1,319.32462686567163,240.0344301221167,319.03735969714194,239.9544106261767,1,0.298203866248513,0.9637192245110935,-0.1886781361376798,0.09224397538234484,13.487293999787653,30.0
810,27.0000000000005,track,1,319.2532633562105,239.9113174539093,318.9897252264284,239.96280961081857,1,0.268521485308365,1.010959070963129,-0.19208756013819672,0.09153835717391598,38.11116100041545,30.0
811,27.033333333333836,track,1,319.1388745482705,239.96489416623643,318.95861231905565,239.9714560597199,1,0.18038162247745665,1.0417787954020623,-0.19800330350037665,0.090869582242469,13.378195999393938,30.0
812,27.06666666666717,track,1,319.0903079539014,240.02229359531458,318.957399740274,239.9801479548414,1,0.13943044237366822,1.042789242981377,-0.2009075495695386,0.09025355743258613,13.034375999268377,30.0
813,27.100000000000506,track,1,319.2471431338369,240.27755181096262,318.9700379181784,239.98859848076563,1,0.4003515050266384,1.0300251864062269,-0.19320729832596872,0.08983422494422232,13.668883999343961,30.0
814,27.13333333333384,track,1,318.98628310154317,239.98875976376453,318.9399812989652,239.99575316952928,1,0.0468269649471031,1.060027208194443,-0.20686746208846302,0.08942885525463715,13.27106699864089,30.0
815,27.166666666667176,track,1,319.1999675377374,240.1222204187632,318.981163879273,240.00153214987108,1,0.24988137026510301,1.018837272767941,-0.19661295292949166,0.08908960211420583,13.08418500047992,30.0
816,27.20000000000051,track,1,318.9503956765103,239.99980698706813,318.9660525380714,240.00557743650188,1,0.016686383688804783,1.0339625050390204,-0.2099154695812523,0.08876259509106571,13.58540499859373,30.0
817,27.233333333333846,track,1,319.51449953227313,240.00779544745868,319.0202965653816,240.0078183924693,1,0.4942029674241702,0.9797346309403719,-0.15596808076311966,0.08845106301427594,13.093354000375257,30.0
818,27.26666666666718,track,1,318.9141224781289,240.09462595965005,318.78524163541056,240.00816719982618,1,0.1551946802247708,1.2147858195966146,-0.21011484693259389,0.08819778119595038,13.608871000542422,30.0
819,27.300000000000516,track,1,319.05604203152365,240.18898264607546,318.8374017623555,240.00630794511198,1,0.28490983428798794,1.1626153501247114,-0.2038828408260481,0.08803176006489419,13.493745000232593,30.0
820,27.33333333333385,track,1,318.85705777248364,240.19475878499105,318.8547686990935,240.00177003212298,1,0.19300232794078034,1.1452326687576408,-0.21510760676234889,0.08792641320534496,13.692385999092949,30.0
821,27.366666666667186,track,1,319.20171339563865,240.10280373831776,318.930457118822,239.99422469847332,1,0.2921803819662927,1.069558473757396,-0.19858010850201044,0.08783923185240804,13.161270999262342,30.0
822,27.40000000000052,track,1,318.9781173363516,240.07790982833427,318.9164668519493,239.98356993484867,1,0.11269781599443046,1.0836577088571737,-0.210615355110179,0.0877491342956904,13.365535000048112,30.0
823,27.433333333333856,track,1,318.5893300248139,240.02339595887983,318.965144460921,239.96981620743918,1,0.3796146469131103,1.0352956331868792,-0.23223066062794867,0.08764219402093422,12.393515000439947,30.0
824,27.46666666666719,track,1,319.1864067833031,239.73188341488907,319.12759553329124,239.95304829694942,1,0.22885075526360843,0.8736669937411753,-0.20359635036166102,0.08740972178082694,14.432470999963698,30.0
825,27.500000000000526,track,1,319.22389677978964,239.62555567602732,319.13583407500573,239.93393069989793,1,0.32070265873711934,0.8666878898064608,-0.20200614353727053,0.08698140575145001,13.391864000368514,30.0
826,27.53333333333386,track,1,319.332639753011,240.0204244148651,319.13410727784003,239.91350294908125,1,0.22549355543534866,0.8702022443703783,-0.19637145331040118,0.08660031883503372,13.82837799974368,30.0
827,27.566666666667196,track,1,319.5497521246459,239.74822946175638,319.1008565535569,239.89150822842225,1,0.4712070019859745,0.9056651709001577,-0.16095049852445154,0.08615491388238276,14.45402900026238,30.0
828,27.60000000000053,track,1,318.9735419080726,239.8895326380842,318.87723383077696,239.86828467996793,1,0.09862414246266056,1.1304657430824403,-0.21177261856866864,0.08570916763092377,13.9626229993155,30.0
829,27.633333333333866,track,1,319.0754960268273,239.4848669948084,318.92321419775385,239.84382927654542,1,0.38992778200045236,1.088051909967172,-0.2071937964449583,0.058183375741849806,13.210477000029641,30.0
830,27.6666666666672,track,1,319.063305785124,240.04049586776858,318.94333800150935,239.962564120892,1,0.14305812202263604,1.0573249378024006,-0.20830232451733088,0.08283437772255194,13.878769999791984,30.0
831,27.700000000000536,track,1,319.15359477124184,239.98830409356725,318.9679498309647,239.9462082118598,1,0.19035783962640146,1.0334510669969394,-0.2040953663880354,0.08241792911322637,13.356258999920101,30.0
832,27.73333333333387,track,1,319.00098247912234,239.806779105944,318.9687124967436,239.92844989229525,1,0.12587744839348808,1.033766575337681,-0.21232344337171777,0.08200619144680693,12.707758000033209,30.0
833,27.766666666667206,track,1,319.08641138597085,240.01728227719417,319.0119582721695,239.9092593504629,1,0.13119534616100034,0.9921997386679017,-0.2086515176821826,0.08167625453262108,13.7093579996872,30.0
834,27.80000000000054,track,1,319.01123135873775,239.89917933861955,319.0342325779293,239.88819566929078,1,0.02548915605156518,0.9722175280761223,-0.21311675786342157,0.0813738604868548,12.967321001269738,30.0
835,27.833333333333876,track,1,319.12059253077405,240.05820988942207,319.0789457490314,239.86510734745139,1,0.19754251730972233,0.9308796704939619,-0.20818133692372648,0.08115786557778759,13.00821200129576,30.0
836,27.86666666666721,track,1,319.13631426502536,240.03765387400435,319.09597305848047,239.83952902393526,1,0.20219018067254949,0.918158834381248,-0.20773076613988367,0.08102137165620812,13.596083999800612,30.0
837,27.900000000000546,track,1,319.3825717321998,239.7945448104853,319.10924585457656,239.8110321683289,1,0.27382269509149065,0.9105777226549795,-0.1950157741356359,0.08082576175501298,13.059455999609781,30.0
838,27.93333333333388,track,1,319.18342440801456,239.95500910746813,319.05336605329535,239.77992758122582,1,0.21810253658223297,0.9718784381591876,-0.20470095006677694,0.08066714025480565,13.275367999085574,30.0
839,27.966666666667216,track,1,319.1987012987013,239.56975881261596,319.04781339432407,239.74601354709034,1,0.2320191610880075,0.9854787924102099,-0.20384801413985124,0.08040059936589636,13.454593999995268,30.0
840,28.00000000000055,track,1,319.31346690337307,239.85062135429877,319.03639680653214,239.70986123254738,1,0.31077524103265836,1.00633573862821,-0.19768198347771077,0.0801423839861276,35.243668000475736,30.0
841,28.033333333333886,track,1,318.99464594127807,239.8300518134715,318.99079199138646,239.67142187209765,1,0.15867675075459794,1.061350267718212,-0.21388698922423477,0.07988529053863921,13.20679799937352,30.0
842,28.06666666666722,track,1,318.8920876335325,239.94477638964332,319.0303233642635,239.63068516003227,1,0.34316529219795405,1.0376252834784123,-0.22004930965611774,0.07968830037770598,13.359528998989845,30.0
843,28.100000000000556,track,1,318.9816767502161,239.93586862575626,319.10144217235415,239.58732626418077,1,0.36854515890528977,0.9887900595468267,-0.21659677065611596,0.07952566830660592,13.34362899979169,30.0
844,28.13333333333389,track,1,319.0955085250418,239.68520273074026,319.15288141509404,239.5411577008963,1,0.1550503761223961,0.9634034213868284,-0.2115781575580553,0.07930549584087929,13.009440001042094,30.0
845,28.166666666667226,track,1,319.18970840480273,239.647512864494,319.1763009610993,239.49248215264015,1,0.1556093864924906,0.9674990811751372,-0.20713428424812222,0.07900004216281309,13.094128000375349,30.0
846,28.20000000000056,track,1,319.2678901169542,239.6261105902105,319.1747783669757,239.44175029380267,1,0.20653938335251654,0.9963099307347448,-0.20312812161423555,0.0786448144288712,13.95083799980057,30.0
847,28.233333333333896,track,1,319.55992173487687,239.5441056579162,319.1506603811936,239.38922346822255,1,0.4375881034751471,1.0461480582806288,-0.1644791628170816,0.07822011935243975,13.200507999499678,30.0
848,28.26666666666723,track,1,318.9846423017107,239.49552877138413,318.91919772940287,239.33526809159503,1,0.17310828267597048,1.2688585650810875,-0.21467784973653792,0.051347609825963855,14.527387998896302,30.0
849,28.300000000000566,track,1,319.0820843499477,239.50226559776925,318.9542568408019,239.42093513856116,1,0.1515074773382997,1.19536390641627,-0.21028643428825006,0.07538074186401064,13.79685899883043,30.0
850,28.3333333333339,track,1,318.9901132195822,239.29819805453675,318.96470283485587,239.37472385943738,1,0.08063427600983004,1.2094670198531063,-0.215563139232527,0.03799492856138511,13.387857999987318,30.0
851,28.366666666667236,track,1,319.40429658361927,239.59749365955543,319.0021113656653,239.52419800916186,1,0.4088094934162936,1.1055176439206555,-0.19459564910360516,0.07158466786166563,17.818586000430514,30.0
852,28.40000000000057,track,1,319.02282292003883,239.6113629006151,318.92652575129,239.4908173948147,1,0.1542866283179154,1.188113583823859,-0.21384479086300373,0.07097955854536021,19.712478999281302,30.0
853,28.433333333333906,track,1,318.92294713160857,239.40119985001874,318.9524470665574,239.45695067119573,1,0.06307456082996919,1.1799447961150442,-0.21982559425726997,0.03907161277712208,22.539306999533437,30.0
854,28.46666666666724,track,1,318.965139624019,239.69574739916044,319.009123224444,239.58954246948633,1,0.114952356189113,1.0725260690032727,-0.21881982230452757,0.06781549071529977,19.942633000027854,30.0
855,28.500000000000576,track,1,319.03670253651035,239.73328209069945,319.0593048867215,239.56511260799198,1,0.16968158753726445,1.0363562803754078,-0.21616048484444442,0.06744917889517861,21.6668099983508,30.0
856,28.53333333333391,track,1,319.1935596779839,239.67920896044802,319.0941854468658,239.53891168484142,1,0.17192604035730885,1.0164164692907358,-0.20874212294817707,0.06719867490154466,23.94617700156232,30.0
857,28.566666666667246,track,1,319.0152814175279,239.6705299768576,319.0883958631541,239.5103183524293,1,0.176106464279964,1.034799602958024,-0.21831559240643014,0.06706761515541965,21.564010001384304,30.0
858,28.60000000000058,track,1,319.05510420346167,239.54945249028611,319.13257167036454,239.47869191033237,1,0.10492029405094987,1.0120247187727547,-0.21709898573594927,0.06696963843255321,21.634893000737065,30.0
859,28.633333333333916,track,1,319.07795599766365,239.48185887624996,319.16917824217717,239.443852292791,1,0.09882306552777119,0.9997825091016749,-0.21661886091525503,0.039783616654908094,26.482282000870327,30.0
860,28.66666666666725,track,1,319.5563341213011,239.77936423279633,319.2021559401644,239.55026549196987,1,0.42181561972215076,0.9158691344990582,-0.16878386974975848,0.06509427223911046,17.62979299928702,30.0
861,28.700000000000585,track,1,319.193409940468,239.4092482348055,318.978957947397,239.51794568869218,1,0.24042627521457183,1.129116128763628,-0.20804320406507992,0.034167877876880755,23.512952000601217,30.0
862,28.73333333333392,track,1,319.0571128241065,239.68377715487037,318.9640998150794,239.64682031767984,1,0.10008610124990404,1.0944519546888694,-0.21508315565296598,0.06301289622792867,19.01203800116491,30.0
863,28.766666666667255,track,1,318.84168909825036,239.64703903095557,318.98575732889685,239.61810505442804,1,0.1469449899768873,1.0837582504137424,-0.2269172460421983,0.06309571737304454,16.68011499896238,30.0
864,28.80000000000059,track,1,319.02948356807514,239.70704225352114,319.06951173414063,239.58519486899968,1,0.12825380771457534,1.0187598881022777,-0.21848763636602425,0.06329032533656923,16.29861100082053,30.0
865,28.833333333333925,track,1,319.2205001761183,239.82793237055301,319.1073024801276,239.5474901916955,1,0.30242608032371265,1.0008366443122072,-0.2091872436998878,0.06362053735084731,17.359479001243017,30.0
866,28.86666666666726,track,1,319.15674170534606,239.40079510650688,319.0944979184178,239.5042644693185,1,0.12074849088836381,1.032321527495068,-0.21250788165324488,0.03253258653738115,16.41405800000939,30.0
867,28.900000000000595,track,1,319.00612140792384,239.54021424927734,319.0984227508575,239.6230779471323,1,0.12404003518843805,0.9771958709027599,-0.22063073523967108,0.061966514437380625,15.98998000008578,30.0
868,28.93333333333393,track,1,319.21485552207054,239.6544938840631,319.1447013435952,239.58114402399497,1,0.10149783608315005,0.9523529389270339,-0.2104482832601494,0.06218720031972248,14.366438999786624,30.0
869,28.966666666667265,track,1,319.48405129891484,239.6800394607037,319.1357179604752,239.5342634511794,1,0.37760662020328234,0.9817810228113496,-0.1962365984984619,0.06246813611495632,14.978007999161491,30.0
870,29.0000000000006,track,1,319.13548795944234,239.44765525982257,319.04999593080515,239.48211173154823,1,0.09217448347717261,1.0819962985550091,-0.2133699282440463,0.033826843805003066,40.97926299982646,30.0
871,29.033333333333935,track,1,319.30927065845924,239.70956911024064,319.05472124658195,239.5789376259795,1,0.2861118448567644,1.03481662360022,-0.20433050804681177,0.061059077246903175,14.913674998751958,30.0
872,29.06666666666727,track,1,319.2298870853917,239.53387438249823,319.010318499739,239.52674591673622,1,0.2196842707833961,1.097013627665891,-0.2079158356479975,0.0612965995479128,14.847485999780474,30.0
873,29.100000000000605,track,1,319.026561568808,239.44028294668868,318.9841322803611,239.46950535816427,1,0.05151886887887274,1.1460417919171795,-0.21835698015155336,0.032211818164889314,14.671381000880501,30.0
874,29.13333333333394,track,1,319.32413249211356,239.6345425867508,319.0127395571458,239.5635985735305,1,0.3193722169501487,1.0794115929752328,-0.20328522391243461,0.05971581047721565,14.919145000021672,30.0
875,29.166666666667275,track,1,319.034063708341,239.8020622353158,318.9600841479348,239.50721581546668,1,0.30398583298524173,1.1507654982239497,-0.21796881378926986,0.05999128196269316,15.186820999588235,30.0
876,29.20000000000061,track,1,319.3728094447519,239.51983028961445,318.9848738635933,239.4455729494789,1,0.3949786927074404,1.1566634891642136,-0.20072446131249588,0.06025900048357227,15.246648999891477,30.0
877,29.233333333333945,track,1,319.03373819163295,239.51551956815115,318.9168389861197,239.37870845459656,1,0.17995195203628117,1.2486957060789188,-0.21781289150798966,0.06050998735450759,15.102322000529966,30.0
878,29.26666666666728,track,1,319.0506803391836,239.38532833760598,318.9391003404801,239.30670873832378,1,0.13649592485481718,1.2673440184441191,-0.2175509210620012,0.028526533423323733,14.165335000143386,30.0
879,29.300000000000615,track,1,319.2123621904934,239.64106271462137,318.9591351166571,239.4014880324935,1,0.34859715896775656,1.2006732613933668,-0.20965855360778526,0.05869437682806119,14.29502100108948,30.0
880,29.33333333333395,track,1,319.1279890579179,239.41823901686973,318.93626053322623,239.33157000775327,1,0.21040756716826522,1.2563201453877522,-0.21408602224202938,0.02839279820427247,14.581231000192929,30.0
881,29.366666666667285,track,1,319.4816513761468,239.31577981651375,318.9361950610205,239.4194555469387,1,0.5552218014363989,1.211904620907692,-0.19578753864123724,0.021034201289967414,14.254645000619348,30.0
882,29.40000000000062,track,1,318.9998993862562,239.6064996478519,318.83774630874746,239.54277942189287,1,0.17422367158861837,1.2489532817022342,-0.22000782032850866,0.05446659513021429,14.607282000724808,30.0
883,29.433333333333955,track,1,319.3843520782396,239.58842705786472,318.86769372069807,239.48398706519083,1,0.5271086894438695,1.244341938149217,-0.20053006646806676,0.05457622132180771,13.800182001432404,30.0
884,29.46666666666729,track,1,318.95770392749245,239.7151728768043,318.7929938120242,239.42079732989282,1,0.33732237512060187,1.3387829065502777,-0.22225907836687664,0.05482920485489896,14.148444999591447,30.0
885,29.500000000000625,track,1,318.78310193024043,239.4366745682357,318.8334287133591,239.3524431114754,1,0.09812096313754406,1.3342482867482393,-0.23250130468210312,0.02559918162365811,13.616872000056901,30.0
886,29.53333333333396,track,1,319.26844229217113,239.66263115415657,318.9277482898765,239.43616462303612,1,0.4090959458577785,1.2114594760778388,-0.2088166608167954,0.053349642453950206,13.583517998995376,30.0
887,29.566666666667295,track,1,318.87842050571527,239.4833737443713,318.895021963795,239.36806350235565,1,0.11649918593741813,1.272917985398308,-0.22931137754895164,0.02657148037721063,13.51312399856397,30.0
888,29.60000000000063,track,1,319.2918517843733,239.64916451322955,318.97088572956955,239.43895666682602,1,0.3836750539530859,1.1721116855072222,-0.20903778789493013,0.052071257732328555,14.540410000336124,30.0
889,29.633333333333965,track,1,319.14915447463426,239.48717461523847,318.9379213656862,239.3700260771709,1,0.24154338386144913,1.2348595745713715,-0.21636502538879093,0.025527562045778038,14.578914999219705,30.0
890,29.6666666666673,track,1,319.3015188125647,239.69123230928545,318.9433460372845,239.43883460313964,1,0.43816930405904286,1.196421413865431,-0.20864708246386496,0.050895380627599324,14.280396999311051,30.0
891,29.700000000000635,track,1,318.9884230730531,239.46078764449587,318.9069315434756,239.3685185580191,1,0.1231034268903273,1.2623658194893108,-0.22477358027901714,0.023018138725422223,13.054180999461096,30.0
892,29.73333333333397,track,1,319.15109565461984,239.35320230162486,318.95586100373885,239.4430493629934,1,0.2149164101253915,1.183393533688308,-0.21710041452039397,0.015732821908287356,14.191064999977243,30.0
893,29.766666666667305,track,1,318.9678290707946,239.58646072929855,318.9632156552575,239.55260122545246,1,0.03417235144998481,1.1291976979120057,-0.22700615299753074,0.04751980575001189,14.360709999891696,30.0
894,29.80000000000064,track,1,318.99147674634054,239.45617935890309,319.0227624374345,239.48878639232657,1,0.045188639013660534,1.1028747011149773,-0.2267876990312464,0.01930023793513629,13.653218000399647,30.0
895,29.833333333333975,track,1,319.4823488892716,239.69881177888755,319.08051844781266,239.57163769885096,1,0.4214747327138549,1.0143670863442529,-0.20191371394557597,0.04614024725098378,13.774204000583268,30.0
896,29.86666666666731,track,1,319.04525314234644,239.39077543289926,319.00500031794763,239.50750200270954,1,0.12347219108672135,1.1102155847489357,-0.22384770721909478,0.01456179293519998,14.169239000693779,30.0
897,29.900000000000645,track,1,319.1257162701858,239.82601146032297,319.0458634034237,239.60794242165457,1,0.232229597501888,1.0315453405761037,-0.22022246642224877,0.04474086344102271,14.431711000725045,30.0
898,29.93333333333398,track,1,318.9502710787063,239.50121518040754,319.0668046002022,239.54358351104747,1,0.12399652040864796,1.0388309128975326,-0.22976040128302982,0.04518142790720909,13.079718000881257,30.0
899,29.966666666667315,track,1,319.3353346282889,239.5867914532933,319.138040329319,239.47302870022259,1,0.22774328616284287,1.0102837347347653,-0.210519158020658,0.04566826750862861,14.85556700026791,30.0
900,30.00000000000065,track,1,319.4260624748626,239.4792867676632,319.10609446469493,239.39602929498528,1,0.3306226463619294,1.07881774112452,-0.20519294493865775,0.01891482731560038,39.392261000102735,30.0
901,30.033333333333985,track,1,318.9890547263682,239.49237147595358,319.045193330777,239.45786493685546,1,0.06589570657866084,1.097982787790153,-0.22720384746039654,0.018207355855535578,14.440692000789568,30.0
902,30.06666666666732,track,1,319.2255425709516,239.73205342237063,319.1011477137015,239.51962198465094,1,0.2461731021901484,1.0191655754659075,-0.21549748362179175,0.04344562929686144,13.38065399977495,30.0
903,30.100000000000655,track,1,319.2850003883182,239.40041137282128,319.0941450350838,239.44292136708896,1,0.19553226196942697,1.0634424388322086,-0.212182477602623,0.012510122548732738,13.480806999723427,30.0
904,30.13333333333399,track,1,318.98762955533266,239.73336676696758,319.06895205131104,239.52735485618769,1,0.22148195352068,1.0441473625534268,-0.22741111289258928,0.0422767385769976,14.21899500019208,30.0
905,30.166666666667325,track,1,319.0823370937868,239.26704832463378,319.12448103638576,239.4491761176514,1,0.18694021741523656,1.0343792365538536,-0.22321573174622472,0.004314370199158316,13.95632999992813,30.0
906,30.20000000000066,track,1,319.43074170744757,239.8433091594459,319.15715009519386,239.56960476501172,1,0.3869967258623407,0.9463804839134968,-0.2052961566838222,0.04058854441267957,14.842054999462562,30.0
907,30.233333333333995,track,1,319.269826632239,239.2792327554408,319.0937763914476,239.49271097735345,1,0.2767067735233574,1.0385486898530265,-0.21274119204089714,0.003266508219887998,15.606016000674572,30.0
908,30.26666666666733,track,1,319.2314400597566,239.96005408017953,319.06965071722243,239.61100632597368,1,0.38472084174605475,1.0083976727448534,-0.2143224010522432,0.03895337917107293,13.891550999687752,30.0
909,30.300000000000665,track,1,319.1364567922016,239.80673099122174,319.05351220694456,239.53510846480867,1,0.28400457932660633,1.0544966960097626,-0.21903311455142502,0.03956322750873153,14.511048000713345,30.0
910,30.333333333334,track,1,319.0946565543112,239.4467778934056,319.0620644311075,239.45209338276027,1,0.03302273341207119,1.086243431560708,-0.22137104792285195,0.011199275967310332,14.277678999860655,30.0
911,30.366666666667335,track,1,319.1532142857143,239.49428571428572,319.0826654470661,239.5164865904194,1,0.07395956689778001,1.0369608957191532,-0.2186387553589112,0.012277051487914825,14.016618999448838,30.0
912,30.40000000000067,track,1,319.5676338963476,239.8085751407536,319.08828693920464,239.57126416431697,1,0.534873821437855,1.0074895145973857,-0.1743133947981072,0.03757165836611358,13.642735000757966,30.0
913,30.433333333334005,track,1,318.8595350669819,239.65858944050433,318.8571121054372,239.48726833437763,1,0.1713382390102171,1.2526318295772785,-0.23111068376626964,0.03822159055634252,13.964878000479075,30.0
914,30.46666666666734,track,1,319.0629122272958,239.4924742093692,318.9284746415319,239.39593607242386,1,0.16550853860417764,1.230064966755355,-0.22169290590461577,0.012300221836345904,14.509305001411121,30.0
915,30.500000000000675,track,1,318.8147310612179,239.54983039896624,318.9492404269149,239.4389797331305,1,0.1743004290770196,1.1911504608017711,-0.23538496477324228,0.037642862789096246,14.728189000379643,30.0
916,30.53333333333401,track,1,319.1823372668443,239.46478873239437,319.0426748307625,239.34299005774642,1,0.185311934851195,1.1610915312220853,-0.21774923217768116,0.010188987355206569,13.85391399890068,30.0
917,30.566666666667345,track,1,319.0271111925261,239.2690969041949,319.0417092091652,239.38954730286468,1,0.12133177914094583,1.136210251334906,-0.2262031215735141,-0.0015010148917559592,14.419879000342917,30.0
918,30.60000000000068,track,1,319.1958610495196,239.4948263118995,319.08550112711964,239.49457635706176,1,0.11036020546166524,1.0448737949343008,-0.21821198131922961,0.008112275619315129,14.357579000716214,30.0
919,30.633333333334015,track,1,319.0218198010984,239.6860620454208,319.08635667786575,239.54445858092186,1,0.1556166752664799,1.020912388295997,-0.2275743136540255,0.03317794450827152,14.773789000173565,30.0
920,30.66666666666735,track,1,319.04424071470714,239.6099768478656,319.1368406367742,239.4567802547897,1,0.17900821684182067,1.0198685101084004,-0.227278866287199,0.03366754693675765,14.923406999514555,30.0
921,30.700000000000685,track,1,319.1514319340918,239.68654374264418,319.1854577703764,239.3626127412249,1,0.3257131425278439,1.0342831147655123,-0.2224264577447138,0.034268792716455575,14.985071000410244,30.0
922,30.73333333333402,track,1,319.33854822285036,239.37825544100775,319.20791721391083,239.26135966021434,1,0.17529713079186895,1.0830441780358986,-0.21288362818546253,0.002292490134145307,14.384591000634828,30.0
923,30.766666666667355,track,1,319.1718001307454,239.2143269641099,319.179216319887,239.3267670306468,1,0.11268437524435755,1.0615688769759255,-0.22114674708499354,-0.00807498253222743,15.187561000857386,30.0
924,30.80000000000069,track,1,319.37177041789494,239.5375411825906,319.19433308096495,239.44358689703813,1,0.20077703133196562,0.9791295754776698,-0.21068527461978126,0.03063237053534041,14.375471999301226,30.0
925,30.833333333334025,track,1,319.3436906611428,239.61850509235285,319.1534159468822,239.35008603599385,1,0.3290186266818237,1.0672828676613968,-0.21138590824742393,0.031066721771504657,13.971151000077953,30.0
926,30.86666666666736,track,1,319.46280769062093,239.2867383719876,319.1160090898103,239.25038634759562,1,0.34869863665006756,1.1590343209625251,-0.2043624395228712,-0.005838784609881773,13.85735899930296,30.0
927,30.900000000000695,track,1,319.082776801406,239.6518453427065,319.04093023939606,239.34363300592145,1,0.3110401570514,1.1621671293839846,-0.2231028227647516,0.02944342319363641,14.234585998565308,30.0
928,30.93333333333403,track,1,319.23582925122463,239.24212736179146,319.0655995506917,239.24482417857985,1,0.1702510609785746,1.2014136344012443,-0.2153168251271545,-0.009778372928615097,13.353760001336923,30.0
929,30.966666666667365,track,1,318.92940552016984,239.62951167728238,319.04855593913226,239.35131390625702,1,0.30263975638108015,1.1515378626758346,-0.23119493554557938,0.027702013046249457,14.485821000562282,30.0
930,31.0000000000007,track,1,319.5431744447217,239.05477913651112,319.1160209298938,239.25402328067435,1,0.47133677366951277,1.1566763861001377,-0.1760064773065988,-0.021395568033407412,39.837270000134595,30.0
931,31.033333333334035,track,1,319.0580521585384,239.34065124502726,318.8889857742878,239.41470089886298,1,0.18457191963230862,1.2557577981150316,-0.22237860342043597,-0.009436130080341953,14.078539999900386,30.0
932,31.06666666666737,track,1,318.93747741235995,239.68521864835563,318.90911987481013,239.50770880856135,1,0.1797606552048627,1.196816637878315,-0.2292363673431805,0.02320148612166255,14.718432999870856,30.0
933,31.100000000000705,track,1,318.766730252657,239.57605014209523,318.96569292070876,239.4227629181987,1,0.2511635249955209,1.1844803851809607,-0.23938098564058935,0.02379427374912143,14.01028399959614,30.0
934,31.13333333333404,track,1,319.16566385880463,239.44484556758925,319.07624775775776,239.3307685491136,1,0.14494414534820163,1.1406966905812825,-0.22034120132353413,-0.004573037273661745,14.55193099900498,30.0
935,31.166666666667375,track,1,319.19391304347823,239.7697391304348,319.0851471958209,239.3861791729023,1,0.3986831456670128,1.1016949038155808,-0.21926657457184984,0.023300283962899074,15.114964000531472,30.0
936,31.20000000000071,track,1,319.09432544156334,239.47313040210446,319.0882183669419,239.28904440617112,1,0.18418726953620718,1.156202232647354,-0.22476116441142277,-0.0034524843758693274,14.586114999474376,30.0
937,31.233333333334045,track,1,319.16410335281455,239.46708705013842,319.1205100523795,239.33070309183836,1,0.14318156279498753,1.1051972309231914,-0.22171586871935708,-0.004808427816541573,13.672559000042384,30.0
938,31.26666666666738,track,1,319.28290840415485,239.4685552407932,319.13648915633644,239.37570523883255,1,0.17337738894043095,1.0655491194429647,-0.21578855868240832,-0.005811491185248709,13.736922999669332,30.0
939,31.300000000000715,track,1,319.18048599517715,239.50825449823782,319.1207978968006,239.42216860502276,1,0.10475423666107742,1.0520862413754974,-0.22096795727983107,0.02091169296872554,14.101728998866747,30.0
940,31.33333333333405,track,1,319.5324444444444,239.39822222222222,319.13268501496077,239.3222196984143,1,0.4069201212600176,1.1007367625782285,-0.1781097826847112,-0.009769801783711911,13.666770999407163,30.0
941,31.366666666667385,track,1,318.9418748072772,239.51325932778292,318.91596308276314,239.38201667783915,1,0.13377612130554548,1.247813858073934,-0.23065132363528437,0.020412134764503848,14.620592999563087,30.0
942,31.40000000000072,track,1,319.39402178051364,239.44226453188293,318.97944354578135,239.27695449090152,1,0.44632109782421964,1.2507318995191683,-0.20780285646293328,-0.007933228152697622,14.184629999363096,30.0
943,31.433333333334055,track,1,319.0127433933374,239.21210532300276,318.9210593235691,239.31917869249946,1,0.14096338214108822,1.2757862814765861,-0.22707195889545548,-0.021207815030925326,14.035281999895233,30.0
944,31.46666666666739,track,1,318.8944815039418,239.60855063674956,318.96545041696413,239.42831181138467,1,0.19370756511939546,1.181998403028516,-0.23406417091959944,0.018003830847700828,13.826833999701194,30.0
945,31.500000000000725,track,1,319.14928180574555,239.49760601915185,319.0471530399914,239.32442731702372,1,0.20105011232340345,1.1680392883723794,-0.22198401334342682,-0.0074559239998375085,13.125823001246317,30.0
946,31.53333333333406,track,1,319.12083973374297,239.3215565796211,319.0644608507663,239.3524394340002,1,0.06428319485135542,1.1377909238462574,-0.22383380021123672,-0.017648082147264127,14.430502998948214,30.0
947,31.566666666667395,track,1,318.9580762250454,239.7956442831216,319.0916798486106,239.43092111050123,1,0.388423635835958,1.0718657937881824,-0.2328551546703011,0.016335320119496826,13.374604999626172,30.0
948,31.60000000000073,track,1,319.1902265493353,239.45815390376333,319.1670713557911,239.32426953144386,1,0.13587195494084908,1.0725585263652337,-0.22175073618252122,-0.01110384535435897,13.148367999747279,30.0
949,31.633333333334065,track,1,319.4661640308937,239.51176903273262,319.18331087771946,239.36007194177637,1,0.3209640379625114,1.0375398990656792,-0.20737164860791393,0.01626170995777594,14.175330999933067,30.0
950,31.6666666666674,track,1,319.1503198294243,239.46943852167732,319.1229464729329,239.24603675750836,1,0.22507254137145888,1.1565826647366695,-0.22294996878872458,-0.010539968211384872,13.959890999103663,30.0
951,31.700000000000735,track,1,319.1657142857143,239.31809523809522,319.1457639421873,239.27105619393978,1,0.05109489095695145,1.1229774329259612,-0.2223031336620037,-0.0194209303409223,12.906777001262526,30.0
952,31.73333333333407,track,1,319.27751025503835,239.47244515783842,319.165242082153,239.33955344545666,1,0.17396651937305488,1.0644296279305894,-0.2165200228045446,-0.012867376845133808,13.581553001131397,30.0
953,31.766666666667405,track,1,319.274553218409,239.58864463071328,319.15400037934967,239.369211485179,1,0.250367514594706,1.0552769819201953,-0.21631246826575407,0.013788782629579428,12.932548001117539,30.0
954,31.80000000000074,track,1,319.09255039439086,239.4187554776512,319.14178808985514,239.25281684752963,1,0.17308951331970768,1.1378973354613542,-0.22551916232597022,-0.01567987118759577,13.425492001260864,30.0
955,31.833333333334075,track,1,318.9466537342386,239.39010669253153,319.1788274937277,239.28970234622648,1,0.2529539233778126,1.0857472274953013,-0.23361093118556311,-0.01831582728144762,14.825701000518166,30.0
956,31.86666666666741,track,1,319.57985218509,239.42593187660668,319.25918527576835,239.33676077941527,1,0.33283442025759125,0.9943302868565655,-0.17932607039707094,-0.017714684037691525,14.996365000115475,30.0
957,31.900000000000745,track,1,319.0524661033602,239.35370406759677,319.0501990285883,239.37672817980638,1,0.023135457010014154,1.136041217184533,-0.2260128713676468,-0.022676586680208843,15.456090000952827,30.0
958,31.93333333333408,track,1,319.1393501805054,239.37382671480145,319.090397230357,239.43927473113672,1,0.08173025248006373,1.0685457527331443,-0.22195137609356383,-0.023090152477228208,13.36007600002631,30.0
959,31.966666666667415,track,1,319.353358083024,239.45241309483632,319.10913524779926,239.50014328573184,1,0.24884325260718418,1.021516882637116,-0.21092346589564756,-0.02035978424089057,15.215587000056985,30.0
960,32.000000000000746,track,1,319.4790781511523,239.43581820522724,319.0692718124502,239.5425668874011,1,0.42348142389751264,1.0370631666401167,-0.20368465101189714,-0.02231055737041944,39.27085799841734,30.0
961,32.03333333333408,track,1,319.23026548672567,239.73380530973452,318.9910283747354,239.5915123585612,1,0.27835531197925345,1.088524640877441,-0.215604158123252,0.00618689712150507,12.733544999719015,30.0
962,32.06666666666741,track,1,318.90256414592307,239.6328014471972,318.97659559152305,239.4845899301656,1,0.16567229315257023,1.1458639200955512,-0.23272070876487067,0.007281256250735366,13.200009998399764,30.0
963,32.10000000000074,track,1,319.01199098498887,239.2544925412438,319.053703965203,239.36795026554364,1,0.12088270315328342,1.1379644336704382,-0.22825375171371803,-0.030673012372222887,12.965500000063912,30.0
964,32.13333333333407,track,1,319.4522670748039,239.37708054333268,319.1072543888324,239.4498535772209,1,0.3526041235472889,1.0486447505021093,-0.20600395885473402,-0.02588565730405509,13.433181999062072,30.0
965,32.1666666666674,track,1,319.11299539170506,239.71281105990784,319.0424180025675,239.50234544646696,1,0.22198410370681335,1.0791771571243445,-0.22301982533102793,0.00559404150491654,14.611373000661843,30.0
966,32.200000000000735,track,1,319.20079739035884,239.47372236317506,319.06862458423086,239.38306765738525,1,0.1602745343514713,1.1171685998376677,-0.21888240317667074,-0.0208287321283954,14.740820999577409,30.0
967,32.233333333334066,track,1,319.5750188964475,239.2696523053666,319.0730695192524,239.40083439014325,1,0.5188081693968375,1.1037207727382958,-0.17708605532138474,-0.03232658713645228,13.607521999801975,30.0
968,32.2666666666674,track,1,318.79086412015505,239.41223028319706,318.8549181253029,239.47604711562622,1,0.09041849189613729,1.2592613409469176,-0.23769174879333793,-0.02645556555931364,14.550211999448948,30.0
969,32.30000000000073,track,1,319.06881840103875,239.4464848822111,318.96032754067494,239.5160729053316,1,0.1288904951666355,1.146779950833292,-0.22482225189536162,-0.025761118513872288,13.544977999117691,30.0
970,32.33333333333406,track,1,318.99456798506196,239.9645221524359,318.99744299760516,239.54852127976642,1,0.41601080726213957,1.0995242506987621,-0.22949957554070974,0.0023850166067924793,13.676701000804314,30.0
971,32.36666666666739,track,1,319.21911098118164,239.38582725397853,319.05986044938527,239.42698440190975,1,0.1644829556618556,1.1010037467169658,-0.21879993694466607,-0.028597584809062812,14.527007000651793,30.0
972,32.40000000000072,track,1,319.24847721067005,239.6662465868515,319.0655823371636,239.4668167423631,1,0.2705971131176423,1.0758349105903255,-0.2174653016299042,0.002591983404824314,15.160396998908254,30.0
973,32.433333333334055,track,1,319.05503748400076,239.3408301334796,319.06456824744066,239.33643464852435,1,0.010495510456346393,1.1468877623269176,-0.22770010869316634,-0.030710214216336434,14.332287999422988,30.0
974,32.466666666667386,track,1,319.0609220636663,239.4577387486279,319.1185347709876,239.3797954999361,1,0.09692457924345074,1.0777915252299004,-0.22821440184133626,-0.025756308778082923,14.786901001571096,30.0
975,32.50000000000072,track,1,319.39252673527494,239.50387979947544,319.17565206062363,239.3928680850247,1,0.2436354351288073,1.0237962137728553,-0.21152346178754575,0.001820112937316801,18.190713000876713,30.0
976,32.53333333333405,track,1,319.0940217391304,239.54583333333335,319.14417176177324,239.25500036469293,1,0.2951251267162312,1.1346657789648849,-0.22664473260582513,0.0029766014184272084,15.646671001377399,30.0
977,32.56666666666738,track,1,319.2799787760877,239.19862044570215,319.19377188358,239.10710007352714,1,0.12572830563915346,1.2030270381007293,-0.2174256285364392,-0.03784503454211339,15.01695099977951,30.0
978,32.60000000000071,track,1,319.45035399758245,239.3020203764462,319.1946499729844,239.17305200882652,1,0.28638678049471766,1.1543100303297626,-0.20824118742903946,-0.034259614571541065,15.064159999383264,30.0
979,32.63333333333404,track,1,319.4840406238665,239.21309394269133,319.1470037738302,239.21602004882698,1,0.33704955181623764,1.1585452626898913,-0.20550156456177004,-0.04049109268502767,14.882088000376825,30.0
980,32.666666666667375,track,1,319.3300203505815,239.502326938227,319.0852185196736,239.28836253608551,1,0.3251287464983754,1.1589879364319406,-0.21242213137046978,-0.0012066949262721366,14.371421999385348,30.0
981,32.700000000000706,track,1,319.1628979470396,239.43350193394824,319.06082808648114,239.14732972828187,1,0.3038301955539856,1.2684993005179557,-0.22061669369935588,-0.029898471382632387,13.569629998528399,30.0
982,32.73333333333404,track,1,319.18727436823104,239.28083634175692,319.0806399759982,239.15546285976734,1,0.16458858889077171,1.2483852910719933,-0.21944084272280395,-0.038949708998340604,13.187804999688524,30.0
983,32.76666666666737,track,1,319.16336166194526,239.4868744098206,319.0946915040337,239.2080140714504,1,0.2871910146636432,1.20284046485366,-0.2207862336573665,-0.029734965247812817,13.048482000158401,30.0
984,32.8000000000007,track,1,319.096537250787,239.19342427422174,319.11644214187527,239.20756652027103,1,0.024417367027491668,1.1868552179812533,-0.2245336684646666,-0.045988843323584855,13.648318001287407,30.0
985,32.83333333333403,track,1,319.0484052532833,239.2300187617261,319.1587156321207,239.28995462301305,1,0.1255415753742697,1.100874118606965,-0.22764310276815466,-0.04606563558571905,12.69259100081399,30.0
986,32.86666666666736,track,1,319.5138928442311,239.77057877018183,319.21812214139766,239.36890239851027,1,0.4988228304857627,1.0047970782096614,-0.1785477445363225,-0.00750689688021638,14.117487000476103,30.0
987,32.900000000000695,track,1,318.92352619091076,239.2515057492243,319.0162489393954,239.2383555342176,1,0.09365060726586,1.244133610790129,-0.23225266865929703,-0.04565351692574489,13.862687999790069,30.0
988,32.933333333334026,track,1,319.2047511312217,239.53813833225598,319.1013770223035,239.30741117218008,1,0.2528264796086949,1.134549487887197,-0.2187147202634041,-0.008012727473952931,13.148833999366616,30.0
989,32.96666666666736,track,1,319.4017917511832,239.52163624070317,319.11489055392974,239.17187173318462,1,0.4523798268105929,1.2121118586258668,-0.2085317460217058,-0.006803681695136891,13.859230999514693,30.0
990,33.00000000000069,track,1,319.29567979669633,239.1858958068615,319.0746955404733,239.02604183097446,1,0.2727404170733706,1.3434220698766364,-0.21348336168985071,-0.04821403307577202,36.12390300077095,30.0
991,33.03333333333402,track,1,319.1565041308209,239.24970574340801,319.06152259882276,239.09722694057837,1,0.17964207951668018,1.302205448206188,-0.2205657318578883,-0.046618003394021765,12.659983000048669,30.0
992,33.06666666666735,track,1,319.10385537723664,239.27245895591219,319.08674855019785,239.1560617625105,1,0.11764756760395319,1.2434870161214486,-0.2236719018873869,-0.047008770018275726,13.17206299972895,30.0
993,33.10000000000068,track,1,319.52669372463316,239.29550421479863,319.1291797841211,239.21314465256228,1,0.40595619270210076,1.1736563322262192,-0.17722198279013204,-0.047328687429318325,14.02380599938624,30.0
994,33.133333333334015,track,1,319.1087955868832,239.3918173460006,318.9245299417446,239.26809989971184,1,0.22194556651252698,1.3008895429688485,-0.22112903548934443,-0.04370524083861424,14.256317001127172,30.0
995,33.166666666667346,track,1,319.0223247232472,239.27675276752768,318.95471564856814,239.29989842333043,1,0.07146123677560683,1.2580785321288726,-0.226157174912251,-0.050795921975556386,13.55553599933046,30.0
996,33.20000000000068,track,1,319.088294992017,239.34363652634005,319.0123954689856,239.3656844745865,1,0.0790370142292404,1.173762708327729,-0.22361315930702028,-0.04874188135551223,13.19070399949851,30.0
997,33.23333333333401,track,1,319.24414179851794,239.69156819547368,319.0571973371884,239.4166884832798,1,0.3324260636556127,1.1086609881036662,-0.21614351384101288,-0.01542222087683181,13.556514999436331,30.0
998,33.26666666666734,track,1,319.1029145397662,239.3141775069982,319.06286398059217,239.28616279852577,1,0.04887607984429155,1.1780439164479908,-0.2237065684486809,-0.0499599341635063,13.171335998777067,30.0
999,33.30000000000067,track,1,319.26383596443475,239.59081836327346,319.1095825451198,239.33601577793183,1,0.29785646688821427,1.110728720755349,-0.21593696086676328,-0.015060439801006157,13.707281999813858,30.0
1000,33.333333333334004,track,1,319.4422346772735,239.24914120412222,319.11559157000534,239.19591805403388,1,0.3309507867208351,1.1952932890610095,-0.20657045410093816,-0.052939826855555636,13.969150999400881,30.0
1001,33.366666666667335,track,1,319.29190056134723,239.41700080192462,319.07238698908714,239.25402611016534,1,0.2733989000717078,1.190354124758629,-0.21373586721040816,-0.04538338111251037,13.319326000782894,30.0
1002,33.40000000000067,track,1,318.92188624910006,239.3993880489561,319.06815176295106,239.26801799626696,1,0.19660033388996306,1.1849636242012866,-0.2330762510105128,-0.04695189999735985,13.259940998977982,30.0
1003,33.433333333334,track,1,319.1636363636364,239.26292335115863,319.16783178148955,239.2865627242718,1,0.02400877948054982,1.096128044663278,-0.22174952974681147,-0.05484303112898243,14.215176999641699,30.0
1004,33.46666666666733,track,1,318.9983516483517,239.39432234432235,319.2078818553874,239.34338346910954,1,0.21563319936501482,1.028881151379054,-0.230958771179611,-0.04919899311959682,14.534247000483447,30.0
1005,33.50000000000066,track,1,319.4158244496313,239.58829658177507,319.2978398147261,239.36629528064054,1,0.251405950166536,0.9458385682146406,-0.21017632063027536,-0.018217720871874454,14.200763000189909,30.0
1006,33.53333333333399,track,1,319.29062627916494,239.29083094555875,319.2777626558353,239.22016890384612,1,0.07182337324412504,1.0629032504582074,-0.21623215668446283,-0.0538893652943469,13.286938999954145,30.0
1007,33.566666666667324,track,1,319.35979379857804,239.3159563728719,319.2908005852282,239.2604892641591,1,0.08852493229193056,1.024616971524759,-0.21246307290872193,-0.05366069567017503,13.277904999995371,30.0
1008,33.600000000000655,track,1,319.30163899504873,239.7392820989232,319.28456669935804,239.2957907654345,1,0.4438198127165386,1.0038702374882793,-0.21506416685041327,-0.01873718213183429,13.298431000293931,30.0
1009,33.63333333333399,track,1,319.42401402278705,239.43610867659947,319.2930479390428,239.14103702778198,1,0.3228302851765559,1.1124740914435818,-0.20834157587018304,-0.04665741642818241,13.36318599896913,30.0
1010,33.66666666666732,track,1,319.4310550536901,239.32486790523265,319.2665306349943,239.13139753615496,1,0.25396666721884803,1.1368586321964298,-0.20716714933308344,-0.05290706451750246,13.327656999535975,30.0
1011,33.70000000000065,track,1,318.982252806954,239.22727272727272,319.23461763836826,239.15129870276905,1,0.2635527661285717,1.142849093895806,-0.2299577352662739,-0.058957461172488165,12.866933000623249,30.0
1012,33.73333333333398,track,1,319.38635527767565,239.35840382493564,319.3251349801552,239.19968076741497,1,0.17012035097893935,1.046878058350441,-0.20969662464036676,-0.05342601285147344,14.108059000136564,30.0
1013,33.76666666666731,track,1,319.30203142966656,239.39210425450364,319.3084862334051,239.214776846414,1,0.17744484819541134,1.0463109912056674,-0.21356650111996117,-0.05254011230287518,13.590303000455606,30.0
1014,33.800000000000644,track,1,319.25366837857666,239.1535216434336,319.3133826074551,239.2213661928024,1,0.09038070595873812,1.0381300734764407,-0.21586597702029342,-0.0658839887704581,13.483067999914056,30.0
1015,33.833333333333975,track,1,319.4853654457267,239.2691085465797,319.3314612339259,239.2953439909361,1,0.15612432530071912,0.9713311345024248,-0.20362934109377104,-0.061568988989623416,14.532461998896906,30.0
1016,33.86666666666731,track,1,319.3329528158295,239.3915525114155,319.2852087742468,239.3425326497486,1,0.0684283592123438,0.9711795987665381,-0.21066048696932171,-0.05645933289434091,15.495724001084454,30.0
1017,33.90000000000064,track,1,319.3385145821769,239.47802149123478,319.2773993121908,239.35869712644035,1,0.13406483602745542,0.9661372209257664,-0.2099609039447218,-0.05273056092276926,12.792159999662545,30.0
1018,33.93333333333397,track,1,319.33310031457535,239.20796924152393,319.2668148639684,239.35120530246832,1,0.15783006721479917,0.9790275804301306,-0.20982946492178856,-0.06736728498720443,13.57147300041106,30.0
1019,33.9666666666673,track,1,319.35384296664597,239.24052206339343,319.2564980906426,239.41800969803785,1,0.2024299516765846,0.9441969078513777,-0.2083579533847132,-0.06714512231943912,13.300103999426938,30.0
1020,34.00000000000063,track,1,319.2819964797586,239.6609253205934,319.2393144877626,239.47986616710523,1,0.18602195973218502,0.9215105276933423,-0.2117050128108463,-0.028617672648351165,39.186965999761014,30.0
1021,34.033333333333964,track,1,319.41016299137107,239.37488015340364,319.2409756385209,239.33248313732588,1,0.17441865535755327,1.0107901578829415,-0.20483445670360637,-0.059787021431855866,13.247144999695593,30.0
1022,34.066666666667295,track,1,319.2364953048609,239.55516883184802,319.2070001204195,239.34758020057257,1,0.20967356948373655,1.0268887007361869,-0.21335562529466004,-0.02767006973760449,14.268556999013526,30.0
1023,34.10000000000063,track,1,319.6171593366979,239.48323720259555,319.2194896476816,239.1876337961503,1,0.4955023263965233,1.1265590349526196,-0.17339144186888167,-0.053024155864554265,13.718778000111342,30.0
1024,34.13333333333396,track,1,319.3325864761424,238.86064356727763,319.01986818072965,239.15915954265847,1,0.43232455382899315,1.2913833891794202,-0.2055979297352769,-0.08599410259001936,14.68876199942315,30.0
1025,34.16666666666729,track,1,319.0530247622322,239.47847635398415,318.99305845950846,239.30277882183964,1,0.18564907827411392,1.224764727301859,-0.21998151353837236,-0.056261109487153946,12.972597000043606,30.0
1026,34.20000000000062,track,1,319.1041086155716,239.199109738877,319.0440174771355,239.2840794547824,1,0.10407111770122432,1.1943386500850628,-0.21822470103830363,-0.07136265798761957,13.930140001320979,30.0
1027,34.23333333333395,track,1,319.24766155667095,239.21758491666623,319.08667558971285,239.34218253846439,1,0.20357074670784533,1.1255599900172015,-0.21151558653572525,-0.07189283048221656,12.646311000935384,30.0
1028,34.266666666667284,track,1,319.3141296687808,239.44485553206482,319.0946329777373,239.3993776508255,1,0.22415850432465137,1.086479015595188,-0.20833332038141317,-0.06135716478870372,13.519434000045294,30.0
1029,34.300000000000615,track,1,319.23929427886264,239.5678314491264,319.08671194489614,239.3966506130073,1,0.22931255371894235,1.0945892171860034,-0.21232575077327245,-0.03274162014454429,13.175848000173573,30.0
1030,34.33333333333395,track,1,319.0745570385261,239.1295333828535,319.10118997311406,239.23757907021673,1,0.11127975450438354,1.1786200145094674,-0.2213490268553081,-0.07674644195345215,13.468330000250717,30.0
1031,34.36666666666728,track,1,319.1760078662734,239.22009177318913,319.1649106607932,239.30947535123937,1,0.09006981733373917,1.0836043996785902,-0.21706659296627212,-0.07357070894302206,13.578583000708022,30.0
1032,34.40000000000061,track,1,319.45135942165643,239.64969354078266,319.20692263038177,239.36071357945843,1,0.3784953935989289,1.0186554087076851,-0.203236849415101,-0.03389612455348645,12.978968999959761,30.0
1033,34.43333333333394,track,1,319.40389972144845,239.1981695185038,319.1763192934093,239.19663700461342,1,0.22758558791214883,1.1505833341250367,-0.20525523653437494,-0.07422473079735761,15.877530999205192,30.0
1034,34.46666666666727,track,1,319.3153669724771,239.43329510703364,319.15763639714226,239.2439331418118,1,0.24644855095564142,1.1319070339343529,-0.20955279789439737,-0.06308442671035214,16.496329999426962,30.0
1035,34.500000000000604,track,1,319.25221094005894,239.49066491975105,319.16304190838093,239.22810500894138,1,0.277288339053009,1.138560812757936,-0.21283955016627065,-0.06037916274469417,14.37597500080301,30.0
1036,34.533333333333935,track,1,319.19122068550814,239.25456003207057,319.18715720319256,239.19414340085063,1,0.06055312722308344,1.144603979861301,-0.21627158562876042,-0.07285857816258107,13.359581998884096,30.0
1037,34.56666666666727,track,1,319.26750675067507,239.2990099009901,319.2307694700156,239.22303722962351,1,0.08438882973963069,1.0933374386762575,-0.2127446108895928,-0.0715204499258566,12.988570999368676,30.0
1038,34.6000000000006,track,1,319.49382498235707,239.34174311926606,319.25677631927624,239.24109692560137,1,0.2575300467277504,1.0622218769731049,-0.20097763430290705,-0.07012956788616646,13.363175999984378,30.0
1039,34.63333333333393,track,1,319.4319880418535,239.19372197309417,319.22124339256584,239.24804517275038,1,0.21763344693376993,1.082542339054861,-0.20341835868507344,-0.07863443812483381,14.271189998908085,30.0
1040,34.66666666666726,track,1,319.34986945169715,239.36439295039165,319.1999573996367,239.29666339517485,1,0.16450202431230834,1.0652467047980425,-0.2071206487209916,-0.07097394450295973,14.811032999205054,30.0
1041,34.70000000000059,track,1,319.0800276171637,239.33601372103544,319.1996589815627,239.30074043856393,1,0.12472316466594105,1.062783929146927,-0.2210291165336098,-0.07311015890751958,14.587617000870523,30.0
1042,34.733333333333924,track,1,319.24324741472446,239.58496681586664,319.27479336360693,239.312529572951,1,0.27425753994806534,0.9992698602156838,-0.21328217306568054,-0.039029005993976164,14.641505000327015,30.0
1043,34.766666666667255,track,1,319.3900268957351,239.2697749477399,319.3098772821238,239.1388757074326,1,0.15348801801793002,1.1035417586020686,-0.2058050594186864,-0.07551794062712706,14.055643001483986,30.0
1044,34.80000000000059,track,1,319.39092011783055,239.24709755674928,319.30636207860243,239.15615688457092,1,0.12417837112136555,1.0923391274955754,-0.20540826788615124,-0.07758284877816916,14.068119000512525,30.0
1045,34.83333333333392,track,1,319.6285394336906,239.33098704207328,319.3020217058886,239.180782579582,1,0.3594095256407128,1.0762392303605142,-0.17308323965651592,-0.07417672493693125,14.021336999576306,30.0
1046,34.86666666666725,track,1,319.52535040664475,239.32912268558573,319.1265844554879,239.18357827905288,1,0.4244967115008493,1.1955748156554848,-0.17037505363614056,-0.0749690637705466,14.163498999550939,30.0
1047,34.90000000000058,track,1,319.1652780139432,239.30505016153717,318.9380190252591,239.1869401485062,1,0.2561183771537674,1.3374864159395103,-0.2113702853349344,-0.0769351089001612,13.479662000463577,30.0
1048,34.93333333333391,track,1,319.0680214981525,239.25075579442392,318.969422501164,239.19713236010693,1,0.11223740426031005,1.3064020928850915,-0.216908569819808,-0.08059598259271424,13.522152999939863,30.0
1049,34.966666666667244,track,1,319.2665017777091,239.4980677075282,319.03170334143624,239.2231984453913,1,0.36150161402664693,1.2413778934024275,-0.2074210881156215,-0.06858067301135233,14.570319999620551,30.0
1050,35.000000000000576,track,1,319.01445639187574,239.06403823178016,319.0447362882213,239.18153657999528,1,0.12133727356414788,1.2579392389646686,-0.22097719286885453,-0.09144679339901533,36.78148099970713,30.0
1051,35.03333333333391,track,1,319.3206553540082,239.4318314803979,319.1314326160905,239.25818558403307,1,0.2568231723762822,1.1422337449610676,-0.20622745227536549,-0.07385164637989818,13.57759399979841,30.0
1052,35.06666666666724,track,1,319.0413539592587,239.1876244447848,319.14083994816883,239.2373565987441,1,0.11122386941147573,1.1488171970081678,-0.22112611593928758,-0.08701784895426046,13.537720000385889,30.0
1053,35.10000000000057,track,1,319.357759486047,239.40172656093154,319.2310952235114,239.28311476311637,1,0.17352980719355418,1.0512559146890528,-0.20580159945931897,-0.0770162143120485,14.012049001394189,30.0
1054,35.1333333333339,track,1,319.3075125208681,239.66460767946577,319.2410202489399,239.27190292684645,1,0.3982941688701698,1.0517488343012467,-0.20848686887753667,-0.04597266939871447,13.326948999747401,30.0
1055,35.16666666666723,track,1,319.3536469845279,239.3789074834228,319.266679301272,239.09150225698386,1,0.30027511071569973,1.167530469087782,-0.20624796193336395,-0.07654411207340125,13.02571300038835,30.0
1056,35.200000000000564,track,1,319.2248405386251,239.1461729270021,319.2818221762411,239.0705307494186,1,0.09470293583085485,1.1746031135304378,-0.21299132557051273,-0.08908347746907873,15.382650999526959,30.0
1057,35.233333333333896,track,1,319.2873620862588,239.07856904045468,319.33436637078364,239.11282209428873,1,0.05816076392768838,1.109122520159957,-0.21015019445244898,-0.09395247895610767,12.907415000881883,30.0
1058,35.26666666666723,track,1,319.56690333151283,239.36865101037685,319.3732066174107,239.17747249319427,1,0.27215371113783793,1.0341283498240428,-0.1729862304292518,-0.08035058401853201,14.346779998959391,30.0
1059,35.30000000000056,track,1,319.15134633240484,239.155617455896,319.2152998290708,239.16597534774974,1,0.06478684788946845,1.1451425582946133,-0.21497595378821663,-0.09208634442814222,13.136221999957343,30.0
1060,35.33333333333389,track,1,319.2144011492189,239.39576225534208,319.2828110106798,239.21346970906347,1,0.19470614159249613,1.0644200040223102,-0.21227703634514505,-0.08079688860031617,13.648596999701113,30.0
1061,35.36666666666722,track,1,319.4855192768862,239.34052757793765,319.33741273380747,239.19715935311865,1,0.20613101656586605,1.0409490811780167,-0.19842789243332706,-0.08407949346667785,13.354876999073895,30.0
1062,35.40000000000055,track,1,319.38178780284045,239.31662489557226,319.3196490966367,239.1947669061367,1,0.13678665285018624,1.054171564385968,-0.2032010003380435,-0.0858862925664024,12.92061099957209,30.0
1063,35.433333333333884,track,1,319.4386385426654,239.50782997762863,319.328850731575,239.1984264130947,1,0.32830462867635807,1.045448016752449,-0.19987601864354418,-0.05067772245483204,14.243558000089251,30.0
1064,35.466666666667216,track,1,319.49203796043105,239.3165513913463,319.32183976671604,239.01072762042486,1,0.34999371995004014,1.199400326412336,-0.1964795858666422,-0.08451243120083417,13.911559999542078,30.0
1065,35.50000000000055,track,1,319.71837060702876,239.29904153354633,319.2982470520135,238.99990643736282,1,0.5157379249651709,1.2217382428474892,-0.1689485079010834,-0.08591661160616901,12.99368800027878,30.0
1066,35.53333333333388,track,1,319.37064220183487,239.22660550458716,319.1293663851595,238.99300517446613,1,0.335832002562297,1.3311804798531894,-0.1991212360133344,-0.09031148727256544,13.668850999238202,30.0
1067,35.56666666666721,track,1,318.9502662443366,239.1474366660782,319.1229632867737,239.00597937449152,1,0.22323627350760422,1.3256207603545775,-0.22075760037556083,-0.09538721653458336,13.967623001008178,30.0
1068,35.60000000000054,track,1,319.2070451564549,239.11279745175193,319.2335223544335,239.04246546424406,1,0.07515071842373917,1.2265236925222949,-0.20861843193594046,-0.09851391371189833,13.11418200020853,30.0
1069,35.63333333333387,track,1,319.6182074805928,239.21418489767115,319.280919266683,239.0920738531097,1,0.35871220559991,1.1581912576231996,-0.16747058678024787,-0.09466895332842379,14.075533999857726,30.0
1070,35.666666666667204,track,1,319.2645947518757,239.11697080133717,319.1104529169668,239.1176276540823,1,0.15414323444319866,1.2529465151287271,-0.2035094899630048,-0.10089666844459236,13.70538400078658,30.0
1071,35.700000000000536,track,1,319.171568627451,239.15629713423832,319.1337977813323,239.17285312923696,1,0.041240002266206895,1.1976970524460409,-0.20863184597180484,-0.10033342982649307,13.631845000418252,30.0
1072,35.73333333333387,track,1,319.32698730794925,239.37725450901803,319.18607740860864,239.22153722409666,1,0.21000826782644427,1.1262656339622348,-0.20113931708748214,-0.09003167018778273,13.9308660000097,30.0
1073,35.7666666666672,track,1,319.1131062569419,239.4237319511292,319.2000241951721,239.21174656463154,1,0.22911248781932292,1.1230782549227105,-0.2125368302582801,-0.08796143310259014,13.930420000178856,30.0
1074,35.80000000000053,track,1,319.3562130177515,239.26728655959425,319.2763967963749,239.18738804844975,1,0.11293538541105361,1.0880899687520338,-0.20078699748185355,-0.09629821256707204,13.548868000725633,30.0
1075,35.83333333333386,track,1,319.2096533421795,239.29723005473545,319.2917544466785,239.2039712469907,1,0.12424892990256464,1.0654921583086367,-0.20861210360412397,-0.09539508913446466,13.161615001081373,30.0
1076,35.86666666666719,track,1,319.4781384875211,239.15593920060047,319.3505085480465,239.21222220043455,1,0.13948898709438465,1.020996086010546,-0.19515689709939577,-0.10337726762087734,14.268464999986463,30.0
1077,35.900000000000524,track,1,319.2551186809205,239.5394093132814,319.33917580916625,239.25953474704284,1,0.29222486827125005,0.9924602773048397,-0.20648463399777564,-0.060182078111881074,14.547967000908102,30.0
1078,35.933333333333856,track,1,319.6097645429363,239.27112188365652,319.38994361894913,239.07296852453328,1,0.2959493070686321,1.1097549930353476,-0.16787162297879718,-0.09624733971488442,13.130593999449047,30.0
1079,35.96666666666719,track,1,319.5190894425524,239.1310270657824,319.23647299386494,239.0752515781353,1,0.2880676345773445,1.1992218864075312,-0.16549293569402337,-0.10412724608569107,13.34218299962231,30.0
1080,36.00000000000052,track,1,319.0019661816752,238.7045484336086,319.07202531366227,239.11606769144964,1,0.4174402730317476,1.281590162486736,-0.21543392258513813,-0.12775857846981625,31.03878399997484,30.0
1081,36.03333333333385,track,1,319.0939041231012,239.42454132965082,319.1756504747873,239.27943018686733,1,0.16655242350058205,1.0948849233213835,-0.21200522653999213,-0.09283599034681438,12.29638699987845,30.0
1082,36.06666666666718,track,1,319.4567863195193,239.27268525650902,319.26272178329964,239.25305724408463,1,0.1950546156590337,1.0495249637027755,-0.1940651177651546,-0.10094791817817296,13.184633999117068,30.0
1083,36.10000000000051,track,1,319.68715409263035,239.48281386542382,319.2558566337774,239.2664720759442,1,0.48251556232754017,1.0448983514499037,-0.1653107582268115,-0.09053761438422336,13.440630000332021,30.0
1084,36.133333333333844,track,1,319.20323832012144,239.2865575982459,319.09739059857225,239.22089528015067,1,0.12456034752197835,1.192353930692254,-0.2047614425109181,-0.10059275861150944,13.445549999232753,30.0
1085,36.166666666667176,track,1,319.2212311039441,239.39292502482988,319.15109546832,239.22548178441298,1,0.18153855278068173,1.149137663721326,-0.20443055843719157,-0.09544157282008586,14.415546000236645,30.0
1086,36.20000000000051,track,1,319.37958765325027,239.34812945953405,319.20481441572576,239.19913707205023,1,0.22966152503831475,1.128583866091408,-0.19670077492233365,-0.09778115786277253,15.185515001576277,30.0
1087,36.23333333333384,track,1,319.53219563687543,239.16168191414496,319.2190981612855,239.18181786935475,1,0.31374430020798066,1.1310303623753404,-0.16419571897725518,-0.10772053327089391,14.170159000059357,30.0
1088,36.26666666666717,track,1,319.24655172413793,239.27107279693487,319.061823416328,239.21406237847782,1,0.19332546526249336,1.2238763201706127,-0.20136788793300425,-0.10284905165249533,13.562025000283029,30.0
1089,36.3000000000005,track,1,319.2739083363407,239.32154456874775,319.10461352459447,239.21688538710623,1,0.1990333579731387,1.1895316041479924,-0.20036886984315636,-0.10066230698410111,13.817281000228832,30.0
1090,36.33333333333383,track,1,319.6208190569424,239.23609071626692,319.1439002792971,239.20461155569205,1,0.4779565440719559,1.1685672890878807,-0.1626608445880719,-0.10541843888048197,13.305237998793018,30.0
1091,36.366666666667165,track,1,319.00757439134355,239.3165013525699,318.98391374606877,239.21427566079228,1,0.10492815729932597,1.2844430748972158,-0.2124422787119924,-0.10178033831341708,13.433403999442817,30.0
1092,36.400000000000496,track,1,319.26697388632874,239.1889400921659,319.09127579170956,239.20111460223552,1,0.1761193889049283,1.2099576709515054,-0.20026115546655904,-0.1087677847510341,13.812191999022616,30.0
1093,36.43333333333383,track,1,319.1853088480801,239.2531997774068,319.13553083983277,239.22180414170225,1,0.05885181429969965,1.1631404570179866,-0.2050876438270805,-0.1061784647137462,13.545607000196469,30.0
1094,36.46666666666716,track,1,319.5150647823264,239.43194733999437,319.20739752793145,239.22527440693557,1,0.37063842311080775,1.1083403914313574,-0.16321244913617142,-0.09729527177390393,14.65525300045556,30.0
1095,36.50000000000049,track,1,318.92384164743476,238.920468666785,319.057811567877,239.1779643292807,1,0.2902618744985415,1.2503846150530085,-0.21747142284000165,-0.12400331188868992,14.258252000217908,30.0
1096,36.53333333333382,track,1,319.24148633314843,239.31532369758628,319.19949985834603,239.26970010967034,1,0.0620030308989498,1.0835766731540233,-0.2026210699651274,-0.10509338250123015,13.383901999986847,30.0
1097,36.56666666666715,track,1,319.3483591097699,239.12995096190116,319.2638906371229,239.25719223981105,1,0.15272611327291702,1.045763052852901,-0.19766050204489027,-0.11521417476075055,13.24119899982179,30.0
1098,36.600000000000485,track,1,319.2857142857143,239.3356449375867,319.3037407156763,239.29527760188012,1,0.044209433034411834,0.9906617230007195,-0.20117723851584896,-0.10547235189341807,14.395569000043906,30.0
1099,36.633333333333816,track,1,319.2538215428368,239.38784216139354,319.3642736545187,239.2780286528639,1,0.1557519683040084,0.961972251379712,-0.20330537929919149,-0.1029615192584658,13.743612998950994,30.0
1100,36.66666666666715,track,1,319.5590074247753,239.32590855803048,319.43809485899806,239.24401711586484,1,0.14603443724959356,0.9419381660118332,-0.16472360381876086,-0.10619346837821232,13.41296099963074,30.0
1101,36.70000000000048,track,1,319.13307170888334,239.28861933642526,319.3080960031882,239.22387763956408,1,0.1866145517085534,1.039758173409929,-0.20790368214179078,-0.10833990644971825,14.43800200104306,30.0
1102,36.73333333333381,track,1,319.51009564293304,239.34891958908963,319.410351513194,239.21182734841705,1,0.16953811922406684,0.9843279264025492,-0.16336806222208103,-0.10548971988041855,14.007015999595751,30.0
1103,36.76666666666714,track,1,319.3106646058733,239.6742658423493,319.2770555157565,239.18122413170067,1,0.4941858955674631,1.0922649174112542,-0.19717701088107212,-0.07135389835269897,13.861078999980236,30.0
1104,36.80000000000047,track,1,319.5359669155349,239.0775297843929,319.32605687208866,238.9652178609099,1,0.2380676258882447,1.234898139539789,-0.16122838603972678,-0.11729356604413119,14.239932999771554,30.0
1105,36.833333333333805,track,1,319.38583532478816,239.07082337605908,319.1853263302827,238.99088444032236,1,0.21585664299324633,1.2969222802134985,-0.1910176774874151,-0.11870733673799873,14.45423900077003,30.0
1106,36.866666666667136,track,1,319.3579457364341,239.14476744186047,319.2054772284836,239.02075908482402,1,0.19653172398250354,1.261023078461624,-0.1923157574087573,-0.11604654390006136,15.259646999766119,30.0
1107,36.90000000000047,track,1,319.1490115628497,238.95356210369266,319.23456753420794,239.03311749147383,1,0.11682843814784746,1.233186378850484,-0.20332049767973065,-0.12715051379848874,12.868066000010003,30.0
1108,36.9333333333338,track,1,319.1646566972182,239.22045344910757,319.3243771759071,239.10137846770976,1,0.1992221938125683,1.1242717014720742,-0.20341439826417335,-0.11497783579084167,13.479489998644567,30.0
1109,36.96666666666713,track,1,319.61231495387256,239.25144818708432,319.4167260593134,239.10140666774942,1,0.24651059449685325,1.071297562141006,-0.16047935956812093,-0.11417423413798694,13.48201600012544,30.0
1110,37.00000000000046,track,1,319.3447293540814,239.01627966151335,319.2821375363418,239.09384397866756,1,0.09966924773241269,1.1560472532411727,-0.19255796331285047,-0.12724181264054288,37.5546180002857,30.0
1111,37.03333333333379,track,1,319.4299501867995,239.31397882938978,319.3206953719821,239.15267687786263,1,0.19482026107993114,1.0860070215957067,-0.18816995780279505,-0.11318651687412978,13.974256999063073,30.0
1112,37.066666666667125,track,1,319.48028673835125,239.03754008677606,319.337921965954,239.1332569224512,1,0.17155011236189338,1.090683678086792,-0.18529721425154835,-0.12814572670247065,14.620702000684105,30.0
1113,37.100000000000456,track,1,319.4465730800991,239.23815028901734,319.3419096747666,239.190335065392,1,0.11506834502212959,1.0433792131816588,-0.18663851195652728,-0.11906372916244037,13.33707800040429,30.0
1114,37.13333333333379,track,1,319.50607047675453,239.3560852827954,319.35514432137757,239.195698493666,1,0.2202331185451265,1.030892700208302,-0.15737794388613574,-0.11352132669850062,14.295938999566715,30.0
1115,37.16666666666712,track,1,319.57503434065933,239.45947802197801,319.214426867983,239.16823204370758,1,0.46353205844766454,1.1440992434495827,-0.1550475256534924,-0.10816982461975286,14.275806999648921,30.0
1116,37.20000000000045,track,1,319.26932284541726,239.3108755129959,319.0633956700019,239.10896088327036,1,0.28840166308769166,1.2927406462680422,-0.1909982526233397,-0.11556638629174897,14.456705001066439,30.0
1117,37.23333333333378,track,1,319.3828715365239,239.30965575146934,319.1062277012967,239.08588175431737,1,0.35581823080133584,1.2784526150856317,-0.18541514678738466,-0.11573774957519357,12.511932000052184,30.0
1118,37.26666666666711,track,1,319.3009155294524,239.0297115218518,319.12142002939663,239.06046737025008,1,0.18211138556108367,1.2863220153251733,-0.18976584540595964,-0.13056761360559657,13.391758999205194,30.0
1119,37.300000000000445,track,1,319.0833333333333,239.16088214027477,319.16196376347636,239.1109035426266,1,0.09316976316036299,1.2218008201996857,-0.20170467190185842,-0.1249219762679267,13.252819999252097,30.0
1120,37.333333333333776,track,1,319.296062992126,239.23937007874017,319.26833971376925,239.12799477441627,1,0.11477385841770309,1.1382969243095589,-0.19196853706583752,-0.12156698166653401,13.872376999643166,30.0
1121,37.36666666666711,track,1,319.5974878140232,239.07349081364828,319.32495885740946,239.12396503975333,1,0.2771636334259845,1.1059465609894235,-0.15573463724798997,-0.13075611152343436,14.345629000672488,30.0
1122,37.40000000000044,track,1,319.2515516611902,239.1894852135816,319.1905105279624,239.1657235844864,1,0.06550293858291141,1.16245014638134,-0.1929954244384256,-0.1257819604912677,14.169492000291939,30.0
1123,37.43333333333377,track,1,319.3745647791827,239.202492211838,319.2569771120516,239.17774019505987,1,0.12016456131460161,1.108239233575226,-0.1872837500056112,-0.12577301470934704,14.081852001254447,30.0
1124,37.4666666666671,track,1,319.4943799520914,239.24378109452738,319.2951828459252,239.18650328636272,1,0.20726850801106708,1.0763568756582438,-0.1812667889607666,-0.12419794310342612,13.811171998895588,30.0
1125,37.50000000000043,track,1,319.5064640455035,239.23814590749305,319.303510208097,239.1836675431755,1,0.21013841223520724,1.073078147336071,-0.15460166461551827,-0.12489577178081582,13.044122999417596,30.0
1126,37.533333333333765,track,1,319.2998573030111,239.1140984651251,319.1718463101647,239.1813624917213,1,0.1446072735496115,1.1644766652658012,-0.1892388568648003,-0.13183028026977928,13.622364000184461,30.0
1127,37.566666666667096,track,1,319.41026048284624,239.18503811944092,319.22714746513464,239.21285785116447,1,0.1852142400805649,1.1031290963079672,-0.1839370484743284,-0.12899716406329603,13.386476999585284,30.0
1128,37.60000000000043,track,1,319.4644222020018,239.22656960873522,319.2564162692822,239.2260670853393,1,0.20800653974407352,1.0732608820707825,-0.18119611935970673,-0.12743209004676695,13.132365000274149,30.0
1129,37.63333333333376,track,1,319.49152022885164,239.45320800980792,319.2733213201666,239.2277605834247,1,0.3137472004881775,1.0603846567340531,-0.17965255796980747,-0.11589815827979338,13.599683999927947,30.0
1130,37.66666666666709,track,1,319.48960659680466,239.0991238618794,319.28425912869045,239.16477863679302,1,0.21558787565601698,1.0999453261050225,-0.17951507129914024,-0.13396637321580734,13.024809999478748,30.0
1131,37.70000000000042,track,1,319.3215725806452,239.3625,319.2967392845595,239.19500692902534,1,0.16932401311983045,1.0689197716382033,-0.1881336628913896,-0.12091449625404342,13.092245999359875,30.0
1132,37.73333333333375,track,1,319.42818197303154,239.0605188689808,319.35747137109456,239.15247923953757,1,0.1160030128023714,1.0635480611509376,-0.18298904419235137,-0.1365928434656719,13.575246000982588,30.0
1133,37.766666666667085,track,1,319.45427469018193,239.3271047442429,319.3930620739268,239.19043106841423,1,0.14975539407085736,1.0118179189434158,-0.1816788204594012,-0.12354682507298562,13.414693999948213,30.0
1134,37.800000000000416,track,1,319.57662765179225,239.25091441111925,319.4239719478745,239.15567347179535,1,0.1799294318946091,1.0221035187619631,-0.1530462530778587,-0.12748746125971214,12.686861999100074,30.0
1135,37.83333333333375,track,1,319.45938015771134,239.17476618375207,319.3044922495121,239.13880964825307,1,0.15900671857320614,1.1069687678208016,-0.17928489945255777,-0.1317162222981828,13.66774300004181,30.0
1136,37.86666666666708,track,1,319.2610136452242,239.32768031189084,319.32727984915607,239.14138400584443,1,0.19773093695747848,1.0907675402079207,-0.1895808627122872,-0.12420153701215172,14.546172998961993,30.0
1137,37.90000000000041,track,1,319.5090238695905,239.04094702115273,319.4073174746119,239.10077260763364,1,0.11799699817086504,1.0769784023286764,-0.15156798064020469,-0.13921173688315405,13.924295000833808,30.0
1138,37.93333333333374,track,1,319.2874673104003,238.9328102997385,319.2869682958815,239.13711598577947,1,0.20430629545896598,1.1193672467405373,-0.18694161595424794,-0.14602354517775143,15.072996000526473,30.0
1139,37.966666666667074,track,1,319.3621206444361,239.34319970026226,319.35763739136746,239.20669723096967,1,0.13657607287169027,1.020763931729758,-0.183671384065622,-0.12605192645206403,14.175860000250395,30.0
1140,38.000000000000405,track,1,319.27321178120616,239.58527349228612,319.41323442878854,239.16667927921094,1,0.4413926336675894,1.0191747932791062,-0.18879097251728552,-0.09156223254208852,37.45460199934314,30.0
1141,38.03333333333374,track,1,319.7395661015065,238.95863647528483,319.4985153831025,238.93964031056748,1,0.24179806268262863,1.1729661086145171,-0.1514595321282568,-0.1436240906127736,12.961085998540511,30.0
1142,38.06666666666707,track,1,319.5675780492534,239.22416133410897,319.3870850071961,238.98719655082755,1,0.2978758915164459,1.183822459264654,-0.14950809843124646,-0.13097973760157047,13.270901001305901,30.0
1143,38.1000000000004,track,1,319.1458330255676,239.05645176018714,319.26764688357935,238.96425619020124,1,0.15276988947019488,1.268505548536345,-0.19229393047884547,-0.1401480159330445,12.691389998508384,30.0
1144,38.13333333333373,track,1,319.40234157219845,238.92696524809514,319.37880994971,238.98716127916396,1,0.06463203086223578,1.1881579663513178,-0.18002497674077333,-0.14804733063037154,13.69090799926198,30.0
1145,38.16666666666706,track,1,319.45805142083896,239.23257780784843,319.42695884143905,239.04915206222677,1,0.18604234101570094,1.1101747475836814,-0.177382760270421,-0.13361677547397416,12.999245000173687,30.0
1146,38.200000000000394,track,1,319.4513098977057,239.0440602658283,319.46344629067744,239.03114398454977,1,0.017723497296830298,1.1075070481319262,-0.17781576661278528,-0.1439872071861082,13.358800000787596,30.0
1147,38.233333333333725,track,1,319.6068031597614,239.311784620345,319.50468359190506,239.06541709421276,1,0.2666933896287788,1.0577256505908263,-0.1491709748767577,-0.13107996518263382,14.552587001162465,30.0
1148,38.26666666666706,track,1,319.62059336823734,239.2326352530541,319.3955992343998,239.02783194982067,1,0.3042478484338457,1.144731847747578,-0.1472150268461942,-0.13532585539430445,15.059882000059588,30.0
1149,38.30000000000039,track,1,319.3693330999475,239.04778575179415,319.27854376972437,239.00988010849483,1,0.09838465467895854,1.2250863201251359,-0.17826490006587067,-0.1454084795860207,13.558860999182798,30.0
1150,38.33333333333372,track,1,319.1411502310021,239.03138441930858,319.3295582690073,239.04269903689578,1,0.18874747509865167,1.1687246248012224,-0.19065039532665579,-0.14737148321888702,13.114747000145144,30.0
1151,38.36666666666705,track,1,319.3652261644527,238.98335295106776,319.44910938014357,239.08299234417927,1,0.13024746651768537,1.069758625055029,-0.18025461805940754,-0.15109069381939938,13.348751001103665,30.0
1152,38.40000000000038,track,1,319.51026447198075,239.1954873312373,319.5157069524297,239.14013475292018,1,0.05561949765856244,0.9868677718218283,-0.14759021177310883,-0.14132942764556358,12.719523001578636,30.0
1153,38.433333333333714,track,1,319.6589853519114,239.27366916755983,319.410594906204,239.14223870558794,1,0.28101918057823916,1.0407462720491196,-0.14574239991193888,-0.13771573520017585,13.407864000328118,30.0
1154,38.466666666667045,track,1,319.19486744038744,239.07217843533869,319.29813832572245,239.12209961375947,1,0.11470396598547253,1.123974598458948,-0.18605028429236817,-0.14844211658403184,13.117091999447439,30.0
1155,38.50000000000038,track,1,319.34588263104837,239.19739342224327,319.4031774770357,239.15620625588372,1,0.0705626108462497,1.0335303607186717,-0.17923957830192697,-0.14273040377343063,12.745074000122258,30.0
1156,38.53333333333371,track,1,319.67469676549865,239.33153638814017,319.47442306959,239.15689721385547,1,0.2657224011402782,0.9935056204087999,-0.1455180413792329,-0.1360122149821813,13.719562999540358,30.0
1157,38.56666666666704,track,1,319.51838710218647,239.1932065407603,319.36836050172474,239.11881306619148,1,0.1674585617534173,1.0841858088428797,-0.14367914683173164,-0.14304109490891087,13.171458000215353,30.0
1158,38.60000000000037,track,1,319.07018965796726,239.36877938077484,319.25504033452955,239.11527999585314,1,0.3137382838947378,1.156587389225498,-0.19061891709649387,-0.1340339873149637,13.538678000259097,30.0
1159,38.6333333333337,track,1,319.43051724137933,239.07068965517243,319.39462522042675,239.06078125182103,1,0.037234575666107605,1.1174124040273774,-0.17336088700457508,-0.14924251872024208,13.233575999038294,30.0
1160,38.666666666667034,track,1,319.6337662337662,239.10705009276438,319.4447366358312,239.08447545704712,1,0.19037280024531303,1.0707486130446977,-0.1438704080428823,-0.14803406451629578,12.920322998979827,30.0
1161,38.700000000000365,track,1,319.41140242829493,239.371810663382,319.34014456987234,239.09881393567184,1,0.2821433956828212,1.116935768613504,-0.17293212023243684,-0.13467560418307722,13.584024000010686,30.0
1162,38.7333333333337,track,1,319.5715840198974,239.27561013524019,319.39313706313624,239.03900526807115,1,0.2963531331796448,1.136570938804047,-0.14242547672240882,-0.1392342191495099,12.690055000348366,30.0
1163,38.76666666666703,track,1,319.4499249812453,239.05195048762192,319.2860258775729,239.00061583448564,1,0.17175029198589567,1.2282213797912653,-0.16940020710175843,-0.15084672260012563,13.247230999695603,30.0
1164,38.80000000000036,track,1,319.4989851150203,239.04025710419486,319.3253879707362,239.0212750509554,1,0.17463186092112715,1.1886984125125155,-0.16695643798820853,-0.1522528655793829,13.723834001211799,30.0
1165,38.83333333333369,track,1,319.5875493362038,238.97434517402223,319.35433427982923,239.0465577044772,1,0.2441391244239524,1.1514931320226822,-0.1406970004952489,-0.15662550003806833,13.52128400139918,30.0
1166,38.86666666666702,track,1,319.26372382569326,239.37936238445576,319.2458574789089,239.09229382440594,1,0.2876239985058545,1.1801107758720235,-0.17745802243498215,-0.13653181971570394,13.567601999966428,30.0
1167,38.900000000000354,track,1,319.19614512471657,239.25944822373395,319.3360762278385,239.02800517190053,1,0.2704562808715732,1.1771018312335189,-0.18194346027446337,-0.14242793146502722,12.9205200009892,30.0
1168,38.933333333333685,track,1,319.54596100278553,239.02736359167622,319.4528635916747,238.99231277642798,1,0.09947707075051536,1.1466437065912765,-0.1410836899271683,-0.15467234505947883,14.021149001564481,30.0
1169,38.96666666666702,track,1,319.4333588370314,239.15944912012242,319.35438794427694,239.01908308457632,1,0.16105597113228393,1.1743138087663199,-0.16906964813780392,-0.14869151785936288,14.76384799934749,30.0
1170,39.00000000000035,track,1,319.7747183979975,239.37859824780975,319.40783595930077,239.0111236804214,1,0.5192689876175086,1.1526207643976167,-0.13961005105218205,-0.13759723753919373,64.62678699972457,30.0
1171,39.03333333333368,track,1,319.49826130153997,239.01109455207816,319.3068407668994,238.94117171376683,1,0.20379162004258963,1.26553824997905,-0.16403632644191668,-0.15648664651378857,28.885663999972166,30.0
1172,39.06666666666701,track,1,319.2351384723937,239.07496913035808,319.3388030822897,238.96914912533202,1,0.1481358322911867,1.2246774635769746,-0.17783484423288387,-0.15413479993891882,31.437982999705127,30.0
1173,39.10000000000034,track,1,319.3060186683567,239.1361575326776,319.44705089713716,238.98177818126692,1,0.20910063055084044,1.1586752705141008,-0.17519260780992285,-0.15171749464888484,29.808614001012756,30.0
1174,39.133333333333674,track,1,319.74590163934425,239.154612664738,319.54390952456663,238.97871876200747,1,0.26784226598898886,1.1184962623346504,-0.1396468634011607,-0.15131623082650197,35.377221000089776,30.0
1175,39.166666666667005,track,1,319.70705049261085,239.27032019704433,319.4539028942223,238.97073211336556,1,0.39222025247581865,1.1651671259504737,-0.13786651946540107,-0.14571031973282328,34.761805000016466,30.0
1176,39.20000000000034,track,1,319.2527598020556,239.03597259231063,319.357122417395,238.93006917218077,1,0.1486845313934013,1.2482161521683786,-0.17527234034773068,-0.15805679384554083,32.112967001012294,30.0
1177,39.23333333333367,track,1,319.51679382306713,239.12013138612429,319.4625702183125,238.95248507937526,1,0.1761972856748109,1.177335245024159,-0.13715110995674615,-0.15457119565088231,32.587473000603495,30.0
1178,39.266666666667,track,1,319.3111844425104,239.0171847774905,319.3674445717088,238.9535512332302,1,0.08493780131689879,1.2227761002467685,-0.17158102403597386,-0.16061524390894694,32.62259800067113,30.0
1179,39.30000000000033,track,1,319.5112692763938,239.12133536688697,319.4586940991744,238.98410156274758,1,0.14696008389429874,1.1511132494591958,-0.13638186772009675,-0.15618404026269642,29.555607001384487,30.0
1180,39.33333333333366,track,1,319.3426958931844,239.25821284166534,319.3649729124745,238.9882772362539,1,0.27085327514595386,1.1945050659470366,-0.1692336156416629,-0.14959165547422992,29.820544999893173,30.0
1181,39.366666666666994,track,1,319.3723006981653,238.9897710667316,319.4492282907688,238.95456116327045,1,0.08460255200356134,1.1816479327751839,-0.1685023277571744,-0.16374812249463674,31.288996999137453,30.0
1182,39.400000000000325,track,1,319.43312331233125,238.96597659765976,319.53235980223747,238.99362312608264,1,0.10301558844536064,1.1097214816876633,-0.16607066713418378,-0.1660971327962484,32.47073599959549,30.0
1183,39.43333333333366,track,1,319.6420969023034,239.1928514694202,319.60530785390665,239.0424992917524,1,0.15478763326373696,1.0356589672679144,-0.13690245474107074,-0.15538550996700864,29.417972998999176,30.0
1184,39.46666666666699,track,1,319.59379544352885,239.0869284213928,319.5254865336849,239.03154224996433,1,0.08794165764626172,1.0784588278272482,-0.13532022400147375,-0.1612718464386266,30.807110999376164,30.0
1185,39.50000000000032,track,1,319.5494100294985,239.25774336283186,319.4400300766906,239.04928378008958,1,0.2354131935838414,1.1033710372362826,-0.13367593297746566,-0.15297410352066018,30.491395998978987,30.0
1186,39.53333333333365,track,1,319.30160158358825,238.89418751124708,319.34861646322463,239.0200848184304,1,0.1343894745254815,1.1766623453873937,-0.16861117194180134,-0.17208894269830594,29.681752999749733,30.0
1187,39.56666666666698,track,1,319.30473272046305,239.36550902281238,319.44634545712665,239.0901551923862,1,0.3096351064006254,1.0650591189159886,-0.16940335843034338,-0.1487001492067052,31.203992999508046,30.0
1188,39.600000000000314,track,1,319.6773399014778,239.17692939244662,319.551129684413,239.0328182803496,1,0.19156469278388202,1.0662668704602345,-0.133952730835132,-0.15813332598219415,29.075943999487208,30.0
1189,39.633333333333645,track,1,319.3863430537946,239.34305379460244,319.4696830110771,239.02313403934022,1,0.330596730605269,1.1115319220949056,-0.16455718910717304,-0.14954853098158377,33.53442099978565,30.0
1190,39.66666666666698,track,1,319.4732303269853,239.12666187567373,319.5543080713056,238.96501609834286,1,0.180839591773973,1.1268686578269675,-0.16066858805475348,-0.1604003025302886,29.507834999094484,30.0
1191,39.70000000000031,track,1,319.8135655362053,239.0225481209899,319.62105069328493,238.96213565350217,1,0.20177123425458543,1.104882337079924,-0.13334287685127175,-0.16620237145595934,29.72726100051659,30.0
1192,39.73333333333364,track,1,319.65907353615654,238.815930285889,319.5449217357183,238.9875704946944,1,0.2061334393592136,1.1100043827999009,-0.13165184528271404,-0.17788428976875104,28.908325999509543,30.0
1193,39.76666666666697,track,1,319.68299711815564,239.17899455651616,319.46264823766114,239.07268938506263,1,0.24465162703923013,1.0717517870590176,-0.12989169267984865,-0.16048688768869784,29.14807799970731,30.0
1194,39.8000000000003,track,1,319.58685095255885,239.20227867015316,319.37387026933015,239.0624122113611,1,0.254800701968403,1.1274348322778853,-0.12812867126614355,-0.1595307521367007,30.218711000998155,30.0
1195,39.833333333333634,track,1,319.35743660041123,239.1365661411926,319.2785812141,239.0444353529224,1,0.12126934525091673,1.197309007480535,-0.1600549808364306,-0.1631151408957033,29.81655899930047,30.0
1196,39.866666666666966,track,1,319.36620227971775,238.99457210059705,319.35646615545465,239.04298459281335,1,0.049381793388453124,1.1532624587091758,-0.1603146074926705,-0.17096073675209497,31.55150699967635,30.0
1197,39.9000000000003,track,1,319.76771416040145,239.15111932174995,319.438644737196,239.0807960510797,1,0.3364996993855004,1.0770587870624537,-0.1278175187735651,-0.1636627027074454,32.83712799930072,30.0
1198,39.93333333333363,track,1,319.5160240767854,239.03237351553605,319.3504230643439,239.07711341245317,1,0.17153819894651343,1.1285698245169482,-0.12628751847097433,-0.17023838789356718,34.314876998905675,30.0
1199,39.96666666666696,track,1,319.4766123316797,239.20889440113393,319.25696749639064,239.10593958560366,1,0.24257689030495766,1.1625150863582525,-0.15215176730299812,-0.16172384344788032,33.83362800013856,30.0
1200,40.00000000000029,track,1,319.5169297352342,239.4270621181263,319.30438921747975,239.08680311372973,1,0.4011853209680924,1.1479559720878452,-0.12514945157742183,-0.15029356756816853,48.57188800087897,30.0
1201,40.03333333333362,track,1,319.34849016853934,238.96190308988764,319.2107417061226,239.00416322543674,1,0.14408524544453394,1.2706768023485975,-0.15786763150415745,-0.1738978300861591,13.83979599995655,30.0
1202,40.066666666666954,track,1,319.47995263068856,239.17222128235494,319.2945427292484,239.04488061667598,1,0.22492771436087453,1.1874017842573508,-0.15196042196263534,-0.16378644235159143,12.64545499907399,30.0
1203,40.100000000000286,track,1,319.9025680933852,239.03392996108948,319.34979863368187,239.02914833873297,1,0.5527901405534049,1.1684668437516406,-0.1251280717045391,-0.17122015398187362,11.679304998324369,30.0
1204,40.13333333333362,track,1,319.62020360219265,239.1123727486296,319.26491706003435,239.05055013554397,1,0.36062523833965854,1.2007505876509552,-0.12365111186460193,-0.16780297810786682,11.834105000161799,30.0
1205,40.16666666666695,track,1,319.2747482424473,239.10792323769712,319.1751351153207,239.0512245156583,1,0.11461902188019597,1.257210005394808,-0.160225985779077,-0.16844660830305283,11.739294001017697,30.0
1206,40.20000000000028,track,1,319.41734260332174,239.17072228659714,319.28340423794,239.05283904782323,1,0.17842629768329285,1.1876966597287364,-0.15404448063953113,-0.1655546036861318,11.119180999230593,30.0
1207,40.23333333333361,track,1,319.46146360451536,239.06850914752823,319.3616986981466,239.03654697711363,1,0.10475980565264446,1.1557120226322093,-0.15257703417411922,-0.1710809291477082,12.906114001452806,30.0
1208,40.26666666666694,track,1,319.72741624276443,239.38975618312577,319.43516840081804,239.04725605560498,1,0.4502389792922006,1.107590068128022,-0.12504042012645328,-0.15471962313347828,11.704189000738552,30.0
1209,40.300000000000274,track,1,319.31726618705034,239.25827338129497,319.3647860107799,238.96824226788976,1,0.29389824836216777,1.2116190943816443,-0.15954086290648267,-0.1608549800431218,12.443312998584588,30.0
1210,40.333333333333606,track,1,319.80265957446807,239.04716312056738,319.48142402293513,238.91949786272062,1,0.34567426521184497,1.1985015280149194,-0.12486384927517011,-0.1716718595467418,12.46664599966607,30.0
1211,40.36666666666694,track,1,319.46645920039896,238.86521003115686,319.4161441613776,238.92600103434097,1,0.07891228814229233,1.2224407627898155,-0.1514304804242085,-0.1818154025236598,14.50538700009929,30.0
1212,40.40000000000027,track,1,319.407786541366,239.17335123342843,319.4955873229327,238.98417075548855,1,0.20856229399697743,1.134169829783403,-0.15510070795213518,-0.16695995304134037,12.960044999999809,30.0
1213,40.4333333333336,track,1,319.69531914893616,239.02706382978724,319.59764744590336,238.96068919428762,1,0.11809044758588387,1.1144750013609972,-0.12490779842643006,-0.17482621001862622,11.31353799974022,30.0
1214,40.46666666666693,track,1,319.76881248903703,239.02017189966674,319.54172918981453,238.97674894000875,1,0.23119770373261617,1.1211845821457178,-0.12348666746587078,-0.17595157809660628,11.159320998558542,30.0
1215,40.50000000000026,track,1,319.55717104939527,238.9325660252386,319.48129006359693,238.99640876681042,1,0.0991656173133265,1.1297147256977145,-0.12205683303300938,-0.18139588440733256,12.421998000718304,30.0
1216,40.533333333333594,track,1,319.3169702418559,239.16553970059005,319.4162916379986,239.04271322024147,1,0.15795912131481685,1.1212106985624168,-0.15645444351000504,-0.17033027055545996,12.790366999979597,30.0
1217,40.566666666666926,track,1,319.52356263118327,238.94941647638808,319.5378215744005,239.02761962765067,1,0.07949245454173927,1.0766301526614792,-0.12185225371811871,-0.1819721892227033,12.271953999515972,30.0
1218,40.60000000000026,track,1,319.5336271629122,239.28452497551422,319.47788885906937,239.07224509048274,1,0.21947552962517608,1.0645793608826304,-0.1205968342167549,-0.1654207655866081,12.088933999621077,30.0
1219,40.63333333333359,track,1,319.7730358874879,239.0419010669253,319.41435082034104,239.02623540414265,1,0.3590270050909133,1.1363108948612752,-0.1192208695434085,-0.177907366870447,11.275400000158697,30.0
1220,40.66666666666692,track,1,319.5646246764452,239.3518550474547,319.34657240308127,239.04447034879058,1,0.37687152571136084,1.1575856507210944,-0.1178504025545978,-0.16220948632615906,11.794744999860995,30.0
1221,40.70000000000025,track,1,319.5311379197913,238.9686990544506,319.2745907463013,238.97664302804924,1,0.2566701364441129,1.254383544770855,-0.11650302917260472,-0.18170635975683067,11.876577998918947,30.0
1222,40.73333333333358,track,1,319.2862467387253,239.2858740216176,319.1985367994205,239.01046916249265,1,0.289034374914959,1.2733870347467635,-0.15259225381354788,-0.16585521594555216,11.119507000330486,30.0
1223,40.766666666666914,track,1,319.549562421861,238.9417753170209,319.3180801674812,238.9574363854258,1,0.23201142893477653,1.2457742766715378,-0.11657772161620222,-0.18356403169867969,11.987879001026158,30.0
1224,40.800000000000246,track,1,319.46301667875275,239.03625815808556,319.24867519491625,238.9965415655597,1,0.21799009017636453,1.2535620416969795,-0.14352854899404888,-0.17957182094597174,11.640822000117623,30.0
1225,40.83333333333358,track,1,319.62440292175665,239.11427313351217,319.3261448122619,239.01205633821974,1,0.3152874452293602,1.1958735271312693,-0.1161662860138372,-0.17610572678595718,11.978438000369351,30.0
1226,40.86666666666691,track,1,319.4696416721964,239.1033510285335,319.2608268488905,239.00679712746478,1,0.23005713691141955,1.238074671953756,-0.14276940995657458,-0.17700745893822895,11.263458000030369,30.0
1227,40.90000000000024,track,1,319.8409860745201,239.22845314264208,319.3405443114001,239.00406950128036,1,0.5484432302302805,1.1944703275957655,-0.11562130633189495,-0.1707600579956941,11.557580999578931,30.0
1228,40.93333333333357,track,1,319.4719081272085,239.2773851590106,319.2786315607508,238.96575526945594,1,0.36670017617330897,1.2609657361732667,-0.14201336464441558,-0.16798922344938097,12.152142000559252,30.0
1229,40.9666666666669,track,1,319.38703669212146,239.2389644254051,319.36064366682,238.9104066642567,1,0.32961613157643505,1.2633250405471976,-0.14715697399860514,-0.1695656162726801,11.152637998748105,30.0
1230,41.000000000000234,track,1,319.79735627883775,238.86669160743236,319.4732630728507,238.86121946821208,1,0.32413939975664013,1.2547003188019943,-0.11604887347679356,-0.18884005233632262,31.750703001307556,30.0
1231,41.033333333333566,track,1,319.5245237130118,238.98054316984192,319.42315479525064,238.912593840118,1,0.12203593281486122,1.2309356387689958,-0.11486725119826892,-0.1840691073825977,12.62515300004452,30.0
1232,41.0666666666669,track,1,319.734693877551,239.27632005183025,319.3699341517057,238.93629836756713,1,0.49866261476862356,1.2363026069806509,-0.11359575298966175,-0.16933857157104057,11.715356000422616,30.0
1233,41.10000000000023,track,1,319.3806390977444,238.97857142857143,319.31312920220444,238.8792258770568,1,0.12011296600101913,1.3145060393636159,-0.14481347943285539,-0.184674563561641,11.517037999510649,30.0
1234,41.13333333333356,track,1,319.3380843785633,239.2375522614975,319.42602317431556,238.90174185253863,1,0.3471337819393121,1.2392014989048616,-0.14817252352493487,-0.17186649269913512,12.30233699970995,30.0
1235,41.16666666666689,track,1,319.6047063115651,239.0388544326888,319.56004375598854,238.85375531895374,1,0.19041120181368107,1.227777816003978,-0.11486128957981188,-0.18211102342669566,11.225214999285527,30.0
1236,41.20000000000022,track,1,319.6464196651229,239.13199144994655,319.51962342249453,238.85822420263662,1,0.30170481077425343,1.238714506115371,-0.11379689447711794,-0.17777938055631992,12.284407999686664,30.0
1237,41.233333333333555,track,1,319.42217730291657,239.21267686976609,319.4767525700295,238.8374196531654,1,0.3792050083943254,1.2749042849629233,-0.1429577572833824,-0.17373783459986897,11.648993999187951,30.0
1238,41.266666666666886,track,1,319.7186549812198,239.03917009479522,319.59263979396394,238.7928996203077,1,0.27663870666166007,1.273983384552176,-0.11364770337082916,-0.1827339360004922,12.718078000034438,30.0
1239,41.30000000000022,track,1,319.83852835973425,238.88587974791346,319.55544738905894,238.7942090135325,1,0.2975539606532263,1.285129926093373,-0.11238407409901231,-0.1914035905176035,11.590123000132735,30.0
1240,41.33333333333355,track,1,319.36445120920007,238.85861660747506,319.5147634346529,238.83961759691442,1,0.15150817642245867,1.257752696574542,-0.14442464266635818,-0.19410620988722416,12.163466999481898,30.0
1241,41.36666666666688,track,1,319.7363028953229,239.03904974016334,319.6482174310556,238.89731202088456,1,0.16687908820920294,1.1574419013923787,-0.11217293330869597,-0.18604509326266394,11.942331999307498,30.0
1242,41.40000000000021,track,1,319.48116584284986,239.12578830748254,319.61292430500225,238.9098965550054,1,0.2529220060343053,1.1567856821585873,-0.13812409482461185,-0.18221030510539718,11.804597999798716,30.0
1243,41.43333333333354,track,1,319.9433361274099,238.98960603520536,319.71930640724304,238.89992250282467,1,0.24131401015756104,1.1353234749648924,-0.11148435282894492,-0.18972452495865444,11.910379000255489,30.0
1244,41.466666666666875,track,1,319.82915191626904,238.91457595813452,319.6868859221512,238.92792881552646,1,0.14289125894493815,1.1168603539949011,-0.1101020803723203,-0.19454767043848759,12.154533998909756,30.0
1245,41.500000000000206,track,1,319.71877217885026,239.23846699787083,319.65037632063604,238.97957402819543,1,0.26777521014501554,1.0786592979737828,-0.1087055123519017,-0.17868238976318515,12.353762998827733,30.0
1246,41.53333333333354,track,1,319.70940303124036,239.21342406433652,319.60970828991435,238.9445308229092,1,0.2867797355695666,1.1253189782236452,-0.10731639182536748,-0.1798403462612615,12.224844998854678,30.0
1247,41.56666666666687,track,1,319.5792629423808,238.82407136589646,319.5649284436222,238.91360077587092,1,0.09066969231797209,1.170277972687377,-0.10602089484908386,-0.20021547006495605,11.811014999693725,30.0
1248,41.6000000000002,track,1,319.41928609483216,239.1466879772687,319.5165429643987,238.98928644690614,1,0.18502470223826595,1.1203894821355769,-0.1352118353245879,-0.18467084460161004,13.864870999896084,30.0
1249,41.63333333333353,track,1,319.3615989793749,239.32677014671486,319.62715300564946,238.9800268635829,1,0.4367491788976419,1.085983462216968,-0.13929351452554947,-0.17528939337452032,11.36283999949228,30.0
1250,41.66666666666686,track,1,319.85004668534077,238.83846872082165,319.7628492907901,238.9187033348253,1,0.11849463659061331,1.1069972615127386,-0.10712585092121006,-0.20031632366082186,12.31861599990225,30.0
1251,41.700000000000195,track,1,319.98279085967096,239.2207250836439,319.73030873821347,238.98883829758756,1,0.3428100103602842,1.0465091328362264,-0.10600290429738182,-0.18146464768353177,11.960489999182755,30.0
1252,41.733333333333526,track,1,319.49362046940155,239.13973975652715,319.6951098815699,238.95642360977263,1,0.27240189587607644,1.0872026796123622,-0.13141549515799744,-0.18546988309382523,12.812389999453444,30.0
1253,41.76666666666686,track,1,320.02266545784227,238.95013599274705,319.79878226018855,238.94337391239446,1,0.22398529398679157,1.0756148324671864,-0.10553099619338151,-0.19547075700352864,11.756636000427534,30.0
1254,41.80000000000019,track,1,319.8765182304936,239.1638930919033,319.7677480306652,238.9816770799107,1,0.2122112895140274,1.0444723772504014,-0.10431704990052265,-0.1850044248925007,12.431182000000263,30.0
1255,41.83333333333352,track,1,319.9068047337278,238.85042735042734,319.733590072423,238.9621858380624,1,0.2061389784815595,1.0714627778088393,-0.10303059714392115,-0.2014763284877404,12.14403899939498,30.0
1256,41.86666666666685,track,1,319.65708920187797,239.13784037558685,319.69592824560004,239.02858195706722,1,0.11595634236494409,1.0178961862386677,-0.10182933238540909,-0.1875703090836203,11.904013001185376,30.0
1257,41.90000000000018,track,1,319.64921280735894,239.27861312577392,319.65522341016174,239.0188610491873,1,0.2598216092574059,1.039954103651854,-0.10070800280129809,-0.18021679367514706,12.542677000965341,30.0
1258,41.933333333333515,track,1,319.61622950819674,239.40573770491804,319.6119083736389,238.96798102567755,1,0.4377780058700197,1.1025780125746907,-0.09967741185833405,-0.17291573829636045,11.950848000196856,30.0
1259,41.966666666666846,track,1,319.9718651015465,238.90329793180547,319.56647352460493,238.87623291819955,1,0.40629403837202493,1.2044906222162026,-0.09856279900247612,-0.19818454490044463,11.501575998408953,30.0
1260,42.00000000000018,track,1,319.4324662679093,238.99930449297537,319.5184771578264,238.91733392360015,1,0.11881518180781668,1.184917752640234,-0.12726627839223165,-0.19396627984611048,31.306446000598953,30.0
1261,42.03333333333351,track,1,319.8083421330517,239.0045758535727,319.62695547265844,238.9340309472825,1,0.1946219524414495,1.1293592168707511,-0.09863187917521979,-0.1942166678359841,10.94437799838488,30.0
1262,42.06666666666684,track,1,319.715034965035,238.7973776223776,319.58611278625017,238.95016811424694,1,0.1999146382541689,1.1284722477976294,-0.0977373592964497,-0.20567699990530683,11.412701000153902,30.0
1263,42.10000000000017,track,1,319.766391184573,239.16528925619835,319.5439014203927,239.02554312274106,1,0.2627368968784029,1.0759145504904541,-0.09683600241432672,-0.18774316788327505,11.67906199952995,30.0
1264,42.1333333333335,track,1,319.5531932484665,239.3153046098842,319.50029117192105,239.00339844836685,1,0.31636068544513385,1.1148648194187658,-0.09604865394885909,-0.17978700008667656,11.879552999744192,30.0
1265,42.166666666666835,track,1,319.49828066153594,239.04535778614704,319.45589630870643,238.93695967188933,1,0.11638979568417679,1.1941957821349642,-0.12160601383699136,-0.19328054357114566,12.032250999254757,30.0
1266,42.200000000000166,track,1,319.4729754322111,239.12083712465878,319.55122812701075,238.9406366457165,1,0.19645787552152763,1.1504985486236317,-0.12412502907825113,-0.1896465987773816,12.05758299875015,30.0
1267,42.2333333333335,track,1,319.6283783783784,239.0907939189189,319.66342160241766,238.92309417849378,1,0.1713220081884388,1.1282779649151515,-0.09789275140704,-0.19128657432324875,12.416730998666026,30.0
1268,42.26666666666683,track,1,319.7347269778338,239.14975671292126,319.63914261501884,238.91247127858833,1,0.255813892823109,1.1458345308947306,-0.09731838653418243,-0.18836566033176624,11.654056999759632,30.0
1269,42.30000000000016,track,1,319.7511644571838,239.02472232174847,319.6152394372177,238.88445465532436,1,0.195321860775594,1.1800347904617143,-0.0966650177295208,-0.1949053423722163,11.779825001212885,30.0
1270,42.33333333333349,track,1,319.7649769585253,239.11657279399213,319.59129674731264,238.88951229456552,1,0.2858693515694638,1.183309466149225,-0.09595999300123485,-0.19054427182400283,12.018660001558601,30.0
1271,42.36666666666682,track,1,319.64890223306435,238.94633139425784,319.56704504136565,238.86951834291244,1,0.11225348408752714,1.210553085666839,-0.09525229624424761,-0.19964826961807625,11.685730998578947,30.0
1272,42.400000000000155,track,1,319.7981149858624,239.12290292177192,319.5424760245329,238.89629801184765,1,0.34161537399745334,1.1947745673467742,-0.09449380850859548,-0.19120563632957266,12.053961001583957,30.0
1273,42.433333333333486,track,1,319.61711021021654,238.8390974683074,319.51732472915944,238.8762808023764,1,0.10648822734126605,1.2229964236206106,-0.09376367034289508,-0.2063408178071761,11.951266000323812,30.0
1274,42.46666666666682,track,1,319.7829989440338,238.9083069341781,319.4917482320377,238.93522661302518,1,0.292492130402621,1.1798568664234774,-0.09299583786541406,-0.20405930563319116,12.354012998912367,30.0
1275,42.50000000000015,track,1,319.41429253541304,238.9115072417635,319.46555133738184,238.98025798362528,1,0.0857562200998931,1.1513075839819358,-0.12298369523944372,-0.20503897117647288,11.936675999095314,30.0
1276,42.53333333333348,track,1,319.4502407704655,238.98555377207063,319.60277019300236,239.0287794540459,1,0.15853606631192144,1.0493144754794848,-0.12262588837403982,-0.20229399238256945,11.842727000839659,30.0
1277,42.56666666666681,track,1,319.7978221415608,239.00072595281307,319.74156701955235,239.06093786580846,1,0.08240214328978077,0.973973971549258,-0.09524490372628383,-0.2023476927922449,17.22392299961939,30.0
1278,42.60000000000014,track,1,319.93538913362704,239.09071626692773,319.73782392671956,239.09167113846433,1,0.1975675144350619,0.9454087021491974,-0.09452831385796348,-0.19836112895748198,36.39421600018977,30.0
1279,42.633333333333475,track,1,319.98040283070225,239.0892759934676,319.7337567057215,239.09944284552603,1,0.2468555769044079,0.9390892823488824,-0.09366468591536402,-0.19878165163463823,31.86629400079255,30.0
1280,42.666666666666806,track,1,319.80462929634217,239.49746742889494,319.72858680035927,239.10776911676044,1,0.3970481528426838,0.9325990960459221,-0.09275179384819164,-0.17758287743936801,29.20828700007405,30.0
1281,42.70000000000014,track,1,319.8038872691934,238.9385811467444,319.72205707657315,239.001358722644,1,0.10313682397716781,1.0365986057883194,-0.09180047239446867,-0.20555599996316357,31.630288998712786,30.0
1282,42.73333333333347,track,1,319.9741438356164,239.04058219178083,319.713968146585,239.04247348476747,1,0.26018256312085847,0.9993354034263867,-0.09076838612872425,-0.20091773390418466,32.48770600112039,30.0
1283,42.7666666666668,track,1,319.6856749732457,238.86210059623912,319.7038947946305,239.05719772161137,1,0.1959460390510954,0.9882076850448442,-0.0898072527188934,-0.21069722533254004,31.150991999311373,30.0
1284,42.80000000000013,track,1,319.6718576195773,239.30441230997405,319.69222092672976,239.1224378823972,1,0.18311023065385337,0.9299694770230822,-0.08889393009752182,-0.18854287735720648,29.935229000329855,30.0
1285,42.833333333333464,track,1,320.00210341805433,239.21735319894827,319.6792069853699,239.06789191783173,1,0.3558100347001736,0.9857655071460381,-0.08788922959444481,-0.19243351294244235,31.10929899958137,30.0
1286,42.866666666666795,track,1,319.81522491349483,239.30709342560553,319.66437103423175,239.03247818587147,1,0.3133215964195831,1.024082644847197,-0.08690917036219976,-0.1872506151822946,28.641645998504828,30.0
1287,42.90000000000013,track,1,319.7048213870206,238.9321561823507,319.6478498665158,238.9678163056169,1,0.0672115952793279,1.0906020793411644,-0.08600675727648766,-0.20613525705928715,29.470711000612937,30.0
1288,42.93333333333346,track,1,319.76342012214724,239.06107360977177,319.6300629287405,239.00227830325275,1,0.14574302419668245,1.0640968099060752,-0.08514852950820363,-0.20001594836519776,29.16145099879941,30.0
1289,42.96666666666679,track,1,319.8061336254107,239.3209200438116,319.61125117025597,239.0025216082347,1,0.37330515011846344,1.0705553673986414,-0.08430874456281912,-0.18654293343176262,29.754626000794815,30.0
1290,43.00000000000012,track,1,319.76897238118937,238.93120179149042,319.5915182076383,238.9293383040349,1,0.1774639577384661,1.145937974716744,-0.08350431127278729,-0.20619019539053157,84.37842300008924,30.0
1291,43.03333333333345,track,1,319.9809964047252,238.87964389659305,319.57105779837343,238.95938173494483,1,0.41762157971379726,1.1255566560163401,-0.08264175524498087,-0.20963665180275726,30.904750999980024,30.0
1292,43.066666666666784,track,1,319.72156013001086,239.06428313470568,319.5495651302632,239.00625948956736,1,0.1815186583614284,1.0910599314197809,-0.08186627033657833,-0.20093615079711227,32.51066299890226,30.0
1293,43.100000000000115,track,1,319.5049013096226,239.26855724912014,319.52750971870273,239.00519969704487,1,0.2643262007372889,1.1013059105807002,-0.08126474908504903,-0.19047472593337475,29.935667000245303,30.0
1294,43.13333333333345,track,1,319.7796162647421,238.9778208061961,319.5058244662523,238.94682268255974,1,0.2755409816874061,1.1633537381748844,-0.08067971807173915,-0.2052099296730012,29.915109000285156,30.0
1295,43.16666666666678,track,1,319.66078984485193,239.1715444287729,319.4846023774803,238.96552240134383,1,0.27108504098310265,1.1557588898296973,-0.08015381280974233,-0.1955964927014784,28.919276999658905,30.0
1296,43.20000000000011,track,1,319.77282641956367,239.07158147386332,319.46416380654387,238.93145138907312,1,0.33898237319884805,1.1953729795052797,-0.07963605648630721,-0.20068084972588926,28.486156999861123,30.0
1297,43.23333333333344,track,1,319.58762886597935,239.09028932490855,319.44455719139455,238.9230098498515,1,0.22011798391740844,1.211785664690091,-0.07921283736312644,-0.19991217346955,29.455709000103525,30.0
1298,43.26666666666677,track,1,319.7026982287701,238.72852176791923,319.4262916674545,238.9089935921645,1,0.33010705306721577,1.2326541415864538,-0.0788111905531089,-0.2191065281086053,34.694468000452616,30.0
1299,43.300000000000104,track,1,319.7281623776731,239.0386009423704,319.40948718410027,238.99588411649302,1,0.32152543633700537,1.1648837252073003,-0.07841369804616584,-0.20445505247106094,30.12079599830031,30.0
1300,43.333333333333435,track,1,319.3228550295858,239.26164940828403,319.3941707546196,239.00318234665747,1,0.2681252591289469,1.1664795362857796,-0.1136214390004923,-0.19316960016057402,28.1319829991844,30.0
1301,43.36666666666677,track,1,319.6148620831618,238.88122684232195,319.57024177438836,238.94885244182115,1,0.08101971156863264,1.1356070277812786,-0.08042700188007468,-0.2127268119806153,29.501316999812843,30.0
1302,43.4000000000001,track,1,319.7836932241251,239.08302308265078,319.57289340378134,238.99740066142272,1,0.227525302491658,1.089782307733567,-0.0802086451393042,-0.20314729649538027,30.1673119993211,30.0
1303,43.43333333333343,track,1,319.6982564679415,239.23537682789652,319.57800280806725,238.99344319309762,1,0.27017184597985366,1.0914386082234038,-0.07994823468889778,-0.19538732221600777,31.897548000415554,30.0
1304,43.46666666666676,track,1,319.6442307692308,238.99183599419447,319.58535039712433,238.94669633892977,1,0.07419222800812576,1.1319818441957907,-0.07966573029415154,-0.2078172234133652,29.581732998849475,30.0
1305,43.50000000000009,track,1,319.7885973763875,239.05583585603767,319.59482299261185,238.96485153270078,1,0.21407162096060137,1.1116207791634451,-0.07931855805214406,-0.20501400983242501,30.91693500027759,30.0
1306,43.533333333333424,track,1,319.68456682751065,239.29429635797445,319.606080315021,238.96667760895275,1,0.3368889688804399,1.1058606973997882,-0.07895150324994993,-0.19278119113830688,27.933770001254743,30.0
1307,43.566666666666755,track,1,319.5369087962281,238.69191100633563,319.61902089930413,238.90189546909232,1,0.22546811763703517,1.1623160654344409,-0.07862303211100947,-0.22382336064377184,31.831584999963525,30.0
1308,43.60000000000009,track,1,319.7906318601557,239.1262977735547,319.6338550598182,239.00131719404544,1,0.20049715803109297,1.0636867321396903,-0.07822701870277278,-0.20273429639134677,13.40020699899469,30.0
1309,43.63333333333342,track,1,319.48919135308245,239.18054443554843,319.65022706544096,238.98692169601236,1,0.2518377769919858,1.0717596539152412,-0.1046169502966964,-0.19993979338178083,10.668213000826654,30.0
1310,43.66666666666675,track,1,319.88453427065025,238.81968365553604,319.8109997432772,238.9562921421118,1,0.15514253227435806,1.0606824169650635,-0.0792621651967156,-0.21876366961942223,10.28308599961747,30.0
1311,43.70000000000008,track,1,319.9690560125343,239.2984723854289,319.8402056841154,239.0247387435959,1,0.3025434081331472,0.9882655218269782,-0.07869991974056283,-0.194820359507139,9.723799001221778,30.0
1312,43.73333333333341,track,1,320.0315927320347,238.82992306433133,319.8700761385586,238.96418204317592,1,0.21003114856735147,1.0439344085961753,-0.07797328040360188,-0.2188456717487178,10.442651999255759,30.0
1313,43.766666666666744,track,1,319.9189438700148,239.1028434268833,319.89973867104345,239.0304669111572,1,0.07488123727732052,0.9747034135803625,-0.07719335861265972,-0.20570692407851357,11.279297999863047,30.0
1314,43.800000000000075,track,1,319.8728603244029,239.17339366409516,319.9289133995335,239.02539726013265,1,0.1582557512933728,0.9771917955666801,-0.07639240111578362,-0.20214773671650144,11.247240001466707,30.0
1315,43.83333333333341,track,1,320.10202521971723,239.02178066488347,319.9574923838502,239.00007632477036,1,0.1461534092093436,1.0008267850709665,-0.07547177123716226,-0.2099553478004357,12.815076999686426,30.0
1316,43.86666666666674,track,1,320.1192348945299,239.2003932785127,319.9848415807005,239.01513929057342,1,0.22886809050073473,0.9849773574290398,-0.07446524056791538,-0.20094409731999613,12.613475999387447,30.0
1317,43.90000000000007,track,1,320.3850931677019,239.1539365452409,320.01050702105147,238.98089783695218,1,0.41262231620288464,1.019156325702843,-0.07332621926536732,-0.20304402181430126,12.312162998568965,30.0
1318,43.9333333333334,track,1,320.256354786371,239.1965026140256,320.03378621577167,238.95662385201967,1,0.3272286495405353,1.0439230309512437,-0.07211953746379127,-0.20059381545547902,11.104085000624764,30.0
1319,43.96666666666673,track,1,320.01209823040807,238.99476345250994,320.0543223954626,238.9180622731635,1,0.08755541689514856,1.0833005895876247,-0.07096926680753654,-0.21080726774869168,11.231165000936016,30.0
1320,44.000000000000064,track,1,320.22683561488856,239.29256703246975,320.0724204651325,238.9327649286863,1,0.3915374724865735,1.0696894040851028,-0.06980890857220297,-0.19554351369044265,32.315923999703955,30.0
1321,44.033333333333395,track,1,320.31002638522426,239.10216945177368,320.0880306288525,238.86486571362207,1,0.3249541198197084,1.1385425946036918,-0.06862704689554915,-0.2047801891052523,11.305916001219884,30.0
1322,44.06666666666673,track,1,320.6096679855496,238.54137278513676,320.10104216497643,238.8450459273481,1,0.5923829864658918,1.1593655286570805,-0.03542108445444189,-0.23435752071190485,11.398478000046453,30.0
1323,44.10000000000006,track,1,319.9931133888533,239.1529468289558,319.94066379163917,238.98180142488536,1,0.17900198206266327,1.019926038489125,-0.06403134023710164,-0.20455567052894955,11.504768999657244,30.0
1324,44.13333333333339,track,1,320.19516468114927,239.13840224246673,319.93658588703954,238.95845560502494,1,0.3150298161918091,1.0434730837096522,-0.0629749247203836,-0.20531825281349037,11.687062000419246,30.0
1325,44.16666666666672,track,1,320.1165137614679,239.00073394495413,319.9305900440038,238.9380311554646,1,0.19621230472485687,1.0642347338605416,-0.062084910646962685,-0.21257154965903552,10.496843000510125,30.0
1326,44.20000000000005,track,1,320.0050092764378,239.03358070500929,319.9235675353606,238.95515761446404,1,0.11306165716262946,1.047634255006645,-0.06137758645358831,-0.2113850400535512,12.085529999239952,30.0
1327,44.233333333333384,track,1,320.05737245374695,239.1470753130256,319.91649646426697,238.9648350874777,1,0.2303422328182852,1.0385274366126436,-0.06080961591421318,-0.20581530369020268,11.500046999572078,30.0
1328,44.266666666666715,track,1,319.9773805180591,238.84640642101422,319.9101237659654,238.9436987841127,1,0.11827626397328261,1.0601179161438616,-0.0603686892333095,-0.22156679436140966,11.964859999352484,30.0
1329,44.30000000000005,track,1,319.99962839093274,239.22129319955405,319.9051306820379,239.0054743465189,1,0.23560049726557183,0.9990402709213537,-0.06006943119665274,-0.20295288728395688,11.862416999065317,30.0
1330,44.33333333333338,track,1,320.11885320268556,239.20504445654146,319.9022764114667,238.96689209684723,1,0.3219037945141217,1.0377195378870618,-0.05983106776539806,-0.20340826711163662,12.027081998894573,30.0
1331,44.36666666666671,track,1,320.2346565054937,239.20080648144722,319.90188931686123,238.92966735410982,1,0.429244019415125,1.0748198356023304,-0.05959314117286017,-0.20322426996631132,12.10042000093381,30.0
1332,44.40000000000004,track,1,320.07198962012876,239.06333884657602,319.90397527787036,238.89040257520355,1,0.24111361048421573,1.1137446710871317,-0.05943549801731456,-0.21003845530963422,10.833248999915668,30.0
1333,44.43333333333337,track,1,319.89343965204785,238.96937296121783,319.90896598108964,238.88643387925185,1,0.08437984481422485,1.1172809395479042,-0.05939748562169585,-0.21511124651848418,12.353444000837044,30.0
1334,44.466666666666704,track,1,320.01079436520513,238.79636959474743,319.9175029238868,238.90848632167877,1,0.14585421996311554,1.094626821126534,-0.05943493572137816,-0.2248036238507893,11.732794000636204,30.0
1335,44.500000000000036,track,1,319.89002617657025,238.98060319919173,319.92999199789654,238.98121019743758,1,0.03997043058506467,1.0211923335805555,-0.059589850703187265,-0.21646649954002609,11.887107999427826,30.0
1336,44.53333333333337,track,1,320.0961223001176,239.22630025700363,319.9470630657894,239.00846067807288,1,0.263955938533759,0.992951431808884,-0.05973547497731473,-0.2041836755101454,11.038509001082275,30.0
1337,44.5666666666667,track,1,320.07736389684817,239.06643982808023,319.96866991869365,238.96920655660006,1,0.1458378893490756,1.0312694589441573,-0.05987718721352276,-0.2122241762738471,11.935546999666258,30.0
1338,44.60000000000003,track,1,320.39818585708997,239.0122176971492,319.9947949922075,238.97185143450247,1,0.4054055069071935,1.028161740603467,-0.05986484378692415,-0.215305534257495,12.094558000171673,30.0
1339,44.63333333333336,track,1,320.12995327911403,239.0323585395397,320.02461991412565,238.9899590971354,1,0.11354660054784388,1.010340915548359,-0.05985085578265469,-0.21469537718451254,11.026701000446337,30.0
1340,44.66666666666669,track,1,320.3792256846081,239.05609065155807,320.0581391295225,239.00385402183542,1,0.3253079177356996,0.9978411537890662,-0.05975490280006778,-0.2138236406112496,11.653682999167359,30.0
1341,44.700000000000024,track,1,320.1514439220954,239.06867024848893,320.09491866612575,239.01215368622343,1,0.07993263646810708,0.9923960362783868,-0.059662232656365485,-0.21343664167572884,12.001995999526116,30.0
1342,44.733333333333356,track,1,320.48132111569834,238.92447890444063,320.13497916477627,239.0174559365014,1,0.3586049016108549,0.9917722579504106,-0.05942072557264222,-0.22125463808194845,12.032465001539094,30.0
1343,44.76666666666669,track,1,320.14714771439367,239.36758594635438,320.1775299188806,239.06353333699712,1,0.30556679729061476,0.9531456777499969,-0.05920937710643803,-0.19875096390691796,13.38301100076933,30.0
1344,44.80000000000002,track,1,320.3561270212351,239.17105006818625,320.2227348228382,238.98868291067993,1,0.22594525604688895,1.0355544681259397,-0.05892876002287279,-0.20807746283140882,17.88596400001552,30.0
1345,44.83333333333335,track,1,320.3408426483233,238.85227858985382,320.2702274504477,238.9626781902423,1,0.13105181393992132,1.0719418883383922,-0.05862298143071644,-0.22454573091453334,17.607642001166823,30.0
1346,44.86666666666668,track,1,320.18406236466,239.06453009961024,320.31987657137256,239.0236212306429,1,0.14184158172111103,1.0274417366276032,-0.05836531814694455,-0.21437760328787422,18.355116999373422,30.0
1347,44.90000000000001,track,1,320.1077662985394,239.13216957605985,320.3719417228855,239.02946388401983,1,0.2834380249822826,1.0393656708035377,-0.058187882538173696,-0.21100930960847525,18.558007999672554,30.0
1348,44.933333333333344,track,1,320.43287566742947,239.01849733028223,320.4268536661011,239.0164845703532,1,0.0063494647436194325,1.0721504803978184,-0.05794565952174345,-0.2169003668723884,18.57330699931481,30.0
1349,44.966666666666676,track,1,320.7287767379679,238.9764371657754,320.48426970621415,239.0340791431322,1,0.25120964577546573,1.0805185098317185,-0.019376768194937593,-0.21949096330613388,18.170327000916586,30.0
1350,45.00000000000001,track,1,320.3068,239.28826666666666,320.3397837414275,239.06465780244412,1,0.2260284304184966,0.9951472340649531,-0.05448136909901982,-0.20361843159600973,44.01773999961733,30.0
1351,45.03333333333334,track,1,320.20210113960115,239.11752136752136,320.38632381728905,239.00976319861843,1,0.21342403318233044,1.0629275679062942,-0.05410282944891555,-0.21187181163833932,15.845129999433993,30.0
1352,45.06666666666667,track,1,320.5174212781815,239.04602198621205,320.4346492289212,238.99807953720824,1,0.0956540148411217,1.0921376131068192,-0.02665237254072801,-0.21554299954139833,17.533139000079245,30.0
1353,45.1,track,1,320.49790125924443,238.95382770337798,320.340379086756,239.00518114530973,1,0.16568165506087776,1.0514382893675225,-0.051459378140240264,-0.2206251892021574,16.194756999539095,30.0
1354,45.13333333333333,track,1,320.4535976228295,239.19997434468078,320.38222248434477,239.03860605963155,1,0.17644867189481192,1.0345880030794212,-0.051025112332476044,-0.20830717634452586,15.74824300041655,30.0
1355,45.166666666666664,track,1,320.42250757981094,239.37988228999464,320.42556189203106,239.0055659027605,1,0.3743288481738351,1.0816663523016574,-0.05064859528245212,-0.19845399897894314,15.888343999904464,30.0
1356,45.199999999999996,track,1,320.76236015878743,238.98430169613857,320.4707078453482,238.9192191752179,1,0.29882571252125445,1.1788354706612059,-0.010333006826212156,-0.21810550680480476,13.982726999529405,30.0
1357,45.23333333333333,track,1,320.34888438133873,238.94873686151575,320.30465446323774,238.93693691765793,1,0.04577689734209369,1.1058559847508604,-0.04715246860166395,-0.22041286256893905,12.383548000798328,30.0
1358,45.26666666666666,track,1,320.34081701553004,239.08018230925052,320.33879113763,238.96622971364673,1,0.11397060246443884,1.087869679641614,-0.04683855589755159,-0.2141442059979229,12.191617999633309,30.0
1359,45.29999999999999,track,1,320.69183777362974,239.0127269641948,320.3750756195557,238.9613715667458,1,0.32089817559591716,1.1042783810023284,-0.01030474192976422,-0.2178695639140714,12.107929000194417,30.0
1360,45.33333333333332,track,1,320.3265415549598,239.16729222520107,320.2203374747304,238.9756766315479,1,0.21907953438974434,1.0477532944007384,-0.04378379217438647,-0.21019487467856615,12.28042700131482,30.0
1361,45.36666666666665,track,1,320.42094086899704,239.2174126102581,320.2479809755821,238.94835740840927,1,0.31985281985941877,1.0804844768428303,-0.04358163964589435,-0.2073777914643821,11.298071998680825,30.0
1362,45.399999999999984,track,1,320.38089162065035,238.97550151196515,320.27837532809735,238.90533388897188,1,0.12422997043924536,1.1295072898953484,-0.04349725997782034,-0.2197148422256851,11.935650998566416,30.0
1363,45.433333333333316,track,1,320.1367216804201,239.20836459114778,320.31215089909665,238.9274408881863,1,0.3312001474200199,1.1170591891844481,-0.0435790282855589,-0.20803812356234724,12.382126000375138,30.0
1364,45.46666666666665,track,1,320.2324569356301,238.8596554850408,320.3501960134472,238.8866177436148,1,0.1207868115012032,1.1671577856775401,-0.04376704190006703,-0.22605170377203296,11.538685001141857,30.0
1365,45.49999999999998,track,1,320.5585513720485,239.0132418634333,320.3930794725204,238.94122549767712,1,0.18046414178490267,1.1293869657854123,-0.014696793833178644,-0.21905871038980765,12.22143000086362,30.0
1366,45.53333333333331,track,1,320.4081972171809,238.9957652752571,320.28475933113316,238.95790854677534,1,0.12911252303038837,1.0802974005112118,-0.04208627388521044,-0.22050896075473597,12.065877001077752,30.0
1367,45.56666666666664,track,1,320.3326035965598,239.06333072713056,320.32635621372924,238.98171032010487,1,0.08185915120053411,1.0693092398462754,-0.04226523347609694,-0.21756628866172875,12.701272000413155,30.0
1368,45.59999999999997,track,1,320.3484187568157,238.89458378771354,320.3727493763282,238.98921470061168,1,0.09770869317413837,1.077324936596477,-0.04250411535319516,-0.226795189033687,11.227418999624206,30.0
1369,45.633333333333304,track,1,320.3241223496698,239.28032672923183,320.4242603935811,239.04534955086638,1,0.2554249443397765,1.0446790710991705,-0.04279695105014897,-0.20751729649613346,13.031979999141186,30.0
1370,45.666666666666636,track,1,320.58235509904625,239.02054292002936,320.48117896560984,238.99809145799986,1,0.1036372429409633,1.1114647648388136,-0.012553925102360794,-0.2206456636722367,11.925402999622747,30.0
1371,45.69999999999997,track,1,320.5609920701873,239.25729711489794,320.3806490673279,239.02028662955126,1,0.29782137069828724,1.0510623200807967,-0.011758926236064851,-0.20860148583990376,12.302047000048333,30.0
1372,45.7333333333333,track,1,320.1775147928994,239.14148973198746,320.27972870410326,238.977694320816,1,0.1930715420884771,1.0598853945550681,-0.03934911248432618,-0.21413290166706583,11.651763001282234,30.0
1373,45.76666666666663,track,1,320.616930464165,238.95980793170907,320.3298073480414,238.96406386611693,1,0.2871546565706638,1.0871690578317204,-0.007221349816622091,-0.2235735987855378,12.396755000736448,30.0
1374,45.79999999999996,track,1,320.19284196764175,238.8780846543553,320.2123910469584,239.00025760646895,1,0.12372710588344672,1.022054211013911,-0.03757665566818043,-0.22851875236012065,11.905306999324239,30.0
1375,45.83333333333329,track,1,320.38027027264684,239.11666528493905,320.2607245655129,239.06231215627895,1,0.1313218896045172,0.9732603923535111,-0.03785357224139298,-0.21699155708027107,11.887123000633437,30.0
1376,45.866666666666625,track,1,320.54134583193843,239.02828925343152,320.31439151727784,239.06238784066954,1,0.22950157863223125,0.9889178871173194,-0.009813999505585279,-0.22173040456005463,10.8610810002574,30.0
1377,45.899999999999956,track,1,320.30955608268386,239.19908505591326,320.2223722728122,239.08724974559686,1,0.1418032204757691,0.9394479520594297,-0.0365394556606841,-0.21313714303584902,11.963050999838742,30.0
1378,45.93333333333329,track,1,320.39904988123516,239.13004750593825,320.2767485902058,239.06580615303142,1,0.1381468682625552,0.9743243432732496,-0.03685363125362841,-0.21645420608926175,12.492248999478761,30.0
1379,45.96666666666662,track,1,320.5730092508616,239.25485216760384,320.3366618675784,239.06159166265275,1,0.30530265042866994,0.9969711232950655,-0.007165030739478041,-0.20979920743951563,12.444402998880832,30.0
1380,45.99999999999995,track,1,320.2689919408112,239.2041220768926,320.2420988172404,239.02143481910957,1,0.18465609725019227,1.0080682767354159,-0.03545734489764449,-0.21183107011734673,50.105179001548095,30.0
1381,46.03333333333328,track,1,320.43897602307555,239.04128357670814,320.30229245940416,238.99167842820225,1,0.14540655877987174,1.0526600225929077,-0.03576878287308754,-0.21993080333013443,29.48648199890158,30.0
1382,46.06666666666661,track,1,320.49373374751804,239.0762979185394,320.36801288678487,239.00469734968533,1,0.14468025533470852,1.0611601436932783,-0.03604772906280787,-0.21829206907152426,31.37670199976128,30.0
1383,46.099999999999945,track,1,320.63870004974297,239.0961697894213,320.4390881992622,239.00856597864686,1,0.21798926238364771,1.084315390201474,-0.0028654281550692245,-0.21734395430161352,30.744732999664848,30.0
1384,46.133333333333276,track,1,320.6484858094181,238.92595528777548,320.3370597587508,239.0069805118569,1,0.32179383457686433,1.048664381392403,-0.00023523029009904148,-0.22634435801663305,31.686197999079013,30.0
1385,46.16666666666661,track,1,320.3678910840488,239.18246909654934,320.22487341826377,239.05301261181398,1,0.192906801763516,0.9733206910494636,-0.03200640175857461,-0.2135940210783548,31.291200999476132,30.0
1386,46.19999999999994,track,1,320.2895498392283,238.90594855305466,320.2860044080327,239.03067122988682,1,0.12477305878491259,1.0106417693640282,-0.03223802399773692,-0.22792421638053406,34.71465100119531,30.0
1387,46.23333333333327,track,1,320.54818065459864,239.1276284512708,320.3522430162757,239.08439877700675,1,0.20064985135442778,0.9810202556837018,-0.003790850484529252,-0.21714483228952752,30.224121999708586,30.0
1388,46.2666666666666,track,1,320.4253361641897,239.1852441613588,320.2706368400628,239.0802904060456,1,0.18694162628919447,0.9587022668226802,-0.030762349202893946,-0.21413501593355128,29.797383000186528,30.0
1389,46.29999999999993,track,1,320.59936616266634,239.0735398930649,320.3367532626728,239.0597967250692,1,0.2629722607226397,0.9986916231306814,0.00041840112796951226,-0.21977465473370864,27.74210600000515,30.0
1390,46.333333333333265,track,1,320.3820675811308,239.19521579123452,320.2404480441694,239.06906107875443,1,0.1896604986023574,0.9614897487933785,-0.02902327361492823,-0.2135607085770005,32.361909999963245,30.0
1391,46.366666666666596,track,1,320.35973154362415,238.98775167785234,320.3050418302088,239.04487726806542,1,0.07908411857413393,1.0026514604962669,-0.02928764975650867,-0.22418966286764963,30.152670000461512,30.0
1392,46.39999999999993,track,1,320.55778032036613,239.00877192982455,320.37492336377204,239.0770870195347,1,0.1952014806730746,0.9961605785281219,-0.00038573754036655417,-0.22362711695327753,30.286969998996938,30.0
1393,46.43333333333326,track,1,320.4225070084101,238.9729675610733,320.29454006605306,239.1060152594839,1,0.18460018523439267,0.9412558455521854,-0.02787634933848357,-0.2260086846428489,31.62579600029858,30.0
1394,46.46666666666659,track,1,320.5838883050068,239.3347124407018,320.36465298113376,239.14737685767454,1,0.2883725852120275,0.9273284312899458,0.0024320552633434016,-0.207597139126434,28.884305000246968,30.0
1395,46.49999999999992,track,1,320.2822661081189,239.21324556154,320.2770015611129,239.09028814386375,1,0.12307006954084873,0.9509498020683637,-0.026387228858734693,-0.21312317895958754,33.60907800015411,30.0
1396,46.53333333333325,track,1,320.1362676628228,239.14341400032484,320.3469343089665,239.06242917627492,1,0.22569664934121758,0.9997011874748417,-0.026875024205689553,-0.2163551639774325,32.528560999708134,30.0
1397,46.566666666666585,track,1,320.68870937441295,239.23708435092993,320.423350737884,239.05157793494732,1,0.3237712716582852,1.0386194012946781,0.008716699694791847,-0.21125144138527474,30.591960001402185,30.0
1398,46.599999999999916,track,1,320.4856581594666,239.39392354308592,320.313827488734,239.0132902542316,1,0.4176212159223616,1.0354148033901214,-0.02526138529081835,-0.20241309571737803,28.53255700028967,30.0
1399,46.63333333333325,track,1,320.54545454545456,239.09176189663995,320.3894042426218,238.92766108840078,1,0.22645258284890046,1.1408533672219536,0.0029242386017206135,-0.21706352821398062,29.581376000351156,30.0
1400,46.66666666666658,track,1,320.2639447034239,239.11863044526604,320.31854187609224,238.91997686727314,1,0.20601964788039165,1.126019046930164,-0.024099834926577732,-0.2156084732897143,29.395064999334863,30.0
1401,46.69999999999991,track,1,320.45740140003414,238.79545842581527,320.39569272279437,238.90435460632875,1,0.1251652466825684,1.164908391052894,-0.024507218504439154,-0.2325395966914186,29.68033400065906,30.0
1402,46.73333333333324,track,1,320.51203146291755,239.01453153556562,320.47890167389824,238.97886687367304,1,0.0486780343520194,1.1278562297317865,0.0018703893587420726,-0.22234543806254403,29.905904999395716,30.0
1403,46.76666666666657,track,1,320.4615901832241,238.98537569339385,320.4253159694539,238.99885845067524,1,0.038698880197675416,1.087739893383008,-0.023497522482476316,-0.2244331652144424,28.802746999645024,30.0
1404,46.799999999999905,track,1,320.6716247139588,239.32360793287566,320.51091219910984,239.02984568205056,1,0.33485037321004524,1.0964628018474627,0.011339999869646386,-0.20730127777914936,29.294287000084296,30.0
1405,46.833333333333236,track,1,320.4463218979348,239.2621607782898,320.4145951552109,238.96933691209665,1,0.29453760849197064,1.1109255346290463,-0.021723292773051496,-0.209826190398459,30.007511000803788,30.0
1406,46.86666666666657,track,1,320.4951210697506,238.84477773762197,320.4985029159185,238.9221813645986,1,0.0774774699679909,1.1875176495521134,-0.022022117985557508,-0.23127677335671942,28.525421001177165,30.0
1407,46.8999999999999,track,1,320.82504288164665,239.10962108217683,320.5878920099357,238.98932890611422,1,0.2659149179251792,1.1692190023098645,0.020903811888526153,-0.2185277458173276,30.868718000419904,30.0
1408,46.93333333333323,track,1,320.4565511532388,238.91373437092201,320.4522307219362,238.988394573184,1,0.07478510499050384,1.108087616313131,-0.01960513587849875,-0.22905126396443523,30.494311000438756,30.0
1409,46.96666666666656,track,1,320.6224233283057,239.08781632311045,320.5365053346087,239.04351156963094,1,0.09666857204796206,1.0966804874226008,0.012713517083538432,-0.2209095281165084,28.420944001481985,30.0
1410,46.99999999999989,track,1,320.69446476469153,238.90380395025605,320.4523022027993,239.05514483513343,1,0.28556395048691174,1.0475345174418373,0.018464936852745382,-0.2309422770013349,77.13857899943832,30.0
1411,47.033333333333225,track,1,320.6138441230971,239.1753353207314,320.3413134190663,239.12023791659726,1,0.27804443634401044,0.9436504508703696,0.016507819153751185,-0.21774087803684944,10.729333998824586,30.0
1412,47.066666666666556,track,1,320.574110850334,239.23163025816933,320.2446513222303,239.11488832102577,1,0.3495314872030144,0.9183011236656599,0.016380018551191648,-0.21473583125238324,9.453827000470483,30.0
1413,47.09999999999989,track,1,320.3383886255924,239.25516587677726,320.1525596502255,239.09348955597034,1,0.2463161399412956,0.9192581965975525,-0.011949044661818807,-0.21316129299478237,10.506961998544284,30.0
1414,47.13333333333322,track,1,320.2639144858091,239.04552156284555,320.2154451895476,239.06368396307903,1,0.05176046234651389,0.9607831965092842,-0.012436708307636078,-0.2237048304565694,10.967125999741256,30.0
1415,47.16666666666655,track,1,320.36831913245544,239.24748257164987,320.2848204852014,239.09011424246387,1,0.17814829531613918,0.9534226767585633,-0.013068340516578014,-0.2133875340388982,9.587226999428822,30.0
1416,47.19999999999988,track,1,320.5924807880674,239.47488501893264,320.3614533356772,239.0615355763348,1,0.4735308284091562,1.0056659427252401,0.01727396855574479,-0.20090920157358472,10.284781001246301,30.0
1417,47.23333333333321,track,1,320.3099425387428,238.90005223750654,320.2801493104189,238.96643540182072,1,0.07276235948842918,1.0708591946365693,-0.012341185778460727,-0.22967481928697886,11.2311619996035,30.0
1418,47.266666666666545,track,1,320.57206068268016,239.08407079646017,320.36068142733006,239.0247944155949,1,0.21953332075301366,1.0397677740129045,0.016898532893867814,-0.22081036002155552,11.183070999322808,30.0
1419,47.299999999999876,track,1,320.35350318471336,238.98894717122516,320.2891568669046,239.03593183568455,1,0.07967438302182472,1.0064984446707503,-0.011739916160436422,-0.22598554439430182,11.132887999337981,30.0
1420,47.33333333333321,track,1,320.4375428963624,239.27848318462594,320.37425898367417,239.07473872279024,1,0.2133463365840856,0.998087279732915,-0.012482211779551921,-0.21130848136637637,11.947467999561923,30.0
1421,47.36666666666654,track,1,320.70850054724554,239.11856986501277,320.4672080427707,239.0353493846451,1,0.2552405161183395,1.0718368182397262,0.023885017528777197,-0.21913227551854583,11.528558999998495,30.0
1422,47.39999999999987,track,1,320.35105763632833,239.36289540073744,320.37008628483443,239.03778135250764,1,0.32567043743689983,1.030935780640377,-0.01139705179680144,-0.2062960822858286,12.192608000987093,30.0
1423,47.4333333333332,track,1,320.4623185871656,239.0486098968351,320.4650229663017,238.9718609855738,1,0.07679654319242028,1.12841313009611,-0.012104211354076397,-0.2218847740150589,11.31556099971931,30.0
1424,47.466666666666534,track,1,320.9766171701656,239.0995050349889,320.56761818893756,238.9892006276973,1,0.4236121208293197,1.1592695025145294,0.0384702279206919,-0.219513701319749,10.429468999063829,30.0
1425,47.499999999999865,track,1,320.70964312832194,239.27091875474565,320.40436966964455,238.99402782466677,1,0.41214132495153,1.0842024014330114,0.027512938091894777,-0.2106381195985334,12.318991999563877,30.0
1426,47.533333333333196,track,1,320.31514950735004,238.96645635631597,320.30344616446394,238.95166481624892,1,0.018861545330777985,1.0913689716215502,-0.007621685207138246,-0.22614790395474835,12.283952000871068,30.0
1427,47.56666666666653,track,1,320.4878519710378,239.0875301689461,320.39379294288005,238.9921798411367,1,0.13393575247610018,1.0820232689149407,-0.008188743649456475,-0.22050090894936408,13.139888998921379,30.0
1428,47.59999999999986,track,1,320.69027415143603,239.12043080939947,320.4910491067935,239.00274969391398,1,0.23138596187909652,1.111592280591842,0.027353609012534152,-0.2190551065923455,10.999429998264532,30.0
1429,47.63333333333319,track,1,320.34298805432826,239.17411225658648,320.4026305349497,239.00579368463718,1,0.17857314231913893,1.0726404547569501,-0.006955849524127439,-0.21639056248126048,12.54572499965434,30.0
1430,47.66666666666652,track,1,320.7829779544633,239.03758583303215,320.501079581883,238.99482480449456,1,0.2851231278325618,1.123146437932051,0.033470538286046764,-0.22352534855687461,11.5769950007234,30.0
1431,47.699999999999854,track,1,320.27042312526186,239.2375366568915,320.38780438539743,239.02211909282323,1,0.24532241467123345,1.0519711545257968,-0.005362351270789844,-0.21349998624281252,11.909947999811266,30.0
1432,47.733333333333185,track,1,320.6162829496163,239.08742075408742,320.4855203666251,238.99616870087675,1,0.15945466542464118,1.1150817474549795,0.02624554623039694,-0.2210907873131081,11.989859000095748,30.0
1433,47.76666666666652,track,1,320.26607843137253,238.97313725490196,320.41854255996,239.01093944021522,1,0.15708060262293988,1.0739733075917768,-0.00456802224648059,-0.2273852083310568,12.02587800071342,30.0
1434,47.79999999999985,track,1,320.54900500599894,239.14434653096686,320.51978463952537,239.0595302214374,1,0.08970861819828893,1.0745508251711997,0.02339717937311822,-0.21913403930721045,11.496910999994725,30.0
1435,47.83333333333318,track,1,320.6985545828065,239.03971448901262,320.4757589772595,239.06437749909014,1,0.22415652102299966,1.0496361601296953,0.032449470585286945,-0.22473215257919926,12.0683810000628,30.0
1436,47.86666666666651,track,1,320.7676399026764,239.2469586374696,320.3873335313442,239.0993570439348,1,0.4079450532729694,0.9804004277913494,0.03792216063204119,-0.2143246674719599,12.598785999216489,30.0
1437,47.89999999999984,track,1,320.45565391681976,239.3180223818273,320.2735985675695,239.07911859340288,1,0.30036506174016814,0.9606657801714173,-0.00016713083229928823,-0.21020095038886719,12.021880998872803,30.0
1438,47.933333333333174,track,1,320.4179307679393,238.92151877104192,320.3668836704777,239.03718850253676,1,0.1264329582954727,1.0303444119859102,-0.0008908226098560609,-0.2303476941589564,11.756349000279442,30.0
1439,47.966666666666505,track,1,320.73038397328884,239.14774624373956,320.4679046151434,239.1030221514511,1,0.2662623854085542,1.0116837399404544,0.03658539006799403,-0.21931757451452707,11.149036999995587,30.0
1440,47.99999999999984,track,1,320.6057254391672,239.2619388418998,320.3729275081399,239.11035585400532,1,0.27779899011622916,0.9646458587637519,0.03192157503192881,-0.21329644216505234,33.89651500037871,30.0
1441,48.03333333333317,track,1,320.2434346924672,239.34744298548722,320.30669805122056,239.08591712420503,1,0.2690688177402798,0.9641634708098537,0.0015646236580184499,-0.2082978471119708,11.750384999686503,30.0
1442,48.0666666666665,track,1,320.4180478821363,239.21429767286122,320.40624514908893,239.0351724056161,1,0.17951369271736786,1.0468655157387323,0.0006922855703551459,-0.2144130475318985,11.834042001282796,30.0
1443,48.09999999999983,track,1,320.53700153374234,238.90241564417178,320.5143163320889,239.0174081814896,1,0.11720879665300678,1.1090572443553037,0.027867337337746868,-0.23048565139654267,11.603060998822912,30.0
1444,48.13333333333316,track,1,320.76110363391655,239.12600942126514,320.48132427917926,239.08574350685672,1,0.28266204414522766,1.0332173038534016,0.04068557370918628,-0.21968146782252584,10.945453999738675,30.0
1445,48.166666666666494,track,1,320.6398676592225,239.33631100082712,320.38383738765356,239.0968484144937,1,0.350562163122534,0.9813327297931312,0.03628957389632344,-0.20873896839278228,12.572269999509444,30.0
1446,48.199999999999825,track,1,320.41711134827466,239.16684453930986,320.3136635893534,239.04999811459857,1,0.1560593662477445,1.0004441161565831,0.00429281142310493,-0.21691191501781767,12.46802500099875,30.0
1447,48.23333333333316,track,1,320.8096029547553,239.11542012927055,320.4180055810175,239.0471545430596,1,0.3975030734209008,1.0405013842247999,0.04594245627990126,-0.21952966109182295,13.095101001454168,30.0
1448,48.26666666666649,track,1,320.621820110461,239.2244849004147,320.30408110980943,239.05870284922798,1,0.35838772444201106,0.9891944436734621,0.03826371898991339,-0.2139182196453664,11.260322000453016,30.0
1449,48.29999999999982,track,1,320.3735528219971,238.96852387843705,320.2349734238253,239.0407669138326,1,0.15627957563555767,0.9875933492599025,0.007138729752362223,-0.22710998288865508,11.62858700081415,30.0
1450,48.33333333333315,track,1,320.5023923444976,239.23119617224881,320.3357277005033,239.0936433711306,1,0.2160969149553259,0.9665378562584686,0.03255908718107149,-0.21405882944866417,12.67692600049486,30.0
1451,48.36666666666648,track,1,320.4164745658521,239.00338097433533,320.30476721509706,239.07738286965264,1,0.1339955697897132,0.97165087588517,0.007098886422416599,-0.22581229067634168,12.120246999984374,30.0
1452,48.399999999999814,track,1,320.4664623151821,239.02722683014787,320.41345335918527,239.1242895532539,1,0.11059440145249527,0.9684071802510723,0.006098971641635248,-0.2252495678212238,11.392874001103337,30.0
1453,48.433333333333145,track,1,320.5469185376868,239.32770611630178,320.5313296459225,239.1686899670981,1,0.15977843801342806,0.9866040560627587,0.033669840733378587,-0.21006914462708054,12.10550700125168,30.0
1454,48.46666666666648,track,1,320.572556264696,239.11101780315755,320.50601689016605,239.13263589748294,1,0.0699630642918016,1.00417806163476,0.03592427981268937,-0.22087569374849922,12.177941998743336,30.0
1455,48.49999999999981,track,1,320.4705220883534,239.40064257028112,320.4725343379871,239.1547373792223,1,0.24591342407088163,0.9683788507918257,0.007002819150172552,-0.20585463612436122,11.491597000713227,30.0
1456,48.53333333333314,track,1,320.77583437444224,239.4331608067107,320.5971516978592,239.09726001968625,1,0.38046923349270656,1.0823722198546148,0.046708511354978194,-0.20312509763941083,13.031684999077697,30.0
1457,48.56666666666647,track,1,320.6672334636967,239.21475939466077,320.5138556882056,239.0257714250356,1,0.24339514103129134,1.1014395056372348,0.04292355266187186,-0.21339213215313899,12.148107000029995,30.0
1458,48.5999999999998,track,1,320.60578978045464,238.94423936273557,320.4545946047497,239.00959948261197,1,0.16471771740378888,1.0897474200519948,0.04126208204853973,-0.2272650777136568,12.671360000240384,30.0
1459,48.633333333333134,track,1,320.4092375615554,238.86449312277128,320.408041292573,239.06798854313433,1,0.2034989365284612,1.0174198013472597,0.010835378930438025,-0.23230323472982517,11.83307000064815,30.0
1460,48.666666666666465,track,1,320.62559940981185,239.31556621173,320.5276083971346,239.1538325531469,1,0.18910318581182178,0.9971810110711163,0.04266679565027187,-0.20982754452021377,12.189693999971496,30.0
1461,48.6999999999998,track,1,320.4229412984858,239.2117817880108,320.4812506420142,239.1204038063961,1,0.10839702517452512,1.0026423311637747,0.011169299870490612,-0.21475900427807879,11.463602000731044,30.0
1462,48.73333333333313,track,1,320.78604308598784,239.12741668201068,320.6067202138951,239.1138865750181,1,0.17983257839120706,1.073921049184721,0.05136709684839666,-0.21903782108174388,11.71730399983062,30.0
1463,48.76666666666646,track,1,320.7009540329575,239.24995663486555,320.52164016208053,239.13081289545175,1,0.21528747044448593,1.013703448454411,0.048808227920339634,-0.21276197133410696,11.471079000330064,30.0
1464,48.79999999999979,track,1,320.35999254287844,239.22464578672634,320.45404393942886,239.11490400469438,1,0.1445300104360104,0.9947616899730909,0.01368736561574867,-0.21377080688518046,12.099853000108851,30.0
1465,48.83333333333312,track,1,320.55590800951626,239.27232355273594,320.5775933693467,239.10502434254272,1,0.16869878648719044,1.065173942487493,0.041803046963138996,-0.21101626188481418,12.196366998978192,30.0
1466,48.866666666666454,track,1,320.6116448885473,239.17467332820905,320.5550247018174,239.08111532371709,1,0.1093569647980773,1.0734996357405235,0.04571082715449434,-0.21571013194093897,11.60518799952115,30.0
1467,48.899999999999785,track,1,320.53085839599,238.88706140350877,320.515444516554,239.08291459883048,1,0.19645880432547133,1.0520117312482007,0.04267036300053652,-0.23079768282666774,12.154326999734621,30.0
1468,48.93333333333312,track,1,320.81536304144595,238.94811467746962,320.49590784772386,239.16586789512644,1,0.3866110249280511,0.970412779086768,0.05856731949456539,-0.22878029853685639,11.50657499965746,30.0
1469,48.96666666666645,track,1,320.58875552747946,239.29074542008846,320.3954128069995,239.2387616468534,1,0.20020919120346886,0.8578083225526478,0.04872103440055109,-0.21176370731935523,12.175294001281145,30.0
1470,48.99999999999978,track,1,320.7640165135171,239.64389399387403,320.3512543288085,239.2216128311386,1,0.5905031765592711,0.8539708356582156,0.05915534415028337,-0.17413780656931876,27.690580998751102,30.0
1471,49.03333333333311,track,1,320.459559816307,239.21230356255987,320.25526684413035,239.00451786996632,1,0.29139408457849936,1.027689560581724,0.021006502103827717,-0.21226057111997604,12.038049000693718,30.0
1472,49.06666666666644,track,1,320.2890595728737,239.17440989134508,320.3665580569061,238.99148237637246,1,0.19866678323609144,1.0730669160169497,0.01996207891830675,-0.21393957367315036,12.143878000642871,30.0
1473,49.099999999999774,track,1,320.60292023326906,239.20559586034352,320.48723525181435,238.98815234293443,1,0.24630204667727554,1.1230466916917063,0.05038795606788127,-0.212194504204485,12.12323200161336,30.0
1474,49.133333333333105,track,1,320.49543973941365,239.10374592833875,320.44945430327425,238.97627876709225,1,0.13550844081891128,1.118040398839818,0.0198190096869593,-0.217386889722586,11.233597000682494,30.0
1475,49.16666666666644,track,1,320.7123034227567,239.09805735430157,320.57851837062003,238.99287411518117,1,0.1701821199981636,1.1614585885932285,0.055952401098395124,-0.21796990131049726,11.600821999309119,30.0
1476,49.19999999999977,track,1,320.7044253953382,239.22184695215415,320.51867904378923,239.01336775735535,1,0.27922263836893524,1.1146618916479192,0.05698044328250831,-0.2118119504289519,12.192675001642783,30.0
1477,49.2333333333331,track,1,320.74442190669373,239.01346118384657,320.4571622011805,239.0018205827928,1,0.28749546431977746,1.097888622367644,0.06057872443829175,-0.22269196059098845,11.23637700038671,30.0
1478,49.26666666666643,track,1,320.4475893031427,239.18660940854969,320.380257208516,239.04911439716966,1,0.15309633934621422,1.0240991037484652,0.02322596427761128,-0.2143499839328631,11.99611499941966,30.0
1479,49.29999999999976,track,1,320.9178242677824,239.18744769874476,320.5063668841352,239.0527446085066,1,0.4329458408132598,1.0741043701904036,0.07025862821867501,-0.2144121072077279,13.141814000846352,30.0
1480,49.333333333333094,track,1,320.54311600064716,239.09060022650056,320.3854328552595,239.05754574498746,1,0.1611104375496442,1.0182232116312913,0.05284783504576081,-0.21960961975312462,11.445097999967402,30.0
1481,49.366666666666426,track,1,320.4895323811387,239.11563294854236,320.3611507400699,239.0909192019326,1,0.1307387281375077,0.9781910623533124,0.025277101435318194,-0.2187872929867175,11.759509001421975,30.0
1482,49.39999999999976,track,1,320.5858136838036,239.24835717046773,320.48770402564696,239.12077181275504,1,0.16094573161873982,1.0054339470488927,0.05477865586694029,-0.21220899155516584,13.310890999491676,30.0
1483,49.43333333333309,track,1,320.69229225210756,239.42091529506223,320.46070427171935,239.1164176793725,1,0.3825595255918065,0.996476865414323,0.06126961209270219,-0.2029745040786701,12.769515999025316,30.0
1484,49.46666666666642,track,1,320.60870273794,239.08882007822686,320.4028717225751,239.06370309992758,1,0.20735782957251359,1.019292651761934,0.05820083116465369,-0.21954813383410976,12.268896000023233,30.0
1485,49.49999999999975,track,1,320.4265933833633,239.05390550681744,320.3651886548298,239.1002839801481,1,0.0769513058677659,0.9710054943173795,0.027286190432696658,-0.22180651902302045,11.1821560003591,30.0
1486,49.53333333333308,track,1,320.4670189504373,239.36661807580174,320.4961632905364,239.14982495280697,1,0.21874334444192417,0.9843655935401168,0.02597592891939321,-0.2059154496877616,12.3707380007545,30.0
1487,49.566666666666414,track,1,320.92994454713494,239.13049907578556,320.63790253496495,239.1155415207313,1,0.2924248028562136,1.090498255690943,0.07337361063282741,-0.21765013025358157,11.674221999783185,30.0
1488,49.599999999999746,track,1,320.60768509840676,239.47703842549203,320.5306275767142,239.14478360003977,1,0.34107349748361465,1.006459495424692,0.05856489199558224,-0.19963591003645792,12.579852000271785,30.0
1489,49.63333333333308,track,1,320.3881014873141,239.08801399825023,320.50610272820245,239.07890295941797,1,0.11835245616292042,1.050980365974041,0.027657826829016796,-0.21892185704457628,13.84600799974578,30.0
1490,49.66666666666641,track,1,320.4436890930191,239.38544015625064,320.65018263957506,239.11684638633892,1,0.3387952154394356,1.0966757816818153,0.026311908463219798,-0.20359784917873733,21.162147000723053,30.0
1491,49.69999999999974,track,1,320.8701095461659,239.14866979655713,320.80520462136064,239.07404000635051,1,0.09890528221616897,1.2270926583187975,0.07053709816025575,-0.21521398264000263,29.911970001194277,30.0
1492,49.73333333333307,track,1,320.7284422809457,239.08901251738524,320.7281194822033,239.09417711386914,1,0.005174674469913495,1.1621846158861442,0.06499015445930288,-0.21848293649915237,30.135887000142247,30.0
1493,49.7666666666664,track,1,320.9419316336174,239.22055726125217,320.6843752767538,239.13275194734797,1,0.27211220132631253,1.1047573055927782,0.07767826183707394,-0.21198139639838262,31.413284999871394,30.0
1494,49.799999999999734,track,1,320.66228497241156,239.35459266471923,320.57671503404083,239.1376677241833,1,0.23319229013688986,1.0374088800487116,0.06534726743539261,-0.20484856549341776,32.07023899994965,30.0
1495,49.833333333333066,track,1,320.7337364852483,239.38409382444567,320.53857055662604,239.1055700673155,1,0.34009590262290545,1.0440608933134419,0.07041883931421178,-0.20265442539604556,29.410736000500037,30.0
1496,49.8666666666664,track,1,320.6983880365119,239.00135948727907,320.4771247090807,239.06281115685488,1,0.22963834122283439,1.05165151819938,0.07013688668316212,-0.2220401163230075,30.645775999801117,30.0
1497,49.89999999999973,track,1,320.65891062929666,239.22228098008108,320.4209261318904,239.12449590917004,1,0.25729077149947394,0.9714351350286856,0.06947234535508798,-0.21121311057750342,33.16266399997403,30.0
1498,49.93333333333306,track,1,320.6225340654871,239.37299166158226,320.372011766278,239.12950241454246,1,0.349354312732852,0.9466566434228793,0.06877139732659991,-0.2032324625207502,31.64380299858749,30.0
1499,49.96666666666639,track,1,320.5613549948151,239.18683027998617,320.33057220792887,239.09302370800606,1,0.24911918366441596,0.9653413794580893,0.06656050251792828,-0.21236382289280809,34.79944299942872,30.0
1500,49.99999999999972,track,1,320.31098387825824,239.34684345336748,320.3046568914382,239.10633628322648,1,0.24059037730435834,0.944166648520395,0.0377789301780253,-0.2039962387017381,75.22617600079684,30.0
1501,50.033333333333054,track,1,320.5110898661568,239.1661567877629,320.43597244059765,239.0761248724607,1,0.11725345792605331,1.0215758514405275,0.06302926752407187,-0.2129215121412876,29.25278399925446,30.0
1502,50.066666666666386,track,1,320.6487084870849,239.30848708487085,320.4363449726061,239.09463047407598,1,0.3013849901080862,1.0050327922960969,0.07053185124645531,-0.20557756435541527,29.370909000135725,30.0
1503,50.09999999999972,track,1,320.66916859122404,238.88221709006928,320.40042543425284,239.07509632014535,1,0.3307949241049272,1.0078627611958135,0.07243242410898564,-0.22761794329174082,31.222419000187074,30.0
1504,50.13333333333305,track,1,320.445344929828,239.35382486657443,320.35808743623454,239.17425121926226,1,0.19965110817927276,0.9000486991707122,0.03830164855257149,-0.20416684161845777,29.872176999560907,30.0
1505,50.16666666666638,track,1,320.70362903225805,239.2654569892473,320.5014943482529,239.14948632824712,1,0.2330399637201383,0.9873550967955524,0.07363807547032553,-0.20834234998350765,32.2567719995277,30.0
1506,50.19999999999971,track,1,320.5974209503621,239.27592298180534,320.46015056064505,239.14815594123434,1,0.187530201699207,0.9681822343527646,0.06908499225057824,-0.207632138849425,30.341366000357084,30.0
1507,50.23333333333304,track,1,320.78629808571236,239.1880833775326,320.4467962231191,239.1442152485456,1,0.3423243015695741,0.9653985735515518,0.07972196299042325,-0.21205431946186187,29.067557999951532,30.0
1508,50.266666666666374,track,1,320.47542331830107,239.16303425974704,320.38041376901697,239.16504935406283,1,0.09503091633920717,0.9175277744071795,0.039972686429944684,-0.21353638387728832,30.458058001386235,30.0
1509,50.299999999999706,track,1,320.7627147766323,239.04553264604812,320.5297258639288,239.1949899727499,1,0.27680557427123376,0.9636652089228289,0.07850281766707554,-0.2200124915100478,29.459832001521136,30.0
1510,50.33333333333304,track,1,320.51792029054764,239.515674280799,320.4772383051629,239.2606843230883,1,0.25821483781562404,0.879968221041073,0.06695518266640788,-0.17070472666257105,29.79607599991141,30.0
1511,50.36666666666637,track,1,320.6957087126138,238.97659297789338,320.49002844383403,239.0646307263455,1,0.22372978817724642,1.0559562272477627,0.076708460233371,-0.22158263232849143,29.568187999757356,30.0
1512,50.3999999999997,track,1,320.72430908075256,239.22646714051513,320.4544873030918,239.1411650527907,1,0.28298451878177383,0.9716769911959674,0.07933294874062655,-0.20943554010681617,29.25409999988915,30.0
1513,50.43333333333303,track,1,320.5745699592126,239.11651001950702,320.40863094047313,239.15416626078627,1,0.17015801611298567,0.9393689157643217,0.07270697299953857,-0.21529777697859792,28.89984099965659,30.0
1514,50.46666666666636,track,1,320.5067891373802,239.34424920127796,320.4017909736101,239.19969637202348,1,0.17866206883547348,0.8955009120190405,0.06979336396086835,-0.20384549704295118,30.319497998789302,30.0
1515,50.499999999999694,track,1,320.44522632179536,239.19684290604792,320.414163880865,239.18542354934766,1,0.03309496856021089,0.9138197383349195,0.04360773554488431,-0.21121579548063157,29.655360000106157,30.0
1516,50.533333333333026,track,1,320.7282818532818,239.29633204633205,320.56986282554135,239.21174711572553,1,0.17958618776495355,0.9726696507555853,0.08023861092742596,-0.20615408737762045,29.986292000103276,30.0
1517,50.56666666666636,track,1,320.5169520547945,239.425,320.5338621399004,239.21237526026948,1,0.2132961108969506,0.9515048686447208,0.07023938151457815,-0.19913970721031204,30.63298099914391,30.0
1518,50.59999999999969,track,1,320.6516436675928,239.08421049992614,320.5548513613153,239.17690594151782,1,0.13401938459190865,0.9926448822525098,0.07763283132429014,-0.21627690592492615,33.73552000084601,30.0
1519,50.63333333333302,track,1,320.6943498978897,239.2071136827774,320.5400651383892,239.23415977513787,1,0.1566374097273784,0.9371134422897907,0.08072902649512041,-0.21037417254619828,30.937998000808875,30.0
1520,50.66666666666635,track,1,320.42281272595807,239.21691973969632,320.5124177263608,239.2612693035428,1,0.09997969749178286,0.8990522610932665,0.045341472736687025,-0.2099716087053316,32.848513999852,30.0
1521,50.69999999999968,track,1,320.60436533163806,239.5219326128417,320.67715130944157,239.287580929657,1,0.24539460054434828,0.9828910558484196,0.0754165134170162,-0.16898879842687514,14.02754599985201,30.0
1522,50.733333333333015,track,1,320.847476635514,238.9811214953271,320.68512753335347,239.09667882287977,1,0.19927550507637695,1.133749922157831,0.08884161897101864,-0.21960641073345608,9.487029999945662,30.0
1523,50.766666666666346,track,1,320.5636736626164,239.37667666088055,320.6251414943566,239.1771107056054,1,0.20881777904126736,1.0334160240656602,0.07556818134544507,-0.19976766944519203,10.0042760004726,30.0
1524,50.79999999999968,track,1,320.9606711167238,239.28684827710626,320.6395808245693,239.15312147867553,1,0.34782442745500264,1.0612572077670228,0.09703214385182954,-0.2039364055259057,9.589104998667608,30.0
1525,50.83333333333301,track,1,320.5762827047231,239.2896704043493,320.5431747514074,239.15276312601168,1,0.1408536099451116,1.0064040596162014,0.07898008183813647,-0.20356052808961225,10.74531500125886,30.0
1526,50.86666666666634,track,1,320.60481408298904,239.25974492545356,320.5466707267743,239.15180979794718,1,0.12259951721654386,1.0090963791285597,0.08113991317993796,-0.20489776494285644,10.149671999897691,30.0
1527,50.89999999999967,track,1,320.5335735963581,239.28015933232172,320.54226726696675,239.15941017745354,1,0.12106171281636022,1.000322467303558,0.07811423233894416,-0.20371139511762035,10.312927999621024,30.0
1528,50.933333333333,track,1,320.58572752548656,239.11177015755328,320.55761567759987,239.16211708654237,1,0.05766358686585963,1.006470576107128,0.08124086381865828,-0.21241380265193868,11.191528999916045,30.0
1529,50.966666666666335,track,1,320.91297392417215,239.28731402975524,320.5598988267718,239.21268271282952,1,0.36087651332598975,0.9661031036581652,0.09904834410652172,-0.20371110303175433,11.415415998271783,30.0
1530,50.999999999999666,track,1,320.49357520786094,239.51398337112622,320.4708140145351,239.21829184379112,1,0.2965662679054664,0.9125423156030353,0.053084123718969506,-0.16622232206712892,33.20909299873165,30.0
1531,51.033333333333,track,1,320.72543009689537,238.96124184298992,320.63047209812976,239.02543072169055,1,0.11461777208798761,1.1607240605521765,0.0895892979910508,-0.21795161125449616,10.250090999761596,30.0
1532,51.06666666666633,track,1,320.76720614680397,239.2368808239333,320.5990313863373,239.10994104710767,1,0.21070466771897908,1.0728669728540288,0.09288439198817441,-0.20458328867466447,11.359930000253371,30.0
1533,51.09999999999966,track,1,320.7549375888766,239.12450624111233,320.55360734764156,239.1246475339201,1,0.2013302908144163,1.0357234356887413,0.09353843863570352,-0.2106243394568323,11.642948000371689,30.0
1534,51.13333333333299,track,1,320.5695105370496,239.40499660095173,320.50828056836303,239.1730788000964,1,0.23986449386880326,0.970642986388648,0.08503008334562577,-0.19643814240465413,10.831843999767443,30.0
1535,51.16666666666632,track,1,320.7745375770705,239.42692884519246,320.5119121527857,239.14736813382547,1,0.3835704691719192,0.9945024642432939,0.0963045111938988,-0.19472820460973345,11.197754998647724,30.0
1536,51.199999999999655,track,1,320.44354427630174,239.22334252672817,320.4589888450056,239.11406751092204,1,0.11036106098565228,0.9977710834873075,0.05696675583079818,-0.2047397505918676,11.719545000232756,30.0
1537,51.233333333332986,track,1,320.6667191270591,238.9621235966845,320.6194371699246,239.13570342097478,1,0.1799042491746904,1.0633489474292497,0.09023683979422313,-0.21860020048199674,11.910745999557548,30.0
1538,51.26666666666632,track,1,320.65879678209166,239.36918502973066,320.60601015923885,239.23281524380968,1,0.14622977147057786,0.97766086309696,0.09052853409528894,-0.19839957746163275,10.92804600011732,30.0
1539,51.29999999999965,track,1,320.6342134213421,239.26696002933627,320.5945873596397,239.22375579895788,1,0.058624485401844624,0.9777981324868888,0.08991883411681928,-0.20340199402862652,12.31570600066334,30.0
1540,51.33333333333298,track,1,320.72661990647964,239.30110220440883,320.5899709695559,239.24295315521454,1,0.14850671326437626,0.959784178926889,0.09537588450782633,-0.20159271817493846,11.515215001054457,30.0
1541,51.36666666666631,track,1,320.49354103343467,239.12158054711244,320.5597997097914,239.25409012647174,1,0.1481519517742519,0.9326077709892079,0.05823730218294555,-0.21090529081978754,11.2946440003725,30.0
1542,51.39999999999964,track,1,320.7285002931729,239.36422021000044,320.7312449715009,239.31649506053554,1,0.047804007683153814,1.0009486553353784,0.09464960442978149,-0.19871841538762905,12.40618399970117,30.0
1543,51.433333333332975,track,1,321.1220901021604,239.38251549154245,320.71203001426056,239.3155160390204,1,0.4154975358852323,0.9876765837288173,0.11624301375099026,-0.19737000458400406,11.546293000719743,30.0
1544,51.466666666666306,track,1,320.72187201528175,239.58796561604584,320.58118353831264,239.30896999338552,1,0.3124608855769062,0.9029378579100646,0.09774224446471985,-0.16446409822937122,11.888425000506686,30.0
1545,51.49999999999964,track,1,320.44524633703895,239.49842009821646,320.55253572827667,239.128562049415,1,0.3851051671107302,1.0318429302670147,0.06094151804544397,-0.18782703881148508,11.319705001369584,30.0
1546,51.53333333333297,track,1,320.8444291134874,239.1911003794412,320.72368088171015,239.07440447464774,1,0.16792280867381165,1.1749217399916119,0.10351942526026017,-0.20284192295361203,11.717699000655557,30.0
1547,51.5666666666663,track,1,320.58337408312957,239.359902200489,320.6712607729406,239.10198603363438,1,0.27247902556145825,1.1211690813952058,0.09115312757967362,-0.19408166913676023,11.552582000149414,30.0
1548,51.59999999999963,track,1,320.9976331360947,239.37920540997465,320.6883056093768,239.08451770438364,1,0.42722870059476314,1.1453700037483867,0.11334360815324165,-0.1925836366197909,11.61796099950152,30.0
1549,51.63333333333296,track,1,320.6600045417881,238.98766066391522,320.59050698261433,239.0607430290454,1,0.10085109232989922,1.1094602985249604,0.09763032258705834,-0.2127034131265594,12.089391999325017,30.0
1550,51.666666666666295,track,1,320.7494501776349,239.47132464895958,320.5800126820636,239.14596866559623,1,0.3668318154356348,1.0323682635078075,0.10307103725329471,-0.18840816209572772,11.601464999330346,30.0
1551,51.699999999999626,track,1,320.731161971831,239.22588028169014,320.5439957042598,239.10332612485263,1,0.22372021159179226,1.04878756887415,0.10316754769713038,-0.20060113373219507,12.321259999225731,30.0
1552,51.73333333333296,track,1,320.6613068764967,239.2641122134793,320.51095276400304,239.12743089976425,1,0.20319483424201185,1.0111624803801664,0.10045560125872893,-0.19884353663038865,10.989860998961376,30.0
1553,51.76666666666629,track,1,320.5874211632796,239.2405395935529,320.4958565515151,239.14389157669257,1,0.13313495893499455,0.9893408675165373,0.09721126016503244,-0.20022470895019595,12.70946700060449,30.0
1554,51.79999999999962,track,1,320.54084909026045,239.27952194077773,320.5015407197743,239.16945985963343,1,0.11687091039299896,0.9702267870718932,0.09502087394417928,-0.19843706435751424,11.55956999900809,30.0
1555,51.83333333333295,track,1,320.4417303747902,239.35894089129218,320.52237835230574,239.1872469727855,1,0.18969158634353497,0.9661504159311891,0.0666866042759993,-0.19437300757940226,11.647068000456784,30.0
1556,51.86666666666628,track,1,320.80675280580965,239.21253418843725,320.69779763177166,239.1851236127477,1,0.11235020965392255,1.072821076138747,0.10696794194360562,-0.20188277319072168,11.831130001155543,30.0
1557,51.899999999999615,track,1,320.82134256472006,239.5314569536424,320.661842751485,239.2248283742465,1,0.34563170590147735,1.0192776251181708,0.10871571096939373,-0.1609710907476013,11.527689001013641,30.0
1558,51.933333333332946,track,1,320.9941348973607,239.24868035190616,320.62002013819836,239.04812505657378,1,0.42448118863968876,1.1359977463420323,0.11896759438158142,-0.1977802628418846,11.411945000872947,30.0
1559,51.96666666666628,track,1,320.7993158494869,239.17364391594722,320.52696853747307,239.06953638631603,1,0.2915672068101469,1.0693261316718738,0.11064830818905605,-0.20191037295676206,11.672479999106145,30.0
1560,51.99999999999961,track,1,320.68026764628706,239.59354500131198,320.48172817118154,239.11478551531422,1,0.5182939017661801,1.0078029146650738,0.10558037337352555,-0.15908032737131195,31.398504999742727,30.0
1561,52.03333333333294,track,1,320.4514066496164,239.1644820971867,320.46695244438627,238.93342974211328,1,0.23157474499607913,1.1643095380210804,0.07063084824607277,-0.20030761629652202,11.36317900090944,30.0
1562,52.06666666666627,track,1,320.68647596628495,239.13369946080206,320.6420037463163,238.9737862928066,1,0.16598192566446596,1.2104889025165575,0.10470054610536923,-0.20247136119289844,11.36043999940739,30.0
1563,52.0999999999996,track,1,320.98000310029454,239.19175321655558,320.63877342383523,239.02752768757068,1,0.3786921130244112,1.1635007028101916,0.1207286952334343,-0.2001882311447057,11.666230000628275,30.0
1564,52.133333333332935,track,1,320.5261657234043,239.34567328332184,320.5534769015976,239.0709486612011,1,0.276078826521869,1.0814217820656808,0.09865045852874862,-0.19268885538881705,11.547146999873803,30.0
1565,52.166666666666266,track,1,320.78826477343915,239.2810607642514,320.5893420308299,239.07624061712954,1,0.2855197894966286,1.0957442341823886,0.11244876392000155,-0.1960772727946963,11.7305399999168,30.0
1566,52.1999999999996,track,1,320.9212818917237,239.0976975731176,320.55502100923854,239.10148314534172,1,0.36628044528185694,1.056115930568792,0.120468114805461,-0.20596250439320202,11.592660999667714,30.0
1567,52.23333333333293,track,1,320.5414725411791,239.19806302505594,320.48132864524086,239.18133726044198,1,0.062426271877696865,0.9496767586237179,0.10205824675308006,-0.20167909747586288,12.874243999249302,30.0
1568,52.26666666666626,track,1,320.49059080962803,239.01050328227572,320.50921445313077,239.24024820825366,1,0.23049852734871437,0.9146158452263107,0.07375730921976262,-0.212189335230129,13.363722000576672,30.0
1569,52.29999999999959,track,1,320.86592668321896,239.29677230904045,320.69142444574084,239.35712672380168,1,0.18464475694165383,0.9441153602277519,0.11716153746451155,-0.19853930214912616,12.201941999592236,30.0
1570,52.333333333332924,track,1,321.1646814012411,239.40628976572418,320.6455246769017,239.40312930482105,1,0.5191663441903532,0.8791795807754125,0.13414493384064163,-0.19300949856314065,13.922838001235505,30.0
1571,52.366666666666255,track,1,320.59912739965097,239.41989528795813,320.5124198170098,239.42157509609297,1,0.08672385279059516,0.7727544489190722,0.10690718773582927,-0.1919907269885464,10.908838001341792,30.0
1572,52.39999999999959,track,1,320.54632929436923,239.642017106201,320.52794948891665,239.436534167648,1,0.20630330895273255,0.7721556883656785,0.10439137153117845,-0.16109943980761107,13.712717998714652,30.0
1573,52.43333333333292,track,1,320.9326703619172,239.48842517117706,320.56025689203443,239.28869764725846,1,0.42259067235419406,0.9054495138259954,0.12471101005346302,-0.18516316265899502,12.081818000297062,30.0
1574,52.46666666666625,track,1,320.55432717222317,239.29521506305062,320.4875463893659,239.2711701110145,1,0.07097769140688091,0.8768662890443064,0.10630032384959853,-0.1943913460344995,12.146084000050905,30.0
1575,52.49999999999958,track,1,320.82813408254214,239.42898663049797,320.51637313040237,239.30483984908324,1,0.33557013367510924,0.8659612261667153,0.12068993259860832,-0.187210043057524,11.145537000629702,30.0
1576,52.53333333333291,track,1,320.4303149606299,239.3714566929134,320.4717955891591,239.30220074628664,1,0.0807281158354714,0.8423270602520808,0.07825357671741127,-0.18960507480377284,11.906626999916625,30.0
1577,52.566666666666244,track,1,320.7726755218216,239.37798861480076,320.65687892031326,239.31433771105708,1,0.13213739239242855,0.9495381458532155,0.11661692423339784,-0.18887582899376945,12.002425999526167,30.0
1578,52.599999999999575,track,1,320.49421164193706,239.61193543127342,320.6406846786889,239.32459903075164,1,0.32251598031744094,0.9309368006305901,0.07678674607436442,-0.15588413265457382,12.149565998697653,30.0
1579,52.63333333333291,track,1,320.8880650994575,239.25551537070524,320.8402382705292,239.16092938116526,1,0.10599016455593098,1.1874509904217567,0.12119616507392614,-0.19225155781044573,13.138410000465228,30.0
1580,52.66666666666624,track,1,320.9351899604607,239.38731304796286,320.8062550767403,239.19325513305762,1,0.23298643432048238,1.1405632508139842,0.12485595716840614,-0.185427247399572,11.85721299953002,30.0
1581,52.69999999999957,track,1,320.99494458487266,239.24713202411044,320.75605963641806,239.191231396906,1,0.2453383352026442,1.1071281891322333,0.12947824452194306,-0.19246467697064584,11.465453999335296,30.0
1582,52.7333333333329,track,1,320.550597213006,239.3853682813537,320.6845118003762,239.22879846337082,1,0.20602724240673526,1.0311683737166555,0.10789595624266567,-0.1854694514567242,11.573682999369339,30.0
1583,52.76666666666623,track,1,320.877172459893,239.2860962566845,320.7313624275205,239.2311264932248,1,0.15582759843909325,1.061158550740395,0.12511056105775,-0.19047512474043632,12.730629001453053,30.0
1584,52.799999999999564,track,1,321.046503112413,239.2755400952032,320.6896878402906,239.26223124495982,1,0.35706338921062175,1.0099366578940834,0.13533807697731684,-0.19124732116091145,12.41224800105556,30.0
1585,52.833333333332895,track,1,320.85814536340854,239.44561403508771,320.59674556189407,239.2995451171023,1,0.2994427909187925,0.9201860184851214,0.12747613116593312,-0.1825984079316301,11.7152860002534,30.0
1586,52.86666666666623,track,1,320.86776390465377,239.33919788119562,320.54900573422685,239.29283311008544,1,0.32211250086579235,0.8952610269666597,0.12931299712422922,-0.18783313384567882,10.923140000159037,30.0
1587,52.89999999999956,track,1,320.58248402141993,239.3377094489549,320.494734337492,239.3161521945549,1,0.09035885261954386,0.8440437700177251,0.11563772677429332,-0.18797083642962706,12.465035000786884,30.0
1588,52.93333333333289,track,1,320.5923594530063,239.37812025179076,320.51665570536295,239.34232911782487,1,0.08373805991190163,0.8363397079806121,0.11627543249274151,-0.18592834389846621,11.802985000031185,30.0
1589,52.96666666666622,track,1,320.6041055718475,239.49755620723363,320.53842686930477,239.35974702076237,1,0.15265996149472139,0.8365568546201737,0.11692051500592139,-0.17955439662990583,12.502244000643259,30.0
1590,52.99999999999955,track,1,320.8249182709771,239.4678532509989,320.56000135412137,239.34531563586825,1,0.2918842920717922,0.8615179239321518,0.128545903253117,-0.18053471519981054,29.92001599886862,30.0
1591,53.033333333332884,track,1,320.4375,239.3328927492447,320.52281036089767,239.3382685148806,1,0.08547956792510165,0.8433381479929981,0.08610537703050045,-0.18716328400097387,11.359816999174654,30.0
1592,53.066666666666215,track,1,321.10151568558337,239.3464927740571,320.7151982291782,239.36874043567718,1,0.3869575371677203,0.9539377047630971,0.14162875064132063,-0.18652622584907314,11.150910999276675,30.0
1593,53.09999999999955,track,1,320.81342966425836,239.42562685932853,320.6146835863407,239.3979921404125,1,0.20065812013779222,0.860377460375247,0.1283683117578271,-0.18241758757716517,11.495306000142591,30.0
1594,53.13333333333288,track,1,320.8156964850288,239.63027710619303,320.58810615637583,239.40751926349049,1,0.3184625789348961,0.8348067287115076,0.12933951164681495,-0.15205789266355696,11.623160000453936,30.0
1595,53.16666666666621,track,1,320.4945315348159,239.27305869485963,320.55955655413095,239.25732687355298,1,0.0669009965437441,0.9298746743607379,0.08741441199884953,-0.18779638333518214,11.299470999801997,30.0
1596,53.19999999999954,track,1,321.03981968444776,239.2357250187829,320.7578076964643,239.29994930668704,1,0.28923264083292943,1.0316702370566184,0.1397422527129869,-0.1900827990966905,11.775287999626016,30.0
1597,53.23333333333287,track,1,320.6919183398009,239.20870592205162,320.6801698518809,239.3569861517874,1,0.1487449276409126,0.9360009809828689,0.12311345973805803,-0.19206423981084697,11.25932200011448,30.0
1598,53.266666666666204,track,1,320.98858075040783,239.49120899039332,320.6944043150162,239.42682150568157,1,0.3011403714669319,0.9004059856876991,0.13908938183513767,-0.17793074858475397,12.505721999332309,30.0
1599,53.299999999999535,track,1,320.71294559099437,239.48386491557224,320.6266118183869,239.4235196703146,1,0.10533313304865251,0.8514528415927244,0.1261516902955775,-0.1779104466293376,11.571551998713403,30.0
1600,53.33333333333287,track,1,320.71490947022625,239.40097392372667,320.6309908123113,239.42236156918466,1,0.08660122703794879,0.8554621920202639,0.1267394985676787,-0.1818545064742989,19.494551001116633,30.0
1601,53.3666666666662,track,1,320.54275986380935,239.63969557380332,320.6353977734897,239.44450102092742,1,0.21606178695540604,0.8439842689922082,0.1181155339703644,-0.15032242182787361,32.59947399965313,30.0
1602,53.39999999999953,track,1,320.8383821289558,239.32103570824165,320.6889545977774,239.30074245214723,1,0.1507992152399416,0.9816412562783301,0.1333719226602842,-0.18354222749678922,29.777305000607157,30.0
1603,53.43333333333286,track,1,320.6190476190476,239.31683539557554,320.66429180646855,239.3364397831633,1,0.049308909013229506,0.9389333125997847,0.12267642539938547,-0.18391245002458226,33.82504299952416,30.0
1604,53.46666666666619,track,1,320.74222076645924,239.31133311496887,320.6998118284837,239.37640571715247,1,0.0776721415641286,0.9373400796326887,0.12913407548164646,-0.18443787913469406,37.31144300036249,30.0
1605,53.499999999999524,track,1,320.9349102209945,239.56871546961327,320.7040235469524,239.42147847699334,1,0.2738382519772956,0.9112279118010812,0.13973535831731626,-0.14864740619088163,31.073989999640617,30.0
1606,53.533333333332855,track,1,320.6601128122482,239.12038678485092,320.65481988801025,239.27798368056597,1,0.15768575264115484,0.9747290142715699,0.12654595418517853,-0.19254845553325112,31.90562300005695,30.0
1607,53.56666666666619,track,1,320.6506093145626,239.75268080141018,320.6790767815861,239.3709531831753,1,0.382787631986742,0.9256593180250735,0.12623584824481043,-0.1473980989249093,31.47592599998461,30.0
1608,53.59999999999952,track,1,320.8745858184228,239.42147117296224,320.7080968687908,239.22545653035922,1,0.2571775854625826,1.0494373549452545,0.13816946917986295,-0.17543039161210272,31.58723500018823,30.0
1609,53.63333333333285,track,1,321.03564247852313,239.50319868397003,320.67657246987415,239.23181153634914,1,0.45009138517081393,1.0236521981014193,0.14773093940947957,-0.14495308045451072,30.57747100137931,30.0
1610,53.66666666666618,track,1,320.51791124576727,239.149705934771,320.5971472177233,239.0779773058939,1,0.1068800049233087,1.0985038225155852,0.12227033771660983,-0.18727684405648365,29.358478999711224,30.0
1611,53.69999999999951,track,1,320.87998516045263,239.2138749768132,320.6565976240088,239.15223653678322,1,0.23173538514388076,1.0722981532294482,0.14104212214218134,-0.18488135964711194,29.481752000720007,30.0
1612,53.733333333332844,track,1,320.82069212838445,239.311099157253,320.61900972322974,239.21609684573127,1,0.22293773064123415,0.9988379211490809,0.13903704223090124,-0.18060750831914435,29.339050999624305,30.0
1613,53.766666666666175,track,1,320.5704391891892,239.4420608108108,320.59518551811516,239.25955052220297,1,0.18418030905345364,0.9500059105836669,0.12675174083739682,-0.1742218421307706,34.76169799978379,30.0
1614,53.79999999999951,track,1,320.7689013585351,239.43679858239813,320.639944882059,239.27134477344862,1,0.20977305766239973,0.9697772379542474,0.13703147281009276,-0.1744649285161445,31.6212590005307,30.0
1615,53.83333333333284,track,1,320.7879206212252,239.48748921484037,320.6329329619083,239.2868431397285,1,0.25353505082797057,0.9535181391155214,0.1386114857247147,-0.17175628105798604,32.842713000718504,30.0
1616,53.86666666666617,track,1,320.49264332825976,239.51056993066126,320.62054021684014,239.29031320699323,1,0.2546971504149919,0.9427223901468762,0.09795624459039788,-0.14467438197828605,37.60384300039732,30.0
1617,53.8999999999995,track,1,321.1091910368401,239.3701101405241,320.8280132588061,239.15177443951166,1,0.3559935690384685,1.1853660018004804,0.15384814686370446,-0.17552121529584866,31.552226999338018,30.0
1618,53.93333333333283,track,1,320.7707152974504,239.04674220963173,320.7404258795698,239.18019018934342,1,0.1368422892408581,1.1046803197239756,0.13790477925197597,-0.19271748935889751,34.15206299905549,30.0
1619,53.966666666666164,track,1,320.8324251102951,239.50295403493215,320.74089137479064,239.30276755931482,1,0.22012053460658715,1.0173755971041256,0.14174851194746968,-0.1442701114387142,28.787332999854698,30.0
1620,53.999999999999496,track,1,321.1216931216931,239.4498530276308,320.72387036553107,239.16941713049755,1,0.486731176031801,1.1017514280476377,0.15782814933506126,-0.17105494993165554,79.48262300124043,30.0
1621,54.03333333333283,track,1,320.6624563736081,239.43360478643842,320.6240964826511,239.18138742143037,1,0.25511777759661675,1.029379897535358,0.13569295607700438,-0.17179188859488748,29.495549999410287,30.0
1622,54.06666666666616,track,1,320.81178135503274,239.27224482575622,320.64537391208796,239.19976630326505,1,0.1815064001348733,1.0280473995851567,0.14375872747790724,-0.18024230322692852,30.881329999829177,30.0
1623,54.09999999999949,track,1,320.75802554366584,239.54694511563687,320.626622564855,239.26570229054323,1,0.31042594850788285,0.9653232437369852,0.141680765711287,-0.14271902219627014,29.765753999527078,30.0
1624,54.13333333333282,track,1,320.66856568364614,239.27680965147454,320.62193404049924,239.1340122881245,1,0.15021849793651632,1.0661785346981452,0.13747948660046447,-0.178541046578167,29.14842599966505,30.0
1625,54.16666666666615,track,1,320.7492477432297,239.26629889669007,320.64262435439514,239.19588117884587,1,0.12777794032209183,1.0293556913895618,0.14182496895990596,-0.1796607110712146,30.49780500077759,30.0
1626,54.199999999999484,track,1,320.73135347328895,239.33964840416454,320.6431024018839,239.26623960273537,1,0.11479156646465512,0.9756971968304335,0.14125335770862585,-0.17646818846952386,28.906218998599797,30.0
1627,54.233333333332816,track,1,320.6871260374445,239.63115228720324,320.6495842724763,239.3220990934126,1,0.31132500816530134,0.938887302183079,0.13919130105002397,-0.14219907482572144,32.152191999557544,30.0
1628,54.26666666666615,track,1,320.66238095238094,239.4015873015873,320.6700105657626,239.19772766869005,1,0.2040023551956211,1.0452535825430191,0.13795111114044004,-0.1714142984680466,29.606242000227212,30.0
1629,54.29999999999948,track,1,320.72620918456437,239.55683603981143,320.6999895170902,239.2317182692684,1,0.3261733215413497,1.0393469785457201,0.14124159634727426,-0.14007756505623353,35.332285000549746,30.0
1630,54.33333333333281,track,1,320.70822420115246,239.12118037366858,320.7153490178656,239.1011369043938,1,0.02127213373794527,1.1487728591867288,0.14046490506279286,-0.1840041397408925,14.046109999981127,30.0
1631,54.36666666666614,track,1,321.0820204645119,239.32450868929675,320.7377721355176,239.20739763570214,1,0.36362330905678475,1.08283250405443,0.16024933781379783,-0.1744632631757252,10.063542998977937,30.0
1632,54.39999999999947,track,1,320.8789107763615,239.44394553881807,320.65759096887257,239.26535044645902,1,0.28439174425725444,0.9859694969220492,0.15122955129102378,-0.16861651242136066,10.698526999476599,30.0
1633,54.433333333332804,track,1,320.7546885465506,239.38044206296047,320.62841941537647,239.29470703562401,1,0.15262499271040555,0.9446423276671279,0.14561392747399976,-0.17193364303521447,10.635616999934427,30.0
1634,54.466666666666136,track,1,320.6267759562842,239.58688524590164,320.63209330298423,239.34435110305685,1,0.24259242490520033,0.9107235693339016,0.13928057460302692,-0.13966678132355545,10.16501100093592,30.0
1635,54.49999999999947,track,1,320.7459494491251,239.25891121192484,320.672431850197,239.2245109934056,1,0.08116780387767793,1.026424762224728,0.1453940027041924,-0.17643615086668546,10.720001999288797,30.0
1636,54.5333333333328,track,1,320.7632133759053,239.16583981646545,320.68304352330165,239.30338954812737,1,0.1592078325546796,0.9756098484448172,0.14658770379318298,-0.18202597725604167,11.465391000456293,30.0
1637,54.56666666666613,track,1,320.8859173368244,239.55227230222556,320.6901581325228,239.4147054494399,1,0.23926200085707736,0.9049242834639342,0.15341251563200742,-0.1394049930824397,10.784002000946202,30.0
1638,54.59999999999946,track,1,320.748167539267,239.44502617801047,320.66373432147304,239.30134392421314,1,0.16665400782255488,0.9636719160249366,0.14704040794136045,-0.16646814053978232,11.402164000173798,30.0
1639,54.63333333333279,track,1,320.5852803738318,239.5634735202492,320.67414686347,239.33496319507935,1,0.24518201746835597,0.9469677636675493,0.1387836033431075,-0.13734312537667243,11.473736998595996,30.0
1640,54.666666666666124,track,1,321.0264231246675,239.55648164568186,320.7314386461619,239.21590255261845,1,0.4505662672583225,1.0722925440799405,0.16162502637885015,-0.13524591440942393,11.73051600017061,30.0
1641,54.699999999999456,track,1,320.81375252803826,239.22908622908622,320.6697435947201,239.08831974761415,1,0.20137967916714314,1.1312459349137711,0.1518443774734623,-0.1735545990313032,10.714042000472546,30.0
1642,54.73333333333279,track,1,320.636231356857,239.46726082211714,320.66303720056,239.16772232202607,1,0.3007355421187161,1.0640979572295513,0.14309802280374326,-0.16180476441807157,11.326425999868661,30.0
1643,54.76666666666612,track,1,320.85372645372644,239.46552006552008,320.7057943040967,239.18714090905723,1,0.3152441524390992,1.076515444117558,0.15441532964206517,-0.1617986760959362,11.036165999030345,30.0
1644,54.79999999999945,track,1,320.737119970872,239.18805752776262,320.6909997556669,239.2092181949206,1,0.050742960941761894,1.050150715648163,0.14900142469318103,-0.17632543616310062,11.170448999109794,30.0
1645,54.83333333333278,track,1,320.931988171856,239.37728300574014,320.7078776986567,239.31147204711624,1,0.23357351406485682,0.9875026977977479,0.15952144159542508,-0.1674587852178246,11.052100999222603,30.0
1646,54.86666666666611,track,1,320.513219035411,239.33183784649896,320.6714381992882,239.369146919664,1,0.1625585148752303,0.921306064471974,0.13849374481387852,-0.1702544694045642,12.207308998767985,30.0
1647,54.899999999999444,track,1,320.8981684981685,239.59468864468863,320.74992668231084,239.44445121591048,1,0.21106141517256852,0.9332869228405036,0.15809263882263963,-0.13579843311563344,10.687333000532817,30.0
1648,54.933333333332776,track,1,320.802510773843,239.2585722315908,320.72665891772067,239.3387183457496,1,0.11034900856808345,0.9825103607347377,0.15391484345408363,-0.17275933337122107,11.995777000265662,30.0
1649,54.96666666666611,track,1,320.5580400544429,239.70484153217967,320.7284348056163,239.43284785953483,1,0.32095938868689416,0.9231894802625746,0.1415265467914272,-0.13462349344018099,11.958924000282423,30.0
1650,54.99999999999944,track,1,321.29720895147096,239.7154890621071,320.79903454562975,239.32633300130215,1,0.6321551852958905,1.0451236435199036,0.17995648270390258,-0.13254424055393257,32.4147979990812,30.0
1651,55.03333333333277,track,1,320.65807560137455,239.07280927835052,320.66741839283554,239.2114847298019,1,0.13898981468987864,1.033055488553625,0.14885540534597327,-0.1790667935920165,11.760807999962708,30.0
1652,55.0666666666661,track,1,320.81008525303827,239.5409033194268,320.70440921633156,239.34752180718783,1,0.22037203545338907,0.9601667230998319,0.1568878777540185,-0.13186884531860943,12.420552000548923,30.0
1653,55.09999999999943,track,1,321.00766895670233,239.49672471640838,320.70128551863763,239.2346106596326,1,0.40320539416009576,1.0380858447155923,0.16787889366715106,-0.1562410671723249,11.69105699955253,30.0
1654,55.133333333332764,track,1,320.7468236752402,239.24140068174776,320.6422591387168,239.25446793015772,1,0.10537786902079319,0.9840299123647318,0.15553255896389714,-0.16953556593905553,11.921289999008877,30.0
1655,55.166666666666096,track,1,320.9175029766967,239.52389862221466,320.6517866540016,239.34802146705078,1,0.3186501810059673,0.9219012147520177,0.1648575542417507,-0.1307184620006174,11.019113999282126,30.0
1656,55.19999999999943,track,1,320.6597432024169,239.49584592145015,320.614278315329,239.23735172961096,1,0.2624620032928829,0.9792702553487511,0.15229191840555106,-0.15526108184867357,11.774069000239251,30.0
1657,55.23333333333276,track,1,320.67983263598325,239.3297071129707,320.64647480273914,239.26038622063447,1,0.07692939069714486,0.9823228660699914,0.15325997920343398,-0.16395459336803853,11.871749000420095,30.0
1658,55.26666666666609,track,1,320.9128510638298,239.27182978723403,320.67618701841366,239.3326053070773,1,0.24434306661936844,0.9500760811706263,0.16546580267809932,-0.16768291466225085,11.510834001455805,30.0
1659,55.29999999999942,track,1,320.72041447009633,239.58643882930375,320.6434708158765,239.42753688779135,1,0.17655070926254016,0.8612599524675567,0.15618603780368992,-0.1304526408091002,11.719382000592304,30.0
1660,55.33333333333275,track,1,320.77914310486614,239.30406745144765,320.6629065577973,239.32674400395194,1,0.11842787217525849,0.9448379440863717,0.15935129718082403,-0.16518375475483738,11.54693099852011,30.0
1661,55.366666666666084,track,1,320.93091565474236,239.7047915982934,320.6681113100884,239.41402957425953,1,0.3919294301137238,0.888669827613458,0.1676363899989346,-0.12943029440667067,11.967395001192926,30.0
1662,55.399999999999416,track,1,320.72748267898385,239.2837093622313,320.63176979353625,239.31348468796568,1,0.10023735063983834,0.932971781825373,0.15783619695428028,-0.16516549631964803,10.934580999673926,30.0
1663,55.43333333333275,track,1,320.41164372725837,239.56557506723618,320.6503273358709,239.4063909975639,1,0.2868962060706323,0.8805096771496035,0.11978949583236335,-0.12846159933067414,11.651744000118924,30.0
1664,55.46666666666608,track,1,321.0298455665452,239.37428422696513,320.8744224207286,239.30641539752833,1,0.16959520118402446,1.1160977424305818,0.17116500729967832,-0.15946249698079626,12.715365999611095,30.0
1665,55.49999999999941,track,1,320.9064220183486,239.8020016680567,320.8271269923937,239.37465884930498,1,0.4346373038291395,1.0369139869337283,0.1658672878269361,-0.12709422274549792,11.48121600090235,30.0
1666,55.53333333333274,track,1,321.11337158755,239.34985219961746,320.81068866494854,239.2731611275326,1,0.3122474534276787,1.0888116724235317,0.17758743158253734,-0.15932363401171007,12.506525999924634,30.0
1667,55.56666666666607,track,1,320.9127745128364,239.50247448190535,320.7343358546598,239.34645188080685,1,0.2370303921133595,0.9830433823284721,0.16875751844938852,-0.12583691252349571,11.600361000091652,30.0
1668,55.599999999999405,track,1,320.9552898623531,239.45323018185474,320.70765918960785,239.2440536948211,1,0.3241539029720086,1.0354884571785752,0.17197031867102616,-0.15267891996132507,12.363616999209626,30.0
1669,55.633333333332736,track,1,320.8547686779458,239.45276238957928,320.66642116120477,239.28772838526675,1,0.25042166368336033,0.975421968819765,0.16782302712909447,-0.15288489366979682,11.204922999240807,30.0
1670,55.66666666666607,track,1,320.6859050445104,239.35519287833827,320.6498658595651,239.33542566794404,1,0.04110432408260818,0.9295077612671926,0.15962336672628896,-0.1582634556835536,12.447420000171405,30.0
1671,55.6999999999994,track,1,320.5699596033786,239.53048108703635,320.6795961575024,239.41474121034935,1,0.1594236276580612,0.8968716676065409,0.1534270962797268,-0.12515318627322855,11.91907800057379,30.0
1672,55.73333333333273,track,1,320.8322085889571,239.4898773006135,320.74491751909306,239.3204097421708,1,0.19062786848343333,1.008337755312242,0.16657927668011327,-0.1501588562247011,11.848600001030718,30.0
1673,55.76666666666606,track,1,320.71255140003916,239.5247699236342,320.74262838872676,239.36239140460998,1,0.16514057251025901,0.9787960179006319,0.160626410521976,-0.12357127597511872,11.815362000561436,30.0
1674,55.79999999999939,track,1,320.8757992327366,239.5329283887468,320.7746125021283,239.26553062842572,1,0.2859026349579847,1.0674595009808157,0.16909429335769688,-0.12184870850931091,11.524575000294135,30.0
1675,55.833333333332725,track,1,320.83607042461904,239.4286137002515,320.76394932402536,239.16244921409702,1,0.27576255518239173,1.1336268736429551,0.16753850062502962,-0.1500160433717226,11.654474001261406,30.0
1676,55.866666666666056,track,1,320.81195952161914,239.17313707451703,320.7640885555353,239.2125683400468,1,0.06201978793159754,1.097214627954196,0.16666804741665317,-0.16379670757149156,11.743670000214479,30.0
1677,55.89999999999939,track,1,320.98538391415076,239.59032707872964,320.77136512278366,239.33916742902693,1,0.3299775942348549,1.0157282311257942,0.1761312801062407,-0.12186188363525909,12.221708000652143,30.0
1678,55.93333333333272,track,1,321.00433354557754,239.25181635398692,320.73065607684805,239.24510551078583,1,0.2737597346335828,1.0505826918814625,0.17818444161230723,-0.15947515355359504,12.349790000371286,30.0
1679,55.96666666666605,track,1,320.57848577053875,239.34508680866298,320.6814718122963,239.35464735245137,1,0.10342885861508659,0.9385541383705295,0.15691672431355008,-0.15575547774151577,12.678439999945113,30.0
1680,55.99999999999938,track,1,320.8181764403355,239.81104278720466,320.7481803368445,239.44735881003453,1,0.3703585961662084,0.9301538051780347,0.16894296011371396,-0.12223617701149968,31.670271000621142,30.0
1681,56.03333333333271,track,1,320.9335126825519,239.25057647963104,320.75320386066574,239.36431675045924,1,0.21318564787070457,0.9856009585367044,0.17534673139426643,-0.15995160139414738,10.20106300165935,30.0
1682,56.066666666666045,track,1,320.79480802114097,239.47147520596923,320.7265187939562,239.48544787396668,1,0.06970404579693454,0.890277175028635,0.16885876301734332,-0.14953397624617484,11.644472000625683,30.0
1683,56.099999999999376,track,1,320.77339719970524,239.70946941783345,320.736870987148,239.55405071576524,1,0.15965317772077806,0.8613069231173943,0.16798895736888542,-0.12214367148213988,12.324735000220244,30.0
1684,56.13333333333271,track,1,320.7395096264604,239.54714497284846,320.7542867842294,239.47961241691337,1,0.06913038769496256,0.9163797190542169,0.16634419394663919,-0.12049090180782594,11.377949000234366,30.0
1685,56.16666666666604,track,1,320.62977628192436,239.58582458919025,320.78288914492634,239.39940789645152,1,0.2412358434153382,0.9867250316518217,0.16052662837822534,-0.1187666916605168,12.942117000420694,30.0
1686,56.19999999999937,track,1,320.981362674799,239.68274486757824,320.84492283879047,239.313064169879,1,0.3940553858297522,1.0889331651730378,0.17850932397158908,-0.11697434699242483,12.905109999337583,30.0
1687,56.2333333333327,track,1,321.05818059525814,239.5285017655961,320.81344293768245,239.22022585047876,1,0.3936121960471646,1.1268261343823365,0.18349219185650284,-0.11519988445104015,11.895071998878848,30.0
1688,56.26666666666603,track,1,320.7536334378709,239.05449075163745,320.7577716275032,239.12099627293583,1,0.06663414272429811,1.16054529926304,0.16878194030198818,-0.16310833419746307,13.577444999100408,30.0
1689,56.299999999999365,track,1,321.0132370961169,239.32493637527799,320.78292862356466,239.28035889865487,1,0.23458291487536587,1.0634192702514305,0.18258532684953,-0.15086625451749633,12.480555998990894,30.0
1690,56.333333333332696,track,1,320.83615617757175,239.46639329648778,320.73683090791724,239.37751879900475,1,0.13328235252576992,0.9645738087127564,0.17444823158567418,-0.14448349336932914,11.962120999669423,30.0
1691,56.36666666666603,track,1,320.7656709487695,239.8251044729918,320.73648407588996,239.44373353348237,1,0.3824861658292862,0.9229524233737606,0.17121200240476742,-0.1169320587591593,11.680281000735704,30.0
1692,56.39999999999936,track,1,320.6166007905138,239.36832089006003,320.7557398412307,239.36611133654878,1,0.1391565936674111,0.9863861035494078,0.16352154800936947,-0.14847647432824704,12.02319199910562,30.0
1693,56.43333333333269,track,1,320.88193956430075,239.62895291637386,320.81834371191053,239.4598378675953,1,0.18067742571947182,0.9805414627171556,0.17698149228848775,-0.11611877152424226,12.150157001087791,30.0
1694,56.46666666666602,track,1,320.9682447195921,239.55892206846323,320.81148317591044,239.38410958582472,1,0.23480542085672795,1.018737427926693,0.18205633078476507,-0.11456436049431461,12.116258998503326,30.0
1695,56.49999999999935,track,1,321.04006488240066,239.27039740470397,320.7798683858514,239.30321843656316,1,0.2622583400939155,1.0458007680222556,0.18678555279654382,-0.151269232430439,12.036855001497315,30.0
1696,56.533333333332685,track,1,320.7224227837946,239.2930204572804,320.72533219241245,239.42122161674524,1,0.12823416840545113,0.9279500020328926,0.17132428674305453,-0.15130719235025195,11.90863299962075,30.0
1697,56.566666666666016,track,1,320.8321567243205,239.7622661489587,320.7555467358022,239.54256991523312,1,0.23267042238749794,0.8832288222376117,0.17707928461438194,-0.11541836995221737,11.370243000783375,30.0
1698,56.59999999999935,track,1,321.1304581245526,239.61345740873298,320.7573481201638,239.47566144436246,1,0.3977421315020936,0.9211444490652264,0.19319318830788942,-0.11394907063141954,12.442448000001605,30.0
1699,56.63333333333268,track,1,320.73424836288837,239.39562783777808,320.6754783341862,239.40407457690594,1,0.059373930942345575,0.9007763817090284,0.17394829541751433,-0.1441013149920717,12.849103999542422,30.0
1700,56.66666666666601,track,1,320.491308793456,239.56833674164963,320.69850708750573,239.49646509377112,1,0.21930952288006095,0.8610804568021886,0.13550261131116761,-0.11315123339727588,12.109235000025365,30.0
1701,56.69999999999934,track,1,320.99057107276286,239.47589396904465,320.9288280360282,239.42696143596504,1,0.07878194830544638,1.091372858551692,0.1846725977065285,-0.1391113994512093,12.17522000115423,30.0
1702,56.73333333333267,track,1,320.9856738592147,239.61337106473292,320.8991470148484,239.49909240179477,1,0.1433405302031799,1.0292588480311882,0.1852847683285604,-0.11206155642281888,11.444460998973227,30.0
1703,56.766666666666005,track,1,321.1008431145644,239.77946768060838,320.8684284276617,239.4301453849978,1,0.4195743711176046,1.038702178783825,0.19227857156031533,-0.11049152412647752,12.116616999264807,30.0
1704,56.799999999999336,track,1,320.81350838342297,239.05298956026573,320.8026262620391,239.3560201162345,1,0.30322588678501383,1.029037903679683,0.17860217874648468,-0.15867267453150694,10.851064000235056,30.0
1705,56.83333333333267,track,1,320.6623218630518,239.54014598540147,320.8119709004161,239.54206360783178,1,0.1496613231929176,0.9322030263813665,0.17091897052932278,-0.11113066634568132,12.067322999428143,30.0
1706,56.866666666666,track,1,320.9692513368984,239.66377005347593,320.8644880039585,239.47775968297356,1,0.21348352129171164,1.0099873552258243,0.18669905377320412,-0.10972665500408282,11.785024998971494,30.0
1707,56.89999999999933,track,1,321.01861386138614,239.49009900990097,320.83502930616214,239.40918495816504,1,0.20062495529001229,1.0229058391699943,0.19012950476855559,-0.1349670725338487,13.792298999760533,30.0
1708,56.93333333333266,track,1,320.66405683630563,239.5437146585472,320.78944877603385,239.47845031830752,1,0.14135972784257023,0.9461730499516824,0.1725172345232923,-0.10866994903700597,12.412466998284799,30.0
1709,56.96666666666599,track,1,320.75874919062863,239.38235291610937,320.8399634997169,239.4106961063535,1,0.08601802388973416,1.0260690814577473,0.17711000905557728,-0.13960779389154251,12.515642001744709,30.0
1710,56.999999999999325,track,1,320.8921144452198,239.43586880669923,320.8681357872226,239.51118267936226,1,0.07903894897358833,0.9962941925014447,0.18405588061681502,-0.1376545208845996,70.937024000159,30.0
1711,57.033333333332656,track,1,320.94538771223523,239.77699982496063,320.8614049793068,239.60449789860263,1,0.19185936002015377,0.9478609869513189,0.1873290981882463,-0.10871693602429877,28.871349000837654,30.0
1712,57.06666666666599,track,1,320.8208455420678,239.95269987442444,320.83934773169653,239.54673255465264,1,0.40638872492203865,0.9539161345295738,0.18148208948303318,-0.10715388118964005,30.367012999704457,30.0
1713,57.09999999999932,track,1,320.98783712321523,239.3823373876256,320.85059439530767,239.4838912252983,1,0.1707300451284471,0.9949266770234437,0.19049191881518787,-0.13795571348833813,30.227305000153137,30.0
1714,57.13333333333265,track,1,320.76161262050834,239.7256792287467,320.8158976211606,239.5885936900072,1,0.14744255229518874,0.9137527456141749,0.1794785684105673,-0.10629581190178171,32.10964099889679,30.0
1715,57.16666666666598,track,1,320.9362541073384,239.7458926615553,320.84203679830443,239.5277177131777,1,0.23764934130178103,0.9654411054771163,0.1886583678734492,-0.10474121705263582,30.30263499931607,30.0
1716,57.199999999999314,track,1,320.9917735105962,239.5296272117538,320.8213042012537,239.46183190614738,1,0.18345568644762264,0.9819192880466191,0.1922588805476744,-0.10322349158177538,30.499802000122145,30.0
1717,57.233333333332645,track,1,321.005659767141,239.4419469598965,320.78344507683187,239.3911398445448,1,0.22794896700699874,0.9922181601407153,0.1939232049054923,-0.13096492192440304,29.126429000825738,30.0
1718,57.26666666666598,track,1,320.9439354489531,239.3556806546017,320.7387747902744,239.47169726178413,1,0.23569206395545586,0.9082356378998786,0.19169588872584212,-0.13616490407836127,30.58525800042844,30.0
1719,57.29999999999931,track,1,320.77528566069645,239.72331057983368,320.7080377623827,239.58328996665477,1,0.155332069910296,0.821562368204899,0.18359887658370455,-0.10346117158326971,29.80973099874973,30.0
1720,57.33333333333264,track,1,320.5704594511255,239.5300647548566,320.7225280200661,239.52377164346785,1,0.15219872834748258,0.8653555265588346,0.17287396896602314,-0.1022242211728898,29.971399999340065,30.0
1721,57.36666666666597,track,1,320.8066622566009,239.4060880717483,320.796249964935,239.46097192234924,1,0.05586280403384579,0.9615431738381984,0.18444171243371957,-0.13211180022841296,31.446400000277208,30.0
1722,57.3999999999993,track,1,320.9301382488479,239.4510599078341,320.81029839436144,239.56089504928377,1,0.1625587555950558,0.9216271728026616,0.19095837117000697,-0.13072369352582194,31.197919000987895,30.0
1723,57.433333333332634,track,1,320.93851777999333,239.6621801262878,320.79160134095036,239.65674408547898,1,0.14701697385248239,0.8628193935280314,0.19193019371065093,-0.10281628084209879,31.17786700022407,30.0
1724,57.466666666665965,track,1,320.92071691296957,239.79639177956886,320.76972015611534,239.60708941396274,1,0.24214748853657198,0.8642035913778463,0.19159554987119895,-0.10159073825819011,31.080053999176016,30.0
1725,57.4999999999993,track,1,320.6936539339522,239.643433267387,320.751611530044,239.55424098646313,1,0.1063689142613667,0.8738541012345422,0.18017123164250187,-0.10031161105173005,30.25965599954361,30.0
1726,57.53333333333263,track,1,320.811377245509,239.5371609721733,320.7964092402192,239.49791962571703,1,0.04199910063389656,0.941462893664235,0.18596396607287655,-0.09904700684119462,30.561419000150636,30.0
1727,57.56666666666596,track,1,321.1292816126768,239.35515954227373,320.81227783123654,239.4382093578813,1,0.3277021045398722,0.9876254354209779,0.20278238479342103,-0.1316230792754862,30.82259199982218,30.0
1728,57.59999999999929,track,1,320.8438067720162,239.6494921500834,320.7404024571546,239.555600324622,1,0.13967149752357308,0.863531626541037,0.1891603559778339,-0.09902057625922958,34.499378998589236,30.0
1729,57.63333333333262,track,1,320.89194878091564,239.55323627433785,320.74312095339087,239.50247995240557,1,0.1572447978848143,0.8942901929054832,0.19199311894179882,-0.09790667243548096,30.64682200056268,30.0
1730,57.666666666665954,track,1,320.91402973694244,239.7520015249714,320.73266319075685,239.44679389503153,1,0.35502890227248013,0.9180590099031732,0.19363182437343346,-0.09670711187521921,31.742795999889495,30.0
1731,57.699999999999285,track,1,321.01403165279817,239.36939141784956,320.7153862149296,239.3880917371771,1,0.29923034522364705,0.9413868273043984,0.1994786375538102,-0.12859413994682872,35.828035999657004,30.0
1732,57.73333333333262,track,1,320.7858448247217,239.74779863764746,320.6688355020806,239.50284166791107,1,0.2714684118039776,0.833371067417649,0.18846445086212074,-0.09670065434175018,38.963966000665096,30.0
1733,57.76666666666595,track,1,320.91320942582144,239.6885164288085,320.6829250811452,239.45088729301256,1,0.3309055538701274,0.8763055582570709,0.195235994846607,-0.09555277364334021,33.1739640005253,30.0
1734,57.79999999999928,track,1,320.7440476190476,239.79709383753502,320.6627863970465,239.39621147965795,1,0.409035513199268,0.8965748074793916,0.18684653861566386,-0.09428527764040937,32.90332599863177,30.0
1735,57.83333333333261,track,1,320.7748917748918,239.51186147186147,320.6892667718331,239.3381825494464,1,0.1936388629383496,0.9555579629779105,0.18827664965813587,-0.0930651673340945,33.725518000210286,30.0
1736,57.86666666666594,track,1,320.98613766730404,239.67782026768643,320.7099838134437,239.2770594581291,1,0.48669310399773996,1.0132719489025175,0.19928264427676048,-0.09183373847431281,32.092388999444665,30.0
1737,57.899999999999274,track,1,320.71976606434805,239.20939322560795,320.6738547554918,239.2127880342,1,0.04603664851258942,1.0362349688162402,0.18597782584527703,-0.13217682904159372,28.26230099890381,30.0
1738,57.933333333332605,track,1,320.8470363288719,239.7166695637059,320.7105258596805,239.36710520405722,1,0.3752736997651777,0.9515265734629604,0.19232843307249436,-0.0925715794921802,29.450216999975964,30.0
1739,57.96666666666594,track,1,320.7603633360859,239.7327828241123,320.71515676080924,239.31362593847211,1,0.42158762935814126,0.9912409116200992,0.18790350244175613,-0.09151935333702943,31.382582001242554,30.0
1740,57.99999999999927,track,1,320.9979381443299,239.31262886597938,320.74520554543597,239.2579724421455,1,0.25857511715165993,1.0516350134737935,0.20021659392301222,-0.12653658917026947,30.743280000024242,30.0
1741,58.0333333333326,track,1,320.8349583407197,239.49530225137386,320.71139129340963,239.39252122075118,1,0.16072571492076382,0.9354720944938285,0.19241309658691103,-0.11851370092862468,11.139407000882784,30.0
1742,58.06666666666593,track,1,320.9290016426355,239.53695929914218,320.72099098946046,239.48773094936246,1,0.21375654903732547,0.8844476169475854,0.19751254520980305,-0.09305125514788737,9.6022029993037,30.0
1743,58.09999999999926,track,1,321.07647166697234,239.57656335961855,320.7051774128968,239.45059661957998,1,0.39208040336833105,0.8939347057121839,0.20581245195512246,-0.09218215790666236,11.797693001426524,30.0
1744,58.133333333332594,track,1,320.9572052401747,239.47510917030567,320.6468699250023,239.4122886836949,1,0.3166297859980257,0.873982431851789,0.20072081112045898,-0.11875124887847494,10.22632700005488,30.0
1745,58.166666666665925,track,1,320.85053524540496,239.45243385174712,320.61747856444833,239.5191500337944,1,0.24241795619442777,0.7826215353241298,0.19584404922561138,-0.12093126684923132,10.297594000803656,30.0
1746,58.19999999999926,track,1,320.97964318848733,239.80571287251672,320.61584574223775,239.6411114636303,1,0.3993021483852934,0.7127881591117776,0.202944725897066,-0.0932598885246689,9.989475998736452,30.0
1747,58.23333333333259,track,1,320.62744798041615,239.8346083231334,320.57808019859647,239.6189713374588,1,0.22121592951827068,0.6923579693245941,0.18518749595301148,-0.09216692836476151,11.1312650005857,30.0
1748,58.26666666666592,track,1,320.9520823144098,239.73933995327104,320.63674582874773,239.59448699133304,1,0.34701510020732557,0.7549079749385138,0.20159984147091417,-0.09099771515823818,11.794289999670582,30.0
1749,58.29999999999925,track,1,320.6346841445924,239.80050263152626,320.6095932709909,239.56725747612472,1,0.2345908234700867,0.7475761151931811,0.18545035263498968,-0.08973848191741082,11.751275000278838,30.0
1750,58.33333333333258,track,1,320.8667953667954,239.44226044226045,320.6702739969287,239.53680837998604,1,0.218082464545952,0.8147476344303981,0.19692947442203396,-0.1177216111762385,11.771116000090842,30.0
1751,58.366666666665914,track,1,320.6485412415576,239.7793249935844,320.6714237527017,239.65910462573584,1,0.12237869978841043,0.7530069799721102,0.18559816408305288,-0.089313193717814,10.850186999959988,30.0
1752,58.399999999999245,track,1,320.91523235800344,239.85456110154905,320.73468649365634,239.633396914792,1,0.28550027431991626,0.8210737275330828,0.19891923858083513,-0.08805639175425597,11.07831800072745,30.0
1753,58.43333333333258,track,1,320.74566706972996,239.71322047561466,320.7285711326783,239.6044994413969,1,0.11005695954845815,0.828997338492431,0.1903339081226603,-0.08680184658741488,11.54629600023327,30.0
1754,58.46666666666591,track,1,320.91554109031733,239.84165988608623,320.7699001096853,239.5724297810341,1,0.3060982598870022,0.8806602472236312,0.19895506129007495,-0.08551023612970207,11.036588000933989,30.0
1755,58.49999999999924,track,1,320.75148609779484,239.68130393096837,320.766893773761,239.53699575229007,1,0.1451283807948228,0.895823081657783,0.19069112780765357,-0.08427324266121776,11.742713000785443,30.0
1756,58.53333333333257,track,1,320.93300542740843,239.549355495251,320.80959416385656,239.49849410675324,1,0.13348116275860933,0.9523396826300109,0.19999845505257316,-0.0831551059722611,11.02653999987524,30.0
1757,58.5666666666659,track,1,320.9499144501478,239.78845854720797,320.8042761147732,239.45756416900917,1,0.36152678220880047,0.9701013862155656,0.20140370265729296,-0.08202480345386312,11.048226999264443,30.0
1758,58.599999999999234,track,1,320.8466319502772,239.38921552158575,320.7930722585985,239.41414643711596,1,0.059077839516100614,0.985995945479721,0.19659730335156497,-0.11301565750795389,11.441912000009324,30.0
1759,58.633333333332565,track,1,321.0377632534495,239.8115468409586,320.80909956831897,239.5395590892706,1,0.3553370484002124,0.9309392803654094,0.20691363617365527,-0.08225947836166878,11.144400999910431,30.0
1760,58.6666666666659,track,1,320.8026174256006,239.7567228397275,320.7716916443055,239.50448991881603,1,0.25412172347172873,0.9170813674074384,0.19557857857668845,-0.08131647775312753,10.841724999409053,30.0
1761,58.69999999999923,track,1,320.8883005977797,239.3668659265585,320.7963107228986,239.467947808909,1,0.13667364054620934,0.9577005280608659,0.20020095994142195,-0.11362550556972063,11.700383000061265,30.0
1762,58.73333333333256,track,1,320.8825670498084,239.81226053639847,320.79783859959343,239.60728213592233,1,0.2217995828165328,0.8892546045801145,0.20033440677178624,-0.08189914873667106,11.474830000224756,30.0
1763,58.76666666666589,track,1,320.7260159978665,239.73451836897385,320.8002043778472,239.58097603359147,1,0.17052614016283363,0.903276331335297,0.19250688925017406,-0.08107026164239772,11.471121000795392,30.0
1764,58.79999999999922,track,1,321.1027587483799,239.41270135160156,320.8458546362598,239.55382115275756,1,0.2931117894294746,0.9563187906805795,0.21211883618305485,-0.1110717334534513,10.944644000119297,30.0
1765,58.833333333332554,track,1,321.0154267987909,239.8635450993864,320.78843364937757,239.6902511801286,1,0.2855812884842266,0.8470961875032571,0.2088222228228257,-0.08165653570909938,11.336354999002651,30.0
1766,58.866666666665886,track,1,320.751458198315,239.78256642903435,320.7501084734471,239.6733822775443,1,0.1091924937613353,0.8181331545410326,0.1959010795187922,-0.08085364630081976,11.901834999662242,30.0
1767,58.89999999999922,track,1,320.7436497928301,239.7643667807602,320.78219798603186,239.65581844913027,1,0.11518985848920581,0.8545727759011484,0.19535635801404666,-0.0799994582598206,10.705111000788747,30.0
1768,58.93333333333255,track,1,320.75309689462074,239.88291192940778,320.81868263871024,239.63729108865482,1,0.254226448741995,0.8954323074888306,0.19562509693486393,-0.07908185597162726,11.869187999764108,30.0
1769,58.96666666666588,track,1,320.88869005010736,239.8031496062992,320.8552119938322,239.6174669333634,1,0.18867653611550383,0.9368666401707583,0.20252284825581182,-0.07814427976773512,10.949768999125808,30.0
1770,58.99999999999921,track,1,320.717409587889,239.6851696103168,320.856419320128,239.5962443623016,1,0.1650194091363858,0.9468224051329478,0.19379690518724685,-0.07724140816060544,29.665386999113252,30.0
1771,59.03333333333254,track,1,321.1380458919319,239.7718356772761,320.90561897291764,239.57381333322587,1,0.3053442670586789,1.0008900034691313,0.2155356541245943,-0.07634203876843604,10.354904999985592,30.0
1772,59.066666666665874,track,1,320.87348231567836,239.38747140594757,320.84032056392334,239.55019735111432,1,0.16607057237775544,0.9531322432364867,0.2029265089230223,-0.10762879845612516,10.956104999422678,30.0
1773,59.099999999999206,track,1,321.0721257237386,239.72754342431762,320.84370081495206,239.69706055742722,1,0.2304498733521195,0.8964392734686899,0.21372546578581905,-0.07702890133555465,11.718438998286729,30.0
1774,59.13333333333254,track,1,320.9188112236427,239.606176324091,320.79090445217196,239.68434552870576,1,0.1499018570204367,0.8515677293753384,0.2068106814809215,-0.07638614660085802,10.543139000219526,30.0
1775,59.16666666666587,track,1,320.94774178502485,239.82609102983915,320.77639268323526,239.67182839695693,1,0.2305590479418532,0.8429010615873639,0.20889338951048442,-0.07568207635803033,11.272210000242922,30.0
1776,59.1999999999992,track,1,320.9254807692308,239.70352564102564,320.75216678816355,239.65918681179926,1,0.17889568974834438,0.8257775163249624,0.20838470309746623,-0.07497603264199644,12.36504100052116,30.0
1777,59.23333333333253,track,1,320.8125674800259,239.8991578492766,320.7320354276377,239.64641487336348,1,0.2652629324562294,0.8129565234963482,0.20299754535382675,-0.07419790535916929,11.795017999247648,30.0
1778,59.26666666666586,track,1,320.8467113607538,239.69885848885667,320.7420049903907,239.63313272089067,1,0.12362564689146449,0.8277457376790046,0.20484788144724478,-0.07344696565739729,11.573088999284664,30.0
1779,59.299999999999194,track,1,321.00018960940463,239.7392870686386,320.7434633690457,239.61948989930113,1,0.28330147241076287,0.8351800511546148,0.21307456792896934,-0.07270276805716139,12.423321000824217,30.0
1780,59.333333333332526,track,1,320.593783494105,239.9505180421579,320.70239120620533,239.60552687046516,1,0.3616829325163176,0.8055820606738947,0.19243816746555958,-0.07189034923314574,12.866100998508045,30.0
1781,59.36666666666586,track,1,320.8245350366335,239.94777381176027,320.7727127953042,239.59088425130903,1,0.36063236551295674,0.8743344668110595,0.20365609730404377,-0.0710012554518152,11.219144998904085,30.0
1782,59.39999999999919,track,1,321.00891861761426,239.47045707915274,320.78452618964957,239.57515753158714,1,0.24761693493752737,0.8921728897546735,0.21329394472280022,-0.09794202544455614,11.813815999630606,30.0
1783,59.43333333333252,track,1,321.159263637899,239.9976355345381,320.74624629572156,239.70677703364743,1,0.5051554141842813,0.8017875291339691,0.22190917625428871,-0.07131398772265903,12.550094999824069,30.0
1784,59.46666666666585,track,1,320.5647064157634,239.79089457696813,320.66331485062153,239.70004679120723,1,0.13407812499744165,0.7279824987732505,0.19198199344142608,-0.07055652658507719,12.541427000542171,30.0
1785,59.49999999999918,track,1,320.71517631015,239.68069355152932,320.74127916881764,239.69294751350662,1,0.028836067949071075,0.8023565514063793,0.19884630168297077,-0.06986024208227293,12.23094400120317,30.0
1786,59.533333333332514,track,1,320.92103757390805,239.78142284951363,320.7839057217168,239.68580973593578,1,0.16717359951097938,0.8445257264128018,0.20913901022080364,-0.0691670033578002,14.197630000126082,30.0
1787,59.566666666665846,track,1,320.70327521590355,239.84194231709304,320.77289745063706,239.67865392181648,1,0.1775115646973035,0.8370386915580419,0.19793921437120976,-0.06845445152819464,14.760740001293016,30.0
1788,59.59999999999918,track,1,320.71671565417523,239.4934151389429,320.8228687745476,239.67138124621215,1,0.2072207043259867,0.8860605540630676,0.19803750095463235,-0.09435304663496885,13.134033999449457,30.0
1789,59.63333333333251,track,1,320.9384253028264,240.13391655450874,320.8735509688488,239.8059219634806,1,0.3343488162873372,0.894850590565768,0.2091477433602009,-0.06889693079698053,12.751847001709393,30.0
1790,59.66666666666584,track,1,320.98445683392464,239.97482682885624,320.8662013038095,239.8083883783072,1,0.20417181055175762,0.8871413147232972,0.21192117283253692,-0.06813203613962837,11.317059001157759,30.0
1791,59.69999999999917,track,1,321.19168268390706,240.16442425301415,320.84527046947426,239.81047105902826,1,0.4952618356395429,0.8662582675109669,0.22343978470916595,-0.06725038082347863,12.27900999947451,30.0
1792,59.7333333333325,track,1,320.938370758892,239.96049827897065,320.7641051673048,239.81155129643946,1,0.22924593784051536,0.7870003942664668,0.2116451672283831,-0.06635886807854546,11.802945999079384,30.0
1793,59.766666666665834,track,1,321.0463374112038,239.89325657478093,320.7470302815126,239.81158049078874,1,0.31025109279468044,0.7704259555260295,0.21793705452770604,-0.06550883589188639,11.992248999376898,30.0
1794,59.799999999999166,track,1,320.7734965246298,239.92233303112724,320.6975721010667,239.8107838037696,1,0.13493608938114043,0.7227790845774034,0.2046053770145545,-0.06468638929784214,11.213528001462691,30.0
1795,59.8333333333325,track,1,320.85297618215554,239.99856631598425,320.72037727305906,239.80931224939616,1,0.23108347499055,0.7451880526218578,0.2087009262360832,-0.06385870791482876,13.492845000655507,30.0
1796,59.86666666666583,track,1,320.77092993667105,239.93354187627125,320.72248821009555,239.80714175840853,1,0.13536465812509652,0.747785741423853,0.20454844672859274,-0.06306891082733679,12.457963999622734,30.0
1797,59.89999999999916,track,1,320.91583397386626,239.8839354342813,320.74788200782507,239.80447818871562,1,0.18579913016477417,0.7730176429528509,0.21198314537256707,-0.06233895764554123,12.424346999978297,30.0
1798,59.93333333333249,track,1,320.8746652383503,239.73736832708445,320.734747979242,239.8016444748231,1,0.15397487640683105,0.7610515799657812,0.21018922946871732,-0.06170196603960316,12.836982999942848,30.0
1799,59.96666666666582,track,1,320.9159221442246,239.873643905552,320.73229298591593,239.79914013744497,1,0.19816780576901244,0.7593403068501635,0.2125760407549323,-0.061106994146348716,12.249207000422757,30.0
1800,59.999999999999154,track,1,320.9570045190445,239.79096191091026,320.7182073877972,239.79719296595079,1,0.2388784124588838,0.7462925330902667,0.21513189384011014,-0.06059933610068524,32.22064299916383,30.0
