frame_index,timestamp_s,state,detected,selected_x_px,selected_y_px,truth_x_px,truth_y_px,truth_visible,centroid_error_px,pointing_offset_px,centroid_error_urad,pointing_offset_urad,fwhm_px,snr_aperture,snr_peak,clipped,saturated_fraction,measurement_sigma_px,innovation_distance_sq,pan_rate_deg_s,tilt_rate_deg_s,processing_time_ms,source_fps
1,0.03333333333333333,acquire,1,318.7441210610034,242.69459610506857,318.76119381412377,242.71436525685112,1,0.02612083959812392,2.98369226190733,2.8502090334909,325.55468133899916,11.055812783082736,2744.5135001796243,841.7766924784743,0,0.8020833333333334,0.25,,-0.06566677002278486,0.14089369384377282,32.08227799996166,30.0
2,0.06666666666666667,acquire,1,322.3949511049843,241.9503726360229,322.3794671396188,241.95991496106592,1,0.018188159628347373,3.082714797566524,1.9847294241333515,336.3844824173288,11.055812783082736,2742.0329472347576,841.7766924784743,0,0.8020833333333334,0.25,6.6591339111328125,0.12135786146542668,0.11141463557243707,17.211314999713068,30.0
3,0.1,track,1,324.6965030754011,241.092907221816,324.72331321331194,241.09702154567105,1,0.02712399593685717,4.849035366205703,2.9599583538166487,529.1577813264232,11.055812783082736,2739.9209259676736,841.7766924784743,0,0.8020833333333334,0.25,43.561912536621094,0.256229928575557,0.0715209822610941,15.9155180003836,30.0
4,0.13333333333333333,track,1,324.0513408984657,247.07174125547198,324.0863872769834,247.10757970465966,1,0.05012627142908353,8.198551715735007,5.469648671740308,894.5669077268581,11.055812783082736,2766.522649722675,841.7766924784743,0,0.8020833333333334,0.25,241.87232971191406,0.24516761211181626,0.4042301563055046,5.436275999727513,30.0
5,0.16666666666666666,track,1,323.3084220966838,242.8861529173315,323.3004189330534,242.90135909782975,1,0.0171836711281656,4.394388438476587,1.874948184646232,479.5110114587219,11.055812783082736,2732.823529411764,841.7766924784743,0,0.8020833333333334,0.25,60.681114196777344,0.2234532506846461,0.21869315907567966,6.592496999928699,30.0
6,0.19999999999999998,track,1,325.0467053015669,243.0013736853402,325.0469173629325,243.00520894317515,1,0.0038411160726059437,5.873896122711864,0.4190966318321063,640.9731281391838,10.464157913908982,2902.9152728044064,841.7766924784743,0,0.8953488372093024,0.25,29.267333984375,0.33131704765966213,0.2393640563508993,5.3717289997621265,30.0
7,0.2333333333333333,track,1,326.77159666046634,246.40282043517757,326.7847506547471,246.38119824400883,1,0.025309024407818934,9.314103954564409,2.7615483375752246,1016.3388400472641,11.055812783082736,2736.6623304312484,841.7766924784743,0,0.8020833333333334,0.25,73.27316284179688,0.44824588844394775,0.4365868417615008,5.572889000177383,30.0
8,0.26666666666666666,track,1,325.0124529770398,241.38189129588793,325.013521932161,241.3612017221401,1,0.020717169857826238,5.195023800967265,2.2604097941577046,566.9124858117628,10.464157913908982,2877.7898212836653,841.7766924784743,0,0.8953488372093024,0.25,189.3137969970703,0.38669079714864824,0.19762109201963218,6.810768999912398,30.0
9,0.3,track,1,323.25669556216843,245.91719497994566,323.2434432723611,245.9220793513008,1,0.01412374839312129,6.75210693814366,1.5412548148744107,736.739019407163,11.055812783082736,2729.4568883409347,841.7766924784743,0,0.8020833333333334,0.25,118.01841735839844,0.31440104860978996,0.44339220246167044,6.076478000068164,30.0
10,0.3333333333333333,track,1,322.22757639756907,245.08689280634457,322.2162497065648,245.08064176307755,1,0.01293713534877932,5.542985070030069,1.4117369964499977,604.8011679138666,11.055812783082736,2731.104897847847,841.7766924784743,0,0.8020833333333334,0.25,77.73484802246094,0.2690895503341702,0.42417360867396836,6.186230000366777,30.0
11,0.36666666666666664,track,1,324.0083134877679,239.55107166053259,324.007888233445,239.57468108743535,1,0.02361325644455279,4.030392570106782,2.5763952337572564,439.825382012943,10.464157913908982,2871.955649479518,841.7766924784743,0,0.8953488372093024,0.25,324.1089172363281,0.36644846480831805,0.17077676482527826,5.818554000143195,30.0
12,0.39999999999999997,track,1,323.88027351309506,244.04954199458135,323.88654976770965,244.04569902219805,1,0.007359334801865293,5.610075728107261,0.8030660247535036,612.1563351035004,11.055812783082736,2735.647058823529,841.7766924784743,0,0.8020833333333334,0.25,17.478601455688477,0.3697010841371322,0.37803033804628644,5.6086049999066745,30.0
13,0.4333333333333333,track,1,320.38607567567567,240.97094054054054,320.36281720588374,240.97189506843858,1,0.02327804846996636,1.0374084773803074,2.5402722378434386,113.19203206120784,11.055812783082736,2730.051179466918,841.7766924784743,0,0.8020833333333334,0.25,135.4175567626953,0.17074201098239802,0.22256467328540439,5.750273000103334,30.0
14,0.4666666666666666,track,1,319.75509145155013,240.38189129588793,319.76825362728573,240.36061492224212,1,0.025018532043482013,0.4286601257522234,2.7298564839784705,46.77268229276401,11.055812783082736,2728.7031391021096,841.7766924784743,0,0.8020833333333334,0.25,52.043331146240234,0.15667004662097575,0.16326811484292938,6.237577999854693,30.0
15,0.49999999999999994,track,1,323.6388948938562,245.3777076397596,323.6596551855383,245.35616210094133,1,0.029919892274126645,6.487029252947596,3.2647783875173917,707.8267635925532,11.055812783082736,2727.3575792341185,841.7766924784743,0,0.8020833333333334,0.25,356.4206237792969,0.3368445257203255,0.43882530647440504,5.883093000193185,30.0
16,0.5333333333333333,track,1,324.81365655868524,241.26502178320322,324.825341893854,241.25204871249423,1,0.017459886071409355,4.985132934139354,1.9051647353505419,544.0084659005557,11.055812783082736,2733.725226312619,841.7766924784743,0,0.8020833333333334,0.25,153.11279296875,0.4062492163064863,0.23514435770552275,5.999548000090726,30.0
17,0.5666666666666667,track,1,323.4699155295647,242.00415854450944,323.44167236715816,242.00350038449756,1,0.028250830028900095,3.9823513749469575,3.0829389452003966,434.56409158995996,10.464157913908982,2870.7121094710833,841.7766924784743,0,0.8953488372093024,0.25,16.481325149536133,0.34996388264633504,0.2711808222827791,4.898430000139342,30.0
18,0.6,track,1,320.98761450135464,246.1197264869049,320.9865075430407,246.11543457905532,1,0.004432361638918199,6.194492491171632,0.4836112857400043,675.8716721566497,10.464157913908982,2899.085104031012,841.7766924784743,0,0.8953488372093024,0.25,250.32447814941406,0.22700644472836284,0.4930437627161537,4.6159470002749,30.0
19,0.6333333333333333,track,1,322.0206745057501,238.80565964594908,322.02045490721093,238.81444576290573,1,0.008788860830303846,2.3426004527372792,0.9589351512102636,255.63026407121586,10.464157913908982,2896.473339329653,841.7766924784743,0,0.8953488372093024,0.25,200.10609436035156,0.27920163128230135,0.12540489666112767,5.660454000008031,30.0
20,0.6666666666666666,track,1,323.50166026995555,243.7060675320195,323.5026807040506,243.72317718630097,1,0.017140057041159826,5.111831420843254,1.8701181733547025,557.7882373611907,11.055812783082736,2736.018380794691,841.7766924784743,0,0.8020833333333334,0.25,94.10743713378906,0.3607697502405009,0.3739114776198897,5.15603599978931,30.0
21,0.7,track,1,322.0373750919237,242.4850110308431,322.0364336296318,242.46672609812208,1,0.018309153881588713,3.198718426347017,1.9976760193446634,349.0309273351362,11.055812783082736,2732.2819563825133,841.7766924784743,0,0.8020833333333334,0.25,2.156202554702759,0.29324238776733336,0.3198026888679247,5.093706000025122,30.0
22,0.7333333333333333,track,1,319.4699155295647,239.53008447043536,319.4414969207994,239.5553514859455,1,0.03802682470234309,0.7138893405335467,4.14944302086037,77.89951875488134,11.055812783082736,2714.317453731478,841.7766924784743,0,0.8020833333333334,0.25,139.39779663085938,0.15933582782935057,0.19178636520623055,5.387581999912072,30.0
23,0.7666666666666666,track,1,321.01659249016984,244.34844229356608,321.0163980110565,244.32875083472004,1,0.01969241919142561,4.446475987337502,2.1486001433726676,485.1506002470465,10.464157913908982,2879.780768537548,841.7766924784743,0,0.8953488372093024,0.25,121.0609130859375,0.23137942334364603,0.41657339728764653,4.223555999942619,30.0
24,0.7999999999999999,track,1,322.1908053923263,240.50998098859316,322.17970441743046,240.52060307187185,1,0.015364253864652549,2.241012919598692,1.6765186384704738,244.55357304679617,11.055812783082736,2724.395144855419,841.7766924784743,0,0.8020833333333334,0.25,54.35041809082031,0.2911032781531661,0.22640500838879662,4.684692999944673,30.0
25,0.8333333333333333,track,1,323.2318740565021,240.7391416864352,323.22022235877967,240.75473377760682,1,0.01946472108503924,3.307484711233769,2.123892059537404,360.9338663112759,11.055812783082736,2735.54642971775,841.7766924784743,0,0.8020833333333334,0.25,54.107452392578125,0.35091134618405423,0.2345437731604446,6.068213999697036,30.0
26,0.8666666666666666,track,1,321.4816658729815,243.3491060219057,321.4586197982205,243.3296901532542,1,0.030134656417180626,3.6351627518501695,3.288273722162788,396.6366945900703,11.055812783082736,2720.6692503761265,841.7766924784743,0,0.8020833333333334,0.25,59.10747146606445,0.26829597403327166,0.37076965981900656,4.6584749998146435,30.0
27,0.8999999999999999,track,1,322.01649838882923,238.92575725026853,322.01712577555554,238.92754861363665,1,0.0018980507951488006,2.28450177730796,0.20709655504725713,249.29197926391524,10.464157913908982,2898.076413627633,841.7766924784743,0,0.8953488372093024,0.25,86.5205078125,0.2996404261137927,0.14474951005795206,3.99503900007403,30.0
28,0.9333333333333332,track,1,322.99584559459925,242.51666089665918,322.9978368056736,242.53849366216446,1,0.02192337955588164,3.9282280466261743,2.3920194187904413,428.6454859419004,10.464157913908982,2873.572251490483,841.7766924784743,0,0.8953488372093024,0.25,52.535072326660156,0.35771563576052,0.32462733993980075,4.010189999917202,30.0
29,0.9666666666666666,track,1,324.76355701508015,243.34844229356608,324.7778544206667,243.32889003983905,1,0.024222023703899878,5.823177977910684,2.642979902055907,635.4313016652296,11.055812783082736,2727.4287061667114,841.7766924784743,0,0.8020833333333334,0.25,99.21034240722656,0.4638019511245175,0.3755941695257742,5.149228000391304,30.0
30,0.9999999999999999,track,1,321.45312432338807,239.5842896115706,321.4267841839967,239.60970141022813,1,0.0366000335268716,1.4792045486953478,3.993724336305084,161.41975444828446,11.055812783082736,2721.5361496568235,841.7766924784743,0,0.8020833333333334,0.25,117.25048065185547,0.3083357600375054,0.20810285079327148,10.306080999725964,30.0
31,1.0333333333333332,track,1,319.2823407292072,242.60555339301933,319.2650403434902,242.62721723478285,1,0.027724093960132607,2.7280828608084824,3.0251298092991714,297.65951500576455,11.055812783082736,2726.4142241113773,841.7766924784743,0,0.8020833333333334,0.25,174.32427978515625,0.19615586011075423,0.3421629817922186,5.361635000099341,30.0
32,1.0666666666666667,track,1,319.8088063384855,241.55526691778152,319.81940115284897,241.5788859469351,1,0.02588645648892645,1.589181165575968,2.824503712466238,173.39278542349064,11.055812783082736,2720.433684399212,841.7766924784743,0,0.8020833333333334,0.25,34.4749641418457,0.2245709568862702,0.2941169454755084,3.786830000080954,30.0
33,1.1,track,1,322.24109114526954,239.55107166053259,322.22686293982747,239.57609662619302,1,0.028786989012531482,2.266850816243094,3.1410272719940235,247.37400372171155,11.055812783082736,2721.771851917219,841.7766924784743,0,0.8020833333333334,0.25,69.79624938964844,0.3365080976780515,0.21338570031985998,3.7438219997056876,30.0
34,1.1333333333333335,track,1,321.60973922068933,242.0373653937638,321.6326722179906,242.03358001940478,1,0.0232433092363768,2.60788540137804,2.536469928635156,284.5609983731504,11.055812783082736,2729.8150669324773,841.7766924784743,0,0.8020833333333334,0.25,17.649066925048828,0.3065064024329699,0.31648175347489504,3.8879409999026393,30.0
35,1.166666666666667,track,1,319.83875274559625,239.1901890692967,319.8480910158589,239.18182272330432,1,0.01253790400198726,0.8321600780883023,1.3681206273926847,90.79586496023597,11.055812783082736,2736.3853920617407,841.7766924784743,0,0.8020833333333334,0.25,61.87449645996094,0.22129937499112198,0.16866574371624846,4.659802000333002,30.0
36,1.2000000000000004,track,1,320.5300844704353,240.8294996751137,320.55707399472,240.83895503786812,1,0.02859787240214983,1.007063548718539,3.1207509256748125,109.88467380878282,11.055812783082736,2719.020288537724,841.7766924784743,0,0.8020833333333334,0.25,3.043806314468384,0.24207237138574633,0.24593919565238176,3.814899000190053,30.0
37,1.2333333333333338,track,1,323.643199792558,244.0414883962142,323.66291635521566,244.03827059501077,1,0.01997741443776684,5.4520258275099,2.1800728379602057,594.9073388568781,11.055812783082736,2730.1189923329316,841.7766924784743,0,0.8020833333333334,0.25,253.22808837890625,0.40381846524201503,0.41580589765247733,3.778095999678044,30.0
38,1.2666666666666673,track,1,323.42376768944473,237.87536244428094,323.4014412217382,237.88286688213066,1,0.023553932743624988,4.006501594124106,2.5703326923148744,437.19739272570484,11.055812783082736,2724.763352646581,841.7766924784743,0,0.8020833333333334,0.25,195.77772521972656,0.4049240222300252,0.10189623270454094,4.09193099994809,30.0
39,1.3000000000000007,track,1,319.5083142573317,242.29024316503262,319.51880908273984,242.2731699076719,1,0.020040895121055828,2.3235417207355566,2.186728597814839,253.5189330455119,11.055812783082736,2730.1876446023407,841.7766924784743,0,0.8020833333333334,0.25,132.11846923828125,0.23446043497537364,0.32216748932639694,4.745174000163388,30.0
40,1.3333333333333341,track,1,319.14136601845036,241.53848152800035,319.1336700756733,241.5629269447138,1,0.0256282253291639,1.786971788332522,2.7962893073029917,194.98107485337792,11.055812783082736,2721.0647451360323,841.7766924784743,0,0.8020833333333334,0.25,52.65381622314453,0.18321034603302971,0.28844359740404035,3.8118630000099074,30.0
41,1.3666666666666676,track,1,321.1782614328281,238.68078766679622,321.1674301397984,238.6990722960461,1,0.021251931100504416,1.7479433692841657,2.3188628441002073,190.72973995383296,11.055812783082736,2730.6593221637113,841.7766924784743,0,0.8020833333333334,0.25,74.69091033935547,0.2809563612846392,0.13891746934924004,3.644698999778484,30.0
42,1.400000000000001,track,1,320.31129750529635,244.3777076397596,320.292654527771,244.35618952581603,1,0.0284708594654076,4.366008916327839,3.106634956487388,476.36687391640913,11.055812783082736,2728.9391146405796,841.7766924784743,0,0.8020833333333334,0.25,179.50125122070312,0.2172607708489405,0.4319277916786174,4.264830000010988,30.0
43,1.4333333333333345,track,1,320.03321655637734,241.39444660698067,320.0325309278244,241.37113745925126,1,0.02331922928366069,1.3715233112955505,2.5443149542768215,149.64418826805883,11.055812783082736,2729.578954398037,841.7766924784743,0,0.8020833333333334,0.25,3.525170087814331,0.2106249924104915,0.29075815021413554,4.1945709999708924,30.0
44,1.466666666666668,track,1,320.13279730255476,238.6306575022695,320.12528171975623,238.64912086893037,1,0.019934389713652165,1.3566760615801121,2.1750564455534374,148.0244439545181,11.055812783082736,2729.4110657175206,841.7766924784743,0,0.8020833333333334,0.25,110.39712524414062,0.20400597957192465,0.1468154633893999,3.7322099997254554,30.0
45,1.5000000000000013,track,1,321.0701724212065,243.88854968396612,321.06825491552786,243.89514146781153,1,0.006865015826073103,4.038972099286448,0.7490384565803786,440.68964687484373,11.055812783082736,2739.2789625523865,841.7766924784743,0,0.8020833333333334,0.25,122.4368896484375,0.25482601161748036,0.41657031230352826,3.829029999906197,30.0
46,1.5333333333333348,track,1,324.32756014339395,237.97097568349673,324.3082579761708,237.97395057209587,1,0.01953006967953679,4.760878393064669,2.131256473063264,519.5255321680933,11.055812783082736,2730.1876446023407,841.7766924784743,0,0.8020833333333334,0.25,340.9351501464844,0.4292264269452528,0.1153997735333337,4.55115599970668,30.0
47,1.5666666666666682,track,1,321.9669435716438,240.16115008823655,321.9670885565022,240.1540529195197,1,0.007098649477516316,1.97311167730931,0.7745195330310661,215.3203198276472,11.055812783082736,2734.871776720789,841.7766924784743,0,0.8020833333333334,0.25,0.5699833631515503,0.322030327086427,0.20848649763856344,4.0444100000058825,30.0
48,1.6000000000000016,track,1,320.7391416864352,243.0372654733664,320.75104294556377,243.03410128959285,1,0.012314707783731359,3.1256737100327863,1.3438562517385055,341.0395152873792,11.055812783082736,2730.798587383458,841.7766924784743,0,0.8020833333333334,0.25,108.79048919677734,0.2644952827900646,0.36472430587890337,3.7000870001975272,30.0
49,1.633333333333335,track,1,321.8673975914016,238.70164458065352,321.873410865393,238.7182158979449,1,0.017628613696697614,2.269942456286885,1.9234626277524727,247.69888452695952,11.055812783082736,2728.678493591226,841.7766924784743,0,0.8020833333333334,0.25,67.20542907714844,0.3260190245986584,0.14299884985287717,3.694820999953663,30.0
50,1.6666666666666685,track,1,322.751542078247,243.26502178320322,322.76634792097843,243.24939780668842,1,0.021524906994537518,4.26746610133147,2.3487369980233046,465.64947332270924,11.055812783082736,2735.3104541792795,841.7766924784743,0,0.8020833333333334,0.25,99.99324798583984,0.3797669845004914,0.37525751954447983,4.288901999643713,30.0
51,1.700000000000002,track,1,321.05795851481304,241.50166026995558,321.055309479563,241.50281528133178,1,0.0028898856439531447,1.8363365343694018,0.31535675946394637,200.37078094523395,11.055812783082736,2739.197950003308,841.7766924784743,0,0.8020833333333334,0.25,26.235557556152344,0.30014790710533656,0.292988010025494,4.23181799988015,30.0
52,1.7333333333333354,track,1,317.29418619707366,238.24860805386507,317.27929672303253,238.2358234003775,1,0.019625080942974254,3.2426139757851367,2.1414723365858026,353.8394152281656,11.055812783082736,2733.658625409987,841.7766924784743,0,0.8020833333333334,0.25,360.5103454589844,0.10004639656985259,0.12267057711633259,3.915226999652077,30.0
53,1.7666666666666688,track,1,318.9462231223338,244.2151075106649,318.94964278038765,244.20503856362825,1,0.010633802501087686,4.33423575851528,1.1602540675281383,472.90472629900984,11.055812783082736,2730.2352941176464,841.7766924784743,0,0.8020833333333334,0.25,177.39163208007812,0.1676279876054688,0.4278801096878765,3.7496589998227137,30.0
54,1.8000000000000023,track,1,320.546875676612,240.04157103884293,320.5737087623038,240.04076418377872,1,0.026845213778966703,0.5751551639543,2.9295480259565885,62.76513419825336,11.055812783082736,2724.691554948113,841.7766924784743,0,0.8020833333333334,0.25,49.255638122558594,0.23904241741330345,0.2195320705424199,5.018397999720037,30.0
55,1.8333333333333357,track,1,323.83788698852567,240.55107166053259,323.8463935852453,240.57540963432257,1,0.025781760140703176,3.8891952715038114,2.8130505966007835,424.4161094547454,11.055812783082736,2721.771851917219,841.7766924784743,0,0.8020833333333334,0.25,198.10372924804688,0.40973578657513593,0.2448997976952531,3.995231999851967,30.0
56,1.8666666666666691,track,1,321.13214608336557,243.89263130726545,321.12547910643707,243.89680881687082,1,0.007867665973343504,4.056084586675741,0.8585348530666894,442.5573331837967,11.055812783082736,2739.685223707278,841.7766924784743,0,0.8020833333333334,0.25,85.30747985839844,0.27880005691805576,0.4217271844177247,3.7361509998845577,30.0
57,1.9000000000000026,track,1,320.20264506957307,237.17783138758455,320.1910769675012,237.16792233154456,1,0.01523188685451144,2.8385162193782616,1.6620911330262063,309.70508585130625,11.055812783082736,2735.678285280554,841.7766924784743,0,0.8020833333333334,0.25,274.6523132324219,0.2197301740480178,0.07820116847074704,3.7396220000118774,30.0
58,1.933333333333336,track,1,322.73898407492123,241.29001769453197,322.7534379512392,241.27464469993424,1,0.02110079390727686,3.0341621021947547,2.302457487181693,331.0998369790012,11.055812783082736,2733.8946009484575,841.7766924784743,0,0.8020833333333334,0.25,50.06077575683594,0.36157260727483964,0.2782728390833037,4.504272999838577,30.0
59,1.9666666666666694,track,1,323.1489976287993,241.75994826471222,323.1419027700531,241.77424100217468,1,0.0159567968213921,3.6082522293023116,1.7410753539680686,393.7422585245342,11.055812783082736,2730.3986080591703,841.7766924784743,0,0.8020833333333334,0.25,38.275146484375,0.3934294233182828,0.30356783789300146,3.8985500000308093,30.0
60,2.0000000000000027,track,1,319.8591099408642,237.70164458065352,319.86477995497694,237.7170417385703,1,0.016407971597752053,2.2869593096524943,1.7902789756111293,249.52572123520372,11.055812783082736,2733.0855604162034,841.7766924784743,0,0.8020833333333334,0.25,177.03292846679688,0.23776634958211978,0.0896292225231898,10.578348999843001,30.0
61,2.033333333333336,track,1,318.3484422935661,243.76355701508015,318.331211859291,243.77669700474144,1,0.021669037671476727,4.128957994966039,2.3645308647483234,450.51542983601615,11.055812783082736,2735.9139875409496,841.7766924784743,0,0.8020833333333334,0.25,296.1659851074219,0.14517007329913714,0.39576212911136976,4.495017999943229,30.0
62,2.066666666666669,track,1,321.4401574462563,240.45884337557854,321.4062401962244,240.42541280857517,1,0.04762334154479543,1.4691792086662212,5.196556335361884,160.3253233509026,11.055812783082736,2723.9589538920145,841.7766924784743,0,0.8020833333333334,0.25,19.39495086669922,0.2958202653515119,0.20871903052812907,3.8288219998321438,30.0
63,2.1000000000000023,track,1,320.5357770632369,239.25414790996786,320.5034394992874,239.2230241481293,1,0.044882141138411616,0.9258200709819244,4.897452903413116,101.01969275248122,11.055812783082736,2750.114997490462,841.7766924784743,0,0.8020833333333334,0.25,25.776525497436523,0.24807708063378675,0.16441387013359707,3.6995149998801935,30.0
64,2.1333333333333355,track,1,321.14136463304527,242.7028247130143,321.11348260868704,242.69217224835143,1,0.029847651259473452,2.913354584433906,3.257122730478468,317.8785562738969,11.055812783082736,2741.099437269651,841.7766924784743,0,0.8020833333333334,0.25,72.36085510253906,0.27696347128870974,0.3398969891137096,3.9223759999913455,30.0
65,2.1666666666666687,track,1,320.4098424013398,238.72482500966203,320.3749193485605,238.70561880222294,1,0.03985596592252237,1.3475856941522553,4.349198549776846,147.03441122217976,11.055812783082736,2745.98884290825,841.7766924784743,0,0.8020833333333334,0.25,59.978946685791016,0.2163233757468423,0.13620566316638505,4.593786999976146,30.0
66,2.200000000000002,track,1,319.48081797482496,239.54100614340337,319.45221762601386,239.5342034855944,1,0.029398233031636477,0.7190493182545306,3.2081223230975917,78.4621328638716,11.055812783082736,2735.317483461099,841.7766924784743,0,0.8020833333333334,0.25,12.688484191894531,0.18288657842672837,0.19240281931663544,3.8735100001758838,30.0
67,2.233333333333335,track,1,322.88488715686697,242.91777654061923,322.88882914070723,242.91205852187613,1,0.006945140383267673,4.101879890858664,0.7578137482824054,447.5873755919371,11.055812783082736,2750.3505634673766,841.7766924784743,0,0.8020833333333334,0.25,193.15028381347656,0.3563779190936082,0.3427971423357819,3.712768999776017,30.0
68,2.2666666666666684,track,1,322.80364294018864,237.6258881281488,322.8139254063042,237.63785192071055,1,0.015775342845012526,3.6739515158389064,1.7213460882083231,400.89931330633743,11.055812783082736,2736.856796582532,841.7766924784743,0,0.8020833333333334,0.25,143.70904541015625,0.3620720325310181,0.0701313673993372,4.5043610002721834,30.0
69,2.3000000000000016,track,1,321.27297402093836,241.40946103140752,321.262759845883,241.38614656024652,1,0.025453760774756574,1.8750905884403912,2.7772884998044125,204.6038901426622,11.055812783082736,2737.026969242212,841.7766924784743,0,0.8020833333333334,0.25,40.24756622314453,0.2914255246698826,0.2556892482517186,4.091321000032622,30.0
70,2.333333333333335,track,1,318.9420814479638,242.58215901745314,318.9514129783199,242.60229569964258,1,0.022193770035438678,2.8056153782038926,2.421593955042261,306.12269426987086,11.055812783082736,2739.4956808445327,841.7766924784743,0,0.8020833333333334,0.25,146.1485137939453,0.1700805683474374,0.3210481317205779,3.735288999905606,30.0
71,2.366666666666668,track,1,321.3576997630842,237.9565797975447,321.3467237214543,237.96206283158926,1,0.012269358263410787,2.4427142043877415,1.3388756125833274,266.5340746685275,11.055812783082736,2739.0860627948055,841.7766924784743,0,0.8020833333333334,0.25,111.35859680175781,0.2892958876552313,0.08361427582183986,3.7164640002629312,30.0
72,2.4000000000000012,track,1,321.5970975913443,244.16280966897085,321.6475153948643,244.15889789197763,1,0.050569327769135676,4.473336411696621,5.5184929153449005,488.0885508893598,11.055812783082736,2744.8706734359794,841.7766924784743,0,0.8020833333333334,0.25,186.35011291503906,0.3038734552561745,0.4017578919921476,4.512769000029948,30.0
73,2.4333333333333345,track,1,319.8855030730219,240.27644303090213,319.9057926016444,240.27273581086388,1,0.020625432168474827,0.28854784080375045,2.2507869565372225,31.483476377377116,11.055812783082736,2740.117647058823,841.7766924784743,0,0.8020833333333334,0.25,41.160614013671875,0.22161511875746626,0.19802175431617053,3.955732000122225,30.0
74,2.4666666666666677,track,1,319.5561892417369,238.3235255994815,319.57957991402986,238.31424603750656,1,0.02516413759230232,1.7373886930533011,2.746030601776983,189.56498824164743,11.055812783082736,2737.7344855842675,841.7766924784743,0,0.8020833333333334,0.25,106.22457885742188,0.2156823949843234,0.1061446537255709,3.810331999829941,30.0
75,2.500000000000001,track,1,321.26779966525044,243.86747349899144,321.25652020540724,243.9010454801571,1,0.035416156394249984,4.098414189031028,3.86425528216662,447.1772457190526,11.055812783082736,2749.7647058823522,841.7766924784743,0,0.8020833333333334,0.25,153.0074462890625,0.2772371652839921,0.390421577509684,3.776192999794148,30.0
76,2.533333333333334,track,1,323.96277306217416,237.5842991942781,323.96617048852295,237.6281995621432,1,0.04403163413374872,4.621249361487435,4.804208173193472,504.2812946178365,11.055812783082736,2750.0654393905306,841.7766924784743,0,0.8020833333333334,0.25,300.040283203125,0.422343099015993,0.07065923658226783,4.311788999984856,30.0
77,2.5666666666666673,track,1,321.4447330822185,241.58851798934927,321.4206563154464,241.61148524403848,1,0.033274396856363596,2.1482897985075367,3.6308409691378967,234.4138380497781,11.055812783082736,2729.550026510271,841.7766924784743,0,0.8020833333333334,0.25,25.446269989013672,0.3041578712559614,0.26856719282026775,3.656071999557753,30.0
78,2.6000000000000005,track,1,320.3986331588737,243.08304857476534,320.3759474253857,243.07902124270595,1,0.023040440694686304,3.1018878573682516,2.5143296840901517,338.4416716470494,11.055812783082736,2728.7031391021096,841.7766924784743,0,0.8020833333333334,0.25,84.77197265625,0.23161098458648788,0.3523101903083177,3.8061300001572818,30.0
79,2.6333333333333337,track,1,320.69330397616886,239.13676984846524,320.71146594542984,239.12792198749548,1,0.0202025189314744,1.1254793873724203,2.2045732666226505,122.80753650065223,11.055812783082736,2729.7857287706665,841.7766924784743,0,0.8020833333333334,0.25,76.26543426513672,0.2647165308530262,0.15387611921519068,3.7318439999580733,30.0
80,2.666666666666667,track,1,320.8347036287719,240.9669407257544,320.84413981347416,240.96843678424534,1,0.009554044836815741,1.2846952283602688,1.0426035569754815,140.18129440884513,11.055812783082736,2733.0588235294113,841.7766924784743,0,0.8020833333333334,0.25,1.629680871963501,0.2707620622047652,0.24384850051474208,4.969328000242967,30.0
81,2.7,track,1,320.7338992593876,240.53848152800035,320.7486532839746,240.564896553979,1,0.030256153737147747,0.9378645191621681,3.3013281604171567,102.34012071142153,11.055812783082736,2722.6408036204143,841.7766924784743,0,0.8020833333333334,0.25,2.1389291286468506,0.2641272549370213,0.22156424306080016,4.117295000014565,30.0
82,2.7333333333333334,track,1,317.47411514967723,238.64649309015292,317.4458785208942,238.66572883556432,1,0.034166081229233106,2.8816342707349376,3.728245482445494,314.453275421596,11.055812783082736,2718.7847225608093,841.7766924784743,0,0.8020833333333334,0.25,160.06588745117188,0.08742770749609965,0.11849634040387066,3.684582000005321,30.0
83,2.7666666666666666,track,1,318.9917059052227,242.66408916151886,318.9910268799629,242.68184689947861,1,0.017770715594787708,2.865367262533812,1.9389276777149218,312.6413922598761,10.464157913908982,2884.2513926027523,841.7766924784743,0,0.8953488372093024,0.25,86.03429412841797,0.1481117838764252,0.3211709261227875,3.663449999748991,30.0
84,2.8,track,1,321.51164901664146,239.53939917873353,321.5255848525494,239.5647619693484,1,0.02893922373228545,1.5864555731736232,3.157631150177161,173.12346152207706,11.055812783082736,2717.067955694533,841.7766924784743,0,0.8020833333333334,0.25,96.53070068359375,0.2694515594266844,0.18692330859357975,4.3434560002424405,30.0
85,2.833333333333333,track,1,322.49001901140684,238.82163843760802,322.47770144372225,238.82946421185648,1,0.014593327799111384,2.7402843785906823,1.592450444526314,299.0304149168429,11.055812783082736,2724.395144855419,841.7766924784743,0,0.8020833333333334,0.25,109.59956359863281,0.32279515936623837,0.1191335575608349,3.932027999780985,30.0
86,2.8666666666666663,track,1,321.08258419716975,243.87199449438685,321.07737836170736,243.87734200373552,1,0.007463014075798459,4.024242183095722,0.8143449346696163,439.0826098239204,11.055812783082736,2736.7552161572603,841.7766924784743,0,0.8020833333333334,0.25,193.02163696289062,0.2558174579282924,0.3781524485406732,3.698618999806058,30.0
87,2.8999999999999995,track,1,320.46571663706845,238.03326547407633,320.43795068297027,238.03139377861635,1,0.02782896783708446,2.0167328171040766,3.0369005172467656,220.04353885238305,11.055812783082736,2725.5650413125504,841.7766924784743,0,0.8020833333333334,0.25,107.52429962158203,0.2007189500143171,0.0816537435525043,3.7614430002577137,30.0
88,2.9333333333333327,track,1,322.36947027027026,241.38607567567567,322.34739620374285,241.36633873454207,1,0.029610998942415503,2.7160910284554802,3.231116003901731,296.3866238354171,11.055812783082736,2726.885901672748,841.7766924784743,0,0.8020833333333334,0.25,46.090667724609375,0.3245160463424325,0.24709339660793025,4.452445999959309,30.0
89,2.966666666666666,track,1,323.11972648690494,242.10321248871114,323.1121946908229,242.0967270613237,1,0.009939251512030196,3.7526017858644765,1.0845624562248741,409.4889467477841,11.055812783082736,2740.3923304884647,841.7766924784743,0,0.8020833333333334,0.25,50.42188262939453,0.3743270348992699,0.2885173024547312,4.142756999954145,30.0
90,2.999999999999999,track,1,321.0124368441508,237.31921233320378,321.010033659506,237.30195576925394,1,0.017423096618911123,2.88090448720488,1.9010056048259103,314.33660495164503,10.464157913908982,2887.1162324881157,841.7766924784743,0,0.8953488372093024,0.25,175.58238220214844,0.27607962351168336,0.040142955296764676,9.898195000005217,30.0
91,3.0333333333333323,track,1,318.22028834913624,243.55526691778152,318.2068708082745,243.58025858909355,1,0.028365719411716235,4.004193284919722,3.0950496363682767,436.9050968459033,11.055812783082736,2722.0075541776146,841.7766924784743,0,0.8020833333333334,0.25,323.8254699707031,0.12977627327516478,0.35605722324783207,4.93495199998506,30.0
92,3.0666666666666655,track,1,321.0579885231048,240.72248349656988,321.0533886268804,240.7381169736052,1,0.016296154438682466,1.2862520227253629,1.778066094610414,140.35712810250988,11.055812783082736,2729.8563234757994,841.7766924784743,0,0.8020833333333334,0.25,3.5245087146759033,0.268141086376753,0.21925611879223839,3.7928179999653366,30.0
93,3.0999999999999988,track,1,322.73027879835746,237.63483898854548,322.74472309904263,237.65682968175065,1,0.026310233939048418,3.6088712959515385,2.8708107851089686,393.7972276233491,11.055812783082736,2729.647041255991,841.7766924784743,0,0.8020833333333334,0.25,160.66183471679688,0.3577575352062535,0.05503300143065075,3.6533070001496526,30.0
94,3.133333333333332,track,1,321.2655716446942,243.51164901664146,321.2498604891812,243.5254393936823,1,0.020904901494219624,3.7404376964391695,2.281120971214451,408.11978002532913,11.055812783082736,2728.065095576174,841.7766924784743,0,0.8020833333333334,0.25,151.53643798828125,0.28897187700283594,0.35330995352786465,3.84523699995043,30.0
95,3.166666666666665,track,1,319.16605405405403,239.38607567567567,319.15769349945094,239.36306722124118,1,0.024480356384970255,1.0560130707167545,2.671058246868693,115.23251352554605,11.055812783082736,2723.7316080760174,841.7766924784743,0,0.8020833333333334,0.25,94.43257141113281,0.17885900624462653,0.14702270694664715,5.122681000102602,30.0
96,3.1999999999999984,track,1,320.6013668411264,240.36541372896752,320.6217730627475,240.344563974322,1,0.029174066388285527,0.7108629079920774,3.18340110643738,77.57138451848193,11.055812783082736,2726.1783853306924,841.7766924784743,0,0.8020833333333334,0.25,0.30340659618377686,0.24588338486670294,0.17399591657934946,3.7474720002137474,30.0
97,3.2333333333333316,track,1,323.00830557598306,241.5149889691569,323.00816056969643,241.5319962494748,1,0.01700789847790521,3.3758025003665657,1.8556977719041101,368.3790633401128,10.464157913908982,2874.691437498074,841.7766924784743,0,0.8953488372093024,0.25,75.89205932617188,0.3716983299065698,0.2514817167352426,3.6603839998861076,30.0
98,3.266666666666665,track,1,322.7300921320126,237.60136684112635,322.7444353548251,237.62224122485645,1,0.025327217311828482,3.6312067153476844,2.7635595487554383,396.233942833067,11.055812783082736,2726.1783853306924,841.7766924784743,0,0.8020833333333334,0.25,125.69432830810547,0.3673477457991594,0.046272432972894004,3.730651999831025,30.0
99,3.299999999999998,track,1,320.07011212785153,240.93813635777806,320.06496353736816,240.94083273851902,1,0.005811923353389971,0.9430729044228678,0.6342158432300765,102.89689107318121,11.055812783082736,2736.892673619563,841.7766924784743,0,0.8020833333333334,0.25,66.20626068115234,0.23151235473024917,0.2080041617200678,5.192502999761928,30.0
100,3.3333333333333313,track,1,318.4783154975954,241.4408821108271,318.45153464934265,241.41551777193854,1,0.036885817333917534,2.097959843481339,4.024915089189646,228.92638320927006,11.055812783082736,2713.8471366504764,841.7766924784743,0,0.8020833333333334,0.25,111.06712341308594,0.14540660739790284,0.23505297621695348,3.6572660001183976,30.0
101,3.3666666666666645,track,1,321.11182053494394,237.50332182916307,321.1044463136832,237.5051137895382,1,0.0075888247567523735,2.7284169151654254,0.828140492292861,297.7007948470701,11.055812783082736,2733.3714681415913,841.7766924784743,0,0.8020833333333334,0.25,100.07557678222656,0.2719286201495611,0.02805882660251996,3.6913220001224545,30.0
102,3.3999999999999977,track,1,322.5804232117357,242.78813449305466,322.60288452348846,242.80147528653492,1,0.026124457819012473,3.8240386535287083,2.8507616627199646,417.26757927929293,11.055812783082736,2724.9991914272664,841.7766924784743,0,0.8020833333333334,0.25,186.45639038085938,0.3493745662074599,0.29389806307678823,3.9055070001268177,30.0
103,3.433333333333331,track,1,319.0456057007126,240.67661412221983,319.0437260068941,240.6935876725363,1,0.017077314168128067,1.1813229064845332,1.863275697496777,128.9068032032794,11.055812783082736,2730.423483383026,841.7766924784743,0,0.8020833333333334,0.25,45.446563720703125,0.16778292601297917,0.19187007869134837,4.536532000201987,30.0
104,3.466666666666664,track,1,318.5384815280004,238.9168435185586,318.5631771146202,238.92172043068513,1,0.025172530075207138,1.7964261280534175,2.746994452159581,196.02676432828252,11.055812783082736,2722.6408036204143,841.7766924784743,0,0.8020833333333334,0.25,59.14722442626953,0.12974097668103443,0.09892644188989683,3.8590829999520793,30.0
105,3.4999999999999973,track,1,321.0290468986384,243.51164901664146,321.02552601346474,243.52602323020346,1,0.014799143486441109,3.6721306382299845,1.614721068712424,400.66438835195953,11.055812783082736,2737.598258334728,841.7766924784743,0,0.8020833333333334,0.25,158.83436584472656,0.2483710774893541,0.33658145210758733,3.7926710001556785,30.0
106,3.5333333333333306,track,1,324.5066488213453,238.0746049563941,324.5149053474579,238.0709712700368,1,0.009020748305478277,4.909737481528654,0.984382177715199,535.7721566878363,11.055812783082736,2736.0085781179273,841.7766924784743,0,0.8020833333333334,0.25,353.3119812011719,0.43337932151231606,0.0617804823382416,4.409971999848494,30.0
107,3.5666666666666638,track,1,321.87199449438685,241.08258419716978,321.8794189595228,241.0792875770926,1,0.008123446712342866,2.167274163432078,0.8864646740402019,236.4985748733208,11.055812783082736,2736.7552161572603,841.7766924784743,0,0.8020833333333334,0.25,7.847347259521484,0.3119023966658162,0.21062361710020766,4.083970000010595,30.0
108,3.599999999999997,track,1,320.0623295675886,242.56784833138553,320.05777876455545,242.59152269426932,1,0.02410778434862208,2.5921667115651426,2.6303687539024323,282.8261599571799,11.055812783082736,2725.871432640465,841.7766924784743,0,0.8020833333333334,0.25,77.6852035522461,0.21918260484807348,0.2929087907982442,3.702943000007508,30.0
109,3.63333333333333,track,1,321.11226124994585,236.53848152800035,321.1066623845895,236.56338119320185,1,0.025521375754945022,3.6104086273861196,2.7846098275918556,393.93104839333864,11.055812783082736,2721.0647451360323,841.7766924784743,0,0.8020833333333334,0.25,253.38975524902344,0.2756426681248421,-0.01856325776631712,3.72419399991486,30.0
110,3.6666666666666634,track,1,320.70998230546803,242.15329506710975,320.7236801028055,242.14594011821623,1,0.015547505430903276,2.2646792007183785,1.6965913750059238,247.09911423394948,11.055812783082736,2730.7285378122483,841.7766924784743,0,0.8020833333333334,0.25,76.14484405517578,0.25594549769356967,0.26073293976420836,4.5293789999050205,30.0
111,3.6999999999999966,track,1,321.0538232630353,241.25669556216846,321.0497031371117,241.2442705644553,1,0.013090301975082265,1.6279084475584054,1.4282818685949155,177.63097429320842,11.055812783082736,2729.4568883409347,841.7766924784743,0,0.8020833333333334,0.25,5.990172386169434,0.2736995225869212,0.22013704473859305,4.0679329999875335,30.0
112,3.73333333333333,track,1,318.97930231555347,237.75162778664136,318.98048285072764,237.76509930717407,1,0.013523147886513813,2.4564601206724825,1.4754856066872606,268.02766912560764,10.464157913908982,2893.229668449583,841.7766924784743,0,0.8953488372093024,0.25,145.41650390625,0.1633691215437121,0.036278946843433676,3.692177000175434,30.0
113,3.766666666666663,track,1,318.50332182916304,242.8964624676445,318.5051165773118,242.90379315293876,1,0.007547189397440023,3.2659900677255567,0.8234669880010895,356.3589242182284,11.055812783082736,2734.9564908715743,841.7766924784743,0,0.8020833333333334,0.25,143.23635864257812,0.12683390041483825,0.29644994640408384,3.931447000013577,30.0
114,3.7999999999999963,track,1,321.7723254710879,238.24837221335864,321.78571170729083,238.23685754001463,1,0.017657265413965277,2.50946959251528,1.926745752635484,273.82786801157056,11.055812783082736,2736.254356333161,841.7766924784743,0,0.8020833333333334,0.25,134.28399658203125,0.2871352058439992,0.05935455975549274,4.712747000212403,30.0
115,3.8333333333333295,track,1,322.12386564018755,239.07431938411253,322.1177859084521,239.06924678188716,1,0.007917981517516225,2.313291747070767,0.8640057047548074,252.43625538476908,11.055812783082736,2736.990646086819,841.7766924784743,0,0.8020833333333334,0.25,48.55377197265625,0.3089710775474244,0.09119618194833312,4.074087000390136,30.0
116,3.8666666666666627,track,1,319.9793628272927,242.89268670192183,319.9799739786429,242.89965262339433,1,0.006992679596111718,2.8997217759448963,0.7629582914646165,316.3828546156089,10.464157913908982,2899.8331585024434,841.7766924784743,0,0.8953488372093024,0.25,137.22691345214844,0.20183136441253816,0.2866515518449092,3.636458000073617,30.0
117,3.899999999999996,track,1,320.02072449376107,237.68913259358405,320.0183974624945,237.70622265455995,1,0.017247760975725664,2.2938511235649606,1.8818747902306237,250.27752102458902,10.464157913908982,2885.7465335034926,841.7766924784743,0,0.8953488372093024,0.25,95.6209716796875,0.1977689351550886,0.020130331728421005,3.6924579999322305,30.0
118,3.933333333333329,track,1,323.045629347967,241.34844229356608,323.04166848621867,241.3312645576973,1,0.017628472292493046,3.3202428379015805,1.9234245629558073,362.31911441556144,11.055812783082736,2729.0084506989147,841.7766924784743,0,0.8020833333333334,0.25,115.18870544433594,0.356480721099278,0.20114298764390606,4.13863699986905,30.0
119,3.9666666666666623,track,1,322.228541747825,242.56784833138553,322.2171854542471,242.59241014799636,1,0.027060085717728517,3.411231700421336,2.952564226778289,372.220629470361,11.055812783082736,2725.871432640465,841.7766924784743,0,0.8020833333333334,0.25,64.8108139038086,0.325286462030331,0.2705378917573905,4.567553000015323,30.0
120,3.9999999999999956,track,1,319.43215166861444,237.2908713154136,319.4077580577775,237.2764420734709,1,0.028341687894403757,2.7872061813376843,3.092712143768683,304.10894220818835,11.055812783082736,2724.2916750852105,841.7766924784743,0,0.8020833333333334,0.25,226.0714111328125,0.18494526179348567,-6.236899384279293e-05,10.48307399969417,30.0
121,4.033333333333329,track,1,318.7765806145757,241.033099168211,318.78846911051255,241.03161333983826,1,0.011980985835618789,1.5912363680844201,1.307450281701379,173.63452042316885,11.055812783082736,2728.1918076210304,841.7766924784743,0,0.8020833333333334,0.25,74.26911926269531,0.14369276753388086,0.18402207215608807,5.042359000071883,30.0
122,4.066666666666662,track,1,319.5384815280004,240.34094157390965,319.5656757938402,240.32058425448736,1,0.03396981820130441,0.5398256943509924,3.706801446293299,58.906084043046974,11.055812783082736,2722.6408036204143,841.7766924784743,0,0.8020833333333334,0.25,3.582289457321167,0.19721263374515596,0.13165274642527497,3.778121999857831,30.0
123,4.099999999999995,track,1,321.15701803469204,238.83884991176345,321.1493028698965,238.8478372841637,1,0.011844687859265464,1.6273831787614053,1.2924477269105072,177.57627820626323,11.055812783082736,2739.6211958297495,841.7766924784743,0,0.8020833333333334,0.25,41.55719757080078,0.25307329888780616,0.06727644847190827,3.6911509996571112,30.0
124,4.133333333333328,track,1,320.8056596459491,244.01240470345004,320.8165572981959,244.0115321464782,1,0.010932528534663382,4.093794814529058,1.193036993916411,446.6689213714348,10.464157913908982,2896.473339329653,841.7766924784743,0,0.8953488372093024,0.25,199.3431854248047,0.2349649469809731,0.33559937161118863,4.269176999969204,30.0
125,4.166666666666662,track,1,319.16117783804725,237.83055663179647,319.15230607100307,237.83974487150726,1,0.012772313786832022,2.3206221617138416,1.393681188270164,253.2044597098961,11.055812783082736,2739.149518268379,841.7766924784743,0,0.8020833333333334,0.25,150.97300720214844,0.14657315174461932,0.02408410924301134,4.674603999774263,30.0
126,4.199999999999995,track,1,322.00415206954716,239.39444660698067,322.0031376221268,239.37251985415264,1,0.021950207132276623,2.0991168777875355,2.394944186266519,229.06753473666888,10.464157913908982,2875.1888535014473,841.7766924784743,0,0.8953488372093024,0.25,56.63833236694336,0.28981133910778506,0.09500938710606355,3.823151000233338,30.0
127,4.233333333333328,track,1,322.6599127316715,242.03317924569058,322.6766142436202,242.0300412858719,1,0.016993742765944737,3.359364736299837,1.8544716245751425,366.5749434504751,11.055812783082736,2731.062894486813,841.7766924784743,0,0.8020833333333334,0.25,93.91047668457031,0.33145492335929116,0.2302446988982247,4.078084999946441,30.0
128,4.266666666666661,track,1,322.4799913382417,237.17046340407103,322.4551827905859,237.15916098426874,1,0.027261854855743964,3.7547688142534486,2.9749243063551583,409.7064608290365,11.055812783082736,2718.038536757329,841.7766924784743,0,0.8020833333333334,0.25,132.7032012939453,0.3334000920775861,-0.021840770489732486,4.749116999846592,30.0
129,4.2999999999999945,track,1,320.19061596236025,240.29835541934648,320.1821716741838,240.28223635090217,1,0.01819698794634833,0.3359224265295438,1.9855130950510236,36.65374279745604,11.055812783082736,2733.4226498715166,841.7766924784743,0,0.8020833333333334,0.25,56.36506652832031,0.2123525850556166,0.1124004154799383,3.92654000006587,30.0
130,4.333333333333328,track,1,319.40282043517755,242.16195873166933,319.38021066809824,242.1532661059946,1,0.024223197734846286,2.2406904603635747,2.6433541159285405,244.48059037131887,11.055812783082736,2724.3645767815697,841.7766924784743,0,0.8020833333333334,0.25,125.66817474365234,0.17825208553674868,0.22489494413433064,3.755064999950264,30.0
131,4.366666666666661,track,1,321.39444660698064,237.8463734267549,321.3728601453354,237.8542100892248,1,0.022964942957243863,2.5473828373126195,2.506052593143156,277.9542092034641,11.055812783082736,2726.4142241113773,841.7766924784743,0,0.8020833333333334,0.25,77.5328140258789,0.27787590876169815,0.0031246866093651987,3.7071349997859215,30.0
132,4.399999999999994,track,1,321.3651610114545,242.8838124054463,321.3433821658723,242.8896702784716,1,0.022552888756762503,3.1866706704436774,2.4611085519377567,347.70225668419647,11.055812783082736,2729.647041255991,841.7766924784743,0,0.8020833333333334,0.25,121.18450164794922,0.27910922404469346,0.2596666705006059,4.9241399997299595,30.0
133,4.433333333333327,track,1,319.40700843608045,239.90863075924725,319.3860498643628,239.91180831387192,1,0.021198079673317684,0.6202519992318014,2.313282170034331,67.68624758358726,11.055812783082736,2727.287285871287,841.7766924784743,0,0.8020833333333334,0.25,43.797115325927734,0.17708154039955093,0.11873418833332818,3.939526000067417,30.0
134,4.466666666666661,track,1,318.5216845024046,238.17884840344874,318.5495662626747,238.16844359532638,1,0.029759915789940167,2.3363126695441148,3.247551696147923,254.9278807060292,11.055812783082736,2716.9791020743137,841.7766924784743,0,0.8020833333333334,0.25,97.98243713378906,0.12151542913695879,0.02040526544666668,3.7590580000141927,30.0
135,4.499999999999994,track,1,321.31129750529635,242.6222923602404,321.29600361682174,242.64378154244423,1,0.02637589764279287,2.9443515786984094,2.8779934653835304,321.2633868315276,11.055812783082736,2728.9391146405796,841.7766924784743,0,0.8020833333333334,0.25,126.18913269042969,0.2568175551780468,0.24688678574612605,3.6590379995686817,30.0
136,4.533333333333327,track,1,322.8449946178687,239.35961248654468,322.83255597302855,239.34129901026245,1,0.022138276784762167,2.908136918066434,2.415598687860388,317.35452970643206,11.055812783082736,2740.2659404871574,841.7766924784743,0,0.8020833333333334,0.25,105.40652465820312,0.33973463402876336,0.08428459391733496,4.61573699976725,30.0
137,4.56666666666666,track,1,321.9514384644979,239.9876886248023,321.9260757404479,239.98956215934504,1,0.02543182854062811,1.9261040227515016,2.7753066433744267,210.19072891879327,10.464157913908982,2909.013141730866,841.7766924784743,0,0.8953488372093024,0.25,7.957453727722168,0.3025447968722684,0.1140015207694382,3.8622600000053353,30.0
138,4.599999999999993,track,1,318.3166472642608,242.26904669512354,318.2926618038166,242.25532337149843,1,0.027633890859569188,2.8286900194566833,3.015482451946398,308.65271049702534,11.055812783082736,2736.4903318716315,841.7766924784743,0,0.8020833333333334,0.25,151.3988494873047,0.1150371847843668,0.23369305068486945,3.6810649999097222,30.0
139,4.633333333333327,track,1,321.37478969845995,237.0455545489841,321.34862709240247,237.04484889144987,1,0.026172120821106922,3.2483400543549887,2.8560950427687217,354.4307551513788,11.055812783082736,2736.6623304312484,841.7766924784743,0,0.8020833333333334,0.25,183.0859375,0.26590087300369203,-0.035449422946249434,3.7953820001348504,30.0
140,4.66666666666666,track,1,322.02489518952325,241.4610796559623,322.0206927177974,241.43468544113125,1,0.026726678528280614,2.478209308099965,2.9161072743666296,270.4244328934053,10.464157913908982,2877.1785175149425,841.7766924784743,0,0.8953488372093024,0.25,58.42851257324219,0.303194724151227,0.1833600547909746,4.436336999788182,30.0
141,4.699999999999993,track,1,321.10122659780507,241.25616526791478,321.09398113504176,241.24407127889526,1,0.01409827298142305,1.6566556886689967,1.538306646894827,180.76841196088515,11.055812783082736,2735.107206650348,841.7766924784743,0,0.8020833333333334,0.25,11.438807487487793,0.26052023802715185,0.17729503433968707,3.895222999744874,30.0
142,4.733333333333326,track,1,318.76667957155763,236.05368434636728,318.77945646400303,236.05051858975776,1,0.013163244108960262,4.133779134534528,1.4364557521127435,451.035361493886,11.055812783082736,2736.5197862277014,841.7766924784743,0,0.8020833333333334,0.25,279.8980712890625,0.13772571562563904,-0.09652366145377642,3.7239019998196454,30.0
143,4.7666666666666595,track,1,318.28540652333146,242.31022448188202,318.2736061543378,242.29284245887902,1,0.02100912735129342,2.870115372520533,2.2923924585150073,313.1727014756132,11.055812783082736,2736.791130461527,841.7766924784743,0,0.8020833333333334,0.25,174.1331787109375,0.10081459393697663,0.21476621007679414,3.70578399997612,30.0
144,4.799999999999993,track,1,321.9566022301632,237.72721401816852,321.96429422007213,237.74153549959078,1,0.016256430693342143,2.993177856830003,1.7737772455946315,326.6046645979416,11.055812783082736,2735.7454728986663,841.7766924784743,0,0.8020833333333334,0.25,127.410400390625,0.28229645970654266,-0.021759107694781232,4.61275099996783,30.0
145,4.833333333333326,track,1,321.59929062675724,239.53449543665383,321.6262047384989,239.56160842200325,1,0.03820318553997737,1.684259192397313,4.168641155213236,183.7966190797971,11.055812783082736,2724.600279041965,841.7766924784743,0,0.8020833333333334,0.25,25.953821182250977,0.2678780208620654,0.0847803362382499,3.913996000392217,30.0
146,4.866666666666659,track,1,322.10533109590807,241.7893378081838,322.10541764715254,241.8004799517696,1,0.011142479742163104,2.770290873837184,1.2157336864631625,302.29194595776704,11.055812783082736,2737.394434737069,841.7766924784743,0,0.8020833333333334,0.25,101.48242950439453,0.29948694421271016,0.1774577132672031,3.848415999982535,30.0
147,4.899999999999992,track,1,319.59681240577214,237.62782683609734,319.6411161934409,237.64800087850153,1,0.048680772269183395,2.379222027079421,5.312243933441038,259.5932168509958,11.055812783082736,2735.9139875409496,841.7766924784743,0,0.8020833333333334,0.25,90.76447296142578,0.1944109128010135,-0.03753692306219407,3.7731729998995434,30.0
148,4.933333333333326,track,1,321.55107166053256,241.0706646460273,321.5771086000268,241.0674024895054,1,0.026240500822209283,1.9043685596230728,2.8635497901247864,207.80719061292072,11.055812783082736,2723.3483199624698,841.7766924784743,0,0.8020833333333334,0.25,50.53244400024414,0.2742460208796671,0.13310319715661728,4.58945299988045,30.0
149,4.966666666666659,track,1,323.07011212785153,242.0123727284444,323.0673739817066,242.01279592017727,1,0.0027706561594019606,3.6688050588622176,0.30235322451073643,400.3457334806701,10.464157913908982,2896.454951788813,841.7766924784743,0,0.8953488372093024,0.25,87.75094604492188,0.36044732458902645,0.18802736878223175,3.8759939998271875,30.0
150,4.999999999999992,track,1,319.9917380265932,235.85128447867808,319.99204819861666,235.86051532981332,1,0.009236060814282982,4.139492307742065,1.0077281798681106,451.6517233639054,10.464157913908982,2895.4649493583033,841.7766924784743,0,0.8953488372093024,0.25,295.74310302734375,0.2097168267662005,-0.13098764484884917,11.142462999941927,30.0
151,5.033333333333325,track,1,317.71323433914887,241.44053855145245,317.7306260642156,241.41441106083175,1,0.03138658737312387,2.6740637070610065,3.4247146614589807,291.79911249820293,11.055812783082736,2723.8199975238404,841.7766924784743,0,0.8020833333333334,0.25,212.44552612304688,0.08442774730335009,0.14593971000013017,4.4814689999839175,30.0
152,5.066666666666658,track,1,319.38101811906813,240.49667817083693,319.3605959971753,240.49431052891396,1,0.020558910255168733,0.808195754643276,2.243535217185485,88.19044059997978,11.055812783082736,2725.48748440527,841.7766924784743,0,0.8020833333333334,0.25,7.174831390380859,0.15666335668607384,0.07578887370928758,3.701423999700637,30.0
153,5.099999999999992,track,1,321.92575725026853,237.95875402792697,321.92745691094797,237.9612270498783,1,0.0030007805646056905,2.805652381480832,0.32742784510640643,306.14481594909176,11.055812783082736,2736.6575150790623,841.7766924784743,0,0.8020833333333334,0.25,112.75173950195312,0.28328422611377324,-0.033297212260884224,3.691316000185907,30.0
154,5.133333333333325,track,1,320.34429417102365,242.34844229356608,320.3244689107953,242.32847487153572,1,0.02813785502948246,2.3509732668505547,3.0703360758861935,256.5108696974191,11.055812783082736,2727.4287061667114,841.7766924784743,0,0.8020833333333334,0.25,96.58634948730469,0.1852105817247966,0.19061469091038374,4.486110000016197,30.0
155,5.166666666666658,track,1,319.1781383506667,238.28584991153497,319.16679612372377,238.27238443280635,1,0.017605829415730884,1.9180417741674916,1.9210786200041048,209.28073297233738,11.055812783082736,2734.130576486928,841.7766924784743,0,0.8020833333333334,0.25,63.853355407714844,0.1368318997612627,-0.014649172635445629,4.4866540001748945,30.0
156,5.199999999999991,track,1,321.70998230546803,240.2237279357818,321.7252630422954,240.21277229299858,1,0.018802314399590073,1.7383338614254416,2.0517238935318343,189.69935530941459,11.055812783082736,2733.8946009484575,841.7766924784743,0,0.8020833333333334,0.25,45.58866882324219,0.2633730743811457,0.0686561551269596,4.1979370002991345,30.0
157,5.2333333333333245,track,1,323.7765806145757,242.18618282118692,323.7883055020302,242.17495867258958,1,0.016231281451420478,4.368260958800986,1.7711268478479023,476.67594014580317,11.055812783082736,2734.4997739785767,841.7766924784743,0,0.8020833333333334,0.25,164.3346405029297,0.3789586897065258,0.18554572296653798,3.9997200001380406,30.0
158,5.266666666666658,track,1,322.0456628902534,238.51331834299057,322.04441870735127,238.52848435056626,1,0.015216956886309342,2.51892956580692,1.660293715359437,274.86756480356263,11.055812783082736,2731.7560822707533,841.7766924784743,0,0.8020833333333334,0.25,64.3978042602539,0.30407283073854796,0.0009611546466312682,4.895150999800535,30.0
159,5.299999999999991,track,1,319.90858330087,241.56784833138553,319.91544240410235,241.59038257277507,1,0.02355502774682387,1.592628869137641,2.570080797122597,173.76864641203832,11.055812783082736,2725.871432640465,841.7766924784743,0,0.8020833333333334,0.25,79.34005737304688,0.20416303786706974,0.1571723145770722,3.8419769998654374,30.0
160,5.333333333333324,track,1,317.48835098335854,241.05809379727685,317.47334413219187,241.05390848291086,1,0.015579551928118753,2.7376473411819724,1.7001341372234324,298.74447068986404,11.055812783082736,2732.819206232547,841.7766924784743,0,0.8020833333333334,0.25,169.76385498046875,0.06746542877882075,0.13814613070169376,3.7634749996868777,30.0
161,5.366666666666657,track,1,320.3484422935661,236.0622218381368,320.33104866281406,236.05720477941395,1,0.018102742028964204,3.9566687211121385,1.975478094250545,431.7047472176609,11.055812783082736,2729.0084506989147,841.7766924784743,0,0.8020833333333334,0.25,262.40423583984375,0.18462553688364428,-0.12349713793282188,3.7302969999473135,30.0
162,5.399999999999991,track,1,321.58461338756433,241.41538661243564,321.6092540756624,241.39324402596753,1,0.03312789829501502,2.128574075744213,3.6148743853280645,232.2680713400448,11.055812783082736,2726.8153347943467,841.7766924784743,0,0.8020833333333334,0.25,86.95232391357422,0.2638961935072069,0.14098809580941546,4.506965000018681,30.0
163,5.433333333333324,track,1,318.962843504064,238.8802735130951,318.9629458328361,238.88644700931036,1,0.006174344232186847,1.5216706636804915,0.6736704092875542,166.04016199005807,11.055812783082736,2735.647058823529,841.7766924784743,0,0.8020833333333334,0.25,32.42469787597656,0.12689394279766966,0.010263623688769992,3.88951700006146,30.0
164,5.466666666666657,track,1,317.89186847463503,237.47411514967726,317.89792921587014,237.44642836016715,1,0.028342386944225525,3.3074808693703717,3.0924062064736413,360.8985453731354,11.055812783082736,2721.9332872783584,841.7766924784743,0,0.8020833333333334,0.25,69.11019897460938,0.05923635376237464,-0.07287535099119835,3.77750500001639,30.0
165,5.49999999999999,track,1,322.41538661243567,243.24507810133701,322.3908259129066,243.23035550700592,1,0.028635340842986082,4.018861187882617,3.1247530429466317,438.5174962983034,11.055812783082736,2728.3983917258347,841.7766924784743,0,0.8020833333333334,0.25,384.4738464355469,0.2846219595218047,0.22014896925981836,3.872891999890271,30.0
166,5.5333333333333234,track,1,323.55685936151855,237.49667817083693,323.5809996673711,237.49504400478963,1,0.024195554660398775,4.370167405907033,2.6403954261004445,476.877140106737,11.055812783082736,2722.352937670165,841.7766924784743,0,0.8020833333333334,0.25,202.87783813476562,0.3537450106382653,-0.07217789868343166,4.96378400021058,30.0
167,5.566666666666657,track,1,321.7381024552895,239.45312432338804,321.75129799166416,239.42626638860838,1,0.029924418805440757,1.8428822296737757,3.265106466493958,201.10548755214847,11.055812783082736,2721.5361496568235,841.7766924784743,0,0.8020833333333334,0.25,1.8382517099380493,0.27309329838609386,0.018691785860817444,3.8758390001021326,30.0
168,5.59999999999999,track,1,320.84299548095544,242.05784377017432,320.8512422982849,242.0530319604959,1,0.00954795833917428,2.222510670662118,1.0418968453986335,242.5000289548041,11.055812783082736,2735.107206650348,841.7766924784743,0,0.8020833333333334,0.25,102.05088806152344,0.233574074701694,0.1539507838511897,3.7499989998650562,30.0
169,5.633333333333323,track,1,319.9710830930763,237.14871552132192,319.973338091723,237.14284191145316,1,0.006291606455196757,2.8572824852124086,0.686480255382384,311.75239080502064,11.055812783082736,2735.5780665094658,841.7766924784743,0,0.8020833333333334,0.25,132.68115234375,0.19157306333100574,-0.09822910759505898,3.8080479998825467,30.0
170,5.666666666666656,track,1,321.69330397616886,242.20722704312914,321.70894670260077,242.19461209469932,1,0.02009556702634504,2.781514170111415,2.1928233681465548,303.5058254612802,11.055812783082736,2732.950698794576,841.7766924784743,0,0.8020833333333334,0.25,106.79534912109375,0.2798293885338264,0.15762641104296776,4.790690999925573,30.0
171,5.6999999999999895,track,1,319.689132593584,239.97927550623893,319.7073044835133,239.98150669519964,1,0.018308352951076485,0.29327916341574595,1.9979377649478012,32.004771315213894,10.464157913908982,2885.7465335034926,841.7766924784743,0,0.8953488372093024,0.25,35.692222595214844,0.194633117748677,0.05110306762458425,3.831865000393009,30.0
172,5.733333333333323,track,1,318.453124323388,237.5926038193392,318.428230733776,237.61384912818608,1,0.032726960625320226,2.857301980768696,3.5711405778367746,311.7712859951336,11.055812783082736,2721.5361496568235,841.7766924784743,0,0.8020833333333334,0.25,132.1746063232422,0.10794197672132784,-0.07678380048719818,3.742302999853564,30.0
173,5.766666666666656,track,1,317.44892833946744,241.61342281879195,317.42216341530707,241.6365007481868,1,0.03534051485850263,3.053420402793766,3.8563259272984034,333.1948186806965,11.055812783082736,2720.1981184222973,841.7766924784743,0,0.8020833333333334,0.25,111.19021606445312,0.04070104172756686,0.12589499869103615,3.779742000006081,30.0
174,5.799999999999989,track,1,322.2240179767512,238.64737911066936,322.2117200837083,238.6648514445967,1,0.021366343303504075,2.5834719649483744,2.331376267792887,281.91419905414944,11.055812783082736,2728.77261191823,841.7766924784743,0,0.8020833333333334,0.25,169.5969696044922,0.27620721319382,-0.024509164623311992,4.850402000101894,30.0
175,5.833333333333322,track,1,322.25678415807414,237.72664912205013,322.24228730787354,237.73943260370834,1,0.019328116024183356,3.1840253334776767,2.1090628820482236,347.4332756166232,11.055812783082736,2733.2535487512487,841.7766924784743,0,0.8020833333333334,0.25,102.25030517578125,0.283737859281812,-0.08072355230854478,3.6413230000107433,30.0
176,5.866666666666656,track,1,320.86298170494354,241.60555339301933,320.87047083740276,241.62740096511493,1,0.023095530118706412,1.8455767066219906,2.51995426333934,201.37515728976942,11.055812783082736,2727.995212486698,841.7766924784743,0,0.8020833333333334,0.25,85.45465850830078,0.21748121925132916,0.11418343286034405,3.8191339999684715,30.0
177,5.899999999999989,track,1,318.8222145656574,237.1901890692967,318.83035558873485,237.17931633717285,1,0.013582803855772235,3.053575670348419,1.4820872056982015,333.17823331575465,11.055812783082736,2736.3853920617407,841.7766924784743,0,0.8020833333333334,0.25,110.01350402832031,0.1102030652579338,-0.11424487783801301,3.860930999962875,30.0
178,5.933333333333322,track,1,321.96289775411174,241.04946966118436,321.9655803926787,241.04710411694555,1,0.0035766393761125555,2.2270907731404392,0.3902790119473231,243.02708193587904,11.055812783082736,2738.0684663220677,841.7766924784743,0,0.8020833333333334,0.25,96.70386505126953,0.26908744593435874,0.07746570587112814,5.155480000212265,30.0
179,5.966666666666655,track,1,322.92515916670277,240.53848152800035,322.9287666876785,240.56392049006627,1,0.025693481636040686,2.982562762117808,2.8033742253340512,325.47725389109854,11.055812783082736,2722.6408036204143,841.7766924784743,0,0.8020833333333334,0.25,54.636417388916016,0.32796794341568125,0.05553956079172154,3.791674000240164,30.0
180,5.9999999999999885,track,1,319.6673164392463,237.46991552956464,319.68476081995755,237.44443369419537,1,0.030880905948273276,2.574935899007541,3.369545047190297,280.94686421941213,11.055812783082736,2720.5933406152412,841.7766924784743,0,0.8020833333333334,0.25,115.15579986572266,0.1846965071297695,-0.1048361740601276,11.205440000139788,30.0
181,6.033333333333322,track,1,318.11156544570224,241.83884991176345,318.1076746266601,241.84846266099885,1,0.010370314396448,2.6453184170705857,1.1315125639439265,288.65167097850315,11.055812783082736,2738.0353078845096,841.7766924784743,0,0.8020833333333334,0.25,177.49658203125,0.08157053142616454,0.11649293520384454,3.8269890001174645,30.0
182,6.066666666666655,track,1,319.60545100584034,240.40700843608047,319.62736659314965,240.38507641810338,1,0.031004941213610936,0.5358539947413212,3.383187823237634,58.470987954755174,11.055812783082736,2724.128874521174,841.7766924784743,0,0.8020833333333334,0.25,1.3384170532226562,0.16848140920302948,0.0291026459235247,3.7288149997039,30.0
183,6.099999999999988,track,1,321.79237856308663,237.39863315887365,321.80464895506793,237.37536836766867,1,0.02630233885391462,3.1851921537737717,2.869906466614385,347.5497875084328,11.055812783082736,2727.759236948228,841.7766924784743,0,0.8020833333333334,0.25,141.69403076171875,0.2594383385557056,-0.10812042936595608,3.707686999860016,30.0
184,6.133333333333321,track,1,320.88025291410383,241.87199449438685,320.8876191175011,241.8774821594891,1,0.009185609438923586,2.0767298709637907,1.0023380807709432,226.5952122364498,11.055812783082736,2739.9209259676736,841.7766924784743,0,0.8020833333333334,0.25,72.43629455566406,0.2160088919397914,0.11866113932699911,4.733237999971607,30.0
185,6.1666666666666545,track,1,318.42376768944473,238.97922707404683,318.40032945963753,238.97904186615142,1,0.02343896154823285,1.897709500628356,2.557832920272151,207.0814555047655,10.464157913908982,2879.0183994501617,841.7766924784743,0,0.8953488372093024,0.25,67.19367980957031,0.08599272588609425,-0.02562062593368638,3.782092000164994,30.0
186,6.199999999999988,track,1,320.0705699213007,238.51331834299057,320.0685332298001,238.52756575487933,1,0.014392249921283889,1.474028293416005,1.5703152490676544,160.82834910412706,11.055812783082736,2728.5851513328744,841.7766924784743,0,0.8020833333333334,0.25,21.118330001831055,0.15852248364948107,-0.05478547341002041,3.7607879999086435,30.0
187,6.233333333333321,track,1,322.6965839719444,242.44473308221848,322.7124315162914,242.4206947287098,1,0.02879213610065809,3.635525780430444,3.141621535090396,396.7042077202695,11.055812783082736,2723.584158743155,841.7766924784743,0,0.8020833333333334,0.25,192.2427978515625,0.29886893327026587,0.14818849831474645,3.7133519999770215,30.0
188,6.266666666666654,track,1,321.88019107457933,236.84714033653225,321.8874530986923,236.85359357409357,1,0.009715002276881659,3.669107874776698,1.060089749056154,400.34786022360396,11.055812783082736,2738.5067124053003,841.7766924784743,0,0.8020833333333334,0.25,156.03750610351562,0.2666283155591327,-0.13790911235881384,4.861161999997421,30.0
189,6.299999999999987,track,1,320.4447330822185,240.35744901935317,320.41966295932934,240.33709179022458,1,0.03229439331323995,0.5382823371334715,3.5239544020269276,58.73725965541256,11.055812783082736,2722.0075541776146,841.7766924784743,0,0.8020833333333334,0.25,26.821435928344727,0.1750748921470058,0.015330612826166629,3.875133999827085,30.0
190,6.333333333333321,track,1,319.09526685938647,241.27751650343012,319.0882742223155,241.26352459639065,1,0.01564194475785401,1.558120117121466,1.706722023872872,170.01372762782637,11.055812783082736,2728.27973869314,841.7766924784743,0,0.8020833333333334,0.25,77.85515594482422,0.1253095223208837,0.0836220207302372,3.8109199999780685,30.0
191,6.366666666666654,track,1,322.1161875945537,236.48835098335854,322.1093205631166,236.47349433550994,1,0.016366921092718638,4.109194013388406,1.7858177915618942,448.3669419436682,11.055812783082736,2728.065095576174,841.7766924784743,0,0.8020833333333334,0.25,174.408935546875,0.27959684660384326,-0.16546478621525484,3.695277000133501,30.0
192,6.399999999999987,track,1,321.1943905906682,241.79320149928913,321.18461698717874,241.80493064606776,1,0.015267488638411014,2.1589562393497053,1.6659265738628757,235.57201664749945,11.055812783082736,2735.442583020159,841.7766924784743,0,0.8020833333333334,0.25,98.30387878417969,0.2384614688446502,0.1001480558669981,4.7264129998438875,30.0
193,6.43333333333332,track,1,318.8925481079685,238.83055663179647,318.8971299175889,238.83846942200557,1,0.009143589464281609,1.601710242925815,0.9976833287979966,174.7741413036531,11.055812783082736,2735.981038875581,841.7766924784743,0,0.8020833333333334,0.25,70.76981353759766,0.11902664738160823,-0.04924184847873978,3.8410900001508708,30.0
194,6.4666666666666535,track,1,317.91749387649867,237.94637101972413,317.92113475198676,237.94894710689755,1,0.004460067201829805,2.920359342564045,0.48668664835193104,318.6632829411079,11.055812783082736,2737.7647058823522,841.7766924784743,0,0.8020833333333334,0.25,81.86530303955078,0.057495666102715975,-0.10218518070371081,3.7498410001717275,30.0
195,6.499999999999987,track,1,321.6766141222198,241.97927013603973,321.6926512921625,241.98009741956957,1,0.016058493634522004,2.6049672143513627,1.7524208027386536,284.24410828639463,10.464157913908982,2884.998963053122,841.7766924784743,0,0.8953488372093024,0.25,173.16769409179688,0.24271396122719,0.10280161486968367,3.6779150000256777,30.0
196,6.53333333333332,track,1,322.19110264843346,237.48333910334082,322.1808645774197,237.46377286709912,1,0.022082927766689787,3.3449392183874727,2.409516126458022,364.98721751098344,11.055812783082736,2718.588235294117,841.7766924784743,0,0.8020833333333334,0.25,113.1178970336914,0.27420227976635625,-0.12704399943466413,4.780603000199335,30.0
197,6.566666666666653,track,1,320.49001901140684,238.19495333563776,320.4776776004014,238.18281488663933,1,0.017310469944291133,1.8789192707896933,1.8888815053511363,205.00748911349353,11.055812783082736,2724.395144855419,841.7766924784743,0,0.8020833333333334,0.25,7.092830181121826,0.1658932740143645,-0.10139051041879181,3.8163930003065616,30.0
198,6.599999999999986,track,1,319.34885420697367,241.74375510555055,319.3106082950078,241.73884295239827,1,0.038560070418669455,1.8705175048678901,4.2079481787781186,204.0933623694172,11.055812783082736,2742.687099978657,841.7766924784743,0,0.8020833333333334,0.25,129.57586669921875,0.12871636712252543,0.07899632318433905,3.7364140002864588,30.0
199,6.6333333333333195,track,1,319.631735622762,236.76426938176797,319.64412979888516,236.7688832930237,1,0.013225119237560702,3.250655129991944,1.443191607018776,354.6732421108176,11.055812783082736,2734.838503102339,841.7766924784743,0,0.8020833333333334,0.25,92.73094940185547,0.15644658270585693,-0.17767444203371704,3.83195499989597,30.0
200,6.666666666666653,track,1,322.21192423590185,241.7133017649591,322.1875696152465,241.716632612088,1,0.024581336209852336,2.7806992549417893,2.6824884845001926,303.4299276229783,11.055812783082736,2740.8558793333336,841.7766924784743,0,0.8020833333333334,0.25,162.66738891601562,0.2709176640465373,0.07143088041724198,4.664723000132653,30.0
201,6.699999999999986,track,1,321.25305734410784,239.64737911066936,321.2379631391357,239.6667377718063,1,0.02454776537196687,1.2820360551089314,2.6785377505939856,139.9035861297716,11.055812783082736,2728.77261191823,841.7766924784743,0,0.8020833333333334,0.25,2.133225440979004,0.22817039585797005,-0.010407930337437041,3.778665000027104,30.0
202,6.733333333333319,track,1,318.2483722133586,237.13246518045793,318.23575823115857,237.1257583248339,1,0.014286163211459169,3.3725085954206833,1.5589506572523455,367.98557730342594,11.055812783082736,2728.35294117647,841.7766924784743,0,0.8020833333333334,0.25,154.05511474609375,0.07172004438507432,-0.1616993869359148,3.667129999939789,30.0
203,6.766666666666652,track,1,319.0498032942804,240.62647529289697,319.0478119051513,240.6470116161156,1,0.020632648933275276,1.1512107536676706,2.2511908987781397,125.62158763879087,11.055812783082736,2730.759517070239,841.7766924784743,0,0.8020833333333334,0.25,45.34836959838867,0.10235839391470913,0.011869825197713062,3.7251580001793627,30.0
204,6.799999999999986,track,1,320.5133183429906,238.96679062527025,320.529173154903,238.96668270207397,1,0.015855179223004116,1.1609344796598742,1.7302345281338702,126.67192539074526,11.055812783082736,2736.5332752214795,841.7766924784743,0,0.8020833333333334,0.25,15.106348037719727,0.17144981349586447,-0.07234531128977743,4.735903999971924,30.0
205,6.833333333333319,track,1,321.46571663706845,238.36592021483952,321.4403241017608,238.3451472756094,1,0.03280694825200052,2.1938712490791175,3.5798818818166653,239.38725788746723,11.055812783082736,2720.829042875637,841.7766924784743,0,0.8020833333333334,0.25,40.33111572265625,0.22116725081762906,-0.1080384012698288,3.847598999982438,30.0
206,6.866666666666652,track,1,320.5676237495128,242.54267896583085,320.59231776589377,242.56927366008085,1,0.036291489460689746,2.6366659773620635,3.9600177423327803,287.6839421339233,11.055812783082736,2716.588235294117,841.7766924784743,0,0.8020833333333334,0.25,137.55357360839844,0.1779739578531243,0.10865317297400372,3.7773409999317664,30.0
207,6.899999999999985,track,1,321.49667817083696,236.24849007765314,321.4954383623915,236.2338738758251,1,0.01466869049572082,4.052165085346934,1.6004733307272834,442.1343322041134,11.055812783082736,2731.7891979840283,841.7766924784743,0,0.8020833333333334,0.25,189.36859130859375,0.22870368749016373,-0.21247083044798143,3.757127999961085,30.0
208,6.9333333333333185,track,1,321.98752436647175,240.53008447043536,321.98995280470785,240.55830377554184,1,0.028323603106944817,2.066788637173365,3.090335824684694,225.54035084426687,10.464157913908982,2870.7121094710833,841.7766924784743,0,0.8953488372093024,0.25,39.859397888183594,0.26133968579525235,-0.0005310956486602736,4.586833999837836,30.0
209,6.966666666666652,track,1,321.7338992593876,240.53848152800035,321.749837653726,240.56346385158167,1,0.029633577333959,1.8383207898613703,3.233426747419034,200.6078241134832,11.055812783082736,2722.6408036204143,841.7766924784743,0,0.8020833333333334,0.25,11.34901237487793,0.2573545159016853,0.004314808815255304,3.745871999853989,30.0
210,6.999999999999985,track,1,320.8757603209525,236.73081402873044,320.8818687878065,236.74589765806468,1,0.016273574936055885,3.37147958776207,1.7756216042490556,367.8598752096584,11.055812783082736,2727.1764705882347,841.7766924784743,0,0.8020833333333334,0.25,120.3394546508789,0.21987874313363281,-0.19423258359891463,11.554739000075642,30.0
211,7.033333333333318,track,1,317.5552669177815,240.95427977659438,317.5806409166339,240.9586479550169,1,0.025747248406224835,2.6023651311689644,2.8097158234736597,283.9824953357202,11.055812783082736,2726.745603984752,841.7766924784743,0,0.8020833333333334,0.25,232.88880920410156,0.045347953197888646,0.016526358971631905,3.9430130000255303,30.0
212,7.066666666666651,track,1,318.7421702404159,239.53008447043536,318.7572561058987,239.55508352909283,1,0.029198223766622487,1.3199860046267706,3.1859111426375675,144.04373708327725,11.055812783082736,2720.5933406152412,841.7766924784743,0,0.8020833333333334,0.25,17.630599975585938,0.09262032845815724,-0.028636859841138625,3.8502719999087276,30.0
213,7.0999999999999845,track,1,320.33591083848114,237.04561752127523,320.3171658177182,237.041323254781,1,0.01923061434604845,2.9756280410408498,2.0985683218730196,324.6654881810363,11.055812783082736,2729.7159670409706,841.7766924784743,0,0.8020833333333334,0.25,76.81520080566406,0.14841944803910037,-0.18479913178956936,3.760016999876825,30.0
214,7.133333333333318,track,1,321.3654137289675,242.39863315887365,321.3440322945271,242.37546900167786,1,0.03152370405457712,2.7293361439485913,3.43976953816564,297.8052566307013,11.055812783082736,2726.1783853306924,841.7766924784743,0,0.8020833333333334,0.25,191.0358428955078,0.21640805525710788,0.08782915608700653,4.840614999920945,30.0
215,7.166666666666651,track,1,320.50332182916304,237.33546160483175,320.5070972621172,237.31663276013842,1,0.019203626909441728,2.730862020902766,2.0952836651794176,297.960729166818,11.055812783082736,2733.3714681415913,841.7766924784743,0,0.8020833333333334,0.25,78.78717041015625,0.17331451776532206,-0.16871386700447555,4.409774000123434,30.0
216,7.199999999999984,track,1,320.20290730276497,238.73497821679678,320.1913924014914,238.74711942912995,1,0.016733259941197978,1.2674149976279654,1.825886321760264,138.28568366310841,11.055812783082736,2733.725226312619,841.7766924784743,0,0.8020833333333334,0.25,0.7388441562652588,0.14607223890722873,-0.10544040900824697,4.294154000035633,30.0
217,7.233333333333317,track,1,322.4933511786547,241.30670926517573,322.48571059786764,241.2914630538171,1,0.017053604767183157,2.801184391596895,1.8607510846755468,305.67442392157295,11.055812783082736,2731.2489191154245,841.7766924784743,0,0.8020833333333334,0.25,118.01272583007812,0.2767867896768477,0.027007860739171413,4.395316999762144,30.0
218,7.266666666666651,track,1,322.07451166400756,236.75162778664136,322.0708811368929,236.7629034834647,1,0.011845761519709662,3.8428300171233065,1.2924887907472988,419.305147480906,11.055812783082736,2729.9277482000525,841.7766924784743,0,0.8020833333333334,0.25,104.59123229980469,0.2654818166733521,-0.20789926122484856,4.532807000032335,30.0
219,7.299999999999984,track,1,318.56365525301936,239.77559413012423,318.5885447430094,239.7878399570136,1,0.027738907479703236,1.4273113978128422,3.0269700486122453,155.75817553914422,11.055812783082736,2724.055836304525,841.7766924784743,0,0.8020833333333334,0.25,119.10723876953125,0.08739250493787185,-0.049343676876697724,3.79460400017706,30.0
220,7.333333333333317,track,1,319.0990413962086,240.0,319.0957022599846,239.9987551777956,1,0.0035636235832218976,0.9042985968026801,0.3888805549919642,98.68375855472352,10.464157913908982,2902.2121416559294,841.7766924784743,0,0.8953488372093024,0.25,33.21133041381836,0.10651755612095617,-0.048010004126327874,3.747055000076216,30.0
221,7.36666666666665,track,1,321.22757639756907,236.16964786000602,321.2148267283171,236.16103069159362,1,0.01538862103899079,4.026597736392327,1.6792265033820901,439.3411341380635,11.055812783082736,2734.264071718181,841.7766924784743,0,0.8020833333333334,0.25,121.06292724609375,0.21212269001664286,-0.25088992449866687,3.785748000154854,30.0
222,7.3999999999999835,track,1,321.0207909212977,242.53428336293152,321.01793137097957,242.55963531097677,1,0.025512708553018643,2.7546174328250204,2.7836467679405845,300.5581052309605,10.464157913908982,2870.96081747277,841.7766924784743,0,0.8953488372093024,0.25,217.3248291015625,0.2038957761344795,0.07146371364132369,4.615779000232578,30.0
223,7.433333333333317,track,1,318.7964077039602,238.57204068383467,318.80878659573045,238.59481214867878,1,0.02591865298595399,1.8421569618282203,2.8280471399599527,201.00901402161577,11.055812783082736,2724.527513865896,841.7766924784743,0,0.8020833333333334,0.25,48.51327133178711,0.08721856900102441,-0.1251064291736086,3.764969999792811,30.0
224,7.46666666666665,track,1,318.3484422935661,236.84237134338676,318.32853920421144,236.8501450196245,1,0.021367335072706467,3.5658614091484875,2.3317067858373512,389.07920940708857,11.055812783082736,2730.5909434098726,841.7766924784743,0,0.8020833333333334,0.25,86.27586364746094,0.053512953766066795,-0.22182184777985997,3.708059000018693,30.0
225,7.499999999999983,track,1,321.14547343810887,243.55526691778152,321.1360453875018,243.57979961940146,1,0.02628196315008432,3.7557375357619014,2.8676378335606554,409.7876790631037,11.055812783082736,2722.0075541776146,841.7766924784743,0,0.8020833333333334,0.25,328.2745056152344,0.19021729695217254,0.12333571442252395,3.9515680000477005,30.0
226,7.533333333333316,track,1,322.6721850010806,237.63483898854548,322.69072720672807,237.65671553617062,1,0.02867746024786493,3.5680519866519287,3.129172858622743,389.3423824840322,11.055812783082736,2726.485897125129,841.7766924784743,0,0.8020833333333334,0.25,175.1585693359375,0.2741489377962857,-0.17172963848143066,4.529524000190577,30.0
227,7.5666666666666496,track,1,320.62740954763035,237.49833973004442,320.6470112479053,237.49808723350247,1,0.01960332645683161,2.584219620326278,2.139259985310531,281.9621863661731,11.055812783082736,2726.545697837524,841.7766924784743,0,0.8020833333333334,0.25,41.71729278564453,0.17682147949861837,-0.18748497270148418,3.710421000050701,30.0
228,7.599999999999983,track,1,320.14509651509263,241.31921233320378,320.1362391164139,241.30205419364256,1,0.019309460493665234,1.309162411629443,2.1068955203333655,142.84037504395678,11.055812783082736,2729.07862198948,841.7766924784743,0,0.8020833333333334,0.25,78.18624877929688,0.14575803319035904,0.006284814100935607,3.9863070001047163,30.0
229,7.633333333333316,track,1,318.8884729572738,236.85542790757714,318.89231105992985,236.8624991265965,1,0.008045692662431849,3.32729417373358,0.8778848919479089,363.0415723407937,11.055812783082736,2738.9781169260914,841.7766924784743,0,0.8020833333333334,0.25,118.9986572265625,0.08485831918636189,-0.22329408238853904,4.265713000222604,30.0
230,7.666666666666649,track,1,321.0206407224253,240.8844119544184,321.01862586508196,240.89095376533032,1,0.006845066845649619,1.3532912712975904,0.7468630941984385,147.6697853511831,10.464157913908982,2899.3344555214894,841.7766924784743,0,0.8953488372093024,0.25,66.138427734375,0.1908125858485604,-0.021567578135137037,4.49531999993269,30.0
231,7.699999999999982,track,1,321.77110452377883,239.96700605748163,321.762480619147,239.96905278712484,1,0.008863454931958234,1.7627522976452557,0.967236630617924,192.36457039237726,11.055812783082736,2736.892673619563,841.7766924784743,0,0.8020833333333334,0.25,21.932373046875,0.23380913829176445,-0.06191641987816961,3.9681709999968007,30.0
232,7.733333333333316,track,1,318.46371818612465,237.41341888807546,318.4101116284214,237.3907875883251,1,0.058187960586189975,3.0554434118993408,6.349729815707219,333.38937637079266,11.055812783082736,2736.6210943221363,841.7766924784743,0,0.8020833333333334,0.25,122.44532775878906,0.06425870795017846,-0.19710402837679936,3.6659800002780685,30.0
233,7.766666666666649,track,1,317.94394948533863,241.48001902949574,317.9423126619338,241.45660348638694,1,0.023472683057942065,2.5210654290979075,2.5610597468750074,275.10099609476714,11.055812783082736,2729.697010665257,841.7766924784743,0,0.8020833333333334,0.25,114.54322814941406,0.026062552123174362,0.009797536473016039,4.497349999837752,30.0
234,7.799999999999982,track,1,321.3708723615488,238.21133508870375,321.3442233273379,238.19819552187346,1,0.029712274245854924,2.247984815597338,3.242310565763433,245.28873019391068,11.055812783082736,2731.8385160671373,841.7766924784743,0,0.8020833333333334,0.25,88.33883666992188,0.1949647239250222,-0.15462897697126657,3.907712000000174,30.0
235,7.833333333333315,track,1,321.513873330461,238.03308918569581,321.5122576806614,238.0312439470972,1,0.0024525965344669664,2.482523653172454,0.2676185551950373,270.8810710824631,11.055812783082736,2746.473117611802,841.7766924784743,0,0.8020833333333334,0.25,46.371070861816406,0.20638393598101087,-0.17050200655040432,3.76578299983521,30.0
236,7.8666666666666485,track,1,319.87423220652033,241.83918216571453,319.87503091718986,241.8489558084168,1,0.009806224064606782,1.8531742641037956,1.0699387783712309,202.19631045736045,11.055812783082736,2743.692162134002,841.7766924784743,0,0.8020833333333334,0.25,102.17631530761719,0.13123315114688083,0.02508752675859746,3.728157999830728,30.0
237,7.899999999999982,track,1,320.09129025286364,235.534601253512,320.0808589886608,235.5619886966099,1,0.029306711045595398,4.4387478532876425,3.197668136583997,484.30292050950914,11.055812783082736,2726.485897125129,841.7766924784743,0,0.8020833333333334,0.25,203.2235870361328,0.12982479505785197,-0.3001712274858153,4.300154999782535,30.0
238,7.933333333333315,track,1,321.323581521974,239.54755628538092,321.3009605900427,239.57117946913877,1,0.032707206733361964,1.3698122150617213,3.568921552540419,149.4814469459594,11.055812783082736,2728.77261191823,841.7766924784743,0,0.8020833333333334,0.25,32.70138168334961,0.19906147537385468,-0.08289427030188529,4.0905270002440375,30.0
239,7.966666666666648,track,1,321.4827407439409,239.65991273167148,321.4583249395996,239.67679979028162,1,0.02968676894062891,1.4937101475922965,3.239453637497294,163.00335384220995,11.055812783082736,2729.4801282602853,841.7766924784743,0,0.8020833333333334,0.25,18.630109786987305,0.21322497354552672,-0.08225328179924814,3.716992999670765,30.0
240,7.999999999999981,track,1,319.69575715764057,236.49003966885132,319.7136119597735,236.47695937980598,1,0.02213341186343538,3.5346616982565475,2.4152116241107624,385.66032271654103,11.055812783082736,2734.7865008257027,841.7766924784743,0,0.8020833333333334,0.25,81.28343200683594,0.140485485306417,-0.2681012743515807,12.039401000038197,30.0
241,8.033333333333315,track,1,317.64603907024883,241.01241968174565,317.6666779471634,241.01206222924475,1,0.020641972109887365,2.5433563962051053,2.252604561221446,277.5420640212279,10.464157913908982,2885.5047418924596,841.7766924784743,0,0.8953488372093024,0.25,203.75808715820312,0.01306623436730256,-0.042354132476397036,3.74964299999192,30.0
242,8.066666666666649,track,1,319.7604646160465,240.09911808991183,319.77551451665,240.0939096105069,1,0.01592569514612254,0.24333669509641226,1.7378967367624467,26.55399901446463,11.055812783082736,2736.2843562981425,841.7766924784743,0,0.8020833333333334,0.25,14.491140365600586,0.12356219214082062,-0.08857289171514604,3.7829069997314946,30.0
243,8.099999999999982,track,1,321.5792564445788,236.66423420700374,321.60616983552586,236.68252606980855,1,0.03254109489767731,3.685839771077021,3.5509254948658158,402.168186211682,11.055812783082736,2730.8951609443966,841.7766924784743,0,0.8020833333333334,0.25,131.08529663085938,0.20433918501695508,-0.2630551327938413,3.883795000092505,30.0
244,8.133333333333315,track,1,321.2832163314527,240.97105818510704,321.2737995599332,240.97312196737766,1,0.009640268829821289,1.602975883249333,1.0520089250782412,174.9171371909942,11.055812783082736,2734.8032089910075,841.7766924784743,0,0.8020833333333334,0.25,83.11560821533203,0.1942048374157988,-0.046362162873207664,4.391062000195234,30.0
245,8.166666666666648,track,1,318.7314165196057,237.0454525889898,318.7522135776492,237.04316468170305,1,0.020922527166087793,3.2093373233942426,2.2832160839441684,350.1737948251326,11.055812783082736,2736.4521708294105,841.7766924784743,0,0.8020833333333334,0.25,94.61322784423828,0.06287097600364876,-0.24790093603317367,3.891296999881888,30.0
246,8.199999999999982,track,1,320.4449824895153,239.53028665311945,320.4258028068407,239.55799183708723,1,0.03369625270246341,0.6137420031209653,3.676742724011824,66.96989713223152,11.055812783082736,2719.4909416224978,841.7766924784743,0,0.8020833333333334,0.25,15.06337833404541,0.12295538029906036,-0.10206187001528459,3.737756000191439,30.0
247,8.233333333333315,track,1,322.40859007043167,241.6598539515188,322.3930813916147,241.6796060863785,1,0.025113063336892463,2.9236817802716346,2.7402219335451563,319.035077672397,11.055812783082736,2730.5909434098726,841.7766924784743,0,0.8020833333333334,0.25,134.2353973388672,0.2500158973325474,-0.009888543485105553,3.874513000027946,30.0
248,8.266666666666648,track,1,322.001377054824,236.51325415268096,322.028929725358,236.53087226926573,1,0.0327039399086853,4.018880819655001,3.5687116416529716,438.5119175320407,11.055812783082736,2748.1834915988597,841.7766924784743,0,0.8020833333333334,0.25,140.3624725341797,0.23980704900091757,-0.2718936493687791,4.410640000060084,30.0
249,8.299999999999981,track,1,319.4816658729815,238.89609939824234,319.4600830761201,238.90219051451913,1,0.02242585155259162,1.223395255468852,2.4472428649520435,133.48683925009635,11.055812783082736,2725.399481563524,841.7766924784743,0,0.8020833333333334,0.25,51.89154815673828,0.11532318828861524,-0.15812284450235864,3.8034899998820038,30.0
250,8.333333333333314,track,1,317.78870139398384,239.50498467912476,317.80113663526777,239.5097118836204,1,0.013303446475749218,2.252860966376887,1.4517379181338628,245.84679574811594,11.055812783082736,2729.149625545055,841.7766924784743,0,0.8020833333333334,0.25,110.2362060546875,0.021097042205797473,-0.10212459896394364,3.693019999900571,30.0
251,8.366666666666648,track,1,321.1576559056139,236.35680020744198,321.1485322658473,236.33763034877575,1,0.021230268106520307,3.838238896668724,2.316467983510577,418.7892374389229,11.055812783082736,2730.1189923329316,841.7766924784743,0,0.8020833333333334,0.25,97.14546203613281,0.18703427419912194,-0.2938551192590345,4.959953000252426,30.0
252,8.39999999999998,track,1,319.4447330822185,241.88362124951294,319.4215592578339,241.88854350022825,1,0.023690814437484387,1.9751430946774564,2.5852971836751344,215.50720870470022,11.055812783082736,2722.0075541776146,841.7766924784743,0,0.8020833333333334,0.25,168.60934448242188,0.09795973520590735,-0.013961967262995659,4.3533030002436135,30.0
253,8.433333333333314,track,1,319.25253352882834,238.8219845616456,319.2395374675921,238.8326453481427,1,0.016809222956275204,1.3932049908068607,1.8342157043346974,152.0178705140644,11.055812783082736,2732.8498581558083,841.7766924784743,0,0.8020833333333334,0.25,6.898647785186768,0.08161419676501058,-0.16435876585435635,4.275363000033394,30.0
254,8.466666666666647,track,1,318.83458970493217,237.19849235408142,318.84263232059334,237.18690804104972,1,0.014102481167857823,3.0418721726670057,1.5387824766471216,331.90113940333316,11.055812783082736,2735.9139875409496,841.7766924784743,0,0.8020833333333334,0.25,48.20458221435547,0.05179015975644251,-0.2527210555937415,3.907805999915581,30.0
255,8.49999999999998,track,1,321.3777076397596,242.0,321.35775678723076,241.99951775975956,1,0.019956679891126365,2.416934993926203,2.177820354070266,263.7217497150625,10.464157913908982,2876.183685508195,841.7766924784743,0,0.8953488372093024,0.25,188.82229614257812,0.1781737754352456,-0.006445852565044333,4.807224000160204,30.0
256,8.533333333333314,track,1,322.7636591370449,237.67243985660605,322.7770040705825,237.68902718421236,1,0.021289121359100285,3.612803200195279,2.3229756893192377,394.2271427641471,11.055812783082736,2730.1876446023407,841.7766924784743,0,0.8020833333333334,0.25,143.81610107421875,0.25693235799003267,-0.2232945906799213,4.185949999737204,30.0
257,8.566666666666647,track,1,320.99169118919855,238.48333910334082,320.99207502691934,238.46337852863735,1,0.019964264922328508,1.8290484972492451,2.178261216897255,199.5742715518731,10.464157913908982,2873.572251490483,841.7766924784743,0,0.8953488372093024,0.25,4.591223239898682,0.17591457932129706,-0.18737671761248118,3.7444739996317367,30.0
258,8.59999999999998,track,1,318.8670417658515,240.57204068383467,318.8752820447728,240.59696782536844,1,0.026253848893921374,1.2733267700537712,2.864555263291953,138.9494161612906,11.055812783082736,2722.9503632191963,841.7766924784743,0,0.8020833333333334,0.25,87.30350494384766,0.067595937219855,-0.07979017850809085,3.726589000052627,30.0
259,8.633333333333313,track,1,320.05373982689576,236.18188864487792,320.0524970624215,236.17363544394107,1,0.008346244020069869,3.8267246644391553,0.910645480711645,417.5262894170542,11.055812783082736,2732.117647058823,841.7766924784743,0,0.8020833333333334,0.25,120.6620101928711,0.1216207069809972,-0.30790171286139917,4.834388000290346,30.0
260,8.666666666666647,track,1,320.7630861150799,240.44473308221848,320.7767191730659,240.4188178310069,1,0.02928242673360966,0.882440394234913,3.19507032425184,96.29457406913818,11.055812783082736,2725.1635060250537,841.7766924784743,0,0.8020833333333334,0.25,54.51117706298828,0.16076219534736588,-0.11956717758914336,3.8186719998520857,30.0
261,8.69999999999998,track,1,319.1200258676439,240.24005173528778,319.1151442018595,240.2283774909895,1,0.012653799459722028,0.9138523195207889,1.3806673620882204,99.72522452627015,11.055812783082736,2728.823529411764,841.7766924784743,0,0.8020833333333334,0.25,34.30192565917969,0.07503729676122062,-0.11596888839657797,3.738559000339592,30.0
262,8.733333333333313,track,1,317.5083142573317,236.66829352567703,317.518127773679,236.68616701255746,1,0.02039035645505364,4.140190673923835,2.2248423185823696,451.75678215694177,11.055812783082736,2730.1876446023407,841.7766924784743,0,0.8020833333333334,0.25,143.8942413330078,-0.018063192530183694,-0.2900389257714029,3.8724490000277,30.0
263,8.766666666666646,track,1,318.373524707103,241.9252950585794,318.352856703792,241.92755768878715,1,0.02079148518796107,2.5354604476988887,2.268915909747269,276.6597861634959,11.055812783082736,2729.17509017905,841.7766924784743,0,0.8020833333333334,0.25,128.4383087158203,0.011695399190683464,-0.02232716560417826,4.702044000168826,30.0
264,8.79999999999998,track,1,321.5049846791248,237.3273056838289,321.5079322010363,237.31024802399725,1,0.017310448993354058,3.0836058787291294,1.8887181176479115,336.4603828788901,11.055812783082736,2732.310193628508,841.7766924784743,0,0.8020833333333334,0.25,173.1231231689453,0.16669221618366842,-0.25448865078492744,3.812867999840819,30.0
265,8.833333333333313,track,1,322.1652963712281,237.92148422366665,322.15814793581944,237.9274010952479,1,0.009279520359420644,2.9922013189057615,1.0125766848099207,326.5033054950187,11.055812783082736,2733.0588235294113,841.7766924784743,0,0.8020833333333334,0.25,89.59257507324219,0.20723847303338058,-0.2324910987521837,3.7343649996728345,30.0
266,8.866666666666646,track,1,320.6549006020183,241.46151847199965,320.6759796113813,241.4343894181054,1,0.03435564292692583,1.5856927311985776,3.7487265359655635,173.01736151289464,11.055812783082736,2721.0647451360323,841.7766924784743,0,0.8020833333333334,0.25,95.16184997558594,0.137362711169524,-0.05072825213216535,3.784059000281559,30.0
267,8.899999999999979,track,1,319.39026077931067,236.87129697703585,319.36892603665865,236.88021408537475,1,0.023123279723155192,3.1829732170254736,2.5233166451152433,347.290275917068,11.055812783082736,2728.2311880251686,841.7766924784743,0,0.8020833333333334,0.25,97.0568618774414,0.07373206983580172,-0.28498725629664967,4.745816000195191,30.0
268,8.933333333333312,track,1,321.1860384996339,238.98759743335773,321.17726232776795,238.98860977126924,1,0.008834365889422872,1.5520492205963283,0.9640691478277367,169.35831765038833,10.464157913908982,2896.972365618894,841.7766924784743,0,0.8953488372093024,0.25,9.564427375793457,0.16689339390860464,-0.18415154631614505,3.896401000019978,30.0
269,8.966666666666645,track,1,321.43634474698064,239.9085753863469,321.4117860331387,239.91299825161718,1,0.024953800567635295,1.4144642475464566,2.7231282215743984,154.35670729851796,11.055812783082736,2725.6354571019947,841.7766924784743,0,0.8020833333333334,0.25,20.7413330078125,0.18656643648001675,-0.13213427496924313,3.854693999983283,30.0
270,8.999999999999979,track,1,319.7391416864352,235.80953202501618,319.7524918068716,235.81854305693582,1,0.016106657378982266,4.1887757725098265,1.7575796793710028,457.0292262738003,11.055812783082736,2733.961065093304,841.7766924784743,0,0.8020833333333334,0.25,134.67083740234375,0.11731277995323572,-0.352741805180001,11.789381000198773,30.0
271,9.033333333333312,track,1,317.5049846791248,240.38530922273532,317.5105602861829,240.36299170722737,1,0.023003453925751097,2.515764907189374,2.509887109699509,274.53787227648985,11.055812783082736,2725.9999999999995,841.7766924784743,0,0.8020833333333334,0.25,188.98460388183594,-0.016548940518747127,-0.1466338132386444,3.8276440000117873,30.0
272,9.066666666666645,track,1,318.77242360243093,239.89241843024007,318.78296890884303,239.8992675202569,1,0.012574319917341628,1.2211927404459608,1.3721305135665427,133.26543240063899,11.055812783082736,2731.104897847847,841.7766924784743,0,0.8020833333333334,0.25,21.044572830200195,0.036230968044507844,-0.1433291575742454,3.8048700002946134,30.0
273,9.099999999999978,track,1,321.6843061745489,237.58461338756436,321.70167762964843,237.60706970042793,1,0.028391080284151524,2.9362939522220834,3.0979001932163968,320.39229989486614,11.055812783082736,2728.3983917258347,841.7766924784743,0,0.8020833333333334,0.25,100.32569885253906,0.18245200354035246,-0.2679957832725793,5.067383000096015,30.0
274,9.133333333333312,track,1,320.43634474698064,241.40725509718195,320.4132493628165,241.38276614925803,1,0.033661630086938024,1.4431968886476017,3.6730606658088476,157.4666298491534,11.055812783082736,2722.478958698405,841.7766924784743,0,0.8020833333333334,0.25,86.56194305419922,0.0992891585030742,-0.07121668289210069,3.812683999967703,30.0
275,9.166666666666645,track,1,320.7465483661545,238.42795931616533,320.76021165760267,238.40384169922254,1,0.027719036422579457,1.7679488356555417,3.0244993503454234,192.9037122060392,11.055812783082736,2724.527513865896,841.7766924784743,0,0.8020833333333334,0.25,22.404953002929688,0.13830703039371695,-0.21808482424095418,3.732776999640919,30.0
276,9.199999999999978,track,1,319.78440941481324,237.32338587778017,319.79651659595675,237.3041571743936,1,0.022722827050578497,2.7035114270323617,2.4793673306230666,294.975031018934,11.055812783082736,2732.0067966406946,841.7766924784743,0,0.8020833333333334,0.25,47.070899963378906,0.10117475451595903,-0.27979324232289693,3.730459999587765,30.0
277,9.233333333333311,track,1,322.33173513023195,241.9087728391862,322.3143706441433,241.91433522962734,1,0.01823363826947505,3.0034964374649555,1.9897565696988346,327.7400922632094,11.055812783082736,2729.951805821656,841.7766924784743,0,0.8020833333333334,0.25,158.47607421875,0.22518274165647106,-0.04374408741323986,4.659955000079208,30.0
278,9.266666666666644,track,1,321.8628274518294,236.44892833946741,321.87131699630527,236.4235320180369,1,0.026777705420932142,4.0364527157726275,2.9217137166045415,440.42611085632626,11.055812783082736,2721.771851917219,841.7766924784743,0,0.8020833333333334,0.25,132.11285400390625,0.21211852971930883,-0.32112405263301297,3.806504000294808,30.0
279,9.299999999999978,track,1,318.8135117634362,239.3025253615368,318.82410172925347,239.286173635433,1,0.019481435331729365,1.3756034391842857,2.1256922243304097,150.1088470898152,11.055812783082736,2733.1866743330465,841.7766924784743,0,0.8020833333333334,0.25,92.2164535522461,0.05915916482081623,-0.1821525641137886,3.7368369999057904,30.0
280,9.33333333333331,track,1,318.0207819197298,239.44473308221848,318.02067203915794,239.42098191028208,1,0.023751426106496103,2.0622805640338466,2.5914706942468873,225.0481685715006,10.464157913908982,2874.0567951826356,841.7766924784743,0,0.8953488372093024,0.25,77.10284423828125,0.00989529044289661,-0.17435166953406275,3.710892000071908,30.0
281,9.366666666666644,track,1,320.52588485032277,236.02079452410865,320.5537996877356,236.02091179668378,1,0.027915083747701682,4.0174416018041095,3.0463003333907923,438.3364974774117,10.464157913908982,2870.4634014693966,841.7766924784743,0,0.8953488372093024,0.25,104.55023193359375,0.13098380811996269,-0.3563874976619849,4.625506000138557,30.0
282,9.399999999999977,track,1,321.1116519491708,240.8015076459186,321.1048834348046,240.81043187286787,1,0.011200652363456444,1.3702434911597796,1.2221601841064846,149.52181725116807,11.055812783082736,2734.3320770371784,841.7766924784743,0,0.8020833333333334,0.25,114.81548309326172,0.16193595316294096,-0.11782556570742392,3.8536399997610715,30.0
283,9.43333333333331,track,1,318.30669602383114,239.06631265380133,318.29099732548593,239.0635518068607,1,0.015939617484851853,1.9487496914509366,1.7394397381080176,212.6532644203457,11.055812783082736,2729.7857287706665,841.7766924784743,0,0.8020833333333334,0.25,38.747032165527344,0.015194181270764467,-0.20289642296417035,3.7324169998100842,30.0
284,9.466666666666644,track,1,318.1404293765865,236.0660844125113,318.13250697919784,236.06419849765393,1,0.008143774016568935,4.356381944758096,0.8887003119054387,475.33164433494835,11.055812783082736,2736.0489263685836,841.7766924784743,0,0.8020833333333334,0.25,98.01944732666016,-0.005250273184393167,-0.36369360388728705,3.7228649998723995,30.0
285,9.499999999999977,track,1,320.51981372084,242.50498038031995,320.5392436735376,242.50790738774708,1,0.019649184062215594,2.565225761013391,2.144255909226529,279.88886087675746,11.055812783082736,2723.6448221530973,841.7766924784743,0,0.8020833333333334,0.25,276.1337585449219,0.1088020651565209,-0.035548073934579094,4.712573000233533,30.0
286,9.53333333333331,track,1,322.2483722133586,238.07037212711828,322.2343948467069,238.06664338270662,1,0.01446617825840614,2.9547230226575265,1.5786377381716001,322.41670546596833,11.055812783082736,2729.9277482000525,841.7766924784743,0,0.8020833333333334,0.25,123.9483871459961,0.20109878436591494,-0.2550284732615443,3.875296999922284,30.0
287,9.566666666666643,track,1,321.4573210341691,237.65493049239964,321.43232286812054,237.6743478171502,1,0.031653448568223344,2.731337927488123,3.454027356278627,298.0253987870017,11.055812783082736,2721.300447396428,841.7766924784743,0,0.8020833333333334,0.25,33.51787185668945,0.16957980357539892,-0.2814926283468754,3.719563999766251,30.0
288,9.599999999999977,track,1,318.4153866124356,240.27000129808317,318.39310793389404,240.25683691535392,1,0.025877412741634284,1.6272883313054216,2.823804921391202,177.58096409361187,11.055812783082736,2725.2350302079512,841.7766924784743,0,0.8020833333333334,0.25,96.6774673461914,0.014820510678775906,-0.16299619141369173,3.862941000079445,30.0
289,9.63333333333331,track,1,320.12878099441775,237.41957678826432,320.1234074475958,237.39639489958563,1,0.02379653269194707,2.606528134708282,2.596415584043657,284.3931944459929,11.055812783082736,2724.9991914272664,841.7766924784743,0,0.8020833333333334,0.25,34.104766845703125,0.09141842294444451,-0.2960520295092731,4.5735190001323645,30.0
290,9.666666666666643,track,1,321.78039621908584,240.70581380292631,321.79122775252927,240.72183594358353,1,0.019339883866649976,1.931202731688253,2.1102537796678744,210.74190556468724,11.055812783082736,2733.658625409987,841.7766924784743,0,0.8020833333333334,0.25,77.93576049804688,0.1859430907901466,-0.12861165195490024,3.8029380002626567,30.0
291,9.699999999999976,track,1,319.56198347107437,238.4692234848485,319.58455780743066,238.47790425378298,1,0.024185872140995674,1.5777730115636939,2.6392809687811956,172.1497884926958,11.055812783082736,2731.601606458293,841.7766924784743,0,0.8020833333333334,0.25,27.028589248657227,0.09916143039770786,-0.23949246859732293,3.7698640003327455,30.0
292,9.73333333333331,track,1,317.04528107714077,237.01029115389562,317.04229427585847,237.0161013414829,1,0.0065329366826438135,4.201389574286071,0.7128221068849767,458.4456010981364,10.464157913908982,2900.059653670138,841.7766924784743,0,0.8953488372093024,0.25,162.13665771484375,-0.05953100249997424,-0.3201591438713176,3.7026700001661084,30.0
293,9.766666666666643,track,1,318.6101101749838,240.54789371354505,318.63226129585155,240.5822110834515,1,0.040845489750950724,1.4864988760572495,4.456802943936677,162.21333988819492,11.055812783082736,2726.087267845164,841.7766924784743,0,0.8020833333333334,0.25,55.821205139160156,0.006784766114375951,-0.14197525159688787,4.507371000272542,30.0
294,9.799999999999976,track,1,320.534601253512,237.59956775448455,320.5605697694898,237.62801553538247,1,0.03851804849814944,2.437324099674219,4.202966922568996,265.9340686991352,11.055812783082736,2726.485897125129,841.7766924784743,0,0.8020833333333334,0.25,64.51971435546875,0.09945016803355981,-0.29242062233077337,3.805675999956293,30.0
295,9.833333333333309,track,1,320.9710830930763,237.2457937088515,320.9722494209286,237.2333468900822,1,0.012501344653064494,2.9325140011795092,1.3639987701411918,319.96699919653753,11.055812783082736,2732.4246613500463,841.7766924784743,0,0.8020833333333334,0.25,49.666805267333984,0.12341105297342639,-0.3191840524726598,3.767448000417062,30.0
296,9.866666666666642,track,1,320.1532752222318,241.48774488651074,320.14608521353716,241.4702983691118,1,0.018870007800233242,1.4775378789821199,2.0589220295815553,161.2114913663469,11.055812783082736,2731.0820912028416,841.7766924784743,0,0.8020833333333334,0.25,134.95956420898438,0.07602011734767815,-0.10251762552605194,3.7250590003168327,30.0
297,9.899999999999975,track,1,319.6230745998188,236.6831341416059,319.64136909974536,236.6971608516933,1,0.023052924401027842,3.322252633711771,2.5155400172025244,362.4850972403269,11.055812783082736,2734.6025275638685,841.7766924784743,0,0.8020833333333334,0.25,70.93316650390625,0.0757572806805265,-0.34710151894152214,4.609956999956921,30.0
298,9.933333333333309,track,1,321.33104875210137,238.9813785076943,321.31408857925794,238.9753276497745,1,0.018007230337964853,1.6663679724036962,1.9650428319411288,181.8341882452274,10.464157913908982,2890.4811463558362,841.7766924784743,0,0.8953488372093024,0.25,26.523433685302734,0.14707262681749844,-0.2361935622864612,3.791417999764235,30.0
299,9.966666666666642,track,1,321.3685777145076,240.71839006082567,321.35081257819184,240.7256972605603,1,0.019209248717191818,1.533405078700997,2.096201500291522,167.32985329102513,11.055812783082736,2733.489387531934,841.7766924784743,0,0.8020833333333334,0.25,57.25310134887695,0.15676418864585517,-0.14376528111798118,3.850015000352869,30.0
300,9.999999999999975,track,1,319.91333132711407,236.8369803533812,319.91826113602315,236.84066488690814,1,0.006154575792960189,3.1603923172130637,0.6715900417352189,344.8241329553904,11.055812783082736,2736.588235294117,841.7766924784743,0,0.8020833333333334,0.25,84.0085220336914,0.09194171045798245,-0.3420173115518623,11.820077000265883,30.0
301,10.033333333333308,track,1,317.71424873819075,241.47418144169794,317.7299079985455,241.42657757025404,1,0.05011328178542535,2.681126863656316,5.467854822932918,292.5696845416667,11.055812783082736,2733.489387531934,841.7766924784743,0,0.8020833333333334,0.25,193.4440155029297,-0.029513570063653752,-0.10455292774800769,3.673240999887639,30.0
302,10.066666666666642,track,1,318.1616440721872,239.49335117865468,318.1527238188148,239.48788687325487,1,0.010460858173669596,1.916947872050458,1.1415108903647464,209.18888943663717,11.055812783082736,2728.089578648939,841.7766924784743,0,0.8020833333333334,0.25,21.350709915161133,-0.018291212745277313,-0.19691478209957283,3.6264099999243626,30.0
303,10.099999999999975,track,1,320.08663887575744,237.91336112424256,320.081894213675,237.91574678967459,1,0.005310670186523885,2.085861478378956,0.5795188485833253,227.58424626795033,11.055812783082736,2740.6923584138744,841.7766924784743,0,0.8020833333333334,0.25,54.44508361816406,0.06831900472882674,-0.27737834284822144,4.946858000039356,30.0
304,10.133333333333308,track,1,321.5384815280004,241.05405171293688,321.5662275800389,241.0493002203948,1,0.028149957106587464,1.8852320241803446,3.071916106371205,205.71914670228242,11.055812783082736,2724.2196038711722,841.7766924784743,0,0.8020833333333334,0.25,92.63816833496094,0.1486178909290021,-0.11420216824287381,4.213633999825106,30.0
305,10.166666666666641,track,1,319.28584991153497,237.28584991153497,319.2706388421809,237.2713379786478,1,0.021023149788155532,2.824458200311173,2.29400727855474,308.1746478398477,11.055812783082736,2730.964240072644,841.7766924784743,0,0.8020833333333334,0.25,86.20460510253906,0.03533614225913313,-0.3046832779566224,3.760995999982697,30.0
306,10.199999999999974,track,1,319.7807369101487,237.9338073691015,319.79400255597784,237.93921416232342,1,0.014325179657149923,2.071056062908972,1.5632300456407138,225.969192100104,11.055812783082736,2731.575757706965,841.7766924784743,0,0.8020833333333334,0.25,12.252293586730957,0.06940084371931522,-0.27901139513621936,3.7340109997785476,30.0
307,10.233333333333308,track,1,322.546875676612,241.24111202528906,322.5715058948258,241.22664886371285,1,0.028562750078371085,2.849089328534979,3.1168365344784164,310.90347021638047,11.055812783082736,2721.5361496568235,841.7766924784743,0,0.8020833333333334,0.25,153.203125,0.20539304278777054,-0.10888194617885373,4.542750000382512,30.0
308,10.26666666666664,track,1,321.81383322559793,235.21926308985132,321.824917080168,235.20853755507505,1,0.015423648348154937,5.127224854696258,1.6829975626960416,559.4338253855332,11.055812783082736,2734.7354762389723,841.7766924784743,0,0.8020833333333334,0.25,201.19801330566406,0.18030078682475753,-0.4204977625110956,3.841427999759617,30.0
309,10.299999999999974,track,1,318.43215166861444,238.58446954940916,318.406656828937,238.60782015038217,1,0.03457220583038581,2.1158703160768195,3.772469074336039,230.88166405396478,11.055812783082736,2722.714660958801,841.7766924784743,0,0.8020833333333334,0.25,112.97727966308594,0.010559897687352438,-0.2617270504700689,3.758094000204437,30.0
310,10.333333333333307,track,1,318.25669556216843,239.89649372493207,318.24280486597513,239.90020150222176,1,0.014377032140345025,1.7600268404770052,1.5689096022621214,192.06704911295822,11.055812783082736,2729.4568883409347,841.7766924784743,0,0.8020833333333334,0.25,97.12886047363281,-0.006420781189956093,-0.1908708222213194,3.724371999851428,30.0
311,10.36666666666664,track,1,320.14910047888173,236.72664912205013,320.1422561654765,236.7424460696468,1,0.017215928071436,3.2606585877358643,1.878448155162754,355.76406390271507,11.055812783082736,2726.941176470588,841.7766924784743,0,0.8020833333333334,0.25,34.85186767578125,0.07657052535260267,-0.36242662125021824,4.773527999986982,30.0
312,10.399999999999974,track,1,319.356800207442,241.91702320757162,319.3386379828885,241.92075012345322,1,0.018540666188706423,2.031423332154911,2.0232801887213054,221.64872365222797,11.055812783082736,2728.5367731375445,841.7766924784743,0,0.8020833333333334,0.25,188.84100341796875,0.04021058909768063,-0.0975437062242266,3.9593050000803487,30.0
313,10.433333333333307,track,1,318.4031343348197,237.55946144854755,318.3799457600346,237.5848740809579,1,0.03440220758303449,2.908162468855346,3.7538592984853847,317.32130662248204,11.055812783082736,2720.6692503761265,841.7766924784743,0,0.8020833333333334,0.25,42.08637619018555,-0.01614558023825377,-0.3156582507176348,3.6498450003819016,30.0
314,10.46666666666664,track,1,318.0869377722196,236.74746647117166,318.08302082361365,236.76122211476422,1,0.014302454930083542,3.763574278872574,1.5605329618638324,410.6550058018297,11.055812783082736,2728.117647058823,841.7766924784743,0,0.8020833333333334,0.25,41.71147537231445,-0.043808822520519194,-0.36595994054161374,3.7311859996407293,30.0
315,10.499999999999973,track,1,320.76347525394425,241.36516101145452,320.7745842663019,241.34346734642986,1,0.024372633377700608,1.5507692596017313,2.6593476207431888,169.20884638760413,11.055812783082736,2728.065095576174,841.7766924784743,0,0.8020833333333334,0.25,196.81378173828125,0.08675627178298302,-0.13090137825278736,4.675507000229118,30.0
316,10.533333333333307,track,1,322.9504878153608,236.0907723385052,322.9524979226053,236.08689797285547,1,0.004364772654105526,4.902000760692637,0.47624946741994517,534.8819777388624,11.055812783082736,2737.294117647058,841.7766924784743,0,0.8020833333333334,0.25,254.599609375,0.20621133615271664,-0.40064427376516853,4.183649999959016,30.0
317,10.56666666666664,track,1,321.47411514967723,238.57995061300525,321.44714759623093,238.6024433258358,1,0.035116535554580317,2.011815305334436,3.8318967452503405,219.52534766154795,11.055812783082736,2718.7847225608093,841.7766924784743,0,0.8020833333333334,0.25,10.548704147338867,0.14349413879555378,-0.28215952055109517,3.736212000148953,30.0
318,10.599999999999973,track,1,318.8093428892151,240.50664882134532,318.81789722103304,240.51242192135692,1,0.010320139368992445,1.2883878319545456,1.1261473686092194,140.5944662888664,11.055812783082736,2726.5140142214486,841.7766924784743,0,0.8020833333333334,0.25,121.6595230102539,0.010945111840857571,-0.181378767791981,3.706312999838701,30.0
319,10.633333333333306,track,1,320.40282043517755,237.06229181987283,320.37884020550246,237.0587118395922,1,0.024245982637947843,2.965585261606924,2.6458907674041012,323.57002367780683,11.055812783082736,2730.69295830896,841.7766924784743,0,0.8020833333333334,0.25,41.863304138183594,0.07062160743104735,-0.35692830741204373,4.890296000212402,30.0
320,10.66666666666664,track,1,322.2234193854243,241.00827479205276,322.2098912783267,241.00895020193684,1,0.013544957000835252,2.429320886999679,1.4781252571091217,265.09734930381046,10.464157913908982,2894.726747317308,841.7766924784743,0,0.8953488372093024,0.25,100.50210571289062,0.19060387180313088,-0.15457398254389992,3.8643859998046537,30.0
321,10.699999999999973,track,1,319.46571663706845,240.3742365833586,319.4383436659775,240.35210686982805,1,0.03519948532704337,0.6629005093735184,3.84095860022743,72.33698429994355,11.055812783082736,2719.2558545146385,841.7766924784743,0,0.8020833333333334,0.25,48.67686080932617,0.055724348446615043,-0.19596510012485416,3.797108000071603,30.0
322,10.733333333333306,track,1,317.02909972719004,235.45312432338804,317.02662032888065,235.42706303009004,1,0.02617896912296133,5.45460715353499,2.856338790846434,595.1726857051403,11.055812783082736,2726.2733789158715,841.7766924784743,0,0.8020833333333334,0.25,368.56561279296875,-0.07689226717690108,-0.43139153659139606,3.712366999934602,30.0
323,10.766666666666639,track,1,316.22862091361765,240.55107166053259,316.21472999106254,240.57457965196022,1,0.027305372921711535,3.8286304100824515,2.979371534563115,417.80680320038647,11.055812783082736,2723.3483199624698,841.7766924784743,0,0.8020833333333334,0.25,141.3101806640625,-0.13701056937016354,-0.17585023866769448,4.809947000012471,30.0
324,10.799999999999972,track,1,321.2032755714965,237.64737911066936,321.1929948477932,237.6668731374607,1,0.02203883754656956,2.6204422648788976,2.4047064683793793,285.9217603929426,11.055812783082736,2730.354967871402,841.7766924784743,0,0.8020833333333334,0.25,155.7989959716797,0.105677841475769,-0.3228812345640003,3.849084000194125,30.0
325,10.833333333333306,track,1,321.36525573954776,238.6222923602404,321.34357177400216,238.6427662247129,1,0.02982236557049802,1.9097823521740416,3.2541645675471385,208.39087887810126,11.055812783082736,2727.3575792341185,841.7766924784743,0,0.8020833333333334,0.25,71.17707061767578,0.11736830359525714,-0.27727520127988414,3.757597000003443,30.0
326,10.866666666666639,track,1,321.0289468016369,242.8015076459186,321.02904846234196,242.81068083992022,1,0.00917375730495917,2.993136736225562,1.0009302933526394,326.58203436828956,11.055812783082736,2728.0317643403105,841.7766924784743,0,0.8020833333333334,0.25,197.2235870361328,0.1056945809877873,-0.0553658462373188,3.7385179998636886,30.0
327,10.899999999999972,track,1,318.49667817083696,236.03727351164798,318.49493090901274,236.03542205660574,1,0.0025457434387275795,4.240649860327246,0.2777842005385043,462.6991823909792,11.055812783082736,2741.3242678053866,841.7766924784743,0,0.8020833333333334,0.25,231.5513458251953,-0.023891960212913073,-0.39615015300184964,4.876808000062738,30.0
328,10.933333333333305,track,1,321.50332182916304,238.85504745470234,321.50459040980354,238.8633168762774,1,0.008366159813639883,1.8856937251389914,0.9128187275916249,205.76756876158535,11.055812783082736,2731.7891979840283,841.7766924784743,0,0.8020833333333334,0.25,37.33348083496094,0.12973798143108278,-0.259637375373439,3.7877079998906993,30.0
329,10.966666666666638,track,1,322.1736508893579,241.8098109307033,322.1662258852566,241.81764762447688,1,0.010795575723634288,2.8277866738356003,1.1779827570165966,308.56634825558035,11.055812783082736,2736.3853920617407,841.7766924784743,0,0.8020833333333334,0.25,122.25227355957031,0.1742308732642248,-0.10248856662522172,3.7374499997895327,30.0
330,10.999999999999972,track,1,318.5066488213453,236.08289439599343,318.5119376017092,236.07909963596217,1,0.006509331872936036,4.193779842328285,0.7103035033899469,457.5851695893226,11.055812783082736,2736.0085781179273,841.7766924784743,0,0.8020833333333334,0.25,249.24636840820312,-0.008836697645101352,-0.3937838236310661,11.969140000019252,30.0
331,11.033333333333305,track,1,317.8471271788251,240.84299548095544,317.85613571843805,240.85170406485827,1,0.012529693513858648,2.3068493387850917,1.367215476406882,251.7343766052259,11.055812783082736,2739.8570346104343,841.7766924784743,0,0.8020833333333334,0.25,119.52981567382812,-0.05076524864965327,-0.1540498613100605,3.7476969996532716,30.0
332,11.066666666666638,track,1,318.4799913382417,238.82537895192723,318.452969082663,238.83677500043314,1,0.02932698787991479,1.9355611741337142,3.200292090476838,211.20920448391288,11.055812783082736,2718.038536757329,841.7766924784743,0,0.8020833333333334,0.25,10.861207962036133,-0.028976057058093058,-0.25289998521277757,3.7588469999718654,30.0
333,11.099999999999971,track,1,320.5133183429906,235.85055781371616,320.52813152643216,235.85751294480247,1,0.016364725848634156,4.176017470232938,1.7857825202259225,455.6382056601672,11.055812783082736,2725.425236953349,841.7766924784743,0,0.8020833333333334,0.25,146.92938232421875,0.07006312439750373,-0.41321098042533155,4.8934679998637876,30.0
334,11.133333333333304,track,1,319.3614489115852,240.42376768944476,319.3393601385478,240.4008326371163,1,0.031842275666273234,0.7727301142812887,3.4745444567766035,84.32199866080181,11.055812783082736,2723.186065479592,841.7766924784743,0,0.8020833333333334,0.25,74.75972747802734,0.0097019920089703,-0.20852420645449066,3.8213859997995314,30.0
335,11.166666666666638,track,1,319.2400517352878,237.83030825608967,319.22784902055923,237.83914592550445,1,0.015066872516618302,2.294669358821732,1.6441080872630036,250.37183472809218,11.055812783082736,2733.5569649369945,841.7766924784743,0,0.8020833333333334,0.25,6.553253173828125,-0.0007809805616922072,-0.32092331842821764,3.75975799988737,30.0
336,11.19999999999997,track,1,319.0495633093835,238.1404293765865,319.0463558436104,238.1317935727725,1,0.009212217116382298,2.0975300788666162,1.0051482580441615,228.86573270300505,11.055812783082736,2734.4705882352937,841.7766924784743,0,0.8020833333333334,0.25,0.0521116778254509,-0.015463697973522629,-0.3114217474101828,3.7352370000007795,30.0
337,11.233333333333304,track,1,323.29418619707366,241.10773015667488,323.2767829818806,241.10303569973507,1,0.018025255199718558,3.457454911525595,1.9670253229152426,377.2962376194099,11.055812783082736,2725.7647058823522,841.7766924784743,0,0.8020833333333334,0.25,286.5381164550781,0.20661763913973402,-0.15808530083057754,4.665028000090388,30.0
338,11.266666666666637,track,1,320.9709932231191,236.70164458065352,320.97320061113714,236.71829838791678,1,0.016799460057510318,3.42296434399591,1.8329609890198009,373.4781664754252,11.055812783082736,2728.678493591226,841.7766924784743,0,0.8020833333333334,0.25,65.04788970947266,0.10096800440546283,-0.38285701189169274,3.8466949999929057,30.0
339,11.29999999999997,track,1,318.9133089658138,239.8844119544184,318.9188651832692,239.89074258711753,1,0.008423091046796219,1.086641465349695,0.9190977628284682,118.58214927834982,11.055812783082736,2739.043396575472,841.7766924784743,0,0.8020833333333334,0.25,81.29170989990234,-0.001218769532951039,-0.21808442902601588,3.78920899993318,30.0
340,11.333333333333304,track,1,318.49667817083696,240.1739430543572,318.4950373075783,240.1637238046137,1,0.010350144808343542,1.5138421944768226,1.1292886985443589,165.20132479691412,11.055812783082736,2728.632883587479,841.7766924784743,0,0.8020833333333334,0.25,57.230506896972656,-0.027304377395830637,-0.21243888383424886,3.718611999829591,30.0
341,11.366666666666637,track,1,319.1615952350123,236.70581380292631,319.15276961265727,236.72183594222543,1,0.018292090030236074,3.3858763886063508,1.995895876284219,369.43031904720135,11.055812783082736,2730.4928355518527,841.7766924784743,0,0.8020833333333334,0.25,80.02632904052734,0.0007322881955922969,-0.3822427791130619,4.647299999760435,30.0
342,11.39999999999997,track,1,320.3986331588736,239.8089882780397,320.3762381091408,239.82047820432877,1,0.025170551417569922,0.4168731100597143,2.746695208948718,45.49078100025831,11.055812783082736,2727.759236948228,841.7766924784743,0,0.8020833333333334,0.25,31.013395309448242,0.04120959270160761,-0.21738198098274936,3.904528000020946,30.0
343,11.433333333333303,track,1,318.8006316791416,239.41119716177042,318.8113335602286,239.3888593802751,1,0.024769068228999352,1.3365705226872733,2.7025933314414683,145.85105100037558,11.055812783082736,2727.0513103328167,841.7766924784743,0,0.8020833333333334,0.25,11.488399505615234,-0.023172097085508967,-0.2433730306038206,3.7650250001206587,30.0
344,11.466666666666637,track,1,317.9092276614948,236.93810976920102,317.91318064445977,236.94191555089287,1,0.005487262396433254,3.7022554639743834,0.598759407997182,403.9685100156177,11.055812783082736,2737.294117647058,841.7766924784743,0,0.8020833333333334,0.25,70.83370208740234,-0.07758270992607863,-0.372637994691709,3.704047000155697,30.0
345,11.49999999999997,track,1,322.03296844816487,240.97939471989696,322.03189425527034,240.9790925776174,1,0.0011158764858800667,2.2554858767339026,0.12177111072687546,246.12707105064607,10.464157913908982,2894.961739799591,841.7766924784743,0,0.8953488372093024,0.25,197.4514923095703,0.13125728562600633,-0.16662691586876027,4.747674000100233,30.0
346,11.533333333333303,track,1,321.7807180106021,236.7765806145757,321.791104356362,236.79010504131315,1,0.017052457207728352,3.675796575054461,1.8606821609251365,401.0757461160178,11.055812783082736,2736.0836141194713,841.7766924784743,0,0.8020833333333334,0.25,104.86974334716797,0.12842212682725077,-0.3807092296663497,3.838475000065955,30.0
347,11.566666666666636,track,1,320.0082797878304,238.49833973004442,320.0058961469931,238.49941363474295,1,0.0026143861502862286,1.5005979488672934,0.2852926145120321,163.72724980278835,10.464157913908982,2879.9360559525135,841.7766924784743,0,0.8953488372093024,0.25,7.0013837814331055,0.04434700135542116,-0.2996135555824377,3.778688000238617,30.0
348,11.59999999999997,track,1,318.53428336293155,241.3243383722441,318.5595508766287,241.3055198062982,1,0.031505327687485374,1.9440359157325464,3.437876453196259,212.13058491046502,11.055812783082736,2722.404964839729,841.7766924784743,0,0.8020833333333334,0.25,139.06463623046875,-0.03200811662255807,-0.15104994783738912,3.720847999829857,30.0
349,11.633333333333303,track,1,319.66408916151886,234.90461791006092,319.68287095102096,234.9087509563101,1,0.019231164504494563,5.101116314943211,2.0986294917429418,556.5729572495405,11.055812783082736,2729.7159670409706,841.7766924784743,0,0.8020833333333334,0.25,222.4783935546875,0.03931244289512524,-0.4816964347974194,4.536628999630921,30.0
350,11.666666666666636,track,1,320.5183341270185,240.58024156889908,320.5421151170001,240.60562451961073,1,0.034782605873274766,0.812816005522622,3.7953761723116073,88.6917479121741,11.055812783082736,2719.097971440344,841.7766924784743,0,0.8020833333333334,0.25,92.94708251953125,0.06702540905291157,-0.19893186652203987,4.0073069999380095,30.0
351,11.699999999999969,track,1,319.9958690132966,240.85128447867808,319.9973633600755,240.8571090129659,1,0.006013174865710423,0.8571130683739938,0.6560927213976332,93.51789815291895,10.464157913908982,2895.4649493583033,841.7766924784743,0,0.8953488372093024,0.25,44.86910629272461,0.042284990662081766,-0.17617853538884315,3.749970000171743,30.0
352,11.733333333333302,track,1,316.52588485032277,236.93761642767404,316.55455599132415,236.9416010691251,1,0.02894670436880026,4.607047692101413,3.158867402507188,502.71573290580045,11.055812783082736,2725.0928162436694,841.7766924784743,0,0.8020833333333334,0.25,207.19085693359375,-0.1434097507867351,-0.3743510473877464,3.7590689998978633,30.0
353,11.766666666666636,track,1,318.8881746408387,240.72664912205013,318.8958430975201,240.7428515308768,1,0.01792549245240855,1.3307858062888853,1.9558783675650013,145.21715697717875,11.055812783082736,2726.941176470588,841.7766924784743,0,0.8020833333333334,0.25,43.91883850097656,-0.03615778889028178,-0.1808757816052613,4.744497000046977,30.0
354,11.799999999999969,track,1,321.1452596083178,237.62647529289697,321.1392045882576,237.64774120705135,1,0.022111136848910487,2.613600681609834,2.4125340363386516,285.1743853860013,11.055812783082736,2729.17509017905,841.7766924784743,0,0.8020833333333334,0.25,117.85986328125,0.07698692354967206,-0.33673911740555257,3.7049779998596932,30.0
355,11.833333333333302,track,1,321.7840737056101,237.60136684112635,321.7942272371117,237.62517217401307,1,0.02588026421429531,2.976417071157094,2.8238211284226993,324.7719037700446,11.055812783082736,2729.3428418635963,841.7766924784743,0,0.8020833333333334,0.25,76.59373474121094,0.11675108388983318,-0.34432671853712987,3.7429930002872425,30.0
356,11.866666666666635,track,1,319.356800207442,241.950213924543,319.3381756108565,241.95305479890624,1,0.01884001499786284,2.062143198130483,2.055953568956154,225.00045035331036,11.055812783082736,2728.5367731375445,841.7766924784743,0,0.8020833333333334,0.25,146.29782104492188,-0.002389469043872907,-0.11887204979036141,3.7064580001242575,30.0
357,11.899999999999968,track,1,319.3939014382585,235.50831425733168,319.37296961140737,235.5188300151899,1,0.023424827398715136,4.524826133784758,2.556198708203777,493.6964049501942,11.055812783082736,2725.454579538434,841.7766924784743,0,0.8020833333333334,0.25,194.4222869873047,-0.001876886871456391,-0.44765480913219846,4.578525999932026,30.0
358,11.933333333333302,track,1,321.57204068383464,238.68006924908028,321.59726826778615,238.69713697054658,1,0.030458793608440622,2.0612418569379733,3.323703493442647,224.92199675015647,11.055812783082736,2726.107408178935,841.7766924784743,0,0.8020833333333334,0.25,32.722843170166016,0.11289319922703304,-0.2958040284486677,3.830030000244733,30.0
359,11.966666666666635,track,1,321.1412192272747,241.58880283822958,321.1332410659995,241.6119870958646,1,0.02451858192105777,1.9704663688837099,2.6752238765359286,215.00629746666232,11.055812783082736,2725.4708689886365,841.7766924784743,0,0.8020833333333334,0.25,120.23454284667969,0.09976347365821439,-0.1425153928800737,3.765936000036163,30.0
360,11.999999999999968,track,1,319.1404293765865,235.88022200232328,319.1344272403003,235.8857731603697,1,0.008175634266193658,4.204292888259398,0.8921125188393272,458.72544085623775,11.055812783082736,2740.8003897331755,841.7766924784743,0,0.8020833333333334,0.25,178.17938232421875,0.0008924799696176794,-0.43400483827747677,11.824748999970325,30.0
361,12.033333333333301,track,1,316.63901975191254,241.88797164714526,316.66033074552956,241.89260934670335,1,0.02180978464212373,3.8386665482279145,2.380025739332606,418.88559354088363,11.055812783082736,2729.883016794461,841.7766924784743,0,0.8020833333333334,0.25,296.33990478515625,-0.13614436797518462,-0.12812343331139173,3.830554000160191,30.0
362,12.066666666666634,track,1,317.9584235599827,238.47999133824166,317.9607231777172,238.4544795313634,1,0.02561524022761545,2.558766006666965,2.794831664922471,279.2133788695036,11.055812783082736,2729.0907285924745,841.7766924784743,0,0.8020833333333334,0.25,21.159870147705078,-0.083926015059595,-0.2948114606440816,3.7259870000525552,30.0
363,12.099999999999968,track,1,318.97946875401,236.07733435989564,318.98091972050156,236.10338892667733,1,0.026094937323947888,4.027667125372143,2.847167614835001,439.4557049369337,10.464157913908982,2911.0259280000187,841.7766924784743,0,0.8953488372093024,0.25,111.52547454833984,-0.042299956644935965,-0.42481596198898225,4.536553999969328,30.0
364,12.1333333333333,track,1,320.00826980230005,241.73329887582375,320.005885280234,241.7538201415373,1,0.02065933909807431,1.7538300161034168,2.2541045636903903,191.3568949115025,10.464157913908982,2896.473339329653,841.7766924784743,0,0.8953488372093024,0.25,182.63873291015625,0.0049386611111356706,-0.13740434668954918,3.8774370000282943,30.0
365,12.166666666666634,track,1,318.33104875210137,238.16345532135006,318.31522481561774,238.15987473037012,1,0.016223982174653834,2.4949004849574097,1.7704656311928095,272.2356821607282,11.055812783082736,2734.0283694577856,841.7766924784743,0,0.8020833333333334,0.25,17.786069869995117,-0.08530509590360984,-0.31405133563966237,3.7212369998087524,30.0
366,12.199999999999967,track,1,320.22404702221456,239.5168553894027,320.21117275294455,239.54528845250434,1,0.03121195102165396,0.501354687832955,3.4055767639927046,54.703536032086554,11.055812783082736,2722.117647058823,841.7766924784743,0,0.8020833333333334,0.25,39.33163070678711,-0.004491705622954416,-0.21968831034008957,4.425395999987813,30.0
367,12.2333333333333,track,1,322.5049700933775,240.52080554240717,322.5100152743048,240.539672437528,1,0.01952981264860047,2.5673766800122726,2.1308841100506446,280.16894618832896,11.055812783082736,2729.2821362604386,841.7766924784743,0,0.8020833333333334,0.25,141.86849975585938,0.13058758993767436,-0.18599954097754742,5.586521000168432,30.0
368,12.266666666666634,track,1,322.0,235.78117070233537,321.9988596905066,235.78934150261273,1,0.008249986843210934,4.661017597472874,0.900142453354253,508.57092399709137,10.464157913908982,2900.715062788205,841.7766924784743,0,0.8953488372093024,0.25,193.4381103515625,0.11967846913527688,-0.43058640508284374,3.899951999756013,30.0
369,12.299999999999967,track,1,318.23197411003235,239.6251132686084,318.21996404291144,239.63752698735243,1,0.01727258305247483,1.8165667324450214,1.8847390565826854,198.2358074229355,11.055812783082736,2734.366552025398,841.7766924784743,0,0.8020833333333334,0.25,128.6438751220703,-0.06698174779031733,-0.22195455196824487,3.7327660002119956,30.0
370,12.3333333333333,track,1,317.58937135450424,239.78224238496435,317.6101906927613,239.78866117953294,1,0.021786366589590742,2.3991358073275237,2.3774528006246896,261.8110970046316,11.055812783082736,2730.8269189483426,841.7766924784743,0,0.8020833333333334,0.25,96.15288543701172,-0.1069996785843773,-0.2179445615550919,3.7217509998299647,30.0
371,12.366666666666633,track,1,319.5350831824843,234.8007930350832,319.5626423036533,234.78351956389224,1,0.03252503599680088,5.234782697958786,3.549194127664984,571.1573516079172,11.055812783082736,2728.07422835078,841.7766924784743,0,0.8020833333333334,0.25,187.97218322753906,0.010236553688917292,-0.4912224227510305,4.785743000411458,30.0
372,12.399999999999967,track,1,320.4950153208752,240.43502654179792,320.4917052957592,240.41207933310454,1,0.023184707310776535,0.6415477181391132,2.529646354533007,70.00530316870754,11.055812783082736,2721.295941275039,841.7766924784743,0,0.8020833333333334,0.25,120.91307067871094,0.011169303645089359,-0.23540269785294138,4.089479999947798,30.0
373,12.4333333333333,track,1,319.087163301483,238.6222923602404,319.0809833895944,238.64334981938055,1,0.021945566668218102,1.6386248023193735,2.3944707379147747,178.7970826664791,11.055812783082736,2728.9391146405796,841.7766924784743,0,0.8020833333333334,0.25,6.721165180206299,-0.03645510467802063,-0.30500361826885897,3.942314999676455,30.0
374,12.466666666666633,track,1,317.4950153208752,238.01657243968754,317.4905909937372,238.01618956830237,1,0.004440862655115341,3.198849385267324,0.4846191257044052,349.05825318149164,10.464157913908982,2879.5517696027614,841.7766924784743,0,0.8953488372093024,0.25,42.67364501953125,-0.12546594853132298,-0.339358585686358,3.8611190002484364,30.0
375,12.499999999999966,track,1,319.8965561829232,241.77242360243093,319.90282145846504,241.7830111281654,1,0.012302413535308336,1.785657400538121,1.342353671889441,194.82961946634322,11.055812783082736,2731.104897847847,841.7766924784743,0,0.8020833333333334,0.25,152.7879638671875,-0.004488026842608912,-0.14309978451395114,4.7567409997100185,30.0
376,12.5333333333333,track,1,322.42795931616536,239.0664791170742,322.4035706568752,239.0623436827061,1,0.02473678474222762,2.5799905565626973,2.6994475213533065,281.5410561417997,11.055812783082736,2726.107408178935,841.7766924784743,0,0.8020833333333334,0.25,125.49700164794922,0.12561748736464778,-0.27184512378901504,3.9189389999592095,30.0
377,12.566666666666633,track,1,321.784558284062,238.49501532087524,321.7974116391488,238.48853602566476,1,0.014394096130429839,2.3484488383315445,1.5707336815515682,256.2612519802891,11.055812783082736,2727.5734489044635,841.7766924784743,0,0.8020833333333334,0.25,31.581501007080078,0.10592778745743127,-0.29952262868047985,3.729033999661624,30.0
378,12.599999999999966,track,1,319.4573210341691,239.3824866831233,319.43329644248297,239.36223398785842,1,0.031422168467156154,0.8531696246031241,3.4287664636008435,93.09493897875856,11.055812783082736,2718.156251722108,841.7766924784743,0,0.8020833333333334,0.25,33.486907958984375,-0.005729878876201612,-0.25279443438692273,3.7909659999968426,30.0
379,12.633333333333299,track,1,320.29001769453197,236.7514134046869,320.2733224500064,236.76330189561247,1,0.020495546010200795,3.2482179392127177,2.2364917823504267,354.4070154842423,11.055812783082736,2733.8946009484575,841.7766924784743,0,0.8020833333333334,0.25,77.30854797363281,0.02405092611962554,-0.3903674496448375,4.781188999913866,30.0
380,12.666666666666632,track,1,319.99172520794724,239.7765806145757,319.99167746138664,239.78864396735003,1,0.012063447264031659,0.2115198269347523,1.3162186858832206,23.078513008782128,10.464157913908982,2894.726747317308,841.7766924784743,0,0.8953488372093024,0.25,27.029396057128906,0.026344416362306174,-0.22817134544356005,3.8464019999082666,30.0
381,12.699999999999966,track,1,318.82556781310836,240.40700843608047,318.8339265203517,240.3838172429481,1,0.0246515603092934,1.2276168115186952,2.6897375524085883,133.96430814437704,11.055812783082736,2724.128874521174,841.7766924784743,0,0.8020833333333334,0.25,55.69355010986328,-0.03510104259926045,-0.2225423693563925,3.9634429999750864,30.0
382,12.733333333333299,track,1,317.07869870992795,237.72248349656988,317.07447647206163,237.73785370397343,1,0.015939591218970168,3.698106782821135,1.7391585576058612,403.53793254109837,11.055812783082736,2728.27973869314,841.7766924784743,0,0.8020833333333334,0.25,116.2392578125,-0.1345326803206822,-0.33811390589849366,4.520192000200041,30.0
383,12.766666666666632,track,1,318.9670117263004,242.06185301318672,318.9695456777047,242.05983218987012,1,0.0032410857125334245,2.30320315229948,0.3536668116415481,251.30684298113306,11.055812783082736,2737.3629907005648,841.7766924784743,0,0.8020833333333334,0.25,103.07769775390625,-0.05017424369367162,-0.11164738282440555,3.860610000174347,30.0
384,12.799999999999965,track,1,320.39026077931067,236.68447000821692,320.3682380620917,236.7002392345645,1,0.027086317086464154,3.3202440240862665,2.955681126842666,362.26598313302674,11.055812783082736,2729.8150669324773,841.7766924784743,0,0.8020833333333334,0.25,174.004150390625,-0.0018893263341395808,-0.382393418420925,3.745484999853943,30.0
385,12.833333333333298,track,1,319.49001901140684,237.39405461458693,319.47731642394206,237.3733731629029,1,0.024270932657384624,2.6781274544052964,2.6482818375815356,292.207118477613,11.055812783082736,2724.395144855419,841.7766924784743,0,0.8020833333333334,0.25,26.75396156311035,-0.030087906912357326,-0.3558351598397631,3.6859310002910206,30.0
386,12.866666666666632,track,1,318.61342281879195,241.44892833946741,318.63536776955925,241.42516042089392,1,0.032349572137756376,1.9731455469985524,3.529885951408305,215.30428238310765,11.055812783082736,2720.1981184222973,841.7766924784743,0,0.8020833333333334,0.25,108.97616577148438,-0.0798082561896506,-0.14819272695241723,4.345624999587017,30.0
387,12.899999999999965,track,1,319.32380540540544,235.38607567567567,319.3048432524906,235.36648659853472,1,0.027263440472521095,4.685369712751188,2.974914842317314,511.2133055907859,11.055812783082736,2728.467163563639,841.7766924784743,0,0.8020833333333334,0.25,172.85794067382812,-0.04896905089724816,-0.4605181763396731,3.969755000071018,30.0
388,12.933333333333298,track,1,321.13708944567054,240.41957678826432,321.1302141387789,240.3968138034768,1,0.023778631610998285,1.1978502386047558,2.5944776277980033,130.71573722506926,11.055812783082736,2723.4217677399874,841.7766924784743,0,0.8020833333333334,0.25,130.62777709960938,0.04498658362981511,-0.2326975633911304,3.707629000018642,30.0
389,12.966666666666631,track,1,321.5804232117357,240.60950279112035,321.6035195386007,240.6329844699501,1,0.03293675083123225,1.723932785775671,3.5939772947768263,188.12380041860806,11.055812783082736,2724.9991914272664,841.7766924784743,0,0.8020833333333334,0.25,73.33512878417969,0.07639609027268232,-0.19571059697932833,3.7181239999881655,30.0
390,12.999999999999964,track,1,319.17773950484394,235.99586652314318,319.16821880061616,235.99446171012528,1,0.009623788682642936,4.090989728085482,1.0502149875852804,446.3629852067676,10.464157913908982,2895.594183164334,841.7766924784743,0,0.8953488372093024,0.25,144.71063232421875,-0.04077021259692574,-0.4338354663737861,11.967620000177703,30.0
391,13.033333333333298,track,1,316.57204068383464,240.20774724085697,316.59453151545904,240.19573258798198,1,0.025498811557865732,3.411088806407689,2.7825089655005404,372.24303347215556,11.055812783082736,2724.527513865896,841.7766924784743,0,0.8020833333333334,0.25,185.34727478027344,-0.18149808688306568,-0.23496171780872752,3.841268000087439,30.0
392,13.066666666666631,track,1,319.5300844704353,239.93346328784924,319.5580456656619,239.93725054531524,1,0.028216515688723263,0.4463867467829594,3.0791852581290398,48.71285602096408,11.055812783082736,2723.7476527942317,841.7766924784743,0,0.8020833333333334,0.25,19.426828384399414,-0.015265274547961904,-0.23002912520096572,3.985300999829633,30.0
393,13.099999999999964,track,1,320.2897925740653,237.49833973004442,320.2763258338837,237.49659551947127,1,0.013579225369767788,2.5186087349175192,1.4818612204095094,274.8009595387035,11.055812783082736,2736.018380794691,841.7766924784743,0,0.8020833333333334,0.25,52.910247802734375,-0.014684628361854718,-0.3579477020096642,4.511190999892278,30.0
394,13.133333333333297,track,1,319.9751434859535,241.71415008846503,319.97620565108014,241.72929514281475,1,0.015182254971253131,1.7294588350126183,1.656506958011201,188.69780998950202,10.464157913908982,2890.9840501479966,841.7766924784743,0,0.8953488372093024,0.25,101.56930541992188,-0.013199471573106403,-0.13941834868607533,3.803301000061765,30.0
395,13.16666666666663,track,1,318.5216845024046,237.87938130930203,318.5498019862787,237.8864364744585,1,0.028989105795023614,2.5632450244759495,3.1634723790349644,279.68646420250894,11.055812783082736,2723.2757017172908,841.7766924784743,0,0.8020833333333334,0.25,57.2572135925293,-0.09030755156005982,-0.32941010424124284,3.761726999982784,30.0
396,13.199999999999964,track,1,319.10317699153086,237.9422208847427,319.0981632612288,237.94401839211798,1,0.005326211064701114,2.245076808340099,0.5812238061221898,244.96287794049698,11.055812783082736,2736.588235294117,841.7766924784743,0,0.8020833333333334,0.25,17.16567611694336,-0.06505850805475004,-0.3306137803722292,4.079777999777434,30.0
397,13.233333333333297,track,1,322.0082499033214,241.92162591844627,322.0080715210836,241.92474438819625,1,0.003123567480350614,2.7815449292937755,0.3408063963997612,303.5169352883116,10.464157913908982,2895.957214975342,841.7766924784743,0,0.8953488372093024,0.25,188.51287841796875,0.08739492122234449,-0.1229036400748775,4.263835000074323,30.0
398,13.26666666666663,track,1,321.3777076397596,237.26148990444895,321.3563132719041,237.24770404217054,1,0.0254513059526271,3.0683413648138416,2.777289965898538,334.7922279193915,11.055812783082736,2728.9391146405796,841.7766924784743,0,0.8020833333333334,0.25,92.14374542236328,0.06688922118098668,-0.35633536096458684,3.6858260000371956,30.0
399,13.299999999999963,track,1,317.50998098859316,239.30694780504666,317.5206252859482,239.2891715578819,1,0.020719460162978452,2.5792588173356106,2.260764981555259,281.46401347163066,11.055812783082736,2729.1263700892573,841.7766924784743,0,0.8020833333333334,0.25,128.72021484375,-0.1290911644034216,-0.25517306924880584,3.8639249996776925,30.0
400,13.333333333333297,track,1,318.5016602699556,240.28151278623486,318.5008530961172,240.26678817633183,1,0.0147467171398141,1.5227006831455,1.6089857446277622,166.16746544628853,11.055812783082736,2736.018380794691,841.7766924784743,0,0.8020833333333334,0.25,29.211875915527344,-0.08630878020779675,-0.2162625234931427,4.083402000105707,30.0
401,13.36666666666663,track,1,320.51164901664146,237.57674519126863,320.5251611808658,237.600448626897,1,0.027284270974556626,2.4563470964114322,2.9770620636459153,268.00930681001523,11.055812783082736,2721.7647058823522,841.7766924784743,0,0.8020833333333334,0.25,61.33078384399414,0.014487977820994646,-0.34043961446860316,4.319440999552171,30.0
402,13.399999999999963,track,1,318.89244624466755,242.2151075106649,318.89937044326393,242.20394020387653,1,0.0131397590201491,2.4634808388587763,1.4337235940523991,268.7950164591192,11.055812783082736,2733.3898131295196,841.7766924784743,0,0.8020833333333334,0.25,122.35667419433594,-0.06848795180654971,-0.09967792346010237,3.663668999706715,30.0
403,13.433333333333296,track,1,318.05387903121357,238.3066960238311,318.05257420646603,238.291577308849,1,0.015174917144142144,2.590593621732474,1.6557070355242671,282.6828970269228,11.055812783082736,2729.7857287706665,841.7766924784743,0,0.8020833333333334,0.25,57.1163215637207,-0.1180585606548669,-0.29184067111895046,3.7153630000830162,30.0
404,13.46666666666663,track,1,316.6346178798495,237.39444660698067,316.6532431361163,237.3711519926818,1,0.02982514419643025,4.255775293825252,3.2543873113458854,464.39018088319807,11.055812783082736,2726.4142241113773,841.7766924784743,0,0.8020833333333334,0.25,91.99375915527344,-0.20393038476051767,-0.34383836026932657,3.9468100003432482,30.0
405,13.499999999999963,track,1,320.59299156391955,240.64282933160285,320.61752925373867,240.66173938198335,1,0.030978835146789337,0.9051195439778901,3.3804159467018593,98.76396195135943,11.055812783082736,2724.128874521174,841.7766924784743,0,0.8020833333333334,0.25,134.26361083984375,-0.010258115229011225,-0.17937429195673912,4.150454999944486,30.0
406,13.533333333333296,track,1,323.1991443018281,237.64319979255802,323.1882383331251,237.66438914117623,1,0.02383125360139125,3.9522072001179294,2.600276957301275,431.26731476924346,11.055812783082736,2730.1189923329316,841.7766924784743,0,0.8020833333333334,0.25,252.2174835205078,0.13258491726128277,-0.33256194836460684,3.7102999999660824,30.0
407,13.56666666666663,track,1,320.75578838442635,239.10347949812444,320.77034485852073,239.096183284709,1,0.016282680008639822,1.1875672005780182,1.7768231672025927,129.58278296457996,11.055812783082736,2730.1631781296114,841.7766924784743,0,0.8020833333333334,0.25,2.9566032886505127,0.021660165548195675,-0.2626455893866209,3.7493260001610906,30.0
408,13.599999999999962,track,1,317.07484083329723,241.46151847199965,317.06876064411927,241.4336400902231,1,0.028533714635838626,3.2630488917205915,3.113281648322781,356.07582420683553,11.055812783082736,2722.6408036204143,841.7766924784743,0,0.8020833333333334,0.25,226.34532165527344,-0.16681980696780854,-0.1373159683893384,3.860153999994509,30.0
409,13.633333333333296,track,1,319.8878164899372,235.57204068383467,319.89264124785973,235.59538683036658,1,0.023839480843760964,4.405921365136842,2.601096580142224,480.7213108340991,11.055812783082736,2724.527513865896,841.7766924784743,0,0.8020833333333334,0.25,184.7939453125,-0.022442123949003082,-0.4401975416853102,4.4699479999508185,30.0
410,13.666666666666629,track,1,321.61392432432433,239.38192432432433,321.6346566982527,239.3595411643961,1,0.030509624335252228,1.7556451922998222,3.32911748402897,191.58446918585364,11.055812783082736,2728.467163563639,841.7766924784743,0,0.8020833333333334,0.25,56.630218505859375,0.06601275538140781,-0.2551908529620024,3.7640519999513344,30.0
411,13.699999999999962,track,1,318.99168146960704,240.47831549759542,318.9910131969757,240.45024608987967,1,0.028077361660645433,1.1048872839023574,3.0634652421907673,120.56992230364959,10.464157913908982,2870.2146934677094,841.7766924784743,0,0.8953488372093024,0.25,71.45038604736328,-0.06308238085122882,-0.2213308169875235,3.7245240000629565,30.0
412,13.733333333333295,track,1,316.2358925723154,237.12001551924817,316.2225688504275,237.11476309916532,1,0.014321643818810932,4.753270249386091,1.5628460529872417,518.6780286574117,11.055812783082736,2729.0588235294113,841.7766924784743,0,0.8020833333333334,0.25,192.92977905273438,-0.21325996407331443,-0.37066077570160905,3.887566999765113,30.0
413,13.766666666666628,track,1,319.0498809266075,240.44892833946741,319.04589548129593,240.42365579289105,1,0.025584866323391756,1.0439347026810033,2.791525786456197,113.91854936534436,11.055812783082736,2724.9275304865837,841.7766924784743,0,0.8020833333333334,0.25,52.33108139038086,-0.08167598455551592,-0.22624742302835346,4.419312000209175,30.0
414,13.799999999999962,track,1,321.0082548690829,238.10731329807817,321.00598579977554,238.10051974341525,1,0.007162475862420104,2.149426126784849,0.7814973768713854,234.52872938524223,10.464157913908982,2899.8331585024434,841.7766924784743,0,0.8953488372093024,0.25,77.26954650878906,0.017926275981742887,-0.3225047368717038,3.8178109998625587,30.0
415,13.833333333333295,track,1,321.3233858777802,239.89635068019865,321.30504409274613,239.90343011348205,1,0.019660606650100342,1.3086121759305387,2.145461489823143,142.80531126995885,11.055812783082736,2728.8429197290843,841.7766924784743,0,0.8020833333333334,0.25,53.2382698059082,0.041178853324442044,-0.22585391993945136,3.708725999786111,30.0
416,13.866666666666628,track,1,318.88417287887273,240.7848924893351,318.8891809062552,240.79497497716193,1,0.0112577484001732,1.3659810662456542,1.228353690878522,149.05699325836383,11.055812783082736,2733.3898131295196,841.7766924784743,0,0.8020833333333334,0.25,44.381324768066406,-0.07979672872251653,-0.17827565744343388,3.711724999902799,30.0
417,13.899999999999961,track,1,318.38189129588795,235.98339603061356,318.3615654955029,235.9841978893137,1,0.020341611014595532,4.337180445602806,2.2198263268779326,473.2330843380822,10.464157913908982,2877.7898212836653,841.7766924784743,0,0.8953488372093024,0.25,182.0645751953125,-0.10977541203799826,-0.4247843792073115,4.663109000375698,30.0
418,13.933333333333294,track,1,321.22757639756907,240.02896426878152,321.21757495843485,240.02789435983016,1,0.010058503363801366,1.2178944431755843,1.097656139987464,132.90564656104522,11.055812783082736,2727.9566490805296,841.7766924784743,0,0.8020833333333334,0.25,68.60433197021484,0.035934213775508365,-0.2251659046038328,3.777690999868355,30.0
419,13.966666666666628,track,1,320.87110745376583,240.46151847199965,320.87807885955294,240.43454922030617,1,0.027855718184157843,0.9797221588095751,3.039315710616875,106.9107975185126,11.055812783082736,2722.6408036204143,841.7766924784743,0,0.8020833333333334,0.25,27.947086334228516,0.025400205229564862,-0.21968923007043364,3.8150630002746766,30.0
420,13.999999999999961,track,1,317.8383349885574,236.68496049052203,317.8469970440608,236.7000339121114,1,0.01738502930554909,3.9402027751751265,1.896929264536935,429.9304658648045,11.055812783082736,2729.3143242498754,841.7766924784743,0,0.8020833333333334,0.25,164.95660400390625,-0.12946195242600564,-0.39109753876484843,11.930912000025273,30.0
421,14.033333333333294,track,1,316.9751905930999,242.1943403540509,316.97674865100544,242.18310762489216,1,0.011340271107450063,3.7290759741603186,1.237318375125465,406.9195699939791,10.464157913908982,2896.473339329653,841.7766924784743,0,0.8953488372093024,0.25,204.60926818847656,-0.18496435655042964,-0.10810111272033973,3.7370290001490503,30.0
422,14.066666666666627,track,1,318.8756208162384,241.32338587778017,318.88213402235374,241.3043068060898,1,0.02016017932625826,1.7178010910437906,2.1996777264753256,187.4399624781909,11.055812783082736,2728.8429197290843,841.7766924784743,0,0.8020833333333334,0.25,19.295040130615234,-0.09887282354834606,-0.13744939234170206,3.7879370001974166,30.0
423,14.09999999999996,track,1,319.9422208847427,236.8968230084691,319.9435616219416,236.9004467120103,1,0.0038637809967726746,3.100067075984901,0.42157842203686186,338.2421458296543,11.055812783082736,2736.588235294117,841.7766924784743,0,0.8020833333333334,0.25,188.66275024414062,-0.04491781038869865,-0.36024064664672273,4.768066999986331,30.0
424,14.133333333333294,track,1,319.7807369101487,242.0,319.79281741793307,242.0011626867855,1,0.012136330124460632,2.011859021227508,1.324404016160496,219.51033762738842,10.464157913908982,2894.976260461928,841.7766924784743,0,0.8953488372093024,0.25,76.83931732177734,-0.04447666109338119,-0.09708862810870307,3.6648939999395225,30.0
425,14.166666666666627,track,1,318.30669602383114,237.93368734619867,318.2883280044257,237.93681562384916,1,0.018632505412243674,2.68077428934744,2.0333066624629375,292.5151316922879,11.055812783082736,2729.7857287706665,841.7766924784743,0,0.8020833333333334,0.25,80.13294982910156,-0.13343629823699707,-0.298843477527283,3.772434999973484,30.0
426,14.19999999999996,track,1,319.64737911066936,238.2820967114645,319.66597092201573,238.2666566739765,1,0.02416713071031674,1.7652349732568706,2.6371048517207263,192.60249282680607,11.055812783082736,2728.77261191823,841.7766924784743,0,0.8020833333333334,0.25,28.573741912841797,-0.05006727472908594,-0.2858706065843001,3.706093999880977,30.0
427,14.233333333333293,track,1,321.5216845024046,242.33274121571856,321.54915701126106,242.31370552878457,1,0.03342298789632715,2.784442622764486,3.6471534633961893,303.8216946456432,11.055812783082736,2721.697448497673,841.7766924784743,0,0.8020833333333334,0.25,171.11846923828125,0.03356605111452184,-0.07428888121400606,4.8020909998740535,30.0
428,14.266666666666627,track,1,320.7349782167968,235.06211448043825,320.74732909147747,235.0589568302588,1,0.012748131629141343,4.997240075903361,1.39115511050303,545.2410170023193,11.055812783082736,2728.986028481817,841.7766924784743,0,0.8020833333333334,0.25,296.0633239746094,0.003110019459174433,-0.4472392232241421,3.8589880000472476,30.0
429,14.29999999999996,track,1,317.7391416864352,239.0910933793401,317.75243093248673,239.0870521118219,1,0.013890136924181009,2.4259102538575767,1.515771701074083,264.7266196260074,11.055812783082736,2727.647058823529,841.7766924784743,0,0.8020833333333334,0.25,93.41236877441406,-0.14883015429803922,-0.2542076069014986,3.6944449998372875,30.0
430,14.333333333333293,track,1,317.7967595593001,239.65573558003888,317.8069013320305,239.6734099532125,1,0.02037741448753158,2.217282757365456,2.2234369013839337,241.96537493635088,11.055812783082736,2729.2442894796,841.7766924784743,0,0.8020833333333334,0.25,52.57960510253906,-0.15401333538441603,-0.20900309368639108,3.739237999980105,30.0
431,14.366666666666626,track,1,319.63901975191254,238.31533906729481,319.6582516009212,238.2983683671555,1,0.025648950846180116,1.735610031709316,2.7987855710554808,189.3702538661806,11.055812783082736,2725.1450039375054,841.7766924784743,0,0.8020833333333334,0.25,7.761966705322266,-0.046127215810312955,-0.29671389603837706,4.835856000227068,30.0
432,14.39999999999996,track,1,319.7439449343945,242.29528930952893,319.75872402074833,242.300717716902,1,0.015744491102029853,2.3133344140073224,1.7181190909009907,252.40378919734462,11.055812783082736,2742.6256958718614,841.7766924784743,0,0.8020833333333334,0.25,163.60108947753906,-0.044932342751623104,-0.08916999141697661,3.818808999767498,30.0
433,14.433333333333293,track,1,318.48840710629327,238.91465565449306,318.47600661244314,238.9449142587656,1,0.03270099968272394,1.8535807958309107,3.5680320343944776,202.2648095810738,11.055812783082736,2744.454044067781,841.7766924784743,0,0.8020833333333334,0.25,17.68010711669922,-0.12372705353411109,-0.2535140918045581,3.7021309999545338,30.0
434,14.466666666666626,track,1,316.5642588509921,236.1348722604072,316.5890291367507,236.1314446543255,1,0.025006310003979525,5.157561700307861,2.728864031734388,562.7749778885624,11.055812783082736,2726.2501948647337,841.7766924784743,0,0.8020833333333334,0.25,179.75970458984375,-0.23254792734692933,-0.4025925063781895,3.7245919997985766,30.0
435,14.49999999999996,track,1,319.35184546395305,242.50271645394963,319.33354340815254,242.52009413000155,1,0.025237846015276708,2.6067295243053548,2.753908347130488,284.41835986093747,11.055812783082736,2734.7865008257027,841.7766924784743,0,0.8020833333333334,0.25,220.29513549804688,-0.1001991495137498,-0.07794266602530836,4.808608000075765,30.0
436,14.533333333333292,track,1,322.21466351322294,237.855514943023,322.20560847930165,237.86762076046375,1,0.015117686834459063,3.0678575562063677,1.6495657059643805,334.7585707660878,11.055812783082736,2739.043396575472,841.7766924784743,0,0.8020833333333334,0.25,205.79762268066406,0.05088751435328184,-0.3093217216190722,3.818365999904927,30.0
437,14.566666666666626,track,1,320.41870708641017,238.83210260396424,320.3941506311164,238.84337076010206,1,0.02701834264606295,1.221943500574537,2.94835041800141,133.32628508349958,11.055812783082736,2729.07862198948,841.7766924784743,0,0.8020833333333334,0.25,4.0396575927734375,-0.05214757011007491,-0.2631831992403066,3.7298759998520836,30.0
438,14.599999999999959,track,1,318.6188996763754,241.2692556634304,318.63993389101233,241.2566793210434,1,0.02450719431570136,1.8517620626730018,2.6742812196120442,202.0614426431944,11.055812783082736,2734.366552025398,841.7766924784743,0,0.8020833333333334,0.25,82.43028259277344,-0.12094828974271063,-0.1344327854099704,3.836762999981147,30.0
439,14.633333333333292,track,1,320.70226146887785,237.08890803359895,320.71879120262315,237.0806582599098,1,0.01847405920778855,3.0065290599628893,2.015954523878389,328.03971433963517,11.055812783082736,2735.9139875409496,841.7766924784743,0,0.8020833333333334,0.25,91.79032897949219,-0.012157261370622022,-0.3465846668864129,4.850439999700029,30.0
440,14.666666666666625,track,1,320.5132907568827,240.75973073271768,320.5295527407741,240.76782883451517,1,0.0181667656121038,0.9327310568294944,1.9824219452836744,101.77425830340145,11.055812783082736,2727.926593798802,841.7766924784743,0,0.8020833333333334,0.25,38.19426345825195,-0.014416304808059548,-0.1604879726298785,3.835959999832994,30.0
441,14.699999999999958,track,1,318.7687443541102,238.97935217447412,318.7818658982844,238.97326474621002,1,0.014464843738757083,1.5931214552373558,1.5784611362757905,173.84037269378553,11.055812783082736,2733.3652955120497,841.7766924784743,0,0.8020833333333334,0.25,40.66341018676758,-0.10076968270301498,-0.24734196236868902,3.747247999854153,30.0
442,14.733333333333292,track,1,316.9134801081499,237.9402600746749,316.91736925371106,237.9377666016178,1,0.004619833447491549,3.70882985689138,0.5041242816685217,404.7127126238415,11.055812783082736,2741.294117647058,841.7766924784743,0,0.8020833333333334,0.25,122.16211700439453,-0.2031156524110605,-0.30348594729757417,3.776778999963426,30.0
443,14.766666666666625,track,1,318.0779720429188,241.9965801735562,318.07380915007343,241.9699726665715,1,0.026931192041630938,2.755177580008164,2.938420978863835,300.63804768320205,11.055812783082736,2750.5318689686146,841.7766924784743,0,0.8020833333333334,0.25,108.71278381347656,-0.15543709941614642,-0.0929077019219868,4.579735999868717,30.0
444,14.799999999999958,track,1,320.08275505366146,238.22757639756907,320.07700784400413,238.21438008100188,1,0.014393512072693314,1.787279693601711,1.570491874178936,195.00658639218963,11.055812783082736,2731.104897847847,841.7766924784743,0,0.8020833333333334,0.25,72.16410827636719,-0.06221173579252469,-0.27946833381575265,3.8219830003072275,30.0
445,14.833333333333291,track,1,320.9958814191943,237.9958814191943,320.99671678424465,237.99701270210517,1,0.0014062843922227224,2.237275678928069,0.15344650754370884,244.11329875047042,9.901487006738307,3094.145334016749,841.7766924784743,0,1.0,0.25,70.49883270263672,-0.007914272242213125,-0.296106494037912,3.7507679999180255,30.0
446,14.866666666666625,track,1,319.3110554283493,242.34008726832852,319.294659591799,242.32300122349704,1,0.023680295271932703,2.427723167045595,2.5839299197221766,264.8880045031106,11.055812783082736,2723.1764705882347,841.7766924784743,0,0.8020833333333334,0.25,125.86185455322266,-0.09046653542914346,-0.07006654412264192,3.887645999839151,30.0
447,14.899999999999958,track,1,318.79273716481714,236.31503950947797,318.80366133634993,236.29994983451297,1,0.01862889728961818,3.8886498203444098,2.032685874076284,424.2899446596816,11.055812783082736,2732.4787477176355,841.7766924784743,0,0.8020833333333334,0.25,168.67794799804688,-0.11879706953097542,-0.3758581926198048,4.488371999741503,30.0
448,14.933333333333291,track,1,320.08271227329516,240.20264506957307,320.07803318380275,240.1912790131173,1,0.012291505922117434,0.2065837327417745,1.3411362627483188,22.540511073615672,11.055812783082736,2734.0965110602633,841.7766924784743,0,0.8020833333333334,0.25,29.45583724975586,-0.05774389027915139,-0.19333885846239957,3.9603949999218457,30.0
449,14.966666666666624,track,1,320.98762088974854,242.09490651192777,320.9881067626236,242.08839668776352,1,0.006527930996895672,2.310358348785776,0.7122501996017953,252.08678670691978,10.464157913908982,2898.7044213099066,841.7766924784743,0,0.8953488372093024,0.25,100.82628631591797,-0.0021007119588219852,-0.07754223513887484,4.263414999968518,30.0
450,14.999999999999957,track,1,319.31995844695496,237.43215166861447,319.3034915048279,237.40659265054694,1,0.030404335013156994,2.6853092492381694,3.3175291273964413,292.99223546673574,11.055812783082736,2724.2916750852105,841.7766924784743,0,0.8020833333333334,0.25,106.73255157470703,-0.08277173464666807,-0.3112825956570653,11.731716000213055,30.0
451,15.03333333333329,track,1,316.72664912205016,240.77634928167737,316.73971204840063,240.78841815278054,1,0.017784760176699534,3.3542630652615584,1.9406456863439225,366.0384120096366,11.055812783082736,2734.838503102339,841.7766924784743,0,0.8020833333333334,0.25,130.06707763671875,-0.22184423283187582,-0.14094638102484672,3.8344690001395065,30.0
452,15.066666666666624,track,1,317.43256358043413,239.47831549759542,317.4095565112518,239.45153098315996,1,0.03530914110967907,2.6478700366202492,3.852800555426646,288.9529733484168,11.055812783082736,2712.2852101115104,841.7766924784743,0,0.8020833333333334,0.25,16.662578582763672,-0.1995168638718724,-0.20229932745504361,3.952041999582434,30.0
453,15.099999999999957,track,1,319.50998098859316,237.55202212236432,319.52185248994965,237.57795780778758,1,0.028523539801920635,2.468787844717418,3.1122421965574616,269.3663103281809,11.055812783082736,2718.1249520896595,841.7766924784743,0,0.8020833333333334,0.25,81.39623260498047,-0.07587276322410136,-0.30397916697699323,5.183757999930094,30.0
454,15.13333333333329,track,1,320.3025253615368,242.11603712497302,320.2846436976754,242.10849284926803,1,0.019407988004068236,2.1276193574135256,2.1178864053632944,232.14104135556323,11.055812783082736,2725.294117647058,841.7766924784743,0,0.8020833333333334,0.25,148.17384338378906,-0.07500747940280666,-0.06921790581234256,4.488226999910694,30.0
455,15.166666666666623,track,1,318.0911090979682,238.26918597126956,318.0851870790061,238.25665818787877,1,0.013856971720891348,2.589546137124275,1.5119555476081514,282.567676025844,11.055812783082736,2728.750598552258,841.7766924784743,0,0.8020833333333334,0.25,45.72032165527344,-0.17490145619883685,-0.2605954695822604,3.7641179997081053,30.0
456,15.199999999999957,track,1,318.9958675907193,239.1652963712281,318.995782386218,239.15742925135135,1,0.007867581265051026,1.3108693612669107,0.8584161135740503,143.04126540671032,10.464157913908982,2894.46818875781,841.7766924784743,0,0.8953488372093024,0.25,3.0298943519592285,-0.13381098182619255,-0.21785904840033096,4.477932000099827,30.0
457,15.23333333333329,track,1,321.9130997025734,242.23173412647097,321.91778995377354,242.21866131710897,1,0.0138887292772117,2.932639825623051,1.5154021953656174,319.99880339663616,11.055812783082736,2730.869467918288,841.7766924784743,0,0.8020833333333334,0.25,196.2226104736328,0.01989926365094913,-0.05493664895676703,3.819200999714667,30.0
458,15.266666666666623,track,1,321.61810870411205,236.6845245816578,321.6374164395784,236.70225486746597,1,0.026213578231082443,3.6818820670620918,2.860386891325321,401.7369176811573,11.055812783082736,2728.7031391021096,841.7766924784743,0,0.8020833333333334,0.25,176.78590393066406,0.01844547195014347,-0.33637189818461466,3.7889989998802776,30.0
459,15.299999999999956,track,1,318.8181113551221,239.93385867458983,318.82739001452705,239.93551882777945,1,0.009426008114065902,1.1743815391949066,1.0286301134968712,128.15714008162726,11.055812783082736,2733.6946270729945,841.7766924784743,0,0.8020833333333334,0.25,57.736366271972656,-0.11708646971405717,-0.17290233279116327,3.71420900000885,30.0
460,15.33333333333329,track,1,316.47411514967723,239.88355066499156,316.4459406318397,239.89054226518954,1,0.029029053183097724,3.555744505461268,3.1678321158188263,388.02908469068495,11.055812783082736,2721.9332872783584,841.7766924784743,0,0.8020833333333334,0.25,160.76715087890625,-0.24345249933802615,-0.17067415437402653,4.539987000043766,30.0
461,15.366666666666623,track,1,319.41538661243567,236.85876855177187,319.39317463513544,236.86515788298777,1,0.023112669447132753,3.1930349390566817,2.52219121730428,348.3879001943561,11.055812783082736,2725.2350302079512,841.7766924784743,0,0.8020833333333334,0.25,71.9085693359375,-0.10141717299833126,-0.3360642448555039,4.004555000392429,30.0
462,15.399999999999956,track,1,319.7765806145757,242.95862603973623,319.7864508885759,242.9612313432898,1,0.010208325790519153,2.9689214020367567,1.1139951421747412,323.93338240002817,11.055812783082736,2729.7647058823522,841.7766924784743,0,0.8020833333333334,0.25,230.62149047851562,-0.0715473157235931,-0.02360931868432492,3.7642169995706354,30.0
463,15.43333333333329,track,1,317.44053855145245,238.75895060392224,317.41453507505594,238.7721504581457,1,0.029161908994852798,2.8622095268424794,3.182247340832227,312.33527025389355,11.055812783082736,2723.8199975238404,841.7766924784743,0,0.8020833333333334,0.25,52.2228889465332,-0.2063212254975449,-0.22982468377396664,3.73608299969419,30.0
464,15.466666666666622,track,1,316.40736090062785,236.55107166053259,316.38383675524665,236.57622599258093,1,0.03444017765218894,4.979845887834635,3.7580102777361235,543.3919441096399,11.055812783082736,2721.771851917219,841.7766924784743,0,0.8020833333333334,0.25,136.10922241210938,-0.27311480962418544,-0.350426345063088,4.676425000070594,30.0
465,15.499999999999956,track,1,320.64737911066936,241.7179032885355,320.66655650390885,241.7352207891089,1,0.025839277032680432,1.8588407031961833,2.8195480107494526,202.81903768911647,11.055812783082736,2728.77261191823,841.7766924784743,0,0.8020833333333334,0.25,235.60452270507812,-0.06409512333004463,-0.08921897930245055,4.263482000169461,30.0
466,15.533333333333289,track,1,320.8254923176802,237.42795931616533,320.8337792951561,237.4055819391233,1,0.023862543849461813,2.725104215921702,2.6036501925978017,297.3356288043737,11.055812783082736,2721.3759483068707,841.7766924784743,0,0.8020833333333334,0.25,104.85621643066406,-0.04948537298373954,-0.307083748983264,3.9994870003283722,30.0
467,15.566666666666622,track,1,319.61392432432433,239.84640000000002,319.63528853357843,239.8557404174643,1,0.023316792992604262,0.39220566147462455,2.5444285237045463,42.79935669937557,11.055812783082736,2726.885901672748,841.7766924784743,0,0.8020833333333334,0.25,15.343728065490723,-0.0859513031821576,-0.17970342433537734,3.8443099997493846,30.0
468,15.599999999999955,track,1,318.40282043517755,242.7300687805511,318.3808974817796,242.74413349525753,1,0.02604672888218822,3.186182920722223,2.8422643036879323,347.6540141696866,11.055812783082736,2725.942546550007,841.7766924784743,0,0.8020833333333334,0.25,152.09649658203125,-0.1668421310448788,-0.0303301697229596,4.835274000015488,30.0
469,15.633333333333288,track,1,320.29001769453197,237.1408657373441,320.2757056412752,237.13139848322555,1,0.017159946648227464,2.8818203036746786,1.87251901645953,314.43016988149674,11.055812783082736,2729.149625545055,841.7766924784743,0,0.8020833333333334,0.25,138.70045471191406,-0.0848329656792809,-0.3103399363565866,3.9737789998071094,30.0
470,15.666666666666622,track,1,321.24421161557365,241.8551287026258,321.23228106920146,241.86296132574478,1,0.014271927748658195,2.2336386311874707,1.5573750079591273,243.72104198356624,11.055812783082736,2728.588235294117,841.7766924784743,0,0.8020833333333334,0.25,84.46624755859375,-0.013555635422489873,-0.06796607977884536,3.8055469999562774,30.0
471,15.699999999999955,track,1,319.88846335900854,240.14871552132192,319.8945745008384,240.1405794835622,1,0.010175517917657044,0.1757188864979562,1.110301673845785,19.173564450597947,11.055812783082736,2738.742414665696,841.7766924784743,0,0.8020833333333334,0.25,6.562068462371826,-0.06844675632458146,-0.15283788870163886,3.757469999982277,30.0
472,15.733333333333288,track,1,316.4153866124356,237.70922937129507,316.3905518542397,237.72457765422416,1,0.029194776990452087,4.2668094366386535,3.1857933212406837,465.6022692648735,11.055812783082736,2726.8153347943467,841.7766924784743,0,0.8020833333333334,0.25,259.9041748046875,-0.2551337764578794,-0.270389104924336,4.7743589998390235,30.0
473,15.766666666666621,track,1,317.4615184719996,242.2162068517476,317.43555187637094,242.20469926658507,1,0.028402264079056033,3.381877146625133,3.0993746807275615,369.02758006621985,11.055812783082736,2716.35294117647,841.7766924784743,0,0.8020833333333334,0.25,96.8168716430664,-0.21459394157384204,-0.03726732047581803,4.227706000165199,30.0
474,15.799999999999955,track,1,320.89268670192183,238.95872565458532,320.8961976395292,238.96123977994307,1,0.004318276183530242,1.3719303932307987,0.4712138750926645,149.69994603263797,11.055812783082736,2736.35294117647,841.7766924784743,0,0.8020833333333334,0.25,106.5131607055664,-0.04276839961967892,-0.19641917644766557,5.001338999591098,30.0
475,15.833333333333288,track,1,320.61392432432433,238.80903783783785,320.6355267114602,238.81910896859563,1,0.023834655539969003,1.3410435597066623,2.6009315300814437,146.32443114700985,11.055812783082736,2728.467163563639,841.7766924784743,0,0.8020833333333334,0.25,39.23448944091797,-0.05097573717877146,-0.20614328638822843,4.244941999786533,30.0
476,15.866666666666621,track,1,318.7754191396266,243.52588485032274,318.79002653219436,243.55389239519104,1,0.031587948448401196,3.754222549262407,3.4466287053435063,409.62328083786394,11.055812783082736,2717.2145320038726,841.7766924784743,0,0.8020833333333334,0.25,165.69325256347656,-0.14269343878442928,0.04285213297055254,4.0992569997797546,30.0
477,15.899999999999954,track,1,316.97939295067187,237.0370926887906,316.9805871836511,237.03724634658704,1,0.0012040777080761674,4.230220203056085,0.13139747204502772,461.59266891260035,10.464157913908982,2894.7131918931905,841.7766924784743,0,0.8953488372093024,0.25,248.37933349609375,-0.24178758435434072,-0.282720606913082,3.8937029999033257,30.0
478,15.933333333333287,track,1,320.33591083848114,238.98341181044538,320.31766185246215,238.98549736467692,1,0.01836777142644026,1.0630732098906297,2.0044226161735015,115.99163967328161,10.464157913908982,2882.3875789072426,841.7766924784743,0,0.8953488372093024,0.25,45.6754150390625,-0.09316442351997312,-0.19110448660279394,3.8317139997161576,30.0
479,15.96666666666662,track,1,321.73044191973736,241.33591083848114,321.7459881995326,241.31755675216925,1,0.024053259650521294,2.1873341281326444,2.624598058463488,238.68269774432076,11.055812783082736,2729.7159670409706,841.7766924784743,0,0.8020833333333334,0.25,115.81353759765625,0.0020026178610262624,-0.06931860944854293,4.505902000346396,30.0
480,15.999999999999954,track,1,319.40700843608045,235.83387410772227,319.385688559601,235.84133896808726,1,0.02258896353015589,4.203788782057756,2.465026846016942,458.66872329530963,11.055812783082736,2724.128874521174,841.7766924784743,0,0.8020833333333334,0.25,186.57427978515625,-0.10930547074752539,-0.35546024443615143,11.613076000230649,30.0
481,16.03333333333329,track,1,316.1993855739691,241.41538661243564,316.1863848228618,241.39304632740004,1,0.02584778259011805,4.06007866790555,2.82032660047631,443.05654785108413,11.055812783082736,2728.3983917258347,841.7766924784743,0,0.8020833333333334,0.25,259.7822265625,-0.27972407154018675,-0.07773170132685073,4.230185000324127,30.0
482,16.066666666666624,track,1,318.9380191968321,239.83884991176345,318.94202130575536,239.84809195687967,1,0.010071359082266654,1.06882878471729,1.0988967549001099,116.63809200525534,11.055812783082736,2734.871776720789,841.7766924784743,0,0.8020833333333334,0.25,6.125453948974609,-0.1503221839170012,-0.1457450049096123,4.441440999926272,30.0
483,16.09999999999996,track,1,320.8297062259335,238.58880283822958,320.83752446850303,238.61092032876059,1,0.023458650947260115,1.6220325423344286,2.5595771325443395,176.98512464290695,11.055812783082736,2723.8931722607786,841.7766924784743,0,0.8020833333333334,0.25,63.14676284790039,-0.05291521376275366,-0.21943221819182124,4.187823999927787,30.0
484,16.133333333333294,track,1,319.51164901664146,241.73857791225416,319.52470528049867,241.75154278553907,1,0.018399836010219002,1.8148848999206055,2.007749101755487,198.0208856906557,11.055812783082736,2726.485897125129,841.7766924784743,0,0.8020833333333334,0.25,78.28380584716797,-0.09077634427705877,-0.05616180058020802,3.7958500001877837,30.0
485,16.16666666666663,track,1,318.48604361102747,237.4765386434992,318.51150519945145,237.44990641889967,1,0.03684518791092853,2.952726543997795,4.0204461069492154,322.18065252006915,11.055812783082736,2732.2621818943167,841.7766924784743,0,0.8020833333333334,0.25,78.00401306152344,-0.16836317384581362,-0.27255458952764505,4.883734000031836,30.0
486,16.199999999999964,track,1,318.2755881718109,238.36883229009283,318.2656927055157,238.34812110863186,1,0.0229537206288922,2.3951045203600567,2.5045172998713623,261.34943531151487,11.055812783082736,2731.602677286452,841.7766924784743,0,0.8020833333333334,0.25,10.070793151855469,-0.18418424887738488,-0.23532133209480793,3.9254420003089763,30.0
487,16.2333333333333,track,1,321.4313301939776,242.21981250270014,321.4145666733991,242.20705306171703,1,0.021067011092852927,2.621465637906778,2.2988381681709145,286.0376899329019,11.055812783082736,2729.4801282602853,841.7766924784743,0,0.8020833333333334,0.25,211.59866333007812,-0.021371326614743558,-0.035911849027116347,3.7887250000494532,30.0
488,16.266666666666634,track,1,320.6182407607521,238.534601253512,320.64652945846865,238.5610763787306,1,0.03874509870732159,1.5774985034905094,4.2278010829159225,172.12285576398676,11.055812783082736,2724.909437960591,841.7766924784743,0,0.8020833333333334,0.25,29.385435104370117,-0.053704558886026224,-0.2186641368465184,3.789776000303391,30.0
489,16.29999999999997,track,1,318.31234647705236,241.210989010989,318.3034561191944,241.20088616483224,1,0.013457561566282219,2.0785544785702594,1.4684416112833347,226.81379393666253,11.055812783082736,2737.906185102454,841.7766924784743,0,0.8020833333333334,0.25,70.89090728759766,-0.16909915313752943,-0.07931308801243547,4.528067999672203,30.0
490,16.333333333333304,track,1,316.88231751903305,241.77289345778314,316.89337825993243,241.78365326790777,1,0.015430926840641821,3.582250356407058,1.6837913274639862,390.90443788898887,11.055812783082736,2736.7552161572603,841.7766924784743,0,0.8020833333333334,0.25,98.19731140136719,-0.25036233134493324,-0.03898780022524452,3.9103710000745195,30.0
491,16.36666666666664,track,1,318.48026429435134,236.82173086888926,318.4643564565729,236.83065092428808,1,0.018238056121847895,3.521785719799742,1.9901869603925262,384.26799042061515,11.055812783082736,2725.807724432772,841.7766924784743,0,0.8020833333333334,0.25,189.5293731689453,-0.17874591417790972,-0.290017799384594,3.8003860004209855,30.0
492,16.399999999999974,track,1,319.6915513002976,242.35606158623366,319.7093374549888,242.33707144991183,1,0.026018696666481746,2.3550770002412587,2.839083831794688,256.95844702336706,11.055812783082736,2729.4568883409347,841.7766924784743,0,0.8020833333333334,0.25,102.7764892578125,-0.10413003236017068,-0.006676864669838051,3.690817999995488,30.0
493,16.43333333333331,track,1,317.1236104553843,240.05768487917936,317.11676784031283,240.0559146512337,1,0.0070678913401509315,2.883774286395681,0.7712919650697393,314.6987720871394,11.055812783082736,2741.0588235294113,841.7766924784743,0,0.8020833333333334,0.25,29.534189224243164,-0.2560675556671448,-0.11730293956830039,4.786678000073152,30.0
494,16.466666666666644,track,1,316.94226556123544,238.16495553932728,316.94482148979773,238.1584399846687,1,0.0069989444436006675,3.567276134429294,0.7636589241472704,389.2691263658423,11.055812783082736,2740.2866651006434,841.7766924784743,0,0.8020833333333334,0.25,71.76947784423828,-0.2786054456922612,-0.21194206149529682,3.834006000033696,30.0
495,16.49999999999998,track,1,319.5750010797737,242.81341510819334,319.59779972641945,242.82442823081828,1,0.025319304074757125,2.8529212907319352,2.7629368785214052,311.2776447882558,11.055812783082736,2728.6072174686888,841.7766924784743,0,0.8020833333333334,0.25,156.3912353515625,-0.12978913312434945,0.029724389483747643,3.6803169996346696,30.0
496,16.533333333333314,track,1,322.4228527011271,237.12436844150795,322.39673623154954,237.1173219448159,1,0.027050380751986815,3.748890146891781,2.9519019513045044,409.063632735473,11.055812783082736,2730.6593221637113,841.7766924784743,0,0.8020833333333334,0.25,363.56097412109375,0.0024206790282510215,-0.2577406665610831,3.711744999691291,30.0
497,16.56666666666665,track,1,320.42492550848556,239.88392278792588,320.39645090202384,239.89009482535107,1,0.02913584148651611,0.411403044629146,3.1794933970135677,44.894777001554175,11.055812783082736,2730.6593221637113,841.7766924784743,0,0.8020833333333334,0.25,5.266400337219238,-0.10865702595476787,-0.11709178881669036,4.797398999926372,30.0
498,16.599999999999984,track,1,317.6715582906571,241.49834315961613,317.6823807070889,241.49677388798932,1,0.010935598331208872,2.758929368186223,1.1933689971980994,301.05904163875107,11.055812783082736,2740.0928733911196,841.7766924784743,0,0.8020833333333334,0.25,111.85765838623047,-0.22604240869464276,-0.03623697263607176,3.9774389997546677,30.0
499,16.63333333333332,track,1,318.22930923176244,237.07850225952228,318.21155011741735,237.0750902370795,1,0.018083916596584253,3.4283596812087147,1.973438197736112,374.0795720808198,11.055812783082736,2735.107206650348,841.7766924784743,0,0.8020833333333334,0.25,122.22653198242188,-0.20222947142519607,-0.26366363017815614,4.037254000195389,30.0
500,16.666666666666654,track,1,320.57885637723126,241.12447594761636,320.59638043092014,241.11852124866732,1,0.018508130571838546,1.2675801363640835,2.0197070741566785,138.3085842098792,11.055812783082736,2728.300934356859,841.7766924784743,0,0.8020833333333334,0.25,73.71349334716797,-0.08091318113683593,-0.06145708291747139,3.8128700002744154,30.0
501,16.69999999999999,track,1,320.13623721706387,241.12322964357537,320.103411409915,241.11767512853578,1,0.033292435361500616,1.1224489354300617,3.633099061391658,122.46835000174423,11.055812783082736,2755.8940716970287,841.7766924784743,0,0.8020833333333334,0.25,22.49785804748535,-0.10376294569115012,-0.05498060176660141,4.658026000015525,30.0
502,16.733333333333324,track,1,317.2321143301239,238.52160960234878,317.1986275633801,238.54843446065217,1,0.042906136739999524,3.1551117323600093,4.681909720709008,344.29618764463464,11.055812783082736,2726.3962992566694,841.7766924784743,0,0.8020833333333334,0.25,115.71631622314453,-0.24648089073064777,-0.18651281521780005,3.8566319999517873,30.0
503,16.76666666666666,track,1,317.64646595167335,241.03307920920014,317.6442476833147,241.03213757390483,1,0.0024098530121980277,2.5719403082175853,0.2629738528398819,280.66112923008853,11.055812783082736,2739.322038333276,841.7766924784743,0,0.8020833333333334,0.25,41.36823272705078,-0.2344803030800428,-0.058042320933873584,3.811340999618551,30.0
504,16.799999999999994,track,1,320.33173513023195,238.0165867565116,320.3147868046631,238.01743716197268,1,0.016969647286754416,2.0073978527230043,1.8518526933561459,219.02413216578427,10.464157913908982,2884.5005827528757,841.7766924784743,0,0.8953488372093024,0.25,84.7674560546875,-0.11750185818355595,-0.21256742582254234,3.83356999964235,30.0
505,16.83333333333333,track,1,320.73495535136533,238.73081402873044,320.7509301174582,238.7433170155947,1,0.020285902303082404,1.463949508896949,2.2135983656225218,159.73608364705942,11.055812783082736,2736.6623304312484,841.7766924784743,0,0.8020833333333334,0.25,29.3911075592041,-0.07475382030848775,-0.18345614453602324,4.608972999903926,30.0
506,16.866666666666664,track,1,318.66826486976805,243.16586756511597,318.68648973080417,243.15591156885182,1,0.020766979111021863,3.4183456609441447,2.2661536961667705,372.97865480189637,11.055812783082736,2728.371515208293,841.7766924784743,0,0.8020833333333334,0.25,202.9473114013672,-0.17708758184229928,0.04792981999128422,4.182046000096307,30.0
507,16.9,track,1,319.4195767882643,237.71335843177982,319.3969528757775,237.72837142112076,1,0.027152002967743453,2.350311093113834,2.96286649242566,256.4407542321442,11.055812783082736,2723.4217677399874,841.7766924784743,0,0.8020833333333334,0.25,84.725341796875,-0.13928930215308993,-0.22547677616125833,3.8128199998936907,30.0
508,16.933333333333334,track,1,319.91336112424256,241.0742618935064,319.9185404803641,241.06895857895177,1,0.007412885747047001,1.0720578794327724,0.8088753787812332,116.97021766313152,11.055812783082736,2740.6923584138744,841.7766924784743,0,0.8020833333333334,0.25,27.620769500732422,-0.107278989511932,-0.05508737627344649,3.7305569999261934,30.0
509,16.96666666666667,track,1,321.44053855145245,242.13299277024979,321.4167434733954,242.12372313467029,1,0.025536873017614484,2.552912458769835,2.786707227636663,278.55843425436456,11.055812783082736,2720.6692503761265,841.7766924784743,0,0.8020833333333334,0.25,68.6036148071289,-0.025959015430415636,0.009309292973434802,4.662962000111293,30.0
510,17.000000000000004,track,1,318.5016602699556,237.87994307645866,318.5006422234296,237.8864645776191,1,0.006600484536366444,2.591352103404869,0.7201687124641347,282.7540841404138,11.055812783082736,2732.8498581558083,841.7766924784743,0,0.8020833333333334,0.25,152.76461791992188,-0.17096045026968004,-0.20404643947587298,11.139054999603104,30.0
511,17.03333333333334,track,1,316.1325909620614,242.29418619707369,316.1240015053688,242.27728426821113,1,0.018959271229352755,4.495485287332732,2.068683531153503,490.5582264171425,11.055812783082736,2728.9140595681406,841.7766924784743,0,0.8020833333333334,0.25,200.96417236328125,-0.30137805407053697,0.023849475879738957,4.710469000201556,30.0
512,17.066666666666674,track,1,318.22870013427473,240.46571663706848,318.2139818992125,240.44092813564032,1,0.028828739937789918,1.839640801118466,3.1455920494673935,200.75317357080246,11.055812783082736,2717.6853918629904,841.7766924784743,0,0.8020833333333334,0.25,3.033949851989746,-0.20737442147881827,-0.08409881162189674,3.9265249997697538,30.0
513,17.10000000000001,track,1,318.7765806145757,237.90483989139335,318.79006791277084,237.91057299621457,1,0.014655227855446458,2.41446492205923,1.599243386558377,263.449210638861,11.055812783082736,2731.340327777406,841.7766924784743,0,0.8020833333333334,0.25,102.4390869140625,-0.18652360982636051,-0.19344414154410444,3.7838680000277236,30.0
514,17.133333333333344,track,1,318.61800960166084,242.60555339301933,318.6382738598361,242.62598302798574,1,0.02877516540792706,2.9580542496842166,3.139877593706668,322.7595520469058,11.055812783082736,2727.995212486698,841.7766924784743,0,0.8020833333333334,0.25,85.54914855957031,-0.2001736040058691,0.04850634510588951,3.760827999940375,30.0
515,17.16666666666668,track,1,318.5384815280004,238.2536272683962,318.5664910822916,238.239108894899,1,0.031548665591366994,2.270613419579251,3.442694292061105,247.7596553645646,11.055812783082736,2721.0647451360323,841.7766924784743,0,0.8020833333333334,0.25,77.16612243652344,-0.20973064109725942,-0.1698163668826577,4.862062000029255,30.0
516,17.200000000000014,track,1,319.59717956482245,238.01245836397456,319.6203510465625,238.01013948318996,1,0.023287223409486173,2.0257537373051284,2.541269710970265,221.02732871949644,10.464157913908982,2876.5454792499886,841.7766924784743,0,0.8953488372093024,0.25,60.67957305908203,-0.13705088736985663,-0.19103970179953628,4.406871999890427,30.0
517,17.23333333333335,track,1,321.3693424977305,243.2240954480612,321.34790564048467,243.21270867993735,1,0.024273387420877205,3.484013013436542,2.6487878537599623,380.14381287230776,11.055812783082736,2727.8292567954886,841.7766924784743,0,0.8020833333333334,0.25,266.9120178222656,-0.06025828416802713,0.07693757630684454,3.8275789997896936,30.0
518,17.266666666666683,track,1,320.4866816570094,237.4690824180576,320.46933535902576,237.44394348304854,1,0.03054275866923638,2.5987882940097022,3.332650427307529,283.550246919321,11.055812783082736,2717.573232054018,841.7766924784743,0,0.8020833333333334,0.25,104.95033264160156,-0.12037215990972461,-0.21412865130414668,4.082256999936362,30.0
519,17.30000000000002,track,1,317.71323433914887,241.44053855145245,317.7295466708524,241.41423435560364,1,0.030951621683830904,2.674886377476059,3.3772362555581967,291.88889646576007,11.055812783082736,2723.8199975238404,841.7766924784743,0,0.8020833333333334,0.25,115.780517578125,-0.23606713115582031,-0.014184256070225457,4.7960249999050575,30.0
520,17.333333333333353,track,1,317.66826486976805,240.9958533108721,317.68646082643954,240.9941232739327,1,0.018278015948194018,2.5180835155676378,1.994629122026986,274.7842991808948,10.464157913908982,2886.3681780166844,841.7766924784743,0,0.8953488372093024,0.25,39.7121467590332,-0.24483333503356225,-0.030129199183354702,3.6919219996889296,30.0
521,17.36666666666669,track,1,319.55946144854755,238.04571626477338,319.5836788799402,238.0445725717093,1,0.024244422391170504,1.9992547867441661,2.6457297817469025,218.13638272663493,11.055812783082736,2726.9817165191926,841.7766924784743,0,0.8020833333333334,0.25,67.78153228759766,-0.1286591774237639,-0.1815807732560425,3.7808079996466404,30.0
522,17.400000000000023,track,1,319.8633835007978,241.50166026995558,319.86924066453275,241.5030011771471,1,0.006008693627934705,1.5086784091771839,0.6557073278073694,164.60911210618136,11.055812783082736,2732.8498581558083,841.7766924784743,0,0.8020833333333334,0.25,49.3383674621582,-0.12513583402642858,-0.006036072932080014,3.8326539997797227,30.0
523,17.43333333333336,track,1,318.2109526476798,239.7890473523202,318.19916532006255,239.79816071589846,1,0.014899479456195316,1.8121105487999476,1.6258333521166946,197.75048251089416,11.055812783082736,2733.625379106434,841.7766924784743,0,0.8020833333333334,0.25,16.611324310302734,-0.216477652957241,-0.07820090537235472,4.557063999982347,30.0
524,17.466666666666693,track,1,316.9044279963641,238.56784833138553,316.9098610108547,238.59157084542403,1,0.0243367072292316,3.3959728585039692,2.655352889992881,370.58235729078103,11.055812783082736,2725.871432640465,841.7766924784743,0,0.8020833333333334,0.25,64.58502197265625,-0.2915397861160537,-0.15388350814134819,3.8409020003200567,30.0
525,17.50000000000003,track,1,320.72974143531553,243.46151847199965,320.74544357616105,243.43616010582844,1,0.02982622942991828,3.5160890771035165,3.2544404334054153,383.6365171514568,11.055812783082736,2722.6408036204143,841.7766924784743,0,0.8020833333333334,0.25,243.62698364257812,-0.09970091737360688,0.10117600718072584,3.8937389999773586,30.0
526,17.533333333333363,track,1,320.6599127316715,238.18248585129822,320.6776613348918,238.17235048285124,1,0.0204386547949622,1.9492377080134256,2.230319783856162,212.68200778437563,11.055812783082736,2729.4801282602853,841.7766924784743,0,0.8020833333333334,0.25,114.240966796875,-0.0959020007318157,-0.16194301907830636,4.229850999763585,30.0
527,17.5666666666667,track,1,320.6549155478562,239.47999133824166,320.67263559674916,239.45640049700148,1,0.029504710186476896,0.8648347042495081,3.219406538855697,94.37053877859411,11.055812783082736,2721.18259626623,841.7766924784743,0,0.8020833333333334,0.25,10.229114532470703,-0.08736890564361663,-0.10037356448292864,4.161940999892977,30.0
528,17.600000000000033,track,1,316.8839728924764,242.29835541934648,316.89123400257836,242.28307042575273,1,0.016922019651156087,3.857050245417048,1.8463879820175122,420.88364500551165,11.055812783082736,2725.5294117647054,841.7766924784743,0,0.8020833333333334,0.25,188.6719207763672,-0.2798289718192426,0.048273035365889616,3.850152999802958,30.0
529,17.63333333333337,track,1,318.7343135135135,238.61392432432433,318.7506989238145,238.6336801046042,1,0.02566656434351468,1.8513733376908579,2.8006304766223082,202.0160053714563,11.055812783082736,2728.467163563639,841.7766924784743,0,0.8020833333333334,0.25,51.18920135498047,-0.19218729729667006,-0.13584207889234845,3.8212029999158403,30.0
530,17.666666666666703,track,1,319.65062172349553,241.52168450240458,319.6701768637986,241.54778140587462,1,0.03261060997584108,1.5825329638098977,3.5583060540848335,172.66834878662155,11.055812783082736,2718.5491565838943,841.7766924784743,0,0.8020833333333334,0.25,29.69925880432129,-0.12792736887495376,0.013754679852240194,4.426488000262907,30.0
531,17.70000000000004,track,1,319.23261650296394,242.58461338756436,319.2202031776203,242.60628714452707,1,0.02497683700882767,2.7204440380056623,2.725292345565149,296.82655345791807,11.055812783082736,2729.9842090010975,841.7766924784743,0,0.8020833333333334,0.25,37.22563171386719,-0.16542563451415435,0.07962581025041834,4.006382999705238,30.0
532,17.733333333333373,track,1,315.73081402873044,236.91303222466675,315.7453176228639,236.9158885816629,1,0.014782185835604773,5.25490869292984,1.6131303847866383,573.4193746641296,11.055812783082736,2728.750598552258,841.7766924784743,0,0.8020833333333334,0.25,347.8476867675781,-0.35303798233849576,-0.20857956724420845,4.018858000108594,30.0
533,17.76666666666671,track,1,318.55946144854755,243.00831204814062,318.58621128675736,243.00846602465072,1,0.02675028136331756,3.324103841213441,2.919188534745665,362.69799276452176,10.464157913908982,2872.4530654828914,841.7766924784743,0,0.8953488372093024,0.25,113.87381744384766,-0.22126101970114773,0.10241380838519995,3.791434000049776,30.0
534,17.800000000000043,track,1,319.9464032639038,239.0082456517071,319.9481122830589,239.00732168297202,1,0.0019427981613981864,0.9940334885037145,0.21200399618523136,108.45706448206025,10.464157913908982,2897.450425415754,841.7766924784743,0,0.8953488372093024,0.25,96.47956085205078,-0.14967641544579866,-0.09581899715762143,4.556244000013976,30.0
535,17.83333333333338,track,1,321.2151075106649,238.89658292756496,321.20575093586103,238.90030310058603,1,0.010069020774975615,1.6319217474837628,1.0987794114628309,178.0730087776419,11.055812783082736,2733.3898131295196,841.7766924784743,0,0.8020833333333334,0.25,96.85427856445312,-0.08112963636320308,-0.10666047519215635,3.984049999871786,30.0
536,17.866666666666713,track,1,318.5083142573317,243.2570725176003,318.5193133389016,243.2419750106102,1,0.018679253536977726,3.5641036682138805,2.0381814563672673,388.8841602259306,11.055812783082736,2728.6072174686888,841.7766924784743,0,0.8020833333333334,0.25,144.69528198242188,-0.21433932628032615,0.12016813228322712,3.81713300021147,30.0
537,17.90000000000005,track,1,319.3484422935661,238.0248887352547,319.3281374738717,238.02488204586052,1,0.02030482079629395,2.0862622526373786,2.2158123325597714,227.63210902663053,10.464157913908982,2879.780768537548,841.7766924784743,0,0.8953488372093024,0.25,97.36678314208984,-0.1712954181463282,-0.14309931597321887,3.7679649999518006,30.0
538,17.933333333333383,track,1,320.6807876667962,240.70980696981474,320.69969105436076,240.72734890660138,1,0.025788710856527494,1.009259135944127,2.814023598273891,110.12766196030738,11.055812783082736,2729.07862198948,841.7766924784743,0,0.8020833333333334,0.25,22.8004150390625,-0.09785327154619736,-0.009828988293069968,4.399068000111583,30.0
539,17.96666666666672,track,1,321.31503950947797,241.31503950947797,321.29617495622165,241.2980069569428,1,0.025416121171884447,1.8343640798402314,2.773373821918008,200.1615726160775,11.055812783082736,2726.1608693271105,841.7766924784743,0,0.8020833333333334,0.25,28.368431091308594,-0.05433558017373806,0.025400954380971855,3.845311000077345,30.0
540,18.000000000000053,track,1,317.7712998657253,237.46571663706848,317.78427908301546,237.43756166052287,1,0.03100262546540737,3.387552128836557,3.3827398052179585,369.6371572003675,11.055812783082736,2717.6853918629904,841.7766924784743,0,0.8020833333333334,0.25,200.00389099121094,-0.23058713119632707,-0.17413226753973404,10.856261000299128,30.0
541,18.03333333333339,track,1,316.9958551012478,243.31086740641595,316.99565762406587,243.29582549718168,1,0.015043205464574516,4.459656805148397,1.641333911602968,486.6234879669653,10.464157913908982,2887.6149354690697,841.7766924784743,0,0.8953488372093024,0.25,252.56088256835938,-0.2782559649048949,0.12462353722244655,4.983154000001377,30.0
542,18.066666666666723,track,1,317.0,240.1031769915309,316.9990393281046,240.09860144047502,1,0.004675313674556043,3.0025800902435233,0.5101179562279459,327.6636980059946,10.464157913908982,2901.9626285113086,841.7766924784743,0,0.8953488372093024,0.25,33.023895263671875,-0.29059446714248155,-0.035683367718064365,4.130533000079595,30.0
543,18.10000000000006,track,1,319.78060454486655,239.24837221335864,319.79240848534437,239.23507893790986,1,0.01777763153406172,0.7925897224832816,1.939833969647481,86.47893919834081,11.055812783082736,2736.254356333161,841.7766924784743,0,0.8020833333333334,0.25,61.58232879638672,-0.1442872671331031,-0.07534637043395573,3.791559000092093,30.0
544,18.133333333333393,track,1,318.97921268026505,243.54267896583085,318.9805087945042,243.5681916557511,1,0.02554559177407446,3.710977500639825,2.7872294399505932,404.90276870552054,10.464157913908982,2871.458233476144,841.7766924784743,0,0.8953488372093024,0.25,126.96192169189453,-0.19704128192897807,0.15049353235360058,4.489193000154046,30.0
545,18.16666666666673,track,1,316.64737911066936,238.97096063264337,316.66556572622153,238.973158253478,1,0.01831891161000474,3.4889620087568876,1.9990898798961052,380.73548872441506,11.055812783082736,2730.354967871402,841.7766924784743,0,0.8020833333333334,0.25,101.4839859008789,-0.3242413949675622,-0.07521820885975844,3.9442219999727968,30.0
546,18.200000000000063,track,1,319.1821553322696,239.25253352882834,319.1734908118931,239.2395876443859,1,0.015577863696665776,1.1230958946571488,1.6997631200986405,122.55055289578428,11.055812783082736,2734.4327426546747,841.7766924784743,0,0.8020833333333334,0.25,49.36961364746094,-0.20334099353948848,-0.06496621129752624,3.8056409998716845,30.0
547,18.2333333333334,track,1,321.9464032639038,242.95877174146446,321.9481832181582,242.96169708820048,1,0.0034243087877281744,3.5450059934742586,0.3736373984707142,386.80928747768763,11.055812783082736,2737.833307781567,841.7766924784743,0,0.8020833333333334,0.25,247.50962829589844,-0.05651470616568585,0.12873177151743925,3.823432999979559,30.0
548,18.266666666666733,track,1,321.5300844704353,237.5384015594542,321.55830806805307,237.56510414017112,1,0.038853561991552196,2.89085487065178,4.239632191315787,315.4316971578771,11.055812783082736,2714.317453731478,841.7766924784743,0,0.8020833333333334,0.25,178.81805419921875,-0.06319984131266022,-0.14642800741451523,4.615639000348892,30.0
549,18.300000000000068,track,1,318.211700609677,241.61810870411207,318.2019532105701,241.6387575848936,1,0.0228339235979927,2.4327964729967713,2.491444445217839,265.463346683577,11.055812783082736,2728.7031391021096,841.7766924784743,0,0.8020833333333334,0.25,97.91909790039062,-0.2254620805028309,0.05828990599131932,3.983368000262999,30.0
550,18.333333333333403,track,1,316.6557355800389,240.30278677900196,316.6727523919103,240.28562202061767,1,0.024170246516303586,3.3394844788081133,2.6373995459380914,364.428784114292,11.055812783082736,2722.941176470588,841.7766924784743,0,0.8020833333333334,0.25,110.48226928710938,-0.31126259527746175,-0.020940826855528054,3.7950380001348094,30.0
551,18.366666666666738,track,1,318.67243985660605,237.89219539584502,318.6902115869934,237.89918141010276,1,0.019095517698428835,2.475678580612621,2.0837945871453942,270.12979116947116,11.055812783082736,2728.6072174686888,841.7766924784743,0,0.8020833333333334,0.25,60.75377655029297,-0.2160990168817976,-0.1346292883481978,3.831106999768963,30.0
552,18.400000000000073,track,1,318.626475292897,242.67627858717736,318.6488137394706,242.69474032413734,1,0.028980026344034685,3.0145198166831246,3.162286752667954,328.9199850596939,11.055812783082736,2727.593418014804,841.7766924784743,0,0.8020833333333334,0.25,122.5931167602539,-0.22192936621328874,0.10868873353126521,4.621663999841985,30.0
553,18.433333333333408,track,1,317.7680659217395,240.72664912205013,317.7816129123448,240.7425109597648,1,0.020859502634219044,2.339351148512345,2.2761093373031973,255.2827426303037,11.055812783082736,2734.838503102339,841.7766924784743,0,0.8020833333333334,0.25,5.645542621612549,-0.2714400016076597,0.01705008971259507,3.879588000017975,30.0
554,18.466666666666743,track,1,317.1326024085984,238.29835541934648,317.1255408028012,238.28202535416483,1,0.017791495307370946,3.3487240196966463,1.941248745890912,365.42044929053895,11.055812783082736,2728.678493591226,841.7766924784743,0,0.8020833333333334,0.25,64.430908203125,-0.31371021312487835,-0.10923829738435954,3.8104129998828284,30.0
555,18.500000000000078,track,1,319.4950153208752,243.892279142031,319.4906046867793,243.89845825747477,1,0.007591782451808434,3.931597686743195,0.828373824081038,428.9700401775633,11.055812783082736,2732.310193628508,841.7766924784743,0,0.8020833333333334,0.25,224.63616943359375,-0.19915727083180454,0.18063939174636578,3.792021999743156,30.0
556,18.533333333333413,track,1,322.5216845024046,237.68805511026386,322.5505812124468,237.70449609132493,1,0.03324643905012336,3.4314432409744238,3.6279396263680526,374.43469125836737,11.055812783082736,2721.697448497673,841.7766924784743,0,0.8020833333333334,0.25,340.264892578125,-0.03584079302555912,-0.1312725104581599,4.658035999909771,30.0
557,18.566666666666748,track,1,321.30669602383114,239.7886284160083,321.28925488425693,239.8005859694672,1,0.02114654662986949,1.3045858009934417,2.3075365550649924,142.3654704232194,11.055812783082736,2732.950698794576,841.7766924784743,0,0.8020833333333334,0.25,16.95458221435547,-0.08124908784544375,-0.01996269159435372,4.3006659998354735,30.0
558,18.600000000000083,track,1,317.07011212785153,243.06598788503675,317.0668624661614,243.06258231375114,1,0.004707251520963677,4.240602105941323,0.5136422946153493,462.7229658409845,11.055812783082736,2736.892673619563,841.7766924784743,0,0.8020833333333334,0.25,258.0348205566406,-0.29301851392600675,0.14277145091473406,4.086973000084981,30.0
559,18.633333333333418,track,1,319.47411514967723,237.90850409392192,319.44533140721273,237.91402406868747,1,0.02930825739744367,2.1584607556867446,3.198313810571183,235.50811104046613,11.055812783082736,2721.9332872783584,841.7766924784743,0,0.8020833333333334,0.25,108.07098388671875,-0.1725855072483947,-0.11759825312146789,3.966484999637032,30.0
560,18.666666666666753,track,1,320.09140087419394,242.57623231055524,320.08640317036793,242.60190684395218,1,0.026156427674339473,2.6033410710959135,2.8538939845100906,284.0454025996479,11.055812783082736,2724.763352646581,841.7766924784743,0,0.8020833333333334,0.25,75.3954086303711,-0.14150059193868691,0.12105953057816482,4.831362999993871,30.0
561,18.700000000000088,track,1,318.25253352882834,241.10349734788048,318.2377505551442,241.09706230073687,1,0.016122845365701268,2.0758296648792336,1.7593943929227764,226.51865385240777,11.055812783082736,2729.6923182704936,841.7766924784743,0,0.8020833333333334,0.25,31.748714447021484,-0.22955029172110542,0.05524226419436278,3.8614209997831495,30.0
562,18.733333333333423,track,1,318.2608583135648,237.97101574293725,318.2484653985068,237.97280306242408,1,0.01252113631356227,2.679067166747609,1.366394085649388,292.3298840737154,11.055812783082736,2730.798587383458,841.7766924784743,0,0.8020833333333334,0.25,117.8127212524414,-0.23348843551508264,-0.10639499225748326,3.8115370002742566,30.0
563,18.766666666666758,track,1,316.7805004314064,243.49667817083693,316.79271234663975,243.49501416177407,1,0.012324763682448161,4.743608129093127,1.3449648284991842,517.6076481346513,11.055812783082736,2728.632883587479,841.7766924784743,0,0.8020833333333334,0.25,176.37205505371094,-0.31829211983186934,0.17803062485497076,3.766963000089163,30.0
564,18.800000000000093,track,1,318.3492572220538,239.53848152800035,318.3279239965568,239.56458738741526,1,0.033713831077100874,1.7278374647195232,3.6787106970975176,188.55228771740062,11.055812783082736,2721.0647451360323,841.7766924784743,0,0.8020833333333334,0.25,38.376792907714844,-0.24874706042541275,0.007843358230210158,4.7400559997186065,30.0
565,18.833333333333428,track,1,320.6515577064339,239.1161474311887,320.67250126877707,239.1095223574656,1,0.021966438160495615,1.1158890573710167,2.397101600435667,121.76029226386083,11.055812783082736,2730.5909434098726,841.7766924784743,0,0.8020833333333334,0.25,111.97511291503906,-0.1320232578762625,-0.04000480098611873,3.990784000052372,30.0
566,18.866666666666763,track,1,318.4916857426683,243.23219453202609,318.48077424180565,243.21910392837174,1,0.017041853042184203,3.5595894434638886,1.8595379771972969,388.3922674488442,11.055812783082736,2725.454579538434,841.7766924784743,0,0.8020833333333334,0.25,102.95880126953125,-0.2407847993775163,0.17424608465309263,3.8076920000094105,30.0
567,18.900000000000098,track,1,317.7641074276846,239.12415398542916,317.7781088741822,239.11867527881486,1,0.015035183078019583,2.3902998638580972,1.6407116983210164,260.8409116110598,11.055812783082736,2729.0588235294113,841.7766924784743,0,0.8020833333333334,0.25,59.32136154174805,-0.28324326839302727,-0.029829736031162013,3.7979600001563085,30.0
568,18.933333333333433,track,1,321.1200569235413,240.50166026995558,321.1149183161058,240.50313710304636,1,0.005346617842567528,1.2231883730848825,0.5834546082321392,133.4793575005912,11.055812783082736,2732.8498581558083,841.7766924784743,0,0.8020833333333334,0.25,88.7591323852539,-0.11109113192475117,0.03842736281065698,4.796196000370401,30.0
569,18.966666666666768,track,1,320.32756014339395,241.89219539584502,320.3096242482634,241.899826932241,1,0.019491964546907152,1.9248920872560533,2.1270494978129846,210.02210154012212,11.055812783082736,2728.6072174686888,841.7766924784743,0,0.8020833333333334,0.25,29.00312042236328,-0.15967052336860862,0.11377230930663375,3.8660859995616192,30.0
570,19.000000000000103,track,1,319.30669602383114,237.15334801191557,319.28900364658625,237.14442821136822,1,0.01981370874873621,2.942754841062595,2.162140566017216,321.08143595588047,11.055812783082736,2729.7857287706665,841.7766924784743,0,0.8020833333333334,0.25,160.8607177734375,-0.19017712243295903,-0.13150560489920884,11.769781000111834,30.0
571,19.033333333333438,track,1,315.83411810445375,243.33591083848114,315.841454283498,243.31713168969418,1,0.02016124877413301,5.319479779359096,2.1998047989568517,580.4608343724746,11.055812783082736,2728.1358129478976,841.7766924784743,0,0.8020833333333334,0.25,322.34405517578125,-0.3734369176511201,0.18227413262091413,4.241644000103406,30.0
572,19.066666666666773,track,1,318.11620768665426,239.62647529289697,318.1081260856761,239.64761032441152,1,0.022627457468560475,1.9244129991144523,2.468892716853476,210.00494138920388,11.055812783082736,2729.17509017905,841.7766924784743,0,0.8020833333333334,0.25,16.8623104095459,-0.2685337551601656,0.018388532790088223,3.875802000038675,30.0
573,19.100000000000108,track,1,319.8008040461678,239.6306575022695,319.8129812819486,239.6507314675199,1,0.023478695707743538,0.3961874665892148,2.561836200966073,43.22893728068826,11.055812783082736,2726.2501948647337,841.7766924784743,0,0.8020833333333334,0.25,39.31895446777344,-0.1745370076086711,0.016312873495327986,3.7346720000641653,30.0
574,19.133333333333443,track,1,319.04151171841215,243.51331834299057,319.03824810067727,243.52982900953816,1,0.01683013103232252,3.658505098045928,1.8363140336296415,399.17708171975846,11.055812783082736,2733.345698979193,841.7766924784743,0,0.8020833333333334,0.25,126.08258056640625,-0.22191009608958653,0.20223576075834224,4.993558000023768,30.0
575,19.166666666666778,track,1,317.27335087794984,238.7680659217395,317.2605521118005,238.78165616149113,1,0.0186682358955581,2.9981555064728034,2.03702410463457,327.1713143840217,11.055812783082736,2734.838503102339,841.7766924784743,0,0.8020833333333334,0.25,96.90245056152344,-0.3167424173962475,-0.03453586013411749,4.0548840001974895,30.0
576,19.200000000000113,track,1,318.5166608966592,238.65933875714038,318.539193901325,238.67657504295767,1,0.028369452727285794,1.9711438493546225,3.09568147408509,215.08857387844506,11.055812783082736,2724.8812720369237,841.7766924784743,0,0.8020833333333334,0.25,34.31022644042969,-0.25990797659672493,-0.047886795353392894,3.866260999984661,30.0
577,19.233333333333448,track,1,321.60095258714006,242.55107166053259,321.6222415132438,242.57810431805444,1,0.03440905327591832,3.046028463764336,3.754558318131416,332.36284170423806,11.055812783082736,2720.1981184222973,841.7766924784743,0,0.8020833333333334,0.25,211.304443359375,-0.09807127916261946,0.1508640276932864,4.077031000178977,30.0
578,19.266666666666783,track,1,320.58461338756433,240.15369304660118,320.60872870009666,240.14432794363984,1,0.025869933359181366,0.625604656022217,2.8230529165406315,68.2699665112504,11.055812783082736,2725.2350302079512,841.7766924784743,0,0.8020833333333334,0.25,13.16058349609375,-0.13804513495541043,0.025718905671349664,4.510837999987416,30.0
579,19.300000000000118,track,1,318.2740602967256,242.60136684112635,318.2585883818251,242.62232655932974,1,0.02605167821568742,3.14787404571412,2.842624598024284,343.47693685040593,11.055812783082736,2726.1783853306924,841.7766924784743,0,0.8020833333333334,0.25,83.59309387207031,-0.2511784270901525,0.1638444441213702,3.864983999847027,30.0
580,19.333333333333453,track,1,318.49667817083696,243.03313201035377,318.494035173866,243.03227989739992,1,0.002776964075143428,3.385653767550438,0.3030377895852323,369.41491164718354,11.055812783082736,2741.3242678053866,841.7766924784743,0,0.8020833333333334,0.25,38.20158767700195,-0.2413464741310312,0.1999381776898749,3.835781999896426,30.0
581,19.366666666666788,track,1,319.9050445103858,237.1197264869049,319.9095398515137,237.11197879848112,1,0.008957386212996434,2.8894375748381766,0.9773662357603209,315.2608183042456,11.055812783082736,2740.3923304884647,841.7766924784743,0,0.8020833333333334,0.25,285.494873046875,-0.16309891145238675,-0.10050155391456604,4.302925000047253,30.0
582,19.400000000000123,track,1,319.4833391033408,243.42790375627487,319.46229697033505,243.40473006257946,1,0.03130162042006215,3.446927812870935,3.4155314723687695,376.0890318465511,11.055812783082736,2715.458023277015,841.7766924784743,0,0.8020833333333334,0.25,95.1780014038086,-0.18532508762700817,0.2209728766883458,4.012875000171334,30.0
583,19.433333333333458,track,1,317.04143109921887,240.49501532087524,317.03840366375607,240.49133150059174,1,0.004768217419803823,3.0020758655182576,0.5202879511952755,327.6071763502557,11.055812783082736,2738.664411962591,841.7766924784743,0,0.8020833333333334,0.25,85.4393310546875,-0.31335677755549785,0.053973722283882364,3.8210299999263952,30.0
584,19.466666666666793,track,1,316.81378507694296,237.76826587352903,316.8236488399998,237.779320955323,1,0.014815824483050665,3.8756447348927887,1.6166521835507428,422.91434517182205,11.055812783082736,2734.0283694577856,841.7766924784743,0,0.8020833333333334,0.25,158.36329650878906,-0.3368350469712082,-0.0669967289248058,3.94130699987727,30.0
585,19.500000000000128,track,1,320.18631129512227,244.74330443783154,320.17647490273134,244.7553167437993,1,0.015525788544598714,4.758590203532148,1.6941083754192863,519.200371352065,11.055812783082736,2734.1969038739894,841.7766924784743,0,0.8020833333333334,0.25,315.096435546875,-0.17995021849051893,0.2914221008637506,4.423890999987634,30.0
586,19.533333333333463,track,1,321.17153928955867,238.64038751345532,321.18451375846803,238.66054865570038,1,0.023975164235214178,1.7880723552882616,2.6160185309310733,195.10822992396274,11.055812783082736,2740.2659404871574,841.7766924784743,0,0.8020833333333334,0.25,172.7076416015625,-0.11385880244827068,-0.013373749568045934,4.005322000011802,30.0
587,19.566666666666798,track,1,320.250139971575,240.22739997415908,320.2449641853864,240.21476877851433,1,0.0136504895914496,0.3257807243324077,1.4894157770832543,35.548858577074746,11.055812783082736,2739.5580138717464,841.7766924784743,0,0.8020833333333334,0.25,4.974490165710449,-0.16491197756925105,0.05016277813247926,3.8571029999729944,30.0
588,19.600000000000133,track,1,318.5705950991832,242.78426033968623,318.5981203207607,242.79633353910083,1,0.03005661269994873,3.1280581671324863,3.279905879254437,341.3083658326933,11.055812783082736,2728.5367731375445,841.7766924784743,0,0.8020833333333334,0.25,84.53517150878906,-0.23506359728941317,0.19576393826575803,3.7933379999230965,30.0
589,19.633333333333468,track,1,319.49442699143606,237.6984120153204,319.5006060410724,237.71313757013877,1,0.015969427638992943,2.3407550276191236,1.742438684385542,255.397176241652,11.055812783082736,2740.0928733911196,841.7766924784743,0,0.8020833333333334,0.25,130.68479919433594,-0.18727648890407433,-0.06490227563341452,4.271415999937744,30.0
590,19.666666666666803,track,1,319.48693515005175,241.95860641600552,319.4783521183879,241.9600328994701,1,0.008700763622681079,2.028261689081455,0.9494871893366696,221.30218873628266,11.055812783082736,2741.14647802151,841.7766924784743,0,0.8020833333333334,0.25,50.43925476074219,-0.1851606591640863,0.1477893605350447,4.374831000404811,30.0
591,19.700000000000138,track,1,318.3146048035876,241.3477210987021,318.2985246489252,241.3311316521731,1,0.02310370338506971,2.160307812727671,2.5210160586363077,235.73287080075013,11.055812783082736,2728.35294117647,841.7766924784743,0,0.8020833333333334,0.25,25.78877830505371,-0.2456903828920199,0.12164375434015413,3.9547430001221073,30.0
592,19.733333333333473,track,1,316.225022579674,237.05780396542085,316.2104236013681,237.05480280591837,1,0.014904265360430482,4.799487034370868,1.6264516742002846,523.7204593026541,11.055812783082736,2736.990646086819,841.7766924784743,0,0.8020833333333334,0.25,226.94464111328125,-0.36223236920855173,-0.10372808414977475,3.8024609998501546,30.0
593,19.766666666666808,track,1,315.97941769220876,244.9217872303932,315.9776818179812,244.92516963702053,1,0.0038018329693162538,6.358957423259573,0.41482559690166554,693.86241388052,10.464157913908982,2903.804083446188,841.7766924784743,0,0.8953488372093024,0.25,372.41607666015625,-0.3926140488630462,0.298350054928626,4.595775999860052,30.0
594,19.800000000000143,track,1,320.5088866893317,240.1115462409089,320.50157008807673,240.10767034291143,1,0.008279809128883674,0.5129965457934068,0.9035188857498753,55.981543255008695,11.055812783082736,2741.68179371798,841.7766924784743,0,0.8020833333333334,0.25,173.0885467529297,-0.1699607697320668,0.05807485001424034,4.165499000009731,30.0
595,19.833333333333478,track,1,320.78079358924646,240.30606178105208,320.78598259833916,240.29003079319682,1,0.016849877951475974,0.8377866708741278,1.8384875863505243,91.42353728427427,11.055812783082736,2738.614111717865,841.7766924784743,0,0.8020833333333334,0.25,92.17245483398438,-0.15031793321264147,0.05731989001076888,3.871461000017007,30.0
596,19.866666666666813,track,1,318.2062968515742,242.99588777040051,318.17031522705497,242.9950378551789,1,0.03599166096373367,3.5097005744509846,3.927675803765684,382.9549187037942,10.464157913908982,2914.3327631801853,841.7766924784743,0,0.8953488372093024,0.25,55.9843635559082,-0.2790514895230365,0.21599767131690978,3.800241000135429,30.0
597,19.900000000000148,track,1,318.39068084923133,238.25218552172603,318.3490393031341,238.24081815047407,1,0.04316521157772344,2.412548860085011,4.710449169924909,263.2503075416421,11.055812783082736,2741.384581120056,841.7766924784743,0,0.8020833333333334,0.25,128.67039489746094,-0.2727497961138391,-0.023789778591384814,5.151740000201244,30.0
598,19.933333333333483,track,1,320.91685792231414,241.54687567661196,320.9221095624464,241.57264796097127,1,0.02630190801397606,1.823048999424361,2.869768987758229,198.91828757856908,11.055812783082736,2723.1124811817845,841.7766924784743,0,0.8020833333333334,0.25,69.38198852539062,-0.1402964420034102,0.1413960402673929,3.933787999812921,30.0
599,19.966666666666818,track,1,320.8388499117634,242.99586794645546,320.8487794215712,242.99605128038013,1,0.009931202160381838,3.11396046557276,1.0837661835762564,339.7624939621233,10.464157913908982,2894.7173789079334,841.7766924784743,0,0.8953488372093024,0.25,61.027320861816406,-0.13315089350282105,0.22427171299494703,3.8190200002645724,30.0
600,20.000000000000153,track,1,318.1735910793473,238.13639299091574,318.1661244108593,238.12759390700387,1,0.011540148005891588,2.620878527046826,1.2592161601313205,285.9837163835335,11.055812783082736,2737.328201103323,841.7766924784743,0,0.8020833333333334,0.25,189.44781494140625,-0.26379585571167374,-0.022047817342398066,11.850468999909936,30.0
601,20.033333333333488,track,1,316.8171824280459,243.42795931616533,316.82884032926495,243.40439277956943,1,0.026292362160117686,4.652541655362254,2.868806786553635,507.67143188107053,11.055812783082736,2722.9503632191963,841.7766924784743,0,0.8020833333333334,0.25,179.08767700195312,-0.3389631186224173,0.24907803498731906,4.193095000118774,30.0
602,20.066666666666823,track,1,317.4699155295647,240.81702404158546,317.44124220500953,240.82593573387066,1,0.030026285158687972,2.6887564579018615,3.2766389890062366,293.41208445727284,11.055812783082736,2719.020288537724,841.7766924784743,0,0.8020833333333334,0.25,19.25637435913086,-0.3156328763069145,0.12455399046445143,3.860420999899361,30.0
603,20.100000000000158,track,1,319.43634474698064,238.96675468594432,319.4103612162098,238.9702902983072,1,0.02622297515726226,1.1865816301923162,2.861635948120202,129.47123966197793,11.055812783082736,2727.217829053633,841.7766924784743,0,0.8020833333333334,0.25,84.07754516601562,-0.21986370715725712,0.027612119898913608,4.965683999671455,30.0
604,20.133333333333493,track,1,319.6557355800389,244.02903434867142,319.67599667665513,244.02817318123152,1,0.02027938967160126,4.041182664954828,2.213036235049127,440.92586000722366,11.055812783082736,2730.8269189483426,841.7766924784743,0,0.8020833333333334,0.25,147.20846557617188,-0.1890146498204505,0.2899251010041164,4.205018999982713,30.0
605,20.166666666666828,track,1,317.0166284155372,239.45312432338804,317.0142919834839,239.42619040238287,1,0.027035070102596623,3.0403469891126242,2.949746349062771,331.7830634593336,10.464157913908982,2871.7069414778307,841.7766924784743,0,0.8953488372093024,0.25,97.95008850097656,-0.34388347740060937,0.06302149157934377,3.8896940000086033,30.0
606,20.200000000000163,track,1,318.99584685269303,239.59299156391953,318.9943031151174,239.61542978046293,1,0.022491258020643733,1.0767174550537004,2.453978364139541,117.49671662951076,10.464157913908982,2876.2966108432533,841.7766924784743,0,0.8953488372093024,0.25,29.02908706665039,-0.24867538604817857,0.08607578209153798,3.844375999960903,30.0
607,20.233333333333498,track,1,321.77590455193877,242.3693424977305,321.7871806659316,242.3483621790116,1,0.02381857511118488,2.951070933829238,2.5989006503983383,322.0064518489792,11.055812783082736,2727.8292567954886,841.7766924784743,0,0.8020833333333334,0.25,161.89378356933594,-0.10029571762953096,0.20853162961093952,4.840719000185345,30.0
608,20.266666666666833,track,1,320.356800207442,237.93776740567873,320.336958099816,237.94035355458936,1,0.02000993256435277,2.0870276090948763,2.183625463482659,227.7124734921515,11.055812783082736,2730.1189923329316,841.7766924784743,0,0.8020833333333334,0.25,103.25804138183594,-0.17916087516808818,-0.020411779643984926,3.8610810001955542,30.0
609,20.300000000000168,track,1,319.3986331588737,242.0373718586444,319.374814264178,242.03717921895043,1,0.02381967368744269,2.1309519878211214,2.5993790636281404,232.50747750474653,11.055812783082736,2729.3428418635963,841.7766924784743,0,0.8020833333333334,0.25,66.07723236083984,-0.2034606839387353,0.1838176398587043,3.8191559997358127,30.0
610,20.333333333333503,track,1,317.5016602699556,242.5280520936651,317.5021918626094,242.55155071561148,1,0.023504634099005498,3.5706381146165285,2.5645437163480778,389.6190832974588,11.055812783082736,2723.4099340652915,841.7766924784743,0,0.8020833333333334,0.25,118.65985107421875,-0.30090307186148857,0.2162171680502123,3.881461000219133,30.0
611,20.366666666666838,track,1,319.43215166861444,238.22854174782495,319.4072323040207,238.21588879868216,1,0.027947662760356352,1.8800070000041018,3.0497446946091227,205.12743897330657,11.055812783082736,2725.871432640465,841.7766924784743,0,0.8020833333333334,0.25,96.35923767089844,-0.20482318358877383,-0.003801774854370832,4.7820839999985765,30.0
612,20.400000000000173,track,1,319.2241923625827,243.39026077931064,319.21119700180157,243.36869200465537,1,0.02518117237067006,3.459811554434124,2.7475973248486656,377.49661261024414,11.055812783082736,2728.2311880251686,841.7766924784743,0,0.8020833333333334,0.25,115.91123962402344,-0.21409882034289648,0.25992988604866957,3.9022950004437007,30.0
613,20.433333333333508,track,1,317.5804232117357,240.6178112423731,317.6053306994904,240.64017020655479,1,0.033470975867591894,2.4787615763044704,3.6523108358481897,270.49760414102906,11.055812783082736,2726.579359255876,841.7766924784743,0,0.8020833333333334,0.25,36.865936279296875,-0.301472384491052,0.12606498182534143,3.8674830002491944,30.0
614,20.466666666666843,track,1,315.38189129588795,240.24905954079648,315.3597100464706,240.23535572059438,1,0.026073022721714405,4.646254746356742,2.845140982424516,507.033447174655,11.055812783082736,2728.7031391021096,841.7766924784743,0,0.8020833333333334,0.25,109.11701965332031,-0.4280439717750737,0.09417728245076917,3.9491510001425922,30.0
615,20.500000000000178,track,1,319.77242360243093,244.10344381707685,319.78619394465477,244.0971138419916,1,0.015155557051512036,4.102688735883011,1.6538351238236286,447.6363756775413,11.055812783082736,2731.104897847847,841.7766924784743,0,0.8020833333333334,0.25,190.08535766601562,-0.2030540562404524,0.3111275692369504,4.472157000236621,30.0
616,20.533333333333513,track,1,321.4783154975954,239.99168146960704,321.4506433585507,239.9920621743696,1,0.02767475773024251,1.4506650760195927,3.020074307024512,158.30731261447033,10.464157913908982,2870.2146934677094,841.7766924784743,0,0.8953488372093024,0.25,194.18287658691406,-0.12150997582643679,0.11077031244888338,3.8395090000449272,30.0
617,20.566666666666848,track,1,319.1860384996339,239.8553033891736,319.1757277018203,239.86325725433835,1,0.01302215506791814,0.8355377909092839,1.4209797428201305,91.17963629115775,11.055812783082736,2736.6210943221363,841.7766924784743,0,0.8020833333333334,0.25,29.456066131591797,-0.23148968212811336,0.10852200760971871,3.9383560001624573,30.0
618,20.600000000000183,track,1,318.7754385964912,243.53008447043536,318.7864065446872,243.55506784195256,1,0.02728488116150737,3.7565032191738186,2.9770841395404686,409.87216085802714,11.055812783082736,2717.4499619334315,841.7766924784743,0,0.8020833333333334,0.25,72.6694107055664,-0.25146127711884475,0.29396012469746746,4.275630999927671,30.0
619,20.633333333333518,track,1,318.4866816570094,237.43172187148664,318.47194627512545,237.4096894128587,1,0.02650586185087158,3.0074336441489855,2.892160355785231,328.1501394764763,11.055812783082736,2717.573232054018,841.7766924784743,0,0.8020833333333334,0.25,220.62188720703125,-0.267321486062506,-0.01745605498051754,4.1064500001084525,30.0
620,20.666666666666853,track,1,320.39444660698064,242.3072531464902,320.3739906900844,242.28857509969725,1,0.027700432633197186,2.3189318711907196,3.022631867892876,253.01519848600702,11.055812783082736,2729.578954398037,841.7766924784743,0,0.8020833333333334,0.25,69.38438415527344,-0.18809740633303726,0.2259292752116257,3.8427590002356737,30.0
621,20.700000000000188,track,1,318.95455523518524,242.15285966346775,318.9577029485358,242.14442669905748,1,0.00900127702509066,2.38431311096539,0.9821326801133546,260.1564837847756,11.055812783082736,2733.7647058823522,841.7766924784743,0,0.8020833333333334,0.25,20.014209747314453,-0.23799758117402695,0.22477532727363758,3.826524000032805,30.0
622,20.733333333333523,track,1,315.80889735156654,238.51666089665918,315.8190538457361,238.5371736319446,1,0.0228894447880718,4.429466302832904,2.4975086751043087,483.36675359027737,11.055812783082736,2718.588235294117,841.7766924784743,0,0.8020833333333334,0.25,219.796875,-0.4059621541159469,0.03745464617578284,4.481389000375202,30.0
623,20.766666666666858,track,1,316.1861507303831,243.2151075106649,316.17662134683314,243.2026974543378,1,0.01564668172116608,4.9875339908128735,1.707290585980168,544.2366946050504,11.055812783082736,2734.971178499368,841.7766924784743,0,0.8020833333333334,0.25,122.61134338378906,-0.4034402547115811,0.2767728510736216,3.959032000238949,30.0
624,20.800000000000193,track,1,321.0497173190626,238.70998230546803,321.0455921704215,238.72493223248648,1,0.015508615965587634,1.6489574884146296,1.6921354078029711,179.9273241740972,11.055812783082736,2729.149625545055,841.7766924784743,0,0.8020833333333334,0.25,248.4029998779297,-0.1603211393982344,0.04793742841610159,4.016503000002558,30.0
625,20.833333333333528,track,1,320.6798198120154,240.46571663706848,320.69661130417194,240.43915379110888,1,0.03142513316306477,0.8234824596464878,3.428907676668431,89.85996069562694,11.055812783082736,2723.983628332702,841.7766924784743,0,0.8020833333333334,0.25,55.50468063354492,-0.17065266883602126,0.10644758308962604,4.268017999947915,30.0
626,20.866666666666863,track,1,318.958482895818,244.39026077931064,318.9612144572566,244.36846595567613,1,0.021965330982071915,4.490275070606934,2.396599491685129,489.9295845934476,11.055812783082736,2729.8150669324773,841.7766924784743,0,0.8020833333333334,0.25,183.35423278808594,-0.25285913657629605,0.3367319326585079,4.715260000011767,30.0
627,20.900000000000198,track,1,318.27335087794984,238.801199361491,318.2593901080493,238.81205077390916,1,0.01768208832931043,2.10735525237833,1.9294711789732915,229.9572158702031,11.055812783082736,2734.838503102339,841.7766924784743,0,0.8020833333333334,0.25,109.63900756835938,-0.2879812116839957,0.05704117419954066,3.965229999721487,30.0
628,20.933333333333533,track,1,319.5133183429906,241.7177203147972,319.52843587479924,241.73446444707963,1,0.022558939112403916,1.797425837791258,2.461557343499118,196.11594763017052,11.055812783082736,2727.0038210630905,841.7766924784743,0,0.8020833333333334,0.25,12.860359191894531,-0.1987033446688885,0.2038088009588077,3.7886269997216004,30.0
629,20.966666666666868,track,1,320.8844119544184,242.0,320.88884894516286,241.99957218069903,1,0.004457568420199271,2.1882279024687126,0.4864420611366586,238.76018390100126,10.464157913908982,2901.2140890774463,841.7766924784743,0,0.8953488372093024,0.25,33.11978530883789,-0.1452018040047245,0.22412982651330984,3.886820999923657,30.0
630,21.000000000000203,track,1,318.97102574052514,238.24421161557368,318.97133166704657,238.23145669574922,1,0.012758588118005263,2.0459481807297735,1.3920641986035371,223.23935709185054,11.055812783082736,2727.016014918526,841.7766924784743,0,0.8020833333333334,0.25,124.92890930175781,-0.23595703553518654,0.03023508227831996,12.03454899996359,30.0
631,21.033333333333537,track,1,316.2109526476798,242.96277306217416,316.20019712603107,242.96584834564499,1,0.011186537192623879,4.820244629724474,1.2207410594096246,525.9853409268036,11.055812783082736,2728.897283242533,841.7766924784743,0,0.8020833333333334,0.25,215.13021850585938,-0.38225605388921613,0.26955805918444853,4.195977000108542,30.0
632,21.066666666666872,track,1,317.8548658805235,240.66826486976805,317.86224957523655,240.68784761446375,1,0.020928517325225018,2.245687248772588,2.2835192725469162,245.0619296553408,11.055812783082736,2728.371515208293,841.7766924784743,0,0.8020833333333334,0.25,6.488530158996582,-0.30912660482837107,0.15798727896164644,4.940743000133807,30.0
633,21.100000000000207,track,1,320.5300844704353,238.82534113060427,320.5581369157178,238.8367428469387,1,0.030280997699825018,1.2902263448074696,3.304403385170624,140.77870742511672,11.055812783082736,2719.020288537724,841.7766924784743,0,0.8020833333333334,0.25,115.57121276855469,-0.17352769613717417,0.05921502727694923,3.8950819998717634,30.0
634,21.133333333333542,track,1,318.58461338756433,244.15784691272555,318.60869234135635,244.14751134823973,1,0.026203433152133884,4.3746528302001115,2.8594331055467226,477.3181974982005,11.055812783082736,2725.2350302079512,841.7766924784743,0,0.8020833333333334,0.25,170.6246795654297,-0.2705156146470456,0.33410613023415825,3.7980060001245874,30.0
635,21.166666666666877,track,1,317.44892833946744,239.9792162805802,317.42412170556076,239.98181699845895,1,0.02494259046820921,2.5759424701084117,2.721914691876414,281.1059064269074,10.464157913908982,2871.955649479518,841.7766924784743,0,0.8953488372093024,0.25,49.249916076660156,-0.33362623965606075,0.1294711791398591,3.8104430000203138,30.0
636,21.200000000000212,track,1,318.98350161117077,240.92575725026853,318.98572642861654,240.9309255617145,1,0.005626833556236754,1.3767255641777019,0.6139496502016639,150.22627646159197,10.464157913908982,2898.076413627633,841.7766924784743,0,0.8953488372093024,0.25,7.798012733459473,-0.2602671807806145,0.17596940454933108,4.8031129999799305,30.0
637,21.233333333333547,track,1,322.1536265732451,243.60555339301933,322.14547740254375,243.62780630646205,1,0.023698125238270903,4.214742208253273,2.585709185757545,459.8832747860569,11.055812783082736,2726.4142241113773,841.7766924784743,0,0.8020833333333334,0.25,209.71023559570312,-0.09120743092373818,0.32061034683830636,3.945929999645159,30.0
638,21.266666666666882,track,1,319.7391416864352,238.2070304075911,319.7513538972685,238.19443684953228,1,0.01754240000735066,1.8226034057716707,1.9141811651559142,198.8612797571678,11.055812783082736,2733.961065093304,841.7766924784743,0,0.8020833333333334,0.25,166.10418701171875,-0.18918332546356917,0.04739374685579449,3.895243999977538,30.0
639,21.300000000000217,track,1,318.14500884726596,241.70998230546803,318.13694125566303,241.72736526825463,1,0.019163857375586728,2.5406256424004754,2.090996014275015,277.22909479173524,11.055812783082736,2729.149625545055,841.7766924784743,0,0.8020833333333334,0.25,51.878883361816406,-0.2811977199781929,0.22181052948594146,3.828352999789786,30.0
640,21.333333333333552,track,1,316.59717956482245,242.28654237141498,316.62135393220433,242.27167888584086,1,0.02837821773343183,4.071335679086939,3.096689631386464,444.26968080990144,11.055812783082736,2725.942546550007,841.7766924784743,0,0.8020833333333334,0.25,100.3328857421875,-0.36744939537391097,0.2568844037907345,4.81223199994929,30.0
641,21.366666666666887,track,1,318.84288729058096,239.1901890692967,318.85241051432945,239.17924562565577,1,0.014506920737572019,1.4108860232587155,1.582942459593776,153.95706754551273,11.055812783082736,2736.3853920617407,841.7766924784743,0,0.8020833333333334,0.25,62.02019119262695,-0.26052406042940435,0.09900462178476574,3.975737000018853,30.0
642,21.400000000000222,track,1,318.0990413962086,244.02063362421012,318.09219235229216,244.01795053778858,1,0.007355838178921599,4.447882253923552,0.8027044516677038,485.3154026981281,10.464157913908982,2900.3318614833975,841.7766924784743,0,0.8953488372093024,0.25,118.46826934814453,-0.30267420281202106,0.3489388254589466,3.8856629998917924,30.0
643,21.433333333333557,track,1,317.6841148201065,241.44473308221848,317.7036746719741,241.42145805354357,1,0.030402545368766434,2.7006763986299958,3.31740496180623,294.70328567902845,11.055812783082736,2723.584158743155,841.7766924784743,0,0.8020833333333334,0.25,5.310909271240234,-0.330942815160662,0.22798698081972418,3.871787000207405,30.0
644,21.466666666666892,track,1,317.1984923540814,238.85526599181563,317.18713000439266,238.86102970615082,1,0.012740619819570437,3.034714309858335,1.390300090104548,331.16219291036333,11.055812783082736,2735.9139875409496,841.7766924784743,0,0.8020833333333334,0.25,100.520263671875,-0.3653139159552074,0.0935247546985343,4.946026999732567,30.0
645,21.500000000000227,track,1,319.63901975191254,243.32363746380258,319.6581275845681,243.3040425392179,1,0.027369149388897934,3.3216823823771495,2.986451797419377,362.4228098289668,11.055812783082736,2726.7215993855248,841.7766924784743,0,0.8020833333333334,0.25,128.29598999023438,-0.22673935673840157,0.32200898232269815,3.946624000036536,30.0
646,21.533333333333562,track,1,321.7589297311339,239.44473308221848,321.7724089397268,239.42138713217332,1,0.026957790113473393,1.8644640786129665,2.9414413941010547,203.46064022852923,11.055812783082736,2723.584158743155,841.7766924784743,0,0.8020833333333334,0.25,194.98153686523438,-0.1279384821725549,0.1267059300718394,3.960464000101638,30.0
647,21.566666666666897,track,1,319.9958636735749,241.7890473523202,319.99759854009994,241.80149574214386,1,0.012568698065480645,1.8014973427602097,1.3713501841783244,196.55778138334227,10.464157913908982,2895.4752867511697,841.7766924784743,0,0.8953488372093024,0.25,11.013862609863281,-0.20573828500540065,0.24430555084944733,4.312933000164776,30.0
648,21.600000000000232,track,1,318.91720212169565,243.74746647117166,318.92154390850783,243.7625864489795,1,0.0157310152765811,3.914093040197278,1.7164026971419466,427.0646276580648,11.055812783082736,2729.6923182704936,841.7766924784743,0,0.8020833333333334,0.25,81.75907897949219,-0.2552105714414581,0.3531547504589905,4.102760000023409,30.0
649,21.633333333333567,track,1,319.63011385774274,238.55946144854755,319.6491985691173,238.58541192915868,1,0.03221263187320065,1.4574364665658404,3.5148753107990425,159.01962424039337,11.055812783082736,2720.6692503761265,841.7766924784743,0,0.8020833333333334,0.25,142.27316284179688,-0.1953013247477878,0.09071652322474372,3.8546689997929207,30.0
650,21.666666666666902,track,1,318.77567181617553,241.41957678826432,318.78908222855466,241.3944114446167,1,0.028515498962509368,1.8468094449834822,3.1113914690688236,201.5170966897685,11.055812783082736,2726.579359255876,841.7766924784743,0,0.8020833333333334,0.25,19.435564041137695,-0.25362309519526144,0.2314413766848099,3.9622280000912724,30.0
651,21.700000000000237,track,1,318.48835098335854,242.04979468338016,318.474097839774,242.0468744538084,1,0.01454922138099459,2.5530515921610073,1.5877073278748062,278.57605466024245,11.055812783082736,2732.819206232547,841.7766924784743,0,0.8020833333333334,0.25,26.87444305419922,-0.2687406305796398,0.2666922721578513,4.586456000197359,30.0
652,21.733333333333572,track,1,316.46571663706845,238.46155845280893,316.44021694326875,238.43719188635612,1,0.035269873044538776,3.8877274352842717,3.8485825308711266,424.24539410609486,11.055812783082736,2714.552612271979,841.7766924784743,0,0.8020833333333334,0.25,165.3611297607422,-0.37941266431701304,0.0798647175939219,4.043807000016386,30.0
653,21.766666666666907,track,1,316.8961173873523,243.43215166861447,316.90022083440726,243.40632332843984,1,0.02615227397204648,4.605612824946998,2.8534343546055125,502.54966393324014,11.055812783082736,2725.871432640465,841.7766924784743,0,0.8020833333333334,0.25,128.66224670410156,-0.37092269417980483,0.3319358922047818,3.835110000181885,30.0
654,21.800000000000242,track,1,318.49001901140684,240.2986519184238,318.47778964083795,240.2833858052595,1,0.019560463073649323,1.548364263396319,2.134351420339009,168.96796591004437,11.055812783082736,2729.1263700892573,841.7766924784743,0,0.8020833333333334,0.25,25.948925018310547,-0.29916941069705894,0.16077535993427972,3.7829169996257406,30.0
655,21.833333333333577,track,1,321.50998098859316,239.41064638783268,321.52137014466825,239.38982888122086,1,0.02372933748835179,1.639169274748671,2.589166688833906,178.87388123775352,11.055812783082736,2726.2785842918897,841.7766924784743,0,0.8020833333333334,0.25,188.15231323242188,-0.14232018189325796,0.12434803881629394,4.408781999700295,30.0
656,21.866666666666912,track,1,319.2811732782013,244.39901796097686,319.2651722416265,244.3566544800508,1,0.045284629706366576,4.418190816728368,4.941024344447679,482.06232613593306,11.055812783082736,2744.3379714434536,841.7766924784743,0,0.8020833333333334,0.25,183.1085968017578,-0.2485962371416926,0.3826362928963762,4.056328000388021,30.0
657,21.900000000000247,track,1,317.69002927501293,238.51046151196832,317.7061810356495,238.4612652686468,1,0.051779819704304494,2.7621205648354143,5.649690374361104,301.406412319824,11.055812783082736,2747.521794982704,841.7766924784743,0,0.8020833333333334,0.25,138.55117797851562,-0.3309344235335596,0.08567906772138262,3.8443550001829863,30.0
658,21.933333333333582,track,1,319.2816706938212,241.49555574732483,319.2684701208134,241.47702257454364,1,0.022753760591856607,1.6482510882308847,2.4827659752034434,179.8436869905705,11.055812783082736,2742.9796591795666,841.7766924784743,0,0.8020833333333334,0.25,13.87033462524414,-0.2516528878148305,0.23325520228007818,3.8346749997799634,30.0
659,21.966666666666917,track,1,320.51162489755427,243.17599102790837,320.52545774496343,243.15950352719142,1,0.02152174127101577,3.2028999953287753,2.3483665578304067,349.4636917646714,11.055812783082736,2737.461505945937,841.7766924784743,0,0.8020833333333334,0.25,80.34701538085938,-0.18360151059232532,0.3259425334317827,4.5902980000391835,30.0
660,22.000000000000252,track,1,319.04213952293264,238.12333518907113,319.0550097039868,238.10969864706192,1,0.01875091566659172,2.113349442112842,2.04604633557604,230.59153802028422,11.055812783082736,2749.9999999999995,841.7766924784743,0,0.8020833333333334,0.25,146.55319213867188,-0.2528560839098263,0.06799749767694496,11.51766700013468,30.0
661,22.033333333333587,track,1,316.82418712247784,244.7398791929058,316.86330097457903,244.7491790738768,1,0.040204243709703186,5.691536053810621,4.387342096631122,621.0256084813509,11.055812783082736,2752.592328767436,841.7766924784743,0,0.8020833333333334,0.25,272.02362060546875,-0.36975856905233406,0.40795531025424536,4.91309699964404,30.0
662,22.066666666666922,track,1,318.4852322486477,241.36266849832575,318.5305429419525,241.34601266620984,1,0.048275000478840896,1.9927503965732833,5.268013811143023,217.44604013813657,11.055812783082736,2742.052389572335,841.7766924784743,0,0.8020833333333334,0.25,7.342048645019531,-0.291909842456615,0.24778388410470717,3.921674000139319,30.0
663,22.100000000000257,track,1,319.25612117560996,237.64886613021213,319.2496171979319,237.66941115266923,1,0.021549934417517586,2.448411469696656,2.3513083253707965,267.14574973899306,11.055812783082736,2740.328712171805,841.7766924784743,0,0.8020833333333334,0.25,205.60952758789062,-0.2539304309075123,0.052834920098998234,3.8513530003001506,30.0
664,22.133333333333592,track,1,319.9565311138902,243.54228297899866,319.96379901353794,243.5710177790902,1,0.029639687946911953,3.571201267080745,3.2339613684613644,389.64663859794734,11.055812783082736,2737.60678056901,841.7766924784743,0,0.8020833333333334,0.25,125.97843933105469,-0.21299063554737885,0.3509333810990516,3.8366520002455218,30.0
665,22.166666666666927,track,1,317.2627246476749,239.41373960263758,317.2506102866182,239.40171616492717,1,0.017068122280651434,2.813731924572604,1.8624354473225304,307.05278520670726,11.055812783082736,2736.0836141194713,841.7766924784743,0,0.8020833333333334,0.25,84.93781280517578,-0.3537981928104241,0.14290971979204295,4.569934000301146,30.0
666,22.200000000000262,track,1,319.0164799794,240.60276382987854,319.01742208187943,240.65047054781598,1,0.04771601925396359,1.1783765521912675,5.206200048037229,128.58620941974416,10.464157913908982,2899.4413726696366,841.7766924784743,0,0.8953488372093024,0.25,3.7078959941864014,-0.2687344098482254,0.1983102934523971,3.9066679996722087,30.0
667,22.233333333333597,track,1,320.72747139735185,243.91052834554569,320.73752429022943,243.94329855985802,1,0.03427750867966583,4.0116761597687285,3.740007131487283,437.7085911283268,11.055812783082736,2747.114133057851,841.7766924784743,0,0.8020833333333334,0.25,161.81016540527344,-0.1771150007290276,0.37278687945224415,3.8498580001942173,30.0
668,22.266666666666932,track,1,320.77734627831717,239.42355987055015,320.7790143384823,239.40825364360524,1,0.015396850587171801,0.9782776139049032,1.6799231664611796,106.74995368426144,11.055812783082736,2738.4420019263234,841.7766924784743,0,0.8020833333333334,0.25,79.7828140258789,-0.1644058396973211,0.14840111176433782,3.8408620002883254,30.0
669,22.300000000000267,track,1,319.04443487621097,242.28520990312165,319.03280791775137,242.27797475313685,1,0.013694289259540322,2.4747988806958263,1.4943480437516798,270.0276988303116,11.055812783082736,2741.163490367704,841.7766924784743,0,0.8020833333333334,0.25,32.36594009399414,-0.24581815871589688,0.294216184715566,4.386282000268693,30.0
670,22.333333333333602,track,1,317.2064383385486,241.79013245316986,317.1667231916324,241.79867702019214,1,0.04062391561842825,3.3559941143871197,4.43314706698257,366.2122124348179,11.055812783082736,2757.8342977577327,841.7766924784743,0,0.8020833333333334,0.25,79.46410369873047,-0.3422306694885296,0.27487766819996506,3.951641000185191,30.0
671,22.366666666666937,track,1,317.97317167548044,238.28892041790274,317.95145480725773,238.2745087661906,1,0.026063730939275883,2.678405758032297,2.8441125046608633,292.26589882038974,11.055812783082736,2747.99490369823,841.7766924784743,0,0.8020833333333334,0.25,129.0913848876953,-0.3104481130043152,0.09233204452175303,3.893336000146519,30.0
672,22.400000000000272,track,1,319.5300844704353,244.66315789473686,319.5585154274588,244.68062727374354,1,0.03336912525300302,4.701401950855058,3.641308070214631,512.9613540708549,11.055812783082736,2728.77261191823,841.7766924784743,0,0.8020833333333334,0.25,206.41358947753906,-0.20909002842380328,0.41913507818445106,3.890505000072153,30.0
673,22.433333333333607,track,1,317.25253352882834,240.0206994695761,317.23824663040205,240.02013845169233,1,0.01429790920761102,2.7618267924911986,1.5602931560941726,301.3909780157327,10.464157913908982,2892.9801553049624,841.7766924784743,0,0.8953488372093024,0.25,66.17878723144531,-0.352325677287909,0.18873280102260942,4.744060000120953,30.0
674,22.466666666666942,track,1,316.97097568349676,239.32756014339395,316.9725790008606,239.3084590758274,1,0.01916823958405541,3.1053996129058308,2.0914108893013825,338.8812001796111,11.055812783082736,2730.1876446023407,841.7766924784743,0,0.8020833333333334,0.25,51.00736999511719,-0.37787915339986966,0.14816150026966002,4.680070999711461,30.0
675,22.500000000000277,track,1,319.0248522241878,244.72248349656988,319.0232825687806,244.73709605127613,1,0.014696617744923214,4.83674021831478,1.6035214741275132,527.7308606979224,10.464157913908982,2891.483076437238,841.7766924784743,0,0.8953488372093024,0.25,216.2199249267578,-0.28061245121978684,0.42759601586534257,3.816580000147951,30.0
676,22.533333333333612,track,1,320.9339383252333,238.87613435981248,320.9375378352788,238.88272685751906,1,0.007511158271452769,1.4585185866105805,0.8195609573402488,159.1477450421795,11.055812783082736,2736.990646086819,841.7766924784743,0,0.8020833333333334,0.25,215.9763946533203,-0.17975250505155146,0.13416520825379902,3.825164000318182,30.0
677,22.566666666666947,track,1,318.89268670192183,240.99174513091708,318.8991206171868,240.99338916141676,1,0.006640640173990487,1.4828207718815858,0.724667920382679,161.8034721203945,10.464157913908982,2899.8331585024434,841.7766924784743,0,0.8953488372093024,0.25,0.18388035893440247,-0.27847992577884323,0.2365923060259929,4.795615000148246,30.0
678,22.600000000000282,track,1,319.04143109921887,244.29001769453197,319.0399302306221,244.27566500176943,1,0.014430952708702005,4.382127927095388,1.5745351680089266,478.1292866204945,11.055812783082736,2729.149625545055,841.7766924784743,0,0.8020833333333334,0.25,118.46085357666016,-0.2695250775728744,0.41241768754778907,3.97435900003984,30.0
679,22.633333333333617,track,1,318.5066488213453,238.5565149814351,318.5143599232524,238.57859059571751,1,0.023383623298528434,2.0560960902208008,2.5513897377216694,224.35736578605596,11.055812783082736,2720.238944879912,841.7766924784743,0,0.8020833333333334,0.25,148.9660186767578,-0.29643868669348383,0.123062563193867,3.8586030000260507,30.0
680,22.666666666666952,track,1,319.82226049515606,242.9297308934338,319.8299318288805,242.9337073276622,1,0.008640682281188012,2.9386326526476307,0.9428996802980047,320.6285306324273,11.055812783082736,2733.9300570025534,841.7766924784743,0,0.8020833333333334,0.25,51.49155044555664,-0.2179757173633477,0.3445912336809187,3.8070280002102663,30.0
681,22.700000000000287,track,1,318.4690824180576,241.48668165700943,318.4448780853704,241.46952954214578,1,0.029665548454866124,2.1396077314779816,3.2371318586121336,233.47025678200006,11.055812783082736,2717.573232054018,841.7766924784743,0,0.8020833333333334,0.25,9.261576652526855,-0.2934067088850786,0.2770181317982141,4.933390000132931,30.0
682,22.733333333333622,track,1,317.6306575022695,238.2697445208144,317.64936370282066,238.254104339812,1,0.024383133532187445,2.9280783216779414,2.6606733414195847,319.5133845817205,11.055812783082736,2729.4110657175206,841.7766924784743,0,0.8020833333333334,0.25,139.46006774902344,-0.33982967801513564,0.10734732344844466,3.9524190001429815,30.0
683,22.766666666666957,track,1,316.8428466807392,243.20264506957307,316.85202667988415,243.19050125583976,1,0.015223159865477237,4.482079237103727,1.6610756211152096,489.073582284297,11.055812783082736,2735.678285280554,841.7766924784743,0,0.8020833333333334,0.25,119.91315460205078,-0.3889063205436198,0.35592972184501975,3.8306370001919277,30.0
684,22.800000000000292,track,1,318.9958768199974,239.0577245200361,318.9967185081764,239.0548220683968,1,0.003022029865688695,1.3783813239541203,0.32973219762327144,150.40660359558768,10.464157913908982,2897.201557009019,841.7766924784743,0,0.8953488372093024,0.25,68.71085357666016,-0.28567983689980764,0.14418921216384858,4.634058000192454,30.0
685,22.833333333333627,track,1,320.8462271093987,240.44053855145245,320.8549625166811,240.41520479730048,1,0.026797508089788345,0.950450381993193,2.9238779133888713,103.71666484854609,11.055812783082736,2720.6692503761265,841.7766924784743,0,0.8020833333333334,0.25,79.7520980834961,-0.18722719224118098,0.18392241205661977,4.472197999803029,30.0
686,22.866666666666962,track,1,319.60555339301936,243.671986505774,319.62854472983145,243.68912826818507,1,0.028678242396715577,3.7077818701830596,3.1293830975485664,404.5493883977546,11.055812783082736,2727.995212486698,841.7766924784743,0,0.8020833333333334,0.25,127.43397521972656,-0.22234687107859338,0.373902911131205,3.8788150000073074,30.0
687,22.900000000000297,track,1,319.5300844704353,238.89187784275504,319.5560243506036,238.89942153695995,1,0.027014527673110432,1.186754958095631,2.9479843985902496,129.48768918626274,11.055812783082736,2722.1691260590437,841.7766924784743,0,0.8020833333333334,0.25,71.05480194091797,-0.21574293483604828,0.13170420177006106,3.9534510001431045,30.0
688,22.933333333333632,track,1,320.07880070851513,242.34008726832852,320.0759192519315,242.32241864068794,1,0.017902044429186893,2.323659199501655,1.95326525259249,253.52986582032972,11.055812783082736,2729.4801282602853,841.7766924784743,0,0.8020833333333334,0.25,37.70512771606445,-0.20837363666049433,0.30539850323037854,4.545004000192421,30.0
689,22.966666666666967,track,1,320.6807876667962,243.7927192641534,320.69803884613407,243.8026536296146,1,0.0199071546350466,3.866191001170707,2.172319684931027,421.8348129795569,11.055812783082736,2732.242772179165,841.7766924784743,0,0.8020833333333334,0.25,71.74826049804688,-0.16435499949094223,0.39026999813374796,4.011974999684753,30.0
690,23.000000000000302,track,1,317.64737911066936,239.02074240525474,317.6685334402089,239.0214203064221,1,0.02116518859493181,2.528508361882016,2.3097015133921968,275.92220212804267,10.464157913908982,2879.531900130812,841.7766924784743,0,0.8953488372093024,0.25,207.4921875,-0.31566989295915615,0.15096259664176426,11.856964999878983,30.0
691,23.033333333333637,track,1,315.9130922101996,243.23589257231538,315.9189161302961,243.22359817384404,1,0.013604053773154462,5.200656760253255,1.484359123461923,567.4953560227166,11.055812783082736,2730.6340379887292,841.7766924784743,0,0.8020833333333334,0.25,179.93711853027344,-0.4146087445557227,0.3674951482873751,4.390093999973033,30.0
692,23.066666666666972,track,1,316.5083142573317,241.36073079082624,316.5177177793107,241.33922857339417,1,0.02346852317693578,3.7309278519322877,2.5606765562385205,407.13712661384227,11.055812783082736,2725.454579538434,841.7766924784743,0,0.8020833333333334,0.25,27.685380935668945,-0.40050282856584063,0.27951038764071146,3.8550009999198664,30.0
693,23.100000000000307,track,1,319.1984923540814,237.9007538229593,319.186903845585,237.9070002742369,1,0.01316478950590058,2.2453893222265164,1.4365817791480682,244.99565991216025,11.055812783082736,2734.3320770371784,841.7766924784743,0,0.8020833333333334,0.25,216.46275329589844,-0.27279764559469954,0.09700637888562136,3.9313140000558633,30.0
694,23.133333333333642,track,1,319.02885482416593,243.95465670488213,319.0268207084639,243.95664900835163,1,0.002847261808098923,4.0745735124997635,0.3106871976039503,444.5730733551661,11.055812783082736,2739.882352941176,841.7766924784743,0,0.8020833333333334,0.25,159.7164306640625,-0.28359355520306156,0.40406520436847126,4.65525500021613,30.0
695,23.166666666666977,track,1,318.40282043517755,237.83388848033914,318.381993235889,237.84427300430627,1,0.023272528187290392,2.695385829277806,2.5395806088791026,294.1070080798053,11.055812783082736,2798.021533155168,841.7766924784743,0,0.7623762376237624,0.25,154.4267578125,-0.3182231010013414,0.09077746896999218,3.9702039998701366,30.0
696,23.200000000000312,track,1,318.7466483327604,241.71545204537642,318.79958551269624,241.67686263458745,1,0.06550944698743409,2.0622471327666614,7.148434648249668,225.02122508057099,11.055812783082736,2804.8052502588034,841.7766924784743,0,0.7623762376237624,0.25,34.849239349365234,-0.30334171520061765,0.2808802126179936,3.918684999916877,30.0
697,23.233333333333647,track,1,320.96549844889745,244.04460467846064,321.1446028348553,243.84115640616994,1,0.27105272654485785,4.0080666394434035,29.57631465645184,437.31847440055543,11.055812783082736,2806.35294117647,841.7766924784743,0,0.7623762376237624,0.25,202.26071166992188,-0.18556143383453752,0.4076904369758799,3.823166999609384,30.0
698,23.266666666666982,track,1,321.0902277432712,239.1607039337474,321.2793076915159,238.8998349831694,1,0.3221860273256531,1.6873029466665461,35.155226852452806,184.1170751069951,11.055812783082736,2841.1764705882347,841.7766924784743,0,0.7623762376237624,0.25,111.19136810302734,-0.16681326832725002,0.16231349173692144,4.6187329999156645,30.0
699,23.300000000000317,track,1,318.64900083263944,243.14783513738553,318.7835428651408,242.94805457500945,1,0.24086060618727542,3.1891681890712453,26.28127516384715,347.9727709560694,11.562445770562215,2711.0540409108135,841.7766924784743,0,0.7333333333333333,0.25,80.79000854492188,-0.28330015507055817,0.36654032524710045,3.942888999972638,30.0
700,23.333333333333652,track,1,318.4428896424432,242.86603425333735,318.44412285933936,242.83115584852624,1,0.034900199800009454,3.2305103490740668,3.807891643626581,352.4890664905215,11.283791670955125,2688.6125852826563,841.7766924784743,0,0.77,0.25,33.290462493896484,-0.29314533830364997,0.3629428443331475,3.959629999826575,30.0
701,23.366666666666987,track,1,318.77242360243093,237.9875867419508,318.78303197972264,237.98847132413584,1,0.01064519395808426,2.3510122875479853,1.1616809114170783,256.5264789829119,10.464157913908982,2894.477234172687,841.7766924784743,0,0.8953488372093024,0.25,209.78546142578125,-0.2767187004338786,0.11262538203587591,3.7924309999652905,30.0
702,23.400000000000322,track,1,319.822137963721,243.7890473523202,319.8331932916942,243.79880646148604,1,0.01474654157102922,3.8024669636650206,1.609126340829303,414.8797084873879,11.055812783082736,2735.2068807597634,841.7766924784743,0,0.8020833333333334,0.25,99.67081451416016,-0.21159273334648393,0.40726690935245713,4.74971599987839,30.0
703,23.433333333333657,track,1,317.20301238617236,240.49501532087524,317.1919626909339,240.49188276297843,1,0.011485150579751826,2.8507932548016264,1.2533279931081913,311.098012898175,11.055812783082736,2727.5734489044635,841.7766924784743,0,0.8020833333333334,0.25,80.33999633789062,-0.35563763935291626,0.21891217415439765,4.4108730003245,30.0
704,23.466666666666992,track,1,316.52204836415365,239.49834044570886,316.544291234547,239.49857559575253,1,0.02224411335340875,3.4918976939199564,2.427441959452544,381.06031763975085,11.055812783082736,2724.584374504321,841.7766924784743,0,0.8020833333333334,0.25,81.516357421875,-0.4018371241818507,0.18670029268566296,3.8747510002394847,30.0
705,23.500000000000327,track,1,320.524245119214,243.71447931224327,320.38877831783907,243.79474128801087,1,0.15745868991223583,3.81460483187396,17.1822629034147,416.20467359665594,11.283791670955125,2722.0613866500194,841.7766924784743,0,0.77,0.25,191.24301147460938,-0.20234634718628328,0.4030792242620933,3.9252649999070854,30.0
706,23.533333333333662,track,1,320.803792761527,240.10118162287225,320.55694283160574,240.2737340748398,1,0.30117974132094716,0.6205768779171712,32.86504580103021,67.71960195577437,11.562445770562215,2717.4358032045234,841.7766924784743,0,0.7333333333333333,0.25,79.18278503417969,-0.1806504141649949,0.21751253281588415,5.087577000267629,30.0
707,23.566666666666997,track,1,320.79411146161937,240.36349106203997,320.60846192870576,240.54345140014289,1,0.2585565167640413,0.8158218819090363,28.213171890247658,89.02150234730976,11.055812783082736,2803.5335053954414,841.7766924784743,0,0.7623762376237624,0.25,21.7586669921875,-0.17103632867788474,0.21215126735589154,3.9393980000568263,30.0
708,23.600000000000332,track,1,318.01447997985395,244.89293209099304,317.7842163865962,245.0751385846312,1,0.2936333235582725,5.537754840604727,32.04123955525568,604.2305172148837,11.055812783082736,2804.6767508349985,841.7766924784743,0,0.7623762376237624,0.25,225.86630249023438,-0.30871945922529687,0.4677166694485181,3.814772999703564,30.0
709,23.633333333333667,track,1,317.69054170249353,238.6268271711092,317.6531759520167,238.687803840676,1,0.07151470855814823,2.6887621450655455,7.803205691913823,293.40520468402605,11.055812783082736,2801.7647145403025,841.7766924784743,0,0.7623762376237624,0.25,184.5190887451172,-0.3300914033448994,0.15237385195471728,3.913005999947927,30.0
710,23.666666666667002,track,1,318.8139615003661,242.88010852245813,318.823281548694,242.88450524233065,1,0.0103050689698056,3.115290806116974,1.12452898036524,339.91177917331214,11.055812783082736,2780.8152681462957,841.7766924784743,0,0.7777777777777778,0.25,36.42582321166992,-0.27720248833410566,0.3674657644326919,4.714351000075112,30.0
711,23.700000000000337,track,1,319.30669602383114,241.15749255277814,319.2907816189488,241.14926792643246,1,0.017914038106595986,1.3504841645673702,1.95483922094287,147.35585932851967,11.055812783082736,2729.7857287706665,841.7766924784743,0,0.8020833333333334,0.25,7.550332069396973,-0.25278960776155357,0.28418332725804046,3.856906000237359,30.0
712,23.733333333333672,track,1,315.9875835309334,239.24005173528778,315.989320435287,239.22706524463808,1,0.01310212868690381,4.0844802248086145,1.42955146692882,445.7258597291266,10.464157913908982,2893.7286947388247,841.7766924784743,0,0.8953488372093024,0.25,137.593505859375,-0.4297479030494872,0.18174354065079168,3.8044830002945673,30.0
713,23.766666666667007,track,1,316.5846133875644,243.29907836095367,316.6090615258595,243.28348415490302,1,0.028998115946496386,4.720141092266797,3.164325642544911,515.0523962957377,11.055812783082736,2728.3983917258347,841.7766924784743,0,0.8020833333333334,0.25,86.08811950683594,-0.4152634248219189,0.3882772933133922,4.232177999710984,30.0
714,23.80000000000034,track,1,318.9418005456199,239.45312432338804,318.94408020309265,239.42638147101707,1,0.026839839625613513,1.2016675223594073,2.9284451248508,131.1295460386171,11.055812783082736,2721.5361496568235,841.7766924784743,0,0.8020833333333334,0.25,95.85990142822266,-0.30448309184070915,0.192990837385187,4.1371759998583,30.0
715,23.833333333333677,track,1,321.3201247239184,239.54267896583085,321.3001388331031,239.567201932814,1,0.03163560875559419,1.3702828730968981,3.451943075959187,149.53276101720672,11.055812783082736,2722.876642401099,841.7766924784743,0,0.8020833333333334,0.25,176.72726440429688,-0.17928469470831407,0.21231709806798846,3.805735000241839,30.0
716,23.86666666666701,track,1,319.0,244.44473308221848,319.0003451221701,244.42113488802215,1,0.02360071775687604,4.5327412867773305,2.575026745588812,494.56260259693823,10.464157913908982,2872.2043574812046,841.7766924784743,0,0.8953488372093024,0.25,200.11947631835938,-0.2907047018682971,0.4426790523992339,3.8950190000832663,30.0
717,23.900000000000347,track,1,318.75876261860407,238.52168450240458,318.77250210771194,238.54754799176453,1,0.029286407133987554,1.9016750279158807,3.195506409056842,207.50333888181203,11.055812783082736,2716.9791020743137,841.7766924784743,0,0.8020833333333334,0.25,106.37594604492188,-0.3014362527040519,0.1426727588485759,4.581916999995883,30.0
718,23.93333333333368,track,1,319.6974746384632,240.09531620979925,319.7121735947936,240.0899229410519,1,0.01565716018266506,0.30154630633029905,1.7085892188003435,32.90644565370698,11.055812783082736,2730.021431031062,841.7766924784743,0,0.8020833333333334,0.25,5.448258399963379,-0.23442040838130832,0.20838857058407778,4.059266999774991,30.0
719,23.966666666667017,track,1,320.74711750226714,243.68078766679622,320.7601658144688,243.69989849634646,1,0.023140489567208808,3.7771816144784225,2.524955024813853,412.1237008309671,11.055812783082736,2732.242772179165,841.7766924784743,0,0.8020833333333334,0.25,146.2792510986328,-0.1868903935675657,0.39868902751633983,3.817509999862523,30.0
720,24.00000000000035,track,1,317.6055533930193,238.95847930452834,317.6283849192205,238.9601818405282,1,0.022894916848630674,2.5895520647687618,2.4984602097742346,282.5829898022787,11.055812783082736,2729.578954398037,841.7766924784743,0,0.8020833333333334,0.25,137.72976684570312,-0.3429592573899081,0.1595278809278049,12.484846000006655,30.0
721,24.033333333333687,track,1,316.6839506172839,243.53008447043536,316.70383579465727,243.55761028992322,1,0.0339571939012575,4.849875198760301,3.7052270946676,529.2036232806262,11.055812783082736,2722.1691260590437,841.7766924784743,0,0.8020833333333334,0.25,167.6251220703125,-0.3974045141987718,0.39371369242112697,4.29641900018396,30.0
722,24.06666666666702,track,1,318.96277306217416,241.2109526476798,318.9637076869907,241.19894518002127,1,0.012043786909360164,1.584730671975028,1.3140749552844018,172.91994871328407,11.055812783082736,2728.897283242533,841.7766924784743,0,0.8020833333333334,0.25,8.098928451538086,-0.2872853617954414,0.2831712425608049,3.9856389998931263,30.0
723,24.100000000000357,track,1,320.36569845461236,239.56365525301936,320.3439299939106,239.58940161638566,1,0.03371559146616842,0.5356107479672627,3.6789136116283765,58.44370515905063,11.055812783082736,2720.9048163530415,841.7766924784743,0,0.8020833333333334,0.25,82.65203857421875,-0.23182611942447062,0.22001350336912423,4.800165999768069,30.0
724,24.13333333333369,track,1,319.43215166861444,243.86287495130503,319.4067855425974,243.871409497233,1,0.02676338587154845,3.9165948077044384,2.920565729830347,427.3335689340819,11.055812783082736,2722.714660958801,841.7766924784743,0,0.8020833333333334,0.25,90.50286865234375,-0.2561964953369356,0.4216395773841509,3.870517999985168,30.0
725,24.166666666667027,track,1,317.48838111661996,240.51161888338004,317.4737640469824,240.52716677441333,1,0.02134000094592788,2.5806535796894643,2.3285590352220797,281.6179312749725,11.055812783082736,2723.804243158063,841.7766924784743,0,0.8020833333333334,0.25,67.36962890625,-0.3567997468057563,0.25774728505328975,3.8522129998455057,30.0
726,24.20000000000036,track,1,318.90915738311327,240.12800550561315,318.9119628863783,240.1212707611511,1,0.007295726937004924,1.0947745695477058,0.796043144154359,119.46964633517615,11.055812783082736,2746.8170738136564,841.7766924784743,0,0.8020833333333334,0.25,24.70815086364746,-0.2881423656919797,0.22874716104867968,3.794647000177065,30.0
727,24.233333333333697,track,1,320.8835859679515,243.47999133824166,320.8909209133284,243.45601903331226,1,0.02506936032910022,3.5690065329755964,2.735309203704778,389.41148291575485,11.055812783082736,2732.832711025341,841.7766924784743,0,0.8020833333333334,0.25,105.30769348144531,-0.1829014750123651,0.4095377561022704,4.713749999609718,30.0
728,24.26666666666703,track,1,320.4529896107255,238.42626201664007,320.4345671798627,238.3781475677979,1,0.05152073511006006,1.679063413231826,5.621452344178524,183.201441757901,11.055812783082736,2736.2843562981425,841.7766924784743,0,0.8020833333333334,0.25,144.9560089111328,-0.2188741914088323,0.1517245745124348,3.986841999903845,30.0
729,24.300000000000367,track,1,318.1786583543277,241.3747384602246,318.20775782780174,241.32250872150553,1,0.05978900369740613,2.227366454417439,6.523733394725471,243.05148420403546,11.055812783082736,2761.554202433474,841.7766924784743,0,0.8020833333333334,0.25,47.301151275634766,-0.30920976230018676,0.2953107967541334,3.863263999846822,30.0
730,24.3333333333337,track,1,318.12980417473636,242.6859909619109,318.12767211271296,242.69230034441387,1,0.006659879581519603,3.2793433583636498,0.726659336873617,357.82333911287526,11.055812783082736,2738.271010144905,841.7766924784743,0,0.8020833333333334,0.25,55.20075988769531,-0.31511349029499536,0.3657533517911994,3.929040000002715,30.0
731,24.366666666667037,track,1,319.28328953603585,237.49024253650973,319.2729342644742,237.46842794376528,1,0.024147631472292524,2.6339099566394006,2.634785866705878,287.38455037321495,11.055812783082736,2737.2628080228974,841.7766924784743,0,0.8020833333333334,0.25,168.6156463623047,-0.258203027014186,0.09546443650684908,4.521123999893462,30.0
732,24.40000000000037,track,1,319.35149687701914,243.39905233685118,319.3365857517458,243.37538298456525,1,0.027974629480167105,3.43996057496002,3.0524099105457267,375.32970534383134,11.055812783082736,2737.4986468035822,841.7766924784743,0,0.8020833333333334,0.25,134.1746368408203,-0.2537610457165236,0.39181562184493884,3.544315999988612,30.0
733,24.433333333333707,track,1,317.5846928672894,240.48736601954286,317.6064848767255,240.47644451332235,1,0.024375622523104937,2.4404741382810498,2.659953323355032,266.3207984065684,11.055812783082736,2734.63634679123,841.7766924784743,0,0.8020833333333334,0.25,28.7941837310791,-0.3470994234136374,0.22136153513022352,3.9132990000325663,30.0
734,24.46666666666704,track,1,317.11738962543444,241.20182777706268,317.1097247415307,241.19595020181941,1,0.009659002846961988,3.1279366929257892,1.0539924612608877,341.3347305734457,11.055812783082736,2745.1681119752534,841.7766924784743,0,0.8020833333333334,0.25,18.330089569091797,-0.3806774005981276,0.28014359030162994,3.8539590000254975,30.0
735,24.500000000000377,track,1,319.54832449217236,244.61495665674732,319.57039759312534,244.641967939707,1,0.03488310755664092,4.661804863061105,3.8062965434273823,508.64095964305693,11.055812783082736,2729.4568883409347,841.7766924784743,0,0.8020833333333334,0.25,172.21578979492188,-0.23880502241341908,0.4634878520878656,4.729074999886507,30.0
736,24.53333333333371,track,1,321.49396707747997,238.80315435663192,321.4722976924518,238.82072454875902,1,0.027897560805256724,1.8863592142268253,3.04417362996877,205.83918219427227,11.055812783082736,2731.693472671744,841.7766924784743,0,0.8020833333333334,0.25,255.74966430664062,-0.15529743298003754,0.17213593480306996,3.9556320002702705,30.0
737,24.566666666667047,track,1,320.6214196762142,240.80521320908662,320.6230419562837,240.8524837647957,1,0.04729838506406762,1.0558929152760121,5.160633531083535,115.21350240103443,11.055812783082736,2745.98884290825,841.7766924784743,0,0.8020833333333334,0.25,12.960494041442871,-0.18843584726420318,0.2684735514486488,3.803534999860858,30.0
738,24.60000000000038,track,1,317.99180362860193,241.98872998932762,317.9564754727386,242.00486402158037,1,0.038837940128658134,2.8627735220492743,4.238153220090325,312.3797997155798,10.464157913908982,2914.099928592428,841.7766924784743,0,0.8953488372093024,0.25,58.53623580932617,-0.31883904541219027,0.3300161238234582,3.782647000207362,30.0
739,24.633333333333717,track,1,318.42795931616536,239.64267474572603,318.40530519188803,239.66181207435898,1,0.02965546651088104,1.6301603001142684,3.235984475635086,177.89380001247284,11.055812783082736,2731.435644593435,841.7766924784743,0,0.8020833333333334,0.25,42.32076644897461,-0.299483085961732,0.22761608952787696,4.938093999953708,30.0
740,24.66666666666705,track,1,319.75922162162163,242.61392432432433,319.7744254335249,242.63415045223462,1,0.02530320427602235,2.643791309851872,2.7609592210306064,288.459164900464,11.055812783082736,2736.9622829485725,841.7766924784743,0,0.8020833333333334,0.25,43.80296325683594,-0.21852187522891836,0.3612852422469278,4.222287999709806,30.0
741,24.700000000000387,track,1,318.60555339301936,241.74257168807577,318.62588434841996,241.75618249075853,1,0.02446633804168712,2.2298813342337493,2.6698010229847418,243.31432902390236,11.055812783082736,2730.8269189483426,841.7766924784743,0,0.8020833333333334,0.25,6.830007076263428,-0.2881313122627565,0.3223651065667855,3.844767999908072,30.0
742,24.73333333333372,track,1,316.83421120801313,238.50664882134532,316.8447255085539,238.51360298256043,1,0.012605985644413554,3.487855101609547,1.3755838862042553,380.6082698804413,11.055812783082736,2728.089578648939,841.7766924784743,0,0.8020833333333334,0.25,148.38607788085938,-0.3852825604207848,0.15290762132625146,3.9034129999890865,30.0
743,24.766666666667057,track,1,316.5552669177815,242.09144044681128,316.5798439932711,242.08692444450662,1,0.024988535700100362,4.006584673689446,2.726917726028113,437.2070742800181,11.055812783082736,2723.584158743155,841.7766924784743,0,0.8020833333333334,0.25,54.20287322998047,-0.4129716024700121,0.33068890148342134,5.049908000273717,30.0
744,24.80000000000039,track,1,320.10809874404504,239.52000866175834,320.10229849676193,239.54509641569462,1,0.025749529434774255,0.4662641455802033,2.809505164868657,50.87358681520103,11.055812783082736,2724.3375916404075,841.7766924784743,0,0.8020833333333334,0.25,111.13140106201172,-0.2436949366443305,0.2223049912730983,3.820392999841715,30.0
745,24.833333333333727,track,1,320.38189129588795,239.13283175509144,320.36018486154717,239.12678305854763,1,0.02253344229517514,0.9445850736313717,2.4589845690126473,103.06445844392788,11.055812783082736,2728.7031391021096,841.7766924784743,0,0.8020833333333334,0.25,65.73580169677734,-0.2395218149405247,0.16903810319198187,3.949844000089797,30.0
746,24.86666666666706,track,1,320.8422350041085,242.60973922068936,320.85024517353213,242.6322933728227,1,0.023934339193898292,2.7662041240156015,2.611479807814494,301.820078377597,11.055812783082736,2725.071683562756,841.7766924784743,0,0.8020833333333334,0.25,130.7036895751953,-0.18850307083115087,0.34343216127024256,4.22424599992155,30.0
747,24.900000000000396,track,1,318.92118567169337,239.65155770643392,318.9272259688888,239.66878416228417,1,0.018254752021596897,1.1227413116922043,1.991778355880652,122.51994958640029,11.055812783082736,2730.5909434098726,841.7766924784743,0,0.8020833333333334,0.25,19.45461082458496,-0.2797363022158833,0.2105895854794731,4.4186009999975795,30.0
748,24.93333333333373,track,1,319.7391416864352,241.8716411472935,319.75256613680244,241.87729120568713,1,0.014564993220548555,1.8935273400738375,1.589397359850303,206.5996177170505,11.055812783082736,2727.647058823529,841.7766924784743,0,0.8020833333333334,0.25,30.121192932128906,-0.2205054148450252,0.30520195824938906,3.873483999996097,30.0
749,24.966666666667066,track,1,321.4198311322797,243.55107166053259,321.39731039785886,243.57589282987567,1,0.03351527899945521,3.8392038079165207,3.657078462489344,418.8977155991649,11.055812783082736,2721.771851917219,841.7766924784743,0,0.8020833333333334,0.25,97.86481475830078,-0.13750144970774278,0.4000354654036139,3.8131669998620055,30.0
750,25.0000000000004,track,1,317.5083142573317,238.111950935084,317.5194262219469,238.10584532327812,1,0.012678890059231925,3.1210684400877855,1.3835572420222388,340.5717876242432,11.055812783082736,2730.1876446023407,841.7766924784743,0,0.8020833333333334,0.25,272.38836669921875,-0.33208726703222746,0.12400611459558088,12.114425999698142,30.0
751,25.033333333333736,track,1,315.6261520488079,242.58461338756436,315.6456271960112,242.60646041302266,1,0.029267283440151174,5.074859446405523,3.193545842058753,553.7802175307738,11.055812783082736,2725.2350302079512,841.7766924784743,0,0.8020833333333334,0.25,206.09600830078125,-0.4395902100864726,0.34969748142856993,4.268966999916302,30.0
752,25.06666666666707,track,1,316.74722665860924,241.70164458065352,316.7599110447884,241.71780427986823,1,0.02054335735589477,3.6672916412003342,2.2415965158567768,400.1863901449271,11.055812783082736,2733.4226498715166,841.7766924784743,0,0.8020833333333334,0.25,13.8506441116333,-0.39896215028753323,0.31144096301288476,4.499128999668756,30.0
753,25.100000000000406,track,1,320.59299156391955,239.23672939649578,320.61374781473444,239.22235959113732,1,0.02524506395179612,0.9906618926694492,2.754769622662624,108.09652013126421,11.055812783082736,2730.4567085396725,841.7766924784743,0,0.8020833333333334,0.25,188.3918914794922,-0.20818318226209861,0.18451035357769963,4.094280999652256,30.0
754,25.13333333333374,track,1,319.05772452003606,242.99175363999484,319.05361850895156,242.99250206746956,1,0.004173663943224205,3.1385835261163044,0.45545847836013975,342.4501144701573,10.464157913908982,2897.201557009019,841.7766924784743,0,0.8953488372093024,0.25,56.716487884521484,-0.28425366877834013,0.3768990984417775,3.9143940002759336,30.0
755,25.166666666667076,track,1,317.86289868870904,238.57623231055524,317.869921277755,238.60071062137308,1,0.025465750674253943,2.548577275284979,2.778554689538283,278.104714274482,11.055812783082736,2723.186065479592,841.7766924784743,0,0.8020833333333334,0.25,105.27027130126953,-0.34850803383483714,0.15129473601329235,3.846550999696774,30.0
756,25.20000000000041,track,1,317.86770595581584,239.81396150036605,317.87463833476806,239.8236278770123,1,0.01189523919073379,2.1326671877732464,1.2979441600604875,232.73214809052809,11.055812783082736,2735.038774967922,841.7766924784743,0,0.8020833333333334,0.25,4.757143974304199,-0.35463564214919213,0.21449969971708896,4.619578000074398,30.0
757,25.233333333333746,track,1,321.95041535746566,244.83884991176345,321.9541419290093,244.84650330342902,1,0.008512446150002155,5.2256353631745736,0.9288073781353747,570.1727719870273,11.055812783082736,2733.294117647058,841.7766924784743,0,0.8020833333333334,0.25,401.29150390625,-0.14238605293970266,0.46705702917373104,4.086732000359916,30.0
758,25.26666666666708,track,1,320.97089018843405,239.46991552956464,320.97396398809974,239.443407095652,1,0.026686050904663004,1.1217849665981898,2.9116686562546876,122.41212469415687,11.055812783082736,2728.4997604832083,841.7766924784743,0,0.8020833333333334,0.25,87.44915008544922,-0.17817173908480743,0.20000138653542662,4.262636000021303,30.0
759,25.300000000000416,track,1,318.3025253615368,241.80107921433196,318.2868427889308,241.8105624146699,1,0.01832687022358943,2.492597818994004,1.9998684598074596,271.9852138039082,11.055812783082736,2733.1866743330465,841.7766924784743,0,0.8020833333333334,0.25,50.17474365234375,-0.30767643363852737,0.31776721310323874,4.147059999922931,30.0
760,25.33333333333375,track,1,317.38195735847427,242.60973922068936,317.3623250672315,242.63262183349843,1,0.030150303952213117,3.7266642952066382,3.2898870116254093,406.6451059374858,11.055812783082736,2728.2311880251686,841.7766924784743,0,0.8020833333333334,0.25,73.56668090820312,-0.35810519770923305,0.3655681357162181,4.8124019999704615,30.0
761,25.366666666667086,track,1,320.82149961082763,238.48668165700943,320.8329583838348,238.4701828008997,1,0.020087701007326517,1.7418841327320838,2.191855738688084,190.06123015996005,11.055812783082736,2722.276275489389,841.7766924784743,0,0.8020833333333334,0.25,166.8274383544922,-0.1815694099948798,0.15398218510310197,3.9776880003046244,30.0
762,25.40000000000042,track,1,318.70581380292634,242.72653114074842,318.7215868278048,242.73973012432862,1,0.020566999814427857,3.0233195982224395,2.2442588780790707,329.87884948971794,11.055812783082736,2732.0743548478226,841.7766924784743,0,0.8020833333333334,0.25,55.59632110595703,-0.28469266707881047,0.3676205482144616,3.933792000225367,30.0
763,25.433333333333756,track,1,317.9376488417406,240.44892833946741,317.94230007451745,240.425203417155,1,0.02417655693176619,2.1011727509396225,2.6378732109868683,229.29385604485074,11.055812783082736,2723.3483199624698,841.7766924784743,0,0.8020833333333334,0.25,33.91838836669922,-0.3266386493991994,0.2304864277308646,3.899299999829964,30.0
764,25.46666666666709,track,1,316.6766141222198,238.97097819045564,316.6955562618308,238.9732797556951,1,0.01908145318349972,3.4602749715580594,2.08230378470191,377.60490005835544,11.055812783082736,2730.423483383026,841.7766924784743,0,0.8020833333333334,0.25,90.98545837402344,-0.40010289303321256,0.16980355571759334,4.814375000023574,30.0
765,25.500000000000426,track,1,319.5426789658309,244.85033129790827,319.56897305754853,244.85810744745504,1,0.027419842469103072,4.877191014932385,2.9922130307573798,532.1412779035861,11.055812783082736,2721.300447396428,841.7766924784743,0,0.8020833333333334,0.25,261.853515625,-0.23653848365865043,0.47245284642901136,3.911965000042983,30.0
766,25.53333333333376,track,1,320.4195767882643,238.77567181617553,320.3943606660831,238.78777612771796,1,0.027970827227171466,1.2747576442147657,3.0522821348157616,139.0886312425959,11.055812783082736,2726.579359255876,841.7766924784743,0,0.8020833333333334,0.25,151.7106170654297,-0.23252260588612453,0.16681613796736827,3.8040929998715,30.0
767,25.566666666667096,track,1,320.98759743335773,240.18603849963395,320.98777657078836,240.17451840348144,1,0.011521488861345266,1.0030748860140577,1.257086728298982,109.46236961440319,10.464157913908982,2896.972365618894,841.7766924784743,0,0.8953488372093024,0.25,37.50231170654297,-0.17419586475922755,0.22079454703755164,3.763396000067587,30.0
768,25.60000000000043,track,1,318.08256288970114,243.1155880455816,318.07679809895956,243.1091595088567,1,0.00863474937202801,3.655896388531759,0.9421948717256967,398.9071724340809,11.055812783082736,2739.043396575472,841.7766924784743,0,0.8020833333333334,0.25,114.212158203125,-0.318031691153433,0.38110150455906455,4.9259040001743415,30.0
769,25.633333333333766,track,1,319.77242360243093,238.16964786000602,319.78500967940454,238.16029336883298,1,0.01568170394734033,1.8522260463317215,1.7111953705431142,202.0931729295577,11.055812783082736,2734.264071718181,841.7766924784743,0,0.8020833333333334,0.25,111.20481872558594,-0.21932473987376958,0.1267440168890554,3.8804119999440445,30.0
770,25.6666666666671,track,1,319.0373945033542,242.42795931616533,319.03447171769767,242.4034531528564,1,0.02467984432928991,2.5901412938102544,2.692775139407316,282.61212801210183,11.055812783082736,2727.6900541225136,841.7766924784743,0,0.8020833333333334,0.25,61.23793411254883,-0.26523368668389236,0.33915015665793824,3.768175000004703,30.0
771,25.700000000000436,track,1,318.3777076397596,240.91283669851703,318.35820996985865,240.91668379080556,1,0.01987358172657031,1.8803679627661172,2.1687378643187034,205.19100455329564,11.055812783082736,2728.9391146405796,841.7766924784743,0,0.8020833333333334,0.25,12.123835563659668,-0.30006777356034897,0.26456532762176693,3.8025300000299467,30.0
772,25.73333333333377,track,1,317.0831780964346,239.47411514967726,317.08026490834493,239.44855207696696,1,0.025728531851581395,2.971354542504057,2.807195060870935,324.25421311385367,11.055812783082736,2721.9332872783584,841.7766924784743,0,0.8020833333333334,0.25,58.502845764160156,-0.3731255975173108,0.18696650334546866,4.821494000225357,30.0
773,25.766666666667106,track,1,317.56365525301936,244.18284922730618,317.58692696296214,244.1706891728286,1,0.026257178229174918,4.818461337235025,2.8652677990318263,525.7561060766685,11.055812783082736,2720.9048163530415,841.7766924784743,0,0.8020833333333334,0.25,160.17910766601562,-0.35907029482772546,0.4306764795683661,3.862595999635232,30.0
774,25.80000000000044,track,1,320.29479693784873,239.60555339301933,320.27908422868165,239.62925655701497,1,0.028438164722306557,0.4640460184240661,3.1029998714809195,50.63439204023562,11.055812783082736,2726.4142241113773,841.7766924784743,0,0.8020833333333334,0.25,125.9700927734375,-0.23808317451802574,0.22342246134953364,3.7807749999956286,30.0
775,25.833333333333776,track,1,320.0995893667603,240.36516101145452,320.0939141336187,240.34577321286088,1,0.020201361476877025,0.3583001245122319,2.204161206691471,39.09388984898618,11.055812783082736,2729.647041255991,841.7766924784743,0,0.8020833333333334,0.25,29.892786026000977,-0.233884626964373,0.21946712474785426,4.3163499999536725,30.0
776,25.86666666666711,track,1,318.44892833946744,242.0415674388396,318.4225384742306,242.03754405456857,1,0.026694804891817782,2.576814048314415,2.9131228726647835,281.1697700961735,11.055812783082736,2728.094210846798,841.7766924784743,0,0.8020833333333334,0.25,21.525493621826172,-0.3114046696722905,0.32371730768724005,4.1744029999790655,30.0
777,25.900000000000446,track,1,318.9585438528307,239.31921233320378,318.9591385945264,239.30073480753367,1,0.018487094757534774,1.2539395020492263,2.0170904029542487,136.83159880187569,11.055812783082736,2730.6593221637113,841.7766924784743,0,0.8020833333333334,0.25,40.03453063964844,-0.28645775064648094,0.18355645963190595,3.8526819998878636,30.0
778,25.93333333333378,track,1,319.85079652894706,241.6933039761689,319.8575279957172,241.70792088561325,1,0.01609244190860834,1.7138529760508345,1.7558688282231045,186.99530930186756,11.055812783082736,2729.7857287706665,841.7766924784743,0,0.8020833333333334,0.25,23.355850219726562,-0.23071503810987565,0.30177712348246155,3.91578299968387,30.0
779,25.966666666667116,track,1,320.378230939083,243.55526691778152,320.357281266413,243.5790560082421,1,0.03169873199232557,3.596844702439012,3.4588536633705704,392.44522365221974,11.055812783082736,2718.862541510785,841.7766924784743,0,0.8020833333333334,0.25,79.37824249267578,-0.2242667535264348,0.4049293769751249,4.575284000111424,30.0
780,26.00000000000045,track,1,320.1618957018075,237.48668165700943,320.1525955736049,237.4712011310221,1,0.018059320846285632,2.533398730722767,1.9705092818389718,276.41425654712333,11.055812783082736,2723.8493910644747,841.7766924784743,0,0.8020833333333334,0.25,218.6318359375,-0.21718950701097248,0.09441919542290803,10.93952499968509,30.0
781,26.033333333333786,track,1,317.863524749063,243.20264506957307,317.86935966589874,243.1922046001389,1,0.011960336804867529,3.8379419540226287,1.3050234998148742,418.77311740263406,11.055812783082736,2734.0965110602633,841.7766924784743,0,0.8020833333333334,0.25,145.68438720703125,-0.32461780302735754,0.3823445977069408,4.445669000233465,30.0
782,26.06666666666712,track,1,318.3402048489563,240.35680020744198,318.3206933012565,240.33562685004995,1,0.02879256079082884,1.7125175534631167,3.1417553401008265,186.88131801751848,11.055812783082736,2726.9573016459203,841.7766924784743,0,0.8020833333333334,0.25,23.820709228515625,-0.304396505335918,0.22258392962283222,4.218258000037167,30.0
783,26.100000000000456,track,1,319.6222923602404,238.87548099788145,319.64211930423323,238.881024738306,1,0.020587393375299835,1.1748124227661494,2.2466198280818652,128.18355576526952,11.055812783082736,2728.9391146405796,841.7766924784743,0,0.8020833333333334,0.25,51.5020751953125,-0.22008421662574887,0.15753720353905948,3.791613999965193,30.0
784,26.13333333333379,track,1,317.9463202718396,242.87199449438685,317.94811455970876,242.87886963830078,1,0.007105425588560353,3.5352686254949965,0.7752675303443262,385.74919621095455,11.055812783082736,2735.1764705882347,841.7766924784743,0,0.8020833333333334,0.25,96.53706359863281,-0.3258134820369834,0.3595581898412761,3.7521750000450993,30.0
785,26.166666666667126,track,1,317.18663325700953,239.34008726832852,317.1759263351603,239.32246752842525,1,0.020617793522700358,2.9042111346249286,2.249674046190021,316.92594721960404,11.055812783082736,2729.4801282602853,841.7766924784743,0,0.8020833333333334,0.25,53.261558532714844,-0.37315105140343185,0.17972755574825727,3.9818270001887868,30.0
786,26.20000000000046,track,1,318.2280876063761,239.33591083848114,318.21500481785824,239.31706368080654,1,0.02294285744658576,1.9111802155586457,2.5033940732097486,208.55740021428764,11.055812783082736,2729.7159670409706,841.7766924784743,0,0.8020833333333334,0.25,12.03610897064209,-0.3289618244825081,0.17059750366456047,4.331763000209321,30.0
787,26.233333333333796,track,1,321.7547308708267,244.54687567661196,321.76761042422834,244.5734744611832,1,0.02955297339512838,4.903173998435666,3.2245739910058377,534.9878516501512,11.055812783082736,2721.5361496568235,841.7766924784743,0,0.8020833333333334,0.25,394.5768737792969,-0.1463208126194244,0.4399673882215208,3.7935569998808205,30.0
788,26.26666666666713,track,1,320.20264506957307,237.16542454659026,320.19315362267923,237.15878761951194,1,0.011581725483768105,2.847770375748848,1.263809794029807,310.7147929326761,11.055812783082736,2735.678285280554,841.7766924784743,0,0.8020833333333334,0.25,217.7178497314453,-0.225938096195769,0.06374619827963557,3.969741999753751,30.0
789,26.300000000000466,track,1,319.11221264989825,241.48166587298152,319.10611046592385,241.45752846376604,1,0.024896810496391662,1.7098034161327054,2.7164703061541924,186.5623060081011,11.055812783082736,2725.399481563524,841.7766924784743,0,0.8020833333333334,0.25,32.186668395996094,-0.2667890871292322,0.2752463973381595,4.48505100030161,30.0
790,26.3333333333338,track,1,317.9419814375135,242.6974746384632,317.9436268656631,242.713165585164,1,0.015776984571291557,3.4043997944044415,1.7213984837160208,371.47135408278024,11.055812783082736,2730.021431031062,841.7766924784743,0,0.8020833333333334,0.25,84.52708435058594,-0.3276108715256727,0.34257501174840316,4.57765000010113,30.0
791,26.366666666667136,track,1,319.56357968567346,238.44473308221848,319.5890585394467,238.41798469770924,1,0.03694114323421816,1.634516840134664,4.0309153189918945,178.34087650657094,11.055812783082736,2718.862541510785,841.7766924784743,0,0.8020833333333334,0.25,89.7774887084961,-0.22319079905655131,0.12486193812202137,4.697923000094306,30.0
792,26.40000000000047,track,1,319.44892833946744,242.76722234249837,319.4243546652143,242.77857520546104,1,0.02706941011082834,2.8375777916849048,2.9539219261607745,309.6047118288749,11.055812783082736,2723.3483199624698,841.7766924784743,0,0.8020833333333334,0.25,67.27745056152344,-0.2477546768751208,0.3438552250673225,3.7722080001003633,30.0
793,26.433333333333806,track,1,318.28584991153497,240.04971302809304,318.26993461135805,240.0484250988295,1,0.015967327312644705,1.730742973168881,1.7424709127977331,188.8714602723232,11.055812783082736,2730.3274554296286,841.7766924784743,0,0.8020833333333334,0.25,27.273906707763672,-0.30757921904394464,0.2058956848342604,5.255803999716591,30.0
794,26.46666666666714,track,1,317.4111971617704,239.2658244278112,317.3890452257316,239.2520521791755,1,0.026084154246427196,2.7159732649551427,2.8463547700251453,296.3831096325553,11.055812783082736,2733.0177099705634,841.7766924784743,0,0.8020833333333334,0.25,48.496150970458984,-0.358522065953333,0.16264782113086898,4.01853299990762,30.0
795,26.500000000000476,track,1,319.569419807035,243.0740708692078,319.5970131812679,243.0677327798137,1,0.02831193526988818,3.0940883607963205,3.089580296953221,337.5908185067338,11.055812783082736,2734.6025275638685,841.7766924784743,0,0.8020833333333334,0.25,105.6238784790039,-0.2300439814283685,0.35789060826613195,3.462706999926013,30.0
796,26.53333333333381,track,1,321.3607417925218,238.99655780732326,321.3720602722809,238.98320966682627,1,0.01750088108594553,1.7077505591880613,1.9096281873217413,186.35064133565268,10.464157913908982,2898.8235009952705,841.7766924784743,0,0.8953488372093024,0.25,131.63609313964844,-0.15325529835549068,0.1513642094410073,3.773641000407224,30.0
797,26.566666666667146,track,1,319.14125916084515,242.37749110701583,319.1821865902706,242.33467499495987,1,0.05923068403254031,2.47376759321164,6.463090027594956,269.91308915754746,11.055812783082736,2753.008619564557,841.7766924784743,0,0.8020833333333334,0.25,42.59795379638672,-0.25932798352384273,0.3230487388544394,5.095019999771466,30.0
798,26.60000000000048,track,1,317.8421840900338,243.2598314005734,317.86440982721433,243.21498294793446,1,0.05005364219839788,3.859645157473426,5.461443602060926,421.14108736379126,11.055812783082736,2752.4706572596087,841.7766924784743,0,0.8020833333333334,0.25,73.88533020019531,-0.3272072024768634,0.3786636097554179,4.2648020003071,30.0
799,26.633333333333816,track,1,316.6146812620734,237.37261214852973,316.6399708784015,237.3267047694428,1,0.052412328212477655,4.293751633211871,5.718840729408813,468.5336532882844,11.055812783082736,2746.932198030991,841.7766924784743,0,0.8020833333333334,0.25,301.3216857910156,-0.39915462367454035,0.07759949053731272,3.834593999727076,30.0
800,26.66666666666715,track,1,320.4035352446648,243.24212114679887,320.38397863773184,243.22406094858366,1,0.026620135880619317,3.2468459455934378,2.9047483808156427,354.25775478888494,11.055812783082736,2738.315118172331,841.7766924784743,0,0.8020833333333334,0.25,148.97958374023438,-0.2314449406988148,0.37405082599347755,3.8939019996178104,30.0
801,26.700000000000486,track,1,318.672891956006,241.4684062971749,318.6919222896038,241.43701703410989,1,0.036707484694637485,1.9432151843677496,4.00527169299025,212.03741340362464,11.055812783082736,2733.961065093304,841.7766924784743,0,0.8020833333333334,0.25,0.17272324860095978,-0.2984285169407464,0.29132856885623853,4.886867000095663,30.0
802,26.73333333333382,track,1,317.3806240303396,238.48651094638856,317.35788402535934,238.4629991241011,1,0.032709533989050715,3.0566564275308057,3.569178350664918,333.54997944444665,11.055812783082736,2731.458042742185,841.7766924784743,0,0.8020833333333334,0.25,118.62966918945312,-0.3698353187288179,0.13537608950574226,3.881509000166261,30.0
803,26.766666666667156,track,1,318.0640192746203,242.6613173858796,318.05641028995535,242.67739678065095,1,0.017788861229546905,3.308473134548854,1.9409700788752144,361.00304234846186,11.055812783082736,2740.8003897331755,841.7766924784743,0,0.8020833333333334,0.25,53.80592346191406,-0.34264554184671386,0.34578698030814425,3.910492000159138,30.0
804,26.80000000000049,track,1,321.13570357678304,239.06990790319125,321.1208196423546,239.0670646896633,1,0.015153064615302985,1.4582883679029042,1.653604236852317,159.12764648031904,11.055812783082736,2748.055852776087,841.7766924784743,0,0.8020833333333334,0.25,157.09072875976562,-0.18415091092348487,0.16189417871729817,4.436282000369829,30.0
805,26.833333333333826,track,1,319.8038558976341,238.60427669715315,319.7848653991041,238.62727712580454,1,0.029827147912019705,1.389478674122812,3.254615148926015,151.60389329815982,11.055812783082736,2747.8171577182093,841.7766924784743,0,0.8020833333333334,0.25,32.87369155883789,-0.23368370576183947,0.12645351920335812,4.137870999784354,30.0
806,26.86666666666716,track,1,320.05224740683826,242.90062748111154,320.0177109254797,242.9154907830739,1,0.03759901979909876,2.9155445774452096,4.102969243891642,318.10924817552564,10.464157913908982,2920.778683702513,841.7766924784743,0,0.8953488372093024,0.25,129.10313415527344,-0.2266995890963462,0.34236313616853764,3.743952000149875,30.0
807,26.900000000000496,track,1,318.6406969240697,238.22301570230158,318.63544538279587,238.230048537715,1,0.008777212524645474,2.2348909329490687,0.9577250848211537,243.86065222427044,11.055812783082736,2741.0362285138604,841.7766924784743,0,0.8020833333333334,0.25,76.9278564453125,-0.29214444408333506,0.10105112858074752,3.904135000084352,30.0
808,26.93333333333383,track,1,321.14298572714415,240.86832969011186,321.1175874619986,240.88826850094733,1,0.03228975146910437,1.4275933121837208,3.5234579100650865,155.77883118655978,11.055812783082736,2757.2041209275617,841.7766924784743,0,0.8020833333333334,0.25,42.113155364990234,-0.15834933043215368,0.2278201927008179,4.670805999921868,30.0
809,26.966666666667166,track,1,320.5132724295441,242.58631388434026,320.5276738311662,242.62691795641877,1,0.04308237502783278,2.679391278229625,4.700725055646187,292.3450487811057,11.055812783082736,2740.168950135864,841.7766924784743,0,0.8020833333333334,0.25,75.1634521484375,-0.17916440370452102,0.3187377506483928,4.059830000187503,30.0
810,27.0000000000005,track,1,318.08278359849953,237.24421161557368,318.0792347876218,237.2311466943927,1,0.01353832427265018,3.3698497932481946,1.4771574321291685,367.6988152014716,11.055812783082736,2736.117647058823,841.7766924784743,0,0.8020833333333334,0.25,213.9996795654297,-0.29946865801284017,0.042116704096504476,11.498132000269834,30.0
811,27.033333333333836,track,1,315.50998098859316,243.21569305219495,315.52040909063135,243.2030170589078,1,0.01641420476097017,5.506909568437871,1.7910490542055988,600.9185401917687,11.055812783082736,2726.2785842918897,841.7766924784743,0,0.8020833333333334,0.25,345.2272644042969,-0.44154346477224343,0.34309605066518833,4.655557999740267,30.0
812,27.06666666666717,track,1,318.55107166053256,241.02494046330375,318.5775428122017,241.02189911721712,1,0.026645293331297795,1.7514743095141572,2.9077248792763806,191.12227837799688,10.464157913908982,2873.8079267759003,841.7766924784743,0,0.8953488372093024,0.25,3.5064592361450195,-0.29920241494711636,0.23862983966723905,3.9442689999305003,30.0
813,27.100000000000506,track,1,320.4866816570094,238.74677851768573,320.4694361612409,238.7613525206957,1,0.022578943465916414,1.3246199030165013,2.46379898434188,144.52986345116693,11.055812783082736,2725.425236953349,841.7766924784743,0,0.8020833333333334,0.25,120.69664001464844,-0.22673905858977317,0.1193750756418156,3.830617999938113,30.0
814,27.13333333333384,track,1,319.63901975191254,242.89212084539915,319.6571928585538,242.89742514993964,1,0.018931388001219747,2.9176341846998635,2.065904304953805,318.3380203350593,11.055812783082736,2729.883016794461,841.7766924784743,0,0.8020833333333334,0.25,83.37205505371094,-0.22384668614460682,0.3314542220192084,4.467569000098592,30.0
815,27.166666666667176,track,1,318.25253352882834,240.19457501401527,318.2396683146126,240.18478629007222,1,0.01616579268859665,1.770003846204182,1.7640159789180891,193.15554938997386,11.055812783082736,2734.4327426546747,841.7766924784743,0,0.8020833333333334,0.25,20.44483757019043,-0.3132690494700385,0.18891378301523767,3.9118750000852742,30.0
816,27.20000000000051,track,1,319.50332182916304,239.96272648835202,319.50458096931527,239.96473781380382,1,0.0023729441620121833,0.4966723645824588,0.2589201679147538,54.20051750199868,11.055812783082736,2741.3242678053866,841.7766924784743,0,0.8020833333333334,0.25,18.014698028564453,-0.22511665011699142,0.1863421341855082,3.7647569997716346,30.0
817,27.233333333333846,track,1,321.16207090602137,242.56365525301936,321.153944920526,242.58815931023446,1,0.02581628285156322,2.8337532522718063,2.8168125714143564,309.1942744340561,11.055812783082736,2724.055836304525,841.7766924784743,0,0.8020833333333334,0.25,85.45329284667969,-0.1586207991287883,0.32023704122884034,4.12675899997339,30.0
818,27.26666666666718,track,1,321.4916857426683,237.09121928043882,321.4841730890786,237.08459249789576,1,0.010017694886177727,3.2714477929000743,1.0931199390853878,356.954194311793,11.055812783082736,2733.356754949083,841.7766924784743,0,0.8020833333333334,0.25,223.96481323242188,-0.12920270744564966,0.03746040341819337,6.19864400005099,30.0
819,27.300000000000516,track,1,318.38189129588795,241.28641847191594,318.36167021102005,241.26945972810358,1,0.026391120948678553,2.0725955945953123,2.8797830773592445,226.161892297345,11.055812783082736,2727.121740453433,841.7766924784743,0,0.8020833333333334,0.25,86.81082916259766,-0.28111228567192936,0.24269580752808684,8.42240000019956,30.0
820,27.33333333333385,track,1,315.72169096966815,241.41538661243564,315.73800704412236,241.39377244689126,1,0.027081108503439838,4.4841036550980755,2.9549558674169343,489.33015208652,11.055812783082736,2725.2350302079512,841.7766924784743,0,0.8020833333333334,0.25,204.78453063964844,-0.4260057207699038,0.25134750550696805,4.7893699997985095,30.0
821,27.366666666667186,track,1,319.4950153208752,238.37287989296965,319.4896948199056,238.35245349535103,1,0.021107947561089645,1.7247669007179574,2.3030720168815377,188.18880509347545,11.055812783082736,2727.5734489044635,841.7766924784743,0,0.8020833333333334,0.25,70.84165954589844,-0.2429102538686771,0.09182590487351908,4.670572999657452,30.0
822,27.40000000000052,track,1,319.05772452003606,242.9628913799768,319.05461083045157,242.96575290118426,1,0.004228872952605609,3.1127882923164454,0.46144832485697235,339.6356824350758,11.055812783082736,2737.598149241066,841.7766924784743,0,0.8020833333333334,0.25,112.76303100585938,-0.26648142061754815,0.3247657910118382,4.036997000184783,30.0
823,27.433333333333856,track,1,318.38189129588795,239.95018809184072,318.35988918796863,239.95442433264543,1,0.022406215411107464,1.640743921883303,2.445116525446902,179.0500994408514,11.055812783082736,2730.287292001358,841.7766924784743,0,0.8020833333333334,0.25,11.34778881072998,-0.30442387099290286,0.1777402760839409,3.73717200000101,30.0
824,27.46666666666719,track,1,316.92988787214847,237.92988787214847,316.93259973472493,237.93401388214488,1,0.004937424138567003,3.6982756828797423,0.5387413188174018,403.5608184602335,11.055812783082736,2738.4705882352937,841.7766924784743,0,0.8020833333333334,0.25,93.29910278320312,-0.38735330982131455,0.06370146492070797,4.626293000001169,30.0
825,27.500000000000526,track,1,319.7630655986144,243.55107166053259,319.7751048839575,243.5766774208173,1,0.02829486439853709,3.5837409484788507,3.0872952125760906,391.01508470287,11.055812783082736,2723.3483199624698,841.7766924784743,0,0.8020833333333334,0.25,223.7047119140625,-0.23645232608867056,0.34950495315292535,3.9288500001930515,30.0
826,27.53333333333386,track,1,321.2400517352878,238.07863763742185,321.2266574135341,238.07612550974386,1,0.013627862661194229,2.2816619960976876,1.4871642484885228,248.96038014023566,11.055812783082736,2730.3986080591703,841.7766924784743,0,0.8020833333333334,0.25,182.83914184570312,-0.16661617520667968,0.07134335001352637,3.745382999568392,30.0
827,27.566666666667196,track,1,321.4799913382417,240.0,321.45341904006443,239.99876944844527,1,0.02660077607044374,1.4534195609936396,2.9028724761206095,158.60790322558705,10.464157913908982,2871.3338794753004,841.7766924784743,0,0.8953488372093024,0.25,40.71631622314453,-0.1416011646184921,0.16076145947217566,3.999695999937103,30.0
828,27.60000000000053,track,1,317.9009586037914,242.99174655031595,317.904603007779,242.99050744034002,1,0.003849295254577892,3.6515508083193873,0.4200558089589145,398.4367344182418,10.464157913908982,2898.4552311597836,841.7766924784743,0,0.8953488372093024,0.25,174.12396240234375,-0.31814190787874447,0.3167880331338787,5.638887999793951,30.0
829,27.633333333333866,track,1,318.954346980243,237.37352470710303,318.9567790306802,237.35169885355504,1,0.02196093696607004,2.846367677073759,2.3961190748506636,310.5689105875598,11.055812783082736,2730.759517070239,841.7766924784743,0,0.8020833333333334,0.25,148.34246826171875,-0.26583222807323953,0.028659583170010938,4.351165000116453,30.0
830,27.6666666666672,track,1,319.8008556981719,242.64319979255802,319.8134197698531,242.66188933448552,1,0.022520099348583185,2.6684203213379716,2.457258959958845,291.14626673106216,11.055812783082736,2730.1189923329316,841.7766924784743,0,0.8020833333333334,0.25,95.0484619140625,-0.20994065598564704,0.29393665688591175,3.9320369996858062,30.0
831,27.700000000000536,track,1,319.1404293765865,241.02478165469174,319.13287081945816,241.02263605440635,1,0.007857186929617219,1.3407824266147519,0.8574230422562342,146.30097578809819,10.464157913908982,2894.0919476668987,841.7766924784743,0,0.8953488372093024,0.25,3.9535062313079834,-0.25066158583134657,0.21792353226307382,4.2479319999984,30.0
832,27.73333333333387,track,1,316.3986331588737,237.3404991565379,316.3746148365832,237.3234725368568,1,0.02944122251902413,4.506352942689078,3.2126524312006897,491.73572585278475,11.055812783082736,2726.1783853306924,841.7766924784743,0,0.8020833333333334,0.25,239.3798828125,-0.39689595991380977,0.023818174819484006,4.49042099990038,30.0
833,27.766666666667206,track,1,317.79735493042693,244.1902382285788,317.8068159641699,244.17972007726303,1,0.014147178750105061,4.720181790916065,1.543692814010941,515.02934901744,11.055812783082736,2735.678285280554,841.7766924784743,0,0.8020833333333334,0.25,224.64332580566406,-0.3372570511167083,0.3733289832027575,3.922903000329825,30.0
834,27.80000000000054,track,1,320.4950153208752,239.44331276164172,320.48968488805644,239.41951977063854,1,0.024382779474715923,0.7594396528167207,2.6603790569759522,82.8670716453362,11.055812783082736,2721.295941275039,841.7766924784743,0,0.8020833333333334,0.25,115.40559387207031,-0.22769693576203345,0.13824556808100927,3.940740999951231,30.0
835,27.833333333333876,track,1,321.2192630898513,239.87175177763413,321.208802522591,239.87859045255163,1,0.012497637458149953,1.2148842812523126,1.3637621332660164,132.5769324625064,11.055812783082736,2731.575757706965,841.7766924784743,0,0.8020833333333334,0.25,70.49505615234375,-0.1585598827998479,0.16291924505688757,4.7366089997922245,30.0
836,27.86666666666721,track,1,319.36157409411663,243.48166587298152,319.3396536795873,243.45755061159934,1,0.03258911481874283,3.5200445302089025,3.556019019124211,384.0674259461205,11.055812783082736,2719.097971440344,841.7766924784743,0,0.8020833333333334,0.25,95.5575180053711,-0.24614355310245514,0.3462858264606735,4.028969000046345,30.0
837,27.900000000000546,track,1,317.98755617006566,238.50998098859316,317.98871204401144,238.52046537746924,1,0.01054791233768038,2.496858414322267,1.150864083019605,272.4586662577022,10.464157913908982,2876.196372866355,841.7766924784743,0,0.8953488372093024,0.25,144.0267333984375,-0.31698243570971835,0.09598963911228031,3.9420530001734733,30.0
838,27.93333333333388,track,1,321.6766141222198,239.83416108831784,321.69456156031845,239.84158089027187,1,0.01942071047468917,1.7019504975280408,2.1192766811107506,185.72915250678602,11.055812783082736,2728.8429197290843,841.7766924784743,0,0.8020833333333334,0.25,71.19149017333984,-0.12471191545821438,0.1651072038478716,3.8167239999893354,30.0
839,27.966666666667216,track,1,321.0453861692526,242.0907723385052,321.0444996734559,242.08730214140928,1,0.0035816396638968066,2.3340543689857056,0.39078979569811834,254.6730815272386,11.055812783082736,2737.294117647058,841.7766924784743,0,0.8020833333333334,0.25,40.435821533203125,-0.14413383907674493,0.27293302045276396,4.735475999950722,30.0
840,28.00000000000055,track,1,318.33253951071663,238.44892833946741,318.3136058397055,238.42159168131275,1,0.03325322205476864,2.309826418667991,3.6284016798310064,252.04443517652132,11.055812783082736,2723.3483199624698,841.7766924784743,0,0.8020833333333334,0.25,131.43679809570312,-0.2774050013174628,0.08517516525484739,11.897870999746374,30.0
841,28.033333333333886,track,1,316.37375091923695,242.59717956482243,316.35456382361406,242.61786879128863,1,0.028216816443603673,4.488033191110149,3.078932973005005,489.73775578598793,11.055812783082736,2724.3645767815697,841.7766924784743,0,0.8020833333333334,0.25,209.99990844726562,-0.3855656440764482,0.29522820074403805,5.28280199978326,30.0
842,28.06666666666722,track,1,318.39444660698064,240.21590761645257,318.3734552234928,240.20520577065417,1,0.02356199660951362,1.6394381105405247,2.571165187107218,178.90712599556022,11.055812783082736,2729.578954398037,841.7766924784743,0,0.8020833333333334,0.25,5.887154579162598,-0.2933058405625704,0.16621337573986045,3.9015679999465647,30.0
843,28.100000000000556,track,1,319.6557355800389,236.22397926117952,319.67626168526203,236.21007396593996,1,0.024792705203982073,3.8037278872279336,2.7054120104831436,415.0176778978054,11.055812783082736,2729.2442894796,841.7766924784743,0,0.8020833333333334,0.25,223.1688995361328,-0.2143557518578189,-0.03925939677401355,3.827900000032969,30.0
844,28.13333333333389,track,1,320.0540493720225,243.47999133824166,320.0528541730978,243.45426502963687,1,0.025754057057063857,3.454669370371942,2.8099744997967755,376.9320860862848,11.055812783082736,2725.9192101142107,841.7766924784743,0,0.8020833333333334,0.25,256.72247314453125,-0.21196395334635623,0.3243594831680451,3.8313760001074115,30.0
845,28.166666666667226,track,1,317.0870804716859,239.33173513023195,317.082720978138,239.31498992420597,1,0.017303384317711782,2.996624049715841,1.8879589546155244,327.0107563562096,11.055812783082736,2728.371515208293,841.7766924784743,0,0.8020833333333334,0.25,53.19112777709961,-0.3643888735668125,0.11571943962608097,4.880484000295837,30.0
846,28.20000000000056,track,1,318.56365525301936,239.10389160642396,318.5876521119935,239.09886761107896,1,0.024517132170223218,1.6753406039128003,2.6754709661972855,182.816168293143,11.055812783082736,2725.6354571019947,841.7766924784743,0,0.8020833333333334,0.25,8.743017196655273,-0.29726967851081115,0.09658213162302189,3.796386999965762,30.0
847,28.233333333333896,track,1,321.8180329987507,242.79735493042693,321.8273192178584,242.8097378093048,1,0.015478034585192283,3.3516745189519326,1.6888853546624645,365.71383555222275,11.055812783082736,2735.678285280554,841.7766924784743,0,0.8020833333333334,0.25,252.545166015625,-0.12750962829645948,0.28575819845513717,3.907786000127089,30.0
848,28.26666666666723,track,1,320.5083142573317,236.97097568349673,320.51667368239066,236.9708064325298,1,0.008361138272183878,3.07294083302591,0.9124292001600667,335.2841212319848,11.055812783082736,2738.1311808670453,841.7766924784743,0,0.8020833333333334,0.25,155.57479858398438,-0.1834033031908396,-0.014515392927626075,3.761192000183655,30.0
849,28.300000000000566,track,1,316.9629009403581,242.04534329511787,316.96648986960577,242.04246908203845,1,0.0045979902099288605,3.657029349388303,0.5017318082769747,399.0599738357814,11.055812783082736,2739.882352941176,841.7766924784743,0,0.8020833333333334,0.25,186.68502807617188,-0.3643784726363585,0.23828610742913536,5.406740000125865,30.0
850,28.3333333333339,track,1,317.84299548095544,241.90497094899936,317.8526852010027,241.911136091682,1,0.01148475767667719,2.874613366510763,1.2532375376931026,313.67444005968855,11.055812783082736,2735.107206650348,841.7766924784743,0,0.8020833333333334,0.25,39.285667419433594,-0.32794919944494655,0.23840947594526965,3.8797729998805153,30.0
851,28.366666666667236,track,1,319.39466851306906,236.48333910334082,319.3742446735954,236.46288435412703,1,0.028905535529468868,3.5920407599028032,3.154104902712479,391.9225014294598,11.055812783082736,2720.1574061233587,841.7766924784743,0,0.8020833333333334,0.25,219.36485290527344,-0.2523965820471622,-0.04346875735395328,3.8941870002418,30.0
852,28.40000000000057,track,1,319.7553664751868,242.49168574266832,319.76733122034125,242.48220248067287,1,0.015267199634682337,2.4930832148338795,1.6659555215046615,272.01575424311625,11.055812783082736,2727.029531752823,841.7766924784743,0,0.8020833333333334,0.25,124.6829833984375,-0.2195620018218553,0.25730183427530284,4.233174000091822,30.0
853,28.433333333333906,track,1,318.9334748148469,239.46151847199965,318.93656055818644,239.43518436279442,1,0.02651428142701675,1.2041263016962462,2.892927330290367,131.39803852305147,11.055812783082736,2722.6408036204143,841.7766924784743,0,0.8020833333333334,0.25,10.2728271484375,-0.27206405041425785,0.10534078577856767,4.261781999957748,30.0
854,28.46666666666724,track,1,318.42795931616536,237.66760441462887,318.4037048909007,237.6862502523088,1,0.03059320852256097,2.8109777605444255,3.3383368569230543,306.7177557625688,11.055812783082736,2724.527513865896,841.7766924784743,0,0.8020833333333334,0.25,62.47821044921875,-0.2996828909614398,0.00446916901291286,3.875340999911714,30.0
855,28.500000000000576,track,1,319.128847902325,243.44473308221848,319.1200701459363,243.42110173753804,1,0.02520891625247895,3.5324515066251516,2.7505535482890022,385.4229752169964,11.055812783082736,2720.433684399212,841.7766924784743,0,0.8020833333333334,0.25,203.23988342285156,-0.26561877158179914,0.2986143862525606,3.7785029999213293,30.0
856,28.53333333333391,track,1,321.9340177842691,239.96288500365137,321.93763662887875,239.96413988809013,1,0.003830244282488043,1.9379684345207464,0.41797662566969074,211.48544955202848,11.055812783082736,2737.127832160064,841.7766924784743,0,0.8020833333333334,0.25,99.08432006835938,-0.11514350891222912,0.13014236884880268,4.479007000099955,30.0
857,28.566666666667246,track,1,320.2571613739469,239.65573558003888,320.24403925199283,239.67310053858,1,0.021765382369984345,0.4079441314566314,2.374930947902456,44.51280299762956,11.055812783082736,2729.2442894796,841.7766924784743,0,0.8020833333333334,0.25,8.921380996704102,-0.2021595855631418,0.128904938976866,4.1571040001144866,30.0
858,28.60000000000058,track,1,318.31596725997144,242.54267896583085,318.2981830066675,242.5668149897749,1,0.02998044891937739,3.0797273045723466,3.271311304228594,336.04113739083897,11.055812783082736,2722.876642401099,841.7766924784743,0,0.8020833333333334,0.25,102.58318328857422,-0.28530962492797196,0.26356778325101043,3.906452000137506,30.0
859,28.633333333333916,track,1,321.3243102776214,236.53848152800035,321.3076204917694,236.56544469612368,1,0.031710587932627585,3.675056664308759,3.4600488903805324,400.9871110143628,11.055812783082736,2722.6408036204143,841.7766924784743,0,0.8020833333333334,0.25,256.9798889160156,-0.12712975025981443,-0.04559748360116092,3.7828759996045846,30.0
860,28.66666666666725,track,1,318.9504452187379,241.8678539166344,318.954785253389,241.87449635484154,1,0.007934600563872735,2.146208389427116,0.8657744733761916,234.17838950597906,11.055812783082736,2734.941176470588,841.7766924784743,0,0.8020833333333334,0.25,89.97891235351562,-0.24182387927247076,0.21964748295660497,4.653332999623672,30.0
861,28.700000000000585,track,1,318.4573210341691,242.004157463947,318.43134898737344,242.00572477119408,1,0.026019294125016378,2.546291000101105,2.839416051589631,277.83947478811467,10.464157913908982,2871.458233476144,841.7766924784743,0,0.8953488372093024,0.25,55.7529182434082,-0.2686361282673864,0.23409253735944965,3.963840999858803,30.0
862,28.73333333333392,track,1,317.2483722133586,237.10348842223277,317.2345233294375,237.09639761980657,1,0.015558633131105976,4.0098339114844315,1.6978102647464322,437.5419560158124,11.055812783082736,2729.9277482000525,841.7766924784743,0,0.8020833333333334,0.25,217.4825897216797,-0.33783711643874903,-0.019159879359310877,3.937239999686426,30.0
863,28.766666666667255,track,1,317.55107166053256,242.0872916215631,317.575866459813,242.08254862534136,1,0.025244367382019947,3.1958460847748302,2.754834714092787,348.7280513951454,11.055812783082736,2723.3483199624698,841.7766924784743,0,0.8020833333333334,0.25,74.7521743774414,-0.3339702584596971,0.23027332477634965,3.930130000298959,30.0
864,28.80000000000059,track,1,319.75578838442635,239.0,319.7703070817744,239.00073269430868,1,0.014537173509093174,1.0253262821690425,1.5864032891329947,111.87230445950578,10.464157913908982,2893.479181594204,841.7766924784743,0,0.8953488372093024,0.25,63.79724884033203,-0.21488946280538615,0.0731773578700751,5.32096899996759,30.0
865,28.833333333333925,track,1,321.2983554193465,237.87568524193895,321.28430995711346,237.8835906351619,1,0.016117389718827712,2.475609150394133,1.7587735850942778,270.12169824397733,11.055812783082736,2727.102589045346,841.7766924784743,0,0.8020833333333334,0.25,131.50205993652344,-0.1436992246509837,0.0052715947793284534,3.962452999985544,30.0
866,28.86666666666726,track,1,320.65134679406805,243.3777076397596,320.66873972581834,243.35764545259985,1,0.026551938319127034,3.423593989691545,2.8972497994771897,373.54403216721056,11.055812783082736,2727.3575792341185,841.7766924784743,0,0.8020833333333334,0.25,218.4810791015625,-0.16779580894775956,0.2852433873687039,3.9125409998632676,30.0
867,28.900000000000595,track,1,319.01656600517686,238.50332182916307,319.01650377538056,238.50694178197114,1,0.003620487657784657,1.7878723853408065,0.3950241991239851,195.08168475060822,10.464157913908982,2880.6702351815634,841.7766924784743,0,0.8953488372093024,0.25,57.84806823730469,-0.24674959784058564,0.03945518830750884,3.844751999622531,30.0
868,28.93333333333393,track,1,320.9252174665686,241.42376768944476,320.9313681319401,241.39868696610688,1,0.025823891412084923,1.6804082320527989,2.8176216626601973,183.3560044723478,11.055812783082736,2726.3433837174057,841.7766924784743,0,0.8020833333333334,0.25,40.38106155395508,-0.1445505524588462,0.18635221373676725,5.165862000012567,30.0
869,28.966666666667265,track,1,321.16170690623244,242.49168574266832,321.1510623007032,242.48117960741615,1,0.01495615274093843,2.7351776293977483,1.631982840237309,298.43916712264723,11.055812783082736,2727.029531752823,841.7766924784743,0,0.8020833333333334,0.25,46.64038848876953,-0.12187807810371595,0.24933437440030004,3.803370000241557,30.0
870,29.0000000000006,track,1,317.96094051137095,237.10278812797122,317.9854709017301,237.096082383767,1,0.025430435633388274,3.534270081593167,2.775122912195843,385.6394198443703,10.464157913908982,2911.053975573909,841.7766924784743,0,0.8953488372093024,0.25,285.0856018066406,-0.2815958106034461,-0.026692627079224096,12.164454999947338,30.0
871,29.033333333333935,track,1,316.0103783783784,241.45267027027026,316.01390655617786,241.42796410637766,1,0.024956814157115433,4.234149552387682,2.7229975628821736,462.0523777087895,10.464157913908982,2875.686269504821,841.7766924784743,0,0.8953488372093024,0.25,180.4020538330078,-0.3923447967880386,0.18955832897338254,4.310548999910679,30.0
872,29.06666666666727,track,1,318.1902874132805,240.31438790020252,318.18632250688415,240.2969607933244,1,0.017872451898759873,1.8378280011488652,1.950044623197837,200.55646657863022,11.055812783082736,2738.142160640924,841.7766924784743,0,0.8020833333333334,0.25,0.16352787613868713,-0.2947277926405789,0.11741208851468231,3.81201099980899,30.0
873,29.100000000000605,track,1,321.0844091786404,237.0041175209093,321.08724503533836,237.00539803403694,1,0.003111558625756132,3.185866083409299,0.3395460750737586,347.61068161243736,10.464157913908982,2901.1834515167834,841.7766924784743,0,0.8953488372093024,0.25,224.65225219726562,-0.14856635295858323,-0.04482690514092173,3.7547890001405904,30.0
874,29.13333333333394,track,1,319.20845336887817,242.90093305241433,319.2001768142169,242.90507169240004,1,0.009253631611020208,3.0131642282657434,1.009788819564545,328.7644491794458,11.055812783082736,2739.2789625523865,841.7766924784743,0,0.8020833333333334,0.25,163.78428649902344,-0.24127449806996365,0.2521026262951779,4.9627769999460725,30.0
875,29.166666666667275,track,1,317.77402496436747,237.42707208569084,317.7879017961616,237.40415132789758,1,0.026794170979135733,3.4105437677709216,2.923597781866098,372.1454479973237,11.055812783082736,2731.770821102224,841.7766924784743,0,0.8020833333333334,0.25,105.06404876708984,-0.3189154394293818,-0.028595173222395298,4.012567000245326,30.0
876,29.20000000000061,track,1,319.70586458378284,239.38527596772104,319.72183911101865,239.36393509266054,1,0.02665742802214219,0.6942276618715569,2.9087245252869756,75.74795825834413,11.055812783082736,2732.546032409193,841.7766924784743,0,0.8020833333333334,0.25,19.399057388305664,-0.20868158660852512,0.060333209628520894,3.8865120000082243,30.0
877,29.233333333333945,track,1,321.93778353856123,242.4438107582631,321.9390307247926,242.41958215458885,1,0.024260682379109496,3.1006802406076153,2.647035697624047,338.33255021374083,11.055812783082736,2729.2442894796,841.7766924784743,0,0.8020833333333334,0.25,218.95733642578125,-0.10164865146379308,0.2177752950928158,3.9898429999993823,30.0
878,29.26666666666728,track,1,321.0885115142159,237.03293451691752,321.0776614640646,237.03271302274652,1,0.010852310719548123,3.1569203722152905,1.184284338017739,344.45241164797727,11.055812783082736,2743.411764705882,841.7766924784743,0,0.8020833333333334,0.25,120.9171142578125,-0.13179709948347135,-0.06085563800627519,4.709018000085052,30.0
879,29.300000000000615,track,1,318.921396250808,240.6814479638009,318.91733847626233,240.69731076371,1,0.016373574906517495,1.287788133260975,1.7865075998645978,140.5256519397789,11.055812783082736,2734.7354762389723,841.7766924784743,0,0.8020833333333334,0.25,67.40492248535156,-0.23567587503555426,0.11734531541058807,3.820507999989786,30.0
880,29.33333333333395,track,1,316.4428565279153,241.69833412250873,316.3909913493584,241.71262880153677,1,0.05379902039307744,3.994751663402777,5.870872713384172,435.92261188165963,11.055812783082736,2739.385357049064,841.7766924784743,0,0.8020833333333334,0.25,197.3665771484375,-0.3682865575751348,0.17347813477946794,3.881389000071067,30.0
881,29.366666666667285,track,1,320.34903833742095,237.1569639860591,320.3092478067971,237.15081013566396,1,0.0402635840681669,2.865923426933112,4.39384197342817,312.6958291733853,11.055812783082736,2742.1537447949204,841.7766924784743,0,0.8020833333333334,0.25,137.26119995117188,-0.1924111463933501,-0.06127798103110732,4.203811000024871,30.0
882,29.40000000000062,track,1,318.70474333983105,242.53008447043536,318.7208302239584,242.55653714802202,1,0.030960167835948276,2.8586985684319526,3.378164140092422,311.9179959580192,11.055812783082736,2722.1691260590437,841.7766924784743,0,0.8020833333333334,0.25,121.88069152832031,-0.258757518305976,0.21075077880540738,4.195926999727817,30.0
883,29.433333333333955,track,1,318.28168284789643,239.8053074433657,318.26759339554303,239.8153726271089,1,0.01731532822106093,1.742216952617209,1.8894632897100547,190.12323260621605,11.055812783082736,2734.366552025398,841.7766924784743,0,0.8020833333333334,0.25,10.679618835449219,-0.2850487028206903,0.08771244376029728,3.8809469997431734,30.0
884,29.46666666666729,track,1,317.86758049915943,237.76826587352903,317.87641678697037,237.7820395197857,1,0.016364391631890185,3.0706602473171225,1.7855785121127152,335.0620954224891,11.055812783082736,2729.294117647058,841.7766924784743,0,0.8020833333333334,0.25,73.63446044921875,-0.31354062849612563,-0.03161008996158654,3.925894999611046,30.0
885,29.500000000000625,track,1,320.09101486748546,242.78073691014868,320.0878605112864,242.79184523622894,1,0.011547504983150634,2.793227397205197,1.2599418538831542,304.7635172957564,11.055812783082736,2731.575757706965,841.7766924784743,0,0.8020833333333334,0.25,162.21876525878906,-0.2080779529743775,0.22429160612771804,4.725362000044697,30.0
886,29.53333333333396,track,1,321.89236275820434,238.25253352882834,321.89818017343066,238.23989542009144,1,0.013912732023616065,2.5886398171666,1.5180375337427428,282.4683236434358,11.055812783082736,2729.6923182704936,841.7766924784743,0,0.8020833333333334,0.25,163.5576629638672,-0.10361496264191097,-0.004052149290532506,4.372308000256453,30.0
887,29.566666666667295,track,1,321.26182951642926,239.51833412701848,321.2488422830195,239.54102937919902,1,0.02614847420363687,1.3305115852993386,2.853132979881915,145.19220417696684,11.055812783082736,2722.2432564380097,841.7766924784743,0,0.8020833333333334,0.25,13.813274383544922,-0.12239642678500678,0.07953445543302896,3.919762999885279,30.0
888,29.60000000000063,track,1,318.373524707103,241.07055466689724,318.35271332339755,241.06541007862552,1,0.021437828253369515,1.9617981625408798,2.3394305343231796,214.07471560521498,11.055812783082736,2730.759517070239,841.7766924784743,0,0.8020833333333334,0.25,83.17849731445312,-0.264034631053811,0.13550334137088949,4.235365999647911,30.0
889,29.633333333333965,track,1,320.0124389927871,237.67243985660605,320.01112277629625,237.6917463516495,1,0.019351309431499753,2.3082804468426135,2.111384397967161,251.8518738011174,10.464157913908982,2886.6175295071616,841.7766924784743,0,0.8953488372093024,0.25,68.1899642944336,-0.17975005226816101,-0.041605277536423665,5.2914779998900485,30.0
890,29.6666666666673,track,1,319.7764650079772,241.75162778664136,319.7891821898985,241.76300375939968,1,0.017062809622600362,1.7755636864706936,1.8618729666448937,193.72869748611632,11.055812783082736,2736.254356333161,841.7766924784743,0,0.8020833333333334,0.25,69.47672271728516,-0.17537568679483503,0.16346835245664854,4.417994000050385,30.0
891,29.700000000000635,track,1,319.71780573207104,240.3693424977305,319.7327991771531,240.34829779947472,1,0.02583955727379128,0.4389847797464085,2.81947135018116,47.899909260421175,11.055812783082736,2727.8292567954886,841.7766924784743,0,0.8020833333333334,0.25,2.4415783882141113,-0.17152346354530165,0.07829207189098857,3.7987420000717975,30.0
892,29.73333333333397,track,1,315.96686798964623,236.50332182916307,315.97044929641663,236.50577209927678,1,0.004339306605192057,5.333564239318938,0.4735102709488688,581.9935532705499,11.055812783082736,2741.3242678053866,841.7766924784743,0,0.8020833333333334,0.25,320.4720458984375,-0.38390344300928325,-0.10899029801080007,3.7970870002936863,30.0
893,29.766666666667305,track,1,315.69645254905356,242.53428336293152,315.7140969748226,242.55893805851792,1,0.03031797775541506,4.991705993801737,3.3081328254362417,544.7064211033158,11.055812783082736,2723.983628332702,841.7766924784743,0,0.8020833333333334,0.25,216.2285614013672,-0.41769611271032525,0.19415857591551233,5.012713000269287,30.0
894,29.80000000000064,track,1,320.50663449939685,239.4859555402378,320.5123958295319,239.47083655469214,1,0.01617951324529561,0.7365890563752383,1.7653542257869341,80.37467798188644,11.055812783082736,2722.9830781767073,841.7766924784743,0,0.8020833333333334,0.25,146.05490112304688,-0.18303677302795807,0.04294304541861217,3.842136000002938,30.0
895,29.833333333333975,track,1,320.9625666132317,239.47831549759542,320.963599687703,239.45145554347982,1,0.026879813577386728,1.108794561188094,2.9328036189006688,120.99460832948412,11.055812783082736,2728.026985995795,841.7766924784743,0,0.8020833333333334,0.25,97.80329895019531,-0.1554713602280054,0.039664171729722565,3.9040199999362812,30.0
896,29.86666666666731,track,1,320.3025253615368,240.80936758040147,320.2846435060618,240.81808906047195,1,0.019895350458069696,0.8661937637774976,2.1710537926578395,94.5104891634087,11.055812783082736,2733.1866743330465,841.7766924784743,0,0.8020833333333334,0.25,27.86933708190918,-0.1984142504739533,0.10766920306129624,4.355824999947799,30.0
897,29.900000000000645,track,1,317.373524707103,237.00830054904674,317.3536513409456,237.0094901212201,1,0.019908936796881355,3.9932831805870306,2.172608940103132,435.7331606675929,10.464157913908982,2878.287558097136,841.7766924784743,0,0.8953488372093024,0.25,153.7366180419922,-0.33420803507852337,-0.09202105558481705,4.2636630000743025,30.0
898,29.93333333333398,track,1,321.1156477218948,240.1404293765865,321.1104488682013,240.13291701136086,1,0.009135847580269684,1.118375438213212,0.9968514988612398,122.04510199913126,11.055812783082736,2739.213819186487,841.7766924784743,0,0.8020833333333334,0.25,76.78195190429688,-0.1431657282995428,0.05151144725119945,3.8083919998825877,30.0
899,29.966666666667315,track,1,322.49833973004445,241.71848721376514,322.49696432299174,241.7350730504843,1,0.016642767925881843,3.040610024454052,1.8158613123390688,331.7946636389273,11.055812783082736,2736.018380794691,841.7766924784743,0,0.8020833333333334,0.25,140.56033325195312,-0.05853788955588833,0.1420180338174526,3.862356999889016,30.0
900,30.00000000000065,track,1,319.6013668411263,237.7217872745361,319.6227412288998,237.73855384067633,1,0.0271658276668873,2.292697736704903,2.9643353990053596,250.1528787134958,11.055812783082736,2726.1783853306924,841.7766924784743,0,0.8020833333333334,0.25,88.97050476074219,-0.1731944312876424,-0.06316982249718961,12.261720999958925,30.0
901,30.033333333333985,track,1,316.00823786845154,241.0,316.00709436067496,240.9996735888476,1,0.001189182187695456,4.116144157921729,0.12977060508287197,449.1793897353589,9.901487006738307,3093.879844692109,841.7766924784743,0,1.0,0.25,272.3004150390625,-0.3805670603292254,0.10027689182254582,4.315606000091066,30.0
902,30.06666666666732,track,1,318.25253352882834,239.7516063650869,318.2374555118091,239.7666037460176,1,0.021266594273947215,1.777930506016778,2.320563028994008,194.02034507094123,11.055812783082736,2734.4327426546747,841.7766924784743,0,0.8020833333333334,0.25,5.526158809661865,-0.2772969367181266,0.05137392253200324,4.698497999925166,30.0
903,30.100000000000655,track,1,320.5149889691569,236.6470130207207,320.5330841079825,236.66620522378753,1,0.026377541729233893,3.3761466609264885,2.8782415329446436,368.3662482227447,11.055812783082736,2722.7893441683586,841.7766924784743,0,0.8020833333333334,0.25,146.14366149902344,-0.1632077150499264,-0.12807830652883131,3.9883730000838113,30.0
904,30.13333333333399,track,1,319.3484422935661,241.9460744069481,319.3280893846851,241.9481354170614,1,0.020456995444256217,2.060751192692082,2.2324147265633614,224.84870084354228,11.055812783082736,2729.0084506989147,841.7766924784743,0,0.8020833333333334,0.25,123.66240692138672,-0.2203344307124554,0.1372289210602937,3.9610789999642293,30.0
905,30.166666666667325,track,1,319.02483507954986,238.75578838442632,319.02219838360634,238.76938988962502,1,0.013854714330099388,1.571781551227519,1.511669964458819,171.50575037694003,10.464157913908982,2893.479181594204,841.7766924784743,0,0.8953488372093024,0.25,11.276031494140625,-0.23771276559621735,-0.02399047932717216,3.884437000124308,30.0
906,30.20000000000066,track,1,319.42795931616536,238.93352088292576,319.4045204896586,238.93590421691897,1,0.02355968736927438,1.2193833207024305,2.5710028347302822,133.05012388582713,11.055812783082736,2726.107408178935,841.7766924784743,0,0.8020833333333334,0.25,2.752962112426758,-0.21791743296972557,-0.02069417616772449,4.649561000405811,30.0
907,30.233333333333995,track,1,322.14498381877024,241.28168284789643,322.1358519816516,241.26627824264642,1,0.01790788407572588,2.483007103357719,1.953983740866596,270.95158834205694,11.055812783082736,2728.0443087635813,841.7766924784743,0,0.8020833333333334,0.25,132.92254638671875,-0.07196204288597458,0.09940131276226782,3.854338000110147,30.0
908,30.26666666666733,track,1,320.67243985660605,237.76780546797391,320.6890750702528,237.77953351377755,1,0.020353805330816228,2.3249292180367447,2.2210267911515382,253.67234891602024,11.055812783082736,2730.1876446023407,841.7766924784743,0,0.8020833333333334,0.25,51.74350357055664,-0.13492924257565986,-0.08142223457284249,3.8320260000546114,30.0
909,30.300000000000665,track,1,319.7007403558904,239.55526691778152,319.7163344128686,239.57944475285512,1,0.028770511324724694,0.5072798845052763,3.1392570950026832,55.35137407181984,11.055812783082736,2723.584158743155,841.7766924784743,0,0.8020833333333334,0.25,15.912763595581055,-0.1622739048418245,0.02642810723929133,3.858873000353924,30.0
910,30.333333333334,track,1,317.4983397300444,241.63568933546077,317.4993742862622,241.65340144850347,1,0.017742301288315693,2.9978100857325978,1.9358281662134413,327.12553438557387,11.055812783082736,2729.6923182704936,841.7766924784743,0,0.8020833333333334,0.25,157.4128875732422,-0.2915595700724385,0.11396725126622476,4.717692000212992,30.0
911,30.366666666667335,track,1,319.26918597126956,237.1283810016824,319.25535519531593,237.1201398007952,1,0.016099930296225015,2.9745740286815803,1.7568616444993765,324.55344751599506,11.055812783082736,2727.1764705882347,841.7766924784743,0,0.8020833333333334,0.25,100.72473907470703,-0.20678248593721923,-0.11761905954739449,3.945776000364276,30.0
912,30.40000000000067,track,1,319.74727029476503,241.50498467912476,319.7599753888121,241.50959394093593,1,0.013515350871841858,1.528556731196578,1.4748646523051787,166.77850746035153,11.055812783082736,2730.7285378122483,841.7766924784743,0,0.8020833333333334,0.25,64.63870239257812,-0.16993342303026204,0.1026219384486312,3.729960000327992,30.0
913,30.433333333334005,track,1,318.4916857426683,239.67243985660605,318.48294665719914,239.69212106769032,1,0.0215341980250387,1.5479794190697183,2.349622185097503,168.9257871368817,11.055812783082736,2730.1876446023407,841.7766924784743,0,0.8020833333333334,0.25,9.286619186401367,-0.24887512097568631,0.03031818117870147,3.8601989999733632,30.0
914,30.46666666666734,track,1,317.0290130385977,237.49335117865468,317.02819535484366,237.48656731154165,1,0.0068329685883147745,3.8921673561633723,0.7455333765451284,424.71061325244796,11.055812783082736,2739.1955431798256,841.7766924784743,0,0.8020833333333334,0.25,98.38812255859375,-0.3333968292896008,-0.10261737711236223,4.851173000133713,30.0
915,30.500000000000675,track,1,319.31574847448826,242.42376768944476,319.2986472060651,242.40008593027142,1,0.02921094142997963,2.5004616002344693,3.1873416444976024,272.82419020771476,11.055812783082736,2726.3433837174057,841.7766924784743,0,0.8020833333333334,0.25,142.5953826904297,-0.22571613712928418,0.14875861170393476,4.0235099995697965,30.0
916,30.53333333333401,track,1,322.2655716446942,237.48835098335854,322.2506002195711,237.47364572810125,1,0.020985425952300976,3.3834401510111705,2.289885034446776,369.189434872315,11.055812783082736,2728.065095576174,841.7766924784743,0,0.8020833333333334,0.25,257.70965576171875,-0.07033748053328337,-0.10196209924567791,3.9159739999377052,30.0
917,30.566666666667345,track,1,320.7846419327006,240.49667817083693,320.79452142650064,240.4936289708121,1,0.010339343235260035,0.9353789916358058,1.1282882425639615,102.0704284216109,11.055812783082736,2728.632883587479,841.7766924784743,0,0.8020833333333334,0.25,25.403499603271484,-0.13453425703912814,0.02096477250468686,3.849558000183606,30.0
918,30.60000000000068,track,1,318.55107166053256,240.84620047629357,318.57800797308835,240.85684779369808,1,0.02896429357010966,1.6601956108138516,3.1607221952504396,181.16425838606898,11.055812783082736,2723.3483199624698,841.7766924784743,0,0.8020833333333334,0.25,44.723716735839844,-0.24506242914011284,0.06696704000675513,5.077399000128935,30.0
919,30.633333333334015,track,1,319.43215166861444,237.06232956758862,319.4061081196245,237.05728648778336,1,0.026527327379779093,3.0020443668537546,2.8948396167702577,327.5493439559942,11.055812783082736,2725.871432640465,841.7766924784743,0,0.8020833333333334,0.25,106.59382629394531,-0.20093194503444048,-0.1300664322859738,3.8042569999561238,30.0
920,30.66666666666735,track,1,321.3484422935661,241.19081363695287,321.3301154169592,241.17934818520416,1,0.021617839623033094,1.777658337357566,2.3589806927335992,193.97606171880412,11.055812783082736,2730.5909434098726,841.7766924784743,0,0.8020833333333334,0.25,77.96021270751953,-0.09748530577193987,0.07599037227956151,3.9015030001792184,30.0
921,30.700000000000685,track,1,319.05772452003606,240.98763045999226,319.0537385232602,240.98954484996125,1,0.004421884129006516,1.3691639026963045,0.48253265250257366,149.3994295800562,10.464157913908982,2897.201557009019,841.7766924784743,0,0.8953488372093024,0.25,34.746299743652344,-0.20886636847022402,0.07155087431931603,3.8921880000089004,30.0
922,30.73333333333402,track,1,316.1241111829347,236.78073691014868,316.1170485436563,236.79196070693138,1,0.013261013829870058,5.036747771945078,1.4469555314246936,549.6075231285025,11.055812783082736,2731.575757706965,841.7766924784743,0,0.8020833333333334,0.25,288.795654296875,-0.36690429839863214,-0.147263454384932,5.283271000280365,30.0
923,30.766666666667355,track,1,317.8045653398016,242.46571663706848,317.8142405892444,242.4402593133459,1,0.027233908696614375,3.2760356710631515,2.9715038118204724,357.4699964704693,11.055812783082736,2714.552612271979,841.7766924784743,0,0.8020833333333334,0.25,130.76036071777344,-0.2953081098508803,0.14069844928676173,3.757392999887088,30.0
924,30.80000000000069,track,1,321.34859291920634,238.6306575022695,321.3294254541876,238.64942661765986,1,0.026826692076786368,1.8951043505114773,2.9272724365603504,206.78914640205173,11.055812783082736,2726.2501948647337,841.7766924784743,0,0.8020833333333334,0.25,156.2221221923828,-0.11645718531733276,-0.05126504233296862,3.8676959998156235,30.0
925,30.833333333334025,track,1,322.12386564018755,238.08670594813125,322.1182119766172,238.08083369752012,1,0.008151517589171767,2.858324907084367,0.8894718589657278,311.896573733747,11.055812783082736,2738.5722646216427,841.7766924784743,0,0.8020833333333334,0.25,119.9066390991211,-0.06588453306807812,-0.08660147586486597,4.058213000007527,30.0
926,30.86666666666736,track,1,319.7513704838779,241.29835541934648,319.76524546487644,241.28333398534596,1,0.020448926063283426,1.30462860987525,2.2313241504204293,142.34624541448503,11.055812783082736,2733.4226498715166,841.7766924784743,0,0.8020833333333334,0.25,59.762691497802734,-0.164413848020517,0.0751926864896225,4.495463999774074,30.0
927,30.900000000000695,track,1,318.9340177842691,236.9340177842691,318.93656013965347,236.9383896846864,1,0.0050573791789188804,3.2410433596927555,0.5518252860384049,353.63053450563496,11.055812783082736,2738.7058823529405,841.7766924784743,0,0.8020833333333334,0.25,107.57933044433594,-0.21656273666324394,-0.15159128295765625,3.9335310002570623,30.0
928,30.93333333333403,track,1,322.25253352882834,239.88408297037387,322.2377818473516,239.89025972266495,1,0.015992635031694003,2.240471049758475,1.7451883827793264,244.49668174884886,11.055812783082736,2728.117647058823,841.7766924784743,0,0.8020833333333334,0.25,72.14730072021484,-0.04019555618247812,-0.003721175407569997,3.9446610003324167,30.0
929,30.966666666667365,track,1,321.2775165034301,242.04970444837554,321.2617210979822,242.04643729064765,1,0.01612975985195301,2.4041309684887655,1.7601859046498716,262.3227770679273,11.055812783082736,2729.8563234757994,841.7766924784743,0,0.8020833333333334,0.25,98.31066131591797,-0.07608217857329845,0.10560820697948622,4.414016000282572,30.0
930,31.0000000000007,track,1,318.3944466069807,236.77163617490592,318.3744956992705,236.78446095993286,1,0.023717373999843822,3.603048091531124,2.5880807540614956,393.13560092833933,11.055812783082736,2726.4142241113773,841.7766924784743,0,0.8020833333333334,0.25,218.479248046875,-0.21870580673200196,-0.1650462985518271,11.695157999838557,30.0
931,31.033333333334035,track,1,316.103698582786,240.49001901140684,316.09754120790353,240.47689018439792,1,0.014501012518919805,3.931489396143159,1.5822271298700836,429.03208591044597,11.055812783082736,2730.7089311791074,841.7766924784743,0,0.8020833333333334,0.25,218.51206970214844,-0.34624726687754215,-0.007386799630286791,5.04109299981792,30.0
932,31.06666666666737,track,1,318.00414704738864,239.66408916151886,318.0057054917079,239.680854298643,1,0.016837415819755994,2.019669419607758,1.8370996261524764,220.40030028540014,10.464157913908982,2884.2513926027523,841.7766924784743,0,0.8953488372093024,0.25,3.4250335693359375,-0.26424503436094027,-0.006976880635131533,3.9106459998947685,30.0
933,31.100000000000705,track,1,319.83055663179647,237.12398295234405,319.8408925209768,237.11627355841074,1,0.012894392578451831,2.888112425062808,1.4070420983044543,315.1163489724243,11.055812783082736,2737.5639033637185,841.7766924784743,0,0.8020833333333334,0.25,93.5035171508789,-0.16898237892415377,-0.1598826584330198,3.8269400001809117,30.0
934,31.13333333333404,track,1,319.29072031148604,242.59299156391953,319.2732381080883,242.61647288646623,1,0.029274561383245815,2.715531847198252,3.194291304108571,296.29003120020536,11.055812783082736,2725.706707769322,841.7766924784743,0,0.8020833333333334,0.25,181.85391235351562,-0.20728396753184666,0.11859136279949416,3.8209529998312064,30.0
935,31.166666666667375,track,1,318.0165567196999,236.75578838442632,318.017508539099,236.77018191324373,1,0.014424965580065967,3.7897225843171154,1.5738802164024785,413.50917178170283,10.464157913908982,2893.479181594204,841.7766924784743,0,0.8953488372093024,0.25,117.83087921142578,-0.2783618048272902,-0.1789715203587719,4.654791000120895,30.0
936,31.20000000000071,track,1,319.77216828478964,238.71831715210357,319.78410705547674,238.73270873127694,1,0.01869897849142136,1.2855492690973063,2.0403561031835333,140.26442051062668,11.055812783082736,2734.366552025398,841.7766924784743,0,0.8020833333333334,0.25,29.53389549255371,-0.18164377738801762,-0.08926254683310608,3.9901410000311444,30.0
937,31.233333333334045,track,1,322.5133183429906,240.70111562743233,322.5301255799094,240.71689524867634,1,0.023053842617854498,2.6297289304577687,2.515596326291169,286.97169452348004,11.055812783082736,2727.0038210630905,841.7766924784743,0,0.8020833333333334,0.25,201.51858520507812,-0.04517956247375579,0.010818494174587252,3.8001989996701013,30.0
938,31.26666666666738,track,1,322.1244221713397,237.65991273167148,322.1163815813238,237.67780205386225,1,0.019613233701977314,3.141922070773414,2.1400245369099737,342.8364953883802,11.055812783082736,2731.062894486813,841.7766924784743,0,0.8020833333333334,0.25,66.67649841308594,-0.04856932852942428,-0.14688634962958952,3.8892659999874013,30.0
939,31.300000000000715,track,1,318.2400517352878,241.0124164690666,318.2266732392528,241.0129002781673,1,0.013387241217073971,2.042218101450847,1.4609144861443275,222.85221292345128,10.464157913908982,2893.7286947388247,841.7766924784743,0,0.8953488372093024,0.25,153.804931640625,-0.23926639642141218,0.022083298889834874,4.690074999871285,30.0
940,31.33333333333405,track,1,317.24086170350824,240.59717956482243,317.2272759750531,240.61776417730084,1,0.024663703869122332,2.840709611571373,2.691152544210628,309.9966515755658,11.055812783082736,2729.106729329156,841.7766924784743,0,0.8020833333333334,0.25,108.57826232910156,-0.2966265661992733,0.007291193459722029,4.045329999826208,30.0
941,31.366666666667385,track,1,319.9711253383749,237.07837408155373,319.97219646380745,237.07445319584713,1,0.004064560790107729,2.925678919484142,0.443481557803746,319.2149889594204,11.055812783082736,2736.4223565385614,841.7766924784743,0,0.8020833333333334,0.25,103.96560668945312,-0.16033763565922,-0.17476195382076867,3.9103640001485473,30.0
942,31.40000000000072,track,1,320.78822613434835,241.39863315887365,320.80117949550777,241.37806751065364,1,0.024305049928681394,1.594038471286434,2.6520094204177544,173.93016996304522,11.055812783082736,2727.759236948228,841.7766924784743,0,0.8020833333333334,0.25,78.16705322265625,-0.11582013638471068,0.04375783086295339,3.8934130002417078,30.0
943,31.433333333334055,track,1,318.1117771357109,238.49833973004442,318.10435987009794,238.49718606123201,1,0.007506449287238528,2.4190703248666536,0.8191558398239527,263.96875097068005,11.055812783082736,2732.8498581558083,841.7766924784743,0,0.8020833333333334,0.25,60.542518615722656,-0.2519570888719499,-0.1019014136315547,4.871212999660202,30.0
944,31.46666666666739,track,1,318.97510481047675,237.6390197519125,318.97579509384855,237.66030167845133,1,0.02129311833285747,2.554052451623176,2.3232499590087268,278.67553213245645,10.464157913908982,2879.0341633173416,841.7766924784743,0,0.8953488372093024,0.25,35.11337661743164,-0.2128802591558029,-0.15327918361511098,3.7951650001559756,30.0
945,31.500000000000725,track,1,319.88355066499156,242.52588485032274,319.8889357585716,242.55448551279846,1,0.029103215061507183,2.5568988053541144,3.1754128716816763,278.9782179255892,11.055812783082736,2721.9332872783584,841.7766924784743,0,0.8020833333333334,0.25,156.58059692382812,-0.16151024877660883,0.09747384222939232,3.7777150000692927,30.0
946,31.53333333333406,track,1,322.2453753844821,236.47411514967726,322.2318205395345,236.44660910106586,1,0.030664581062939317,4.196142252273639,3.3458671032441223,457.85571227733783,11.055812783082736,2717.2145320038726,841.7766924784743,0,0.8020833333333334,0.25,232.5865478515625,-0.0389666912425721,-0.21117524887055117,3.85821500003658,30.0
947,31.566666666667395,track,1,319.87613435981245,239.9545825985979,319.8829707778175,239.95757475220375,1,0.007462546103077827,0.1244818882216042,0.8143450176122118,13.584104929934753,11.055812783082736,2735.411764705882,841.7766924784743,0,0.8020833333333334,0.25,20.483051300048828,-0.14388237598073855,-0.038814445246554544,4.982288000064727,30.0
948,31.60000000000073,track,1,319.05389299132014,241.68078766679622,319.0524394695897,241.69840384808322,1,0.017676045048518774,1.9448513027929362,1.9286002787889605,212.20780152925272,11.055812783082736,2729.07862198948,841.7766924784743,0,0.8020833333333334,0.25,85.67843627929688,-0.1903506884552409,0.05253064696841386,4.045955000037793,30.0
949,31.633333333334065,track,1,319.356800207442,237.12861402826397,319.3357873926086,237.12147773805577,1,0.022191553013663507,2.9541612685034946,2.4216619136065316,322.3255330226246,11.055812783082736,2730.1189923329316,841.7766924784743,0,0.8020833333333334,0.25,105.91337585449219,-0.1758250265890808,-0.17978317118591805,3.9404919998560217,30.0
950,31.6666666666674,track,1,321.5149889691569,241.42773716312672,321.53353618230346,241.40302312417953,1,0.030899560459462745,2.07851079126772,3.371605324862421,226.8041140306511,11.055812783082736,2716.515627665516,841.7766924784743,0,0.8020833333333334,0.25,86.39027404785156,-0.061187325949425234,0.037733933148611,3.847952999876725,30.0
951,31.700000000000735,track,1,317.7765806145757,238.92552687152522,317.7891561337094,238.9301589216218,1,0.013401476395494646,2.4560925337006654,1.462437178407101,268.0179583553142,11.055812783082736,2731.340327777406,841.7766924784743,0,0.8020833333333334,0.25,93.15876007080078,-0.25078373976610907,-0.08665622723591913,4.968273000031331,30.0
952,31.73333333333407,track,1,316.33591083848114,237.2073523694328,316.31781300420937,237.19636257872025,1,0.021173263924919295,4.628054003787096,2.310472114351934,505.01453481365974,11.055812783082736,2731.2988700252836,841.7766924784743,0,0.8020833333333334,0.25,159.81932067871094,-0.3376361648129646,-0.1819133699830492,3.8306880001073296,30.0
953,31.766666666667405,track,1,318.6599127316715,241.67235494880546,318.6783276070595,241.69181653777537,1,0.026792929679080223,2.1468724022985928,2.9235685908723847,234.2567481133735,11.055812783082736,2724.748289749757,841.7766924784743,0,0.8020833333333334,0.25,101.55326080322266,-0.23258317927346545,0.043695785668100486,3.765844000099605,30.0
954,31.80000000000074,track,1,320.41538661243567,237.90861494526416,320.3906061401034,237.91469506151543,1,0.025515478099379502,2.121572493023653,2.7844097132173653,231.48193644401783,11.055812783082736,2728.3983917258347,841.7766924784743,0,0.8020833333333334,0.25,103.60366821289062,-0.16807219308286686,-0.14763648895007053,4.103570999632211,30.0
955,31.833333333334075,track,1,321.44053855145245,238.88778735010175,321.41456984744457,238.89261651365814,1,0.02641390558973245,1.796470439256377,2.882463738469698,196.03091335063405,11.055812783082736,2722.2432564380097,841.7766924784743,0,0.8020833333333334,0.25,79.69061279296875,-0.08997992912246419,-0.10436548072946042,4.623024000011355,30.0
956,31.86666666666741,track,1,320.16991150442476,241.6974746384632,320.1605235185641,241.7134060698777,1,0.018491749117764834,1.7209091086707395,2.0176902856229173,187.76525055480192,11.055812783082736,2731.602677286452,841.7766924784743,0,0.8020833333333334,0.25,82.60031127929688,-0.15652033911289345,0.04150030985871593,3.9076960001693806,30.0
957,31.900000000000745,track,1,319.18663325700953,237.34008726832852,319.17585571899986,237.32200995816402,1,0.02104624594395807,2.8019358415349083,2.2964207992813668,305.7183272504102,11.055812783082736,2729.4801282602853,841.7766924784743,0,0.8020833333333334,0.25,81.34004974365234,-0.19603342919050024,-0.18071523097592107,3.849900999739475,30.0
958,31.93333333333408,track,1,320.8965740142211,238.78073691014868,320.9030541807251,238.79338285866675,1,0.014209594358807956,1.5071269950088326,1.5504378188931491,164.4501174712203,11.055812783082736,2733.154247152605,841.7766924784743,0,0.8020833333333334,0.25,12.440954208374023,-0.10492803133169504,-0.11534785117387883,4.420650000156456,30.0
959,31.966666666667415,track,1,322.0995205390696,239.66826486976805,322.0958949190061,239.68570411516203,1,0.017812141947443526,2.1193294729092473,1.943461558313981,231.27601681057322,11.055812783082736,2729.951805821656,841.7766924784743,0,0.8020833333333334,0.25,37.43345642089844,-0.031849266818026564,-0.05561819080230563,4.156389999934618,30.0
960,32.000000000000746,track,1,320.0207801203515,236.48166587298152,320.0205726253665,236.46046967839584,1,0.02119721017216605,3.539590107691811,2.3127850426162024,386.1976037322508,10.464157913908982,2872.4530654828914,841.7766924784743,0,0.8953488372093024,0.25,85.2496109008789,-0.12840520639539146,-0.2426363795533536,12.292326000078901,30.0
961,32.03333333333408,track,1,316.1284364075784,241.49501532087524,316.1220704133302,241.49020869873402,1,0.007976810087782065,4.154402465451728,0.8704322875366065,453.3487595177039,11.055812783082736,2730.7285378122483,841.7766924784743,0,0.8020833333333334,0.25,390.39862060546875,-0.33117560989401623,0.008511604666237862,4.559105000225827,30.0
962,32.06666666666741,track,1,319.7215222756202,240.55526691778152,319.73836011737774,240.58230316369122,1,0.0318507693461477,0.6383826459290675,3.475346618841888,69.65473805827497,11.055812783082736,2723.584158743155,841.7766924784743,0,0.8020833333333334,0.25,21.96994972229004,-0.14248359663346824,-0.03214217659700387,3.823298000042996,30.0
963,32.10000000000074,track,1,321.3741717552293,236.45732103416915,321.35306873491174,236.431772755755,1,0.03313686763186741,3.816155220633458,3.615757894337041,416.38237164581557,11.055812783082736,2719.726986468468,841.7766924784743,0,0.8020833333333334,0.25,162.61654663085938,-0.06846061148165675,-0.2451059651243157,3.755646000172419,30.0
964,32.13333333333407,track,1,320.8591342626559,242.50498467912476,320.8662577874105,242.5084015585919,1,0.007900612015692863,2.653767309580044,0.862144567306551,289.5527384920251,11.055812783082736,2730.7285378122483,841.7766924784743,0,0.8020833333333334,0.25,171.10647583007812,-0.08721822421718609,0.06308915025369254,4.601008999998157,30.0
965,32.1666666666674,track,1,317.9238650490847,237.14815449907832,317.94914048755004,237.14117070811835,1,0.026222530880644867,3.518370313074935,2.861560424409504,383.90554304926405,11.055812783082736,2745.9369834100567,841.7766924784743,0,0.8020833333333334,0.25,158.48532104492188,-0.23741317128389577,-0.20739775814794398,3.875840000091557,30.0
966,32.200000000000735,track,1,318.9787952631354,238.08208285237913,319.00671259371484,238.0772924589494,1,0.028325345821252658,2.164122029807377,3.0910556667858446,236.13188038393545,10.464157913908982,2914.4034007676782,841.7766924784743,0,0.8953488372093024,0.25,10.939042091369629,-0.19014135929905918,-0.16888021174064122,3.821911999693839,30.0
967,32.233333333334066,track,1,321.8761599315801,241.92200128287362,321.9081399350589,241.92414728771814,1,0.032051925984195116,2.7098599219516237,3.497740473856819,295.6934701671641,11.055812783082736,2752.7644513672644,841.7766924784743,0,0.8020833333333334,0.25,190.874755859375,-0.03966470031544064,0.028912414164980194,3.8943019999351236,30.0
968,32.2666666666674,track,1,320.5127750637672,235.5516838874238,320.5404977026491,235.5777902761629,1,0.03808002415402651,4.455118024044756,4.155226372618464,486.09028032582114,11.055812783082736,2718.1607900476297,841.7766924784743,0,0.8020833333333334,0.25,198.25772094726562,-0.10125816660376988,-0.2990504222815106,4.6761950002292,30.0
969,32.30000000000073,track,1,318.47945973936305,240.0,318.47067503087317,240.00069138721756,1,0.008811873781259106,1.5293251254102487,0.9616158372128993,166.89128026444686,10.464157913908982,2881.7796155461506,841.7766924784743,0,0.8953488372093024,0.25,73.71363067626953,-0.20494198226547258,-0.08149908671027085,4.285573000288423,30.0
970,32.33333333333406,track,1,317.54370652033015,240.5810396232122,317.5774340905182,240.60418411759338,1,0.040904970491968826,2.496770721098667,4.4635990142166415,272.46326623618535,11.055812783082736,2727.4287061667114,841.7766924784743,0,0.8020833333333334,0.25,77.62849426269531,-0.26130887023555316,-0.04837111536139355,3.8676590002069133,30.0
971,32.36666666666739,track,1,319.69605858281284,236.74774930002155,319.7174305305441,236.7600122755473,1,0.024640225619361383,3.2522862665627685,2.688805266314881,354.8509326194462,11.055812783082736,2739.0860627948055,841.7766924784743,0,0.8020833333333334,0.25,90.58134460449219,-0.14276282356873832,-0.2472617689894465,3.9195879999169847,30.0
972,32.40000000000072,track,1,320.5353098798513,240.51996715360013,320.5638559955503,240.54316879741077,1,0.03678582603416176,0.7829214048668398,4.0140578426149025,85.43087120071228,11.055812783082736,2720.5491550547517,841.7766924784743,0,0.8020833333333334,0.25,75.86224365234375,-0.1141226013151724,-0.05928998842773149,4.711819000021933,30.0
973,32.433333333334055,track,1,319.52898456750097,239.0995979769161,319.5578793024091,239.09267897531822,1,0.029711585089369993,1.0093077593419417,3.2423168958778765,110.12731422769086,11.055812783082736,2726.2501948647337,841.7766924784743,0,0.8020833333333334,0.25,0.2719131410121918,-0.13932673276230714,-0.1296724665954028,3.990399000031175,30.0
974,32.466666666667386,track,1,316.21466351322294,236.89266824338853,316.2029956202449,236.8979345551677,1,0.012801318928234134,4.9030656006117255,1.396932448792824,535.0207038922642,11.055812783082736,2739.043396575472,841.7766924784743,0,0.8020833333333334,0.25,156.87606811523438,-0.3404145570254744,-0.24894897926755666,3.8677089996781433,30.0
975,32.50000000000072,track,1,321.26243058246155,241.73137026992123,321.2490152622328,241.74495490520485,1,0.01909222702121314,2.145904645246119,2.083297634626018,234.14947674617557,11.055812783082736,2742.3290312578174,841.7766924784743,0,0.8020833333333334,0.25,240.4943389892578,-0.08907072064884293,-0.003242822201793852,3.9183139997476246,30.0
976,32.53333333333405,track,1,322.71617247183735,237.3936294186197,322.7291571698207,237.37179486435662,1,0.025403742668880916,3.7888997205793293,2.771880019126384,413.4374067999355,11.055812783082736,2732.0743548478226,841.7766924784743,0,0.8020833333333334,0.25,183.54872131347656,-0.0032748070763212456,-0.22301304166780306,5.129997000040021,30.0
977,32.56666666666738,track,1,319.83851628207896,238.63976709079145,319.84420596213795,238.65752319528747,1,0.01864542051140512,1.3514864976848766,2.0343983010852567,147.4583449647378,11.055812783082736,2735.54642971775,841.7766924784743,0,0.8020833333333334,0.25,7.827303886413574,-0.130780473757046,-0.16611318236070094,3.898736999872199,30.0
978,32.60000000000071,track,1,319.62093816079056,241.80529063996892,319.63398137259117,241.8165186370993,1,0.017210267099483142,1.853027143497734,1.8779696478013883,202.18149749335686,11.055812783082736,2732.546032409193,841.7766924784743,0,0.8020833333333334,0.25,109.18180847167969,-0.1266024292895934,-0.0005582252381526875,3.873902000123053,30.0
979,32.63333333333404,track,1,318.6251132686084,235.83430420711974,318.63973202472323,235.84479934264095,1,0.017995996775766705,4.372187263542198,1.9637373291111724,477.04881037956704,11.055812783082736,2734.366552025398,841.7766924784743,0,0.8020833333333334,0.25,211.1737060546875,-0.19649995636520706,-0.30661723918991113,3.8645039999209985,30.0
980,32.666666666667375,track,1,320.52049764568665,240.89217676789494,320.53295445265076,240.89750052250542,1,0.013546748794222846,1.0438139855825737,1.478280940382423,113.89374159433245,11.055812783082736,2731.2988700252836,841.7766924784743,0,0.8020833333333334,0.25,70.60165405273438,-0.09937843478290807,-0.053820480203263195,5.048514000009163,30.0
981,32.700000000000706,track,1,319.81112984822937,240.55160634755913,319.81664767392374,240.57744879603365,1,0.026424960615896657,0.6058590492171321,2.883197117162702,66.10514946235547,11.055812783082736,2723.967174052932,841.7766924784743,0,0.8020833333333334,0.25,14.962928771972656,-0.12234608268637329,-0.0639978564510891,3.8578680000682652,30.0
982,32.73333333333404,track,1,317.46371818612465,236.19844106627622,317.4103126133389,236.18995974861787,1,0.054074836604458144,4.606830524100465,5.901019690776817,502.6702935088909,11.055812783082736,2731.882352941176,841.7766924784743,0,0.8020833333333334,0.25,215.32888793945312,-0.2558690945823462,-0.2896470838408128,3.888869000093109,30.0
983,32.76666666666737,track,1,318.6704648062949,241.25592294792966,318.6577757028557,241.2429142219287,1,0.018172514912879564,1.8293173117086867,1.9829387168113783,199.61226718775666,11.055812783082736,2744.0415491026833,841.7766924784743,0,0.8020833333333334,0.25,79.1164779663086,-0.2033272069709882,-0.0351602313793154,4.53460000017003,30.0
984,32.8000000000007,track,1,321.33173513023195,238.0041466891279,321.31531328317953,238.00200269402148,1,0.016561212987858703,2.392079068008817,1.8072767340575226,261.00900304839615,10.464157913908982,2886.3681780166844,841.7766924784743,0,0.8953488372093024,0.25,99.06351470947266,-0.06745371533163647,-0.19940934410081734,4.103835000023537,30.0
985,32.83333333333403,track,1,321.7932014992891,236.89660074964456,321.80560908833036,236.90053021915014,1,0.013014952800965457,3.5870513102355606,1.420264895365763,391.3936296962322,11.055812783082736,2733.8609450833487,841.7766924784743,0,0.8020833333333334,0.25,89.95375061035156,-0.03436046850573504,-0.26560679135718634,3.841961000034644,30.0
986,32.86666666666736,track,1,319.7599482647122,241.07035999137744,319.7733734285756,241.0652748056939,1,0.014355979179276708,1.0891143257352403,1.5665957960517536,118.83200725326185,11.055812783082736,2730.3986080591703,841.7766924784743,0,0.8020833333333334,0.25,103.64759826660156,-0.11819211561168017,-0.05600132562702195,3.849944999728905,30.0
987,32.900000000000695,track,1,318.8838726400829,237.34008726832852,318.8897976195374,237.3196092989847,1,0.021317894126354663,2.901214165771675,2.3259846920264873,316.55392530171906,11.055812783082736,2731.062894486813,841.7766924784743,0,0.8020833333333334,0.25,59.03238296508789,-0.17472979320432758,-0.24729548207880886,4.657941999994364,30.0
988,32.933333333334026,track,1,320.3319071697135,238.64319979255802,320.31280566850364,238.6614063970494,1,0.026388402671909433,1.3746564007446616,2.8794541806154452,149.98739930116682,11.055812783082736,2726.9573016459203,841.7766924784743,0,0.8020833333333334,0.25,2.637299060821533,-0.11804630889762362,-0.18816623931410076,4.074452999702771,30.0
989,32.96666666666736,track,1,321.5200086617583,240.09562581203983,321.5433922334389,240.09211172149617,1,0.023646146766242136,1.546138465816218,2.5804324265719147,168.7259699815808,11.055812783082736,2724.3375916404075,841.7766924784743,0,0.8020833333333334,0.25,50.155635833740234,-0.03457927118023277,-0.11957814145216714,3.8830280000183848,30.0
990,33.00000000000069,track,1,318.9084961656774,237.52168450240458,318.91507804053333,237.5498139057422,1,0.028889174594482512,2.6796394448931427,3.1520690739966573,292.37863117522915,11.055812783082736,2723.2757017172908,841.7766924784743,0,0.8020833333333334,0.25,60.258506774902344,-0.1640441590014527,-0.24851781501170406,12.511684999935824,30.0
991,33.03333333333402,track,1,318.4362125670763,241.51666089665918,318.41285336136104,241.5371744693407,1,0.03108792620630901,2.209511213308453,3.392281948884491,241.09747573145268,11.055812783082736,2715.458023277015,841.7766924784743,0,0.8020833333333334,0.25,128.7431640625,-0.19307686255467987,-0.04364471386661027,4.388733000268985,30.0
992,33.06666666666735,track,1,318.6677769606783,238.4850110308431,318.686966593694,238.46654362946742,1,0.026632441285950506,2.018797950861457,2.9060807331682716,220.28358333747244,11.055812783082736,2725.942546550007,841.7766924784743,0,0.8020833333333334,0.25,20.65012550354004,-0.18831036519800692,-0.19340568696075158,3.641239999979007,30.0
993,33.10000000000068,track,1,321.88363132603143,237.48166587298152,321.88962753454416,237.45885269174073,1,0.02358804262445989,3.1667209952221516,2.573673595534486,345.5364752486008,11.055812783082736,2725.399481563524,841.7766924784743,0,0.8020833333333334,0.25,124.06240844726562,-0.023275747193596763,-0.24989912980530707,4.435867999745824,30.0
994,33.133333333334015,track,1,319.84614718239703,241.53428336293152,319.8539724467024,241.5605551631761,1,0.02741244698199224,1.5673724712517052,2.990960700241869,171.0131481081587,11.055812783082736,2719.2558545146385,841.7766924784743,0,0.8020833333333334,0.25,87.54153442382812,-0.11374479163922906,-0.041940901909919434,3.8782720002927817,30.0
995,33.166666666667346,track,1,318.86762614728315,237.7848924893351,318.8727932245117,237.79691757477462,1,0.013088214810041642,2.474705495012204,1.4280684958874013,270.02013710323035,11.055812783082736,2733.3898131295196,841.7766924784743,0,0.8020833333333334,0.25,56.8287353515625,-0.17284690741706338,-0.23011089882160374,3.787730000112788,30.0
996,33.20000000000068,track,1,320.24036261601555,238.3025253615368,320.22840996262755,238.28745905990695,1,0.019231728154665274,1.7277058726884924,2.098479576435469,188.5071272321979,11.055812783082736,2733.1866743330465,841.7766924784743,0,0.8020833333333334,0.25,12.3043212890625,-0.11673100601482089,-0.20927756671461872,3.8096359999144624,30.0
997,33.23333333333401,track,1,321.1652963712281,242.11570745985966,321.1553608719545,242.11140279119695,1,0.010827941545473809,2.4068403543063894,1.1815918981807527,262.61630621431607,11.055812783082736,2737.799605624114,841.7766924784743,0,0.8020833333333334,0.25,132.75961303710938,-0.05317640616012745,-0.01017960451032654,5.023533999974461,30.0
998,33.26666666666734,track,1,321.4950153208752,236.72655474515557,321.4902038401466,236.74107709097302,1,0.015298655981608542,3.5834740144402484,1.669234958226124,390.9977083280595,11.055812783082736,2733.8946009484575,841.7766924784743,0,0.8020833333333334,0.25,137.8510284423828,-0.027568905087058962,-0.2830175798464417,4.4575560000339465,30.0
999,33.30000000000067,track,1,319.61392432432433,239.9750918918919,319.63440814692797,239.97490066583714,1,0.020484715176474908,0.36645242475396683,2.2354437640513765,39.989968679275584,10.464157913908982,2877.54095287693,841.7766924784743,0,0.8953488372093024,0.25,31.439584732055664,-0.09765072592023583,-0.12047818935039616,4.842835999625095,30.0
1000,33.333333333334004,track,1,317.49001901140684,241.282060145178,317.4770736140197,241.2651027574925,1,0.021333923938832853,2.822346990731458,2.327854184350314,307.98439298820415,11.055812783082736,2729.1263700892573,841.7766924784743,0,0.8020833333333334,0.25,135.48826599121094,-0.22998839821227787,-0.04816724976636717,5.1545910000641015,30.0
1001,33.366666666667335,track,1,319.696636509242,235.56365525301936,319.7132482890985,235.5870100598479,1,0.02866004591758764,4.422296547676172,3.1272266303355427,482.5082839065712,11.055812783082736,2724.055836304525,841.7766924784743,0,0.8020833333333334,0.25,225.13392639160156,-0.1085946940931784,-0.3431033256012881,4.395154000121693,30.0
1002,33.40000000000067,track,1,320.8098109307033,240.157112709419,320.82059058072514,240.14885805229642,1,0.013577194806182599,0.8339829859825098,1.48154667581737,91.00988318207594,11.055812783082736,2736.3853920617407,841.7766924784743,0,0.8020833333333334,0.25,56.59392547607422,-0.0657045945655298,-0.1251705753663955,4.602761000114697,30.0
1003,33.433333333334,track,1,317.72248349656985,238.07455667256332,317.7353861375241,238.06992271478566,1,0.013709548069820039,2.9755124387268963,1.4960569199204174,324.6856543010659,11.055812783082736,2728.27973869314,841.7766924784743,0,0.8020833333333334,0.25,52.52872848510742,-0.2264373254229161,-0.22573236115768913,4.06645099974412,30.0
1004,33.46666666666733,track,1,318.89211151934296,236.63483898854548,318.8973215681093,236.65326049775717,1,0.01914410117462074,3.5237146621185835,2.0888019130201343,384.4721575397184,11.055812783082736,2729.647041255991,841.7766924784743,0,0.8020833333333334,0.25,34.666141510009766,-0.1756561496375397,-0.3101891743232102,5.1521599998523016,30.0
1005,33.50000000000066,track,1,320.85069339439235,240.65991273167148,320.85772013309656,240.67930340115436,1,0.020624575627424115,1.0941375313638884,2.250352747858413,119.39220785097987,11.055812783082736,2729.4801282602853,841.7766924784743,0,0.8020833333333334,0.25,152.2647705078125,-0.07702829831247207,-0.11035588513386048,4.589926999869931,30.0
1006,33.53333333333399,track,1,321.49667817083696,236.83848144952546,321.4957696659418,236.84849331615465,1,0.010053002265250091,3.488455427818101,1.0968644798069735,380.6308411673928,11.055812783082736,2730.2096724411713,841.7766924784743,0,0.8020833333333334,0.25,75.46110534667969,-0.03735408599340663,-0.3089313863967932,4.013241999928141,30.0
1007,33.566666666667324,track,1,320.3278149989194,238.36516101145452,320.3096214665943,238.3433937778873,1,0.028369298116702777,1.6852921490704718,3.095543835430162,183.8799682767551,11.055812783082736,2726.485897125129,841.7766924784743,0,0.8020833333333334,0.25,4.388448238372803,-0.10698718777147502,-0.2405498468203709,4.443099000127404,30.0
1008,33.600000000000655,track,1,319.0415764400173,241.52000866175834,319.03971789165837,241.54584598738916,1,0.025904084576672762,1.819830086664193,2.82634551827391,198.56786040464024,11.055812783082736,2729.0907285924745,841.7766924784743,0,0.8020833333333334,0.25,162.77806091308594,-0.15525505546393298,-0.07701543541125154,4.553435999696376,30.0
1009,33.63333333333399,track,1,319.7807369101487,237.07446670976083,319.79099008350556,237.07037055093224,1,0.011041108686875236,2.9370757317505594,1.2048579922314573,320.45875572068394,11.055812783082736,2731.575757706965,841.7766924784743,0,0.8020833333333334,0.25,49.86334991455078,-0.10693589289708585,-0.30219445494601926,3.7929260001874354,30.0
1010,33.66666666666732,track,1,321.16578163450333,240.6933039761689,321.15590267579523,240.7102575889694,1,0.019621896242357377,1.3566786054918094,2.141002447286418,148.04360158489075,11.055812783082736,2729.7857287706665,841.7766924784743,0,0.8020833333333334,0.25,66.77412414550781,-0.04284908231574431,-0.11821368328595792,3.8353879999704077,30.0
1011,33.70000000000065,track,1,320.0289318465579,239.82640892065268,320.02633453960846,239.8358666853028,1,0.009807921062408685,0.1662325268107381,1.0701360583933628,18.137380554487788,11.055812783082736,2732.588235294117,841.7766924784743,0,0.8020833333333334,0.25,4.2685394287109375,-0.09700906135109562,-0.14620983987030692,4.578825999942637,30.0
1012,33.73333333333398,track,1,317.29001769453197,235.93785335117173,317.2753561549407,235.94076449499016,1,0.014947759080132444,4.888872770644777,1.6311988909795725,533.4445692056073,11.055812783082736,2729.149625545055,841.7766924784743,0,0.8020833333333334,0.25,251.70172119140625,-0.23996268171410787,-0.357290588069065,3.926155000044673,30.0
1013,33.76666666666731,track,1,318.1618747027541,241.6222923602404,318.15385848859273,241.64285905044562,1,0.022073704616092,2.471279899115477,2.408474226976298,269.6631706135012,11.055812783082736,2727.3575792341185,841.7766924784743,0,0.8020833333333334,0.25,122.77751922607422,-0.206808482050132,-0.06887835722153847,3.86477800020657,30.0
1014,33.800000000000644,track,1,322.2650217832032,238.0414096536255,322.25030862345227,238.0394450754177,1,0.014843740680558897,2.9845710769032796,1.6198537286699362,325.6735029036429,11.055812783082736,2730.563021406543,841.7766924784743,0,0.8020833333333334,0.25,170.40480041503906,0.002672842901384101,-0.24690918361261222,3.9949199999682605,30.0
1015,33.833333333333975,track,1,320.8885496839661,237.9793610525863,320.89403625425837,237.9810257947106,1,0.0057335695611173245,2.208066499350117,0.6256801717604225,240.924751860017,10.464157913908982,2899.583807011966,841.7766924784743,0,0.8953488372093024,0.25,22.718347549438477,-0.058541886001202775,-0.2548187763999753,4.699910999988788,30.0
1016,33.86666666666731,track,1,319.6306575022695,241.1991959538322,319.649974355204,241.18841354611254,1,0.022122412244719496,1.2388884972420429,2.414059462846641,135.17457193814923,11.055812783082736,2726.2501948647337,841.7766924784743,0,0.8020833333333334,0.25,70.31660461425781,-0.09967726547247605,-0.08825772673415033,4.0596809999442485,30.0
1017,33.90000000000064,track,1,319.4916857426683,236.41048676197468,319.4832150812248,236.38685969525682,1,0.02509960929937904,3.6499108912455887,2.7386233705686345,398.235899832376,11.055812783082736,2725.454579538434,841.7766924784743,0,0.8020833333333334,0.25,120.93563079833984,-0.12486694088446051,-0.33324327915271756,3.8136900002427865,30.0
1018,33.93333333333397,track,1,320.83055663179647,239.85948598734342,320.83802321055055,239.8663256707589,1,0.010125762564607014,0.8486175391302627,1.104908566925492,92.60702091180816,11.055812783082736,2737.5639033637185,841.7766924784743,0,0.8020833333333334,0.25,27.746665954589844,-0.05419520841471997,-0.15526656319144996,3.9495819996773207,30.0
1019,33.9666666666673,track,1,321.8590977768185,240.6974746384632,321.8657997847911,240.71246907521072,1,0.01642406905245763,1.9972032996312759,1.792050424576129,217.94467934610665,11.055812783082736,2730.021431031062,841.7766924784743,0,0.8020833333333334,0.25,51.16730499267578,0.006941216083975965,-0.11378515955256217,4.6296119999169605,30.0
1020,34.00000000000063,track,1,318.75994826471225,235.82203061004526,318.77217752087813,235.83172350985956,1,0.015604711249514977,4.34535118701521,1.7027845336428564,474.11930060832447,11.055812783082736,2733.5569649369945,841.7766924784743,0,0.8020833333333334,0.25,217.14328002929688,-0.14690649561243924,-0.3660162154737031,11.115193000023282,30.0
1021,34.033333333333964,track,1,318.3449499978354,240.48166587298152,318.32580724799175,240.46006082701115,1,0.0288656003394722,1.7362538222930275,3.149714312647388,189.47050668371202,11.055812783082736,2722.2432564380097,841.7766924784743,0,0.8020833333333334,0.25,95.02182006835938,-0.1739016926236103,-0.1592679179377963,5.1175749999856635,30.0
1022,34.066666666667295,track,1,319.20264506957307,238.95864386335242,319.192016461001,238.9624889948027,1,0.01130275878040527,1.315015773745266,1.2334153448618173,143.48837935402418,11.055812783082736,2729.3676003235346,841.7766924784743,0,0.8020833333333334,0.25,0.7191358804702759,-0.13661078117552378,-0.21096305253378309,3.8606289999734145,30.0
1023,34.10000000000063,track,1,321.2993892666869,236.53428336293152,321.28310696053734,236.56200023299607,1,0.03214558102948026,3.6696329339728853,3.5074996986479756,400.395016311831,11.055812783082736,2723.983628332702,841.7766924784743,0,0.8020833333333334,0.25,106.11443328857422,-0.029183922838140905,-0.3417101896512721,3.828373000033025,30.0
1024,34.13333333333396,track,1,320.62424190287754,242.70613789840422,320.6437849298608,242.7488132738631,1,0.04693737928585233,2.823195609673876,5.121401271783232,308.0360832764916,11.055812783082736,2741.507906075231,841.7766924784743,0,0.8020833333333334,0.25,238.9127197265625,-0.05844044843624037,-0.025592230715915654,3.808517000379652,30.0
1025,34.16666666666729,track,1,319.144485056977,237.8121694259299,319.1387640572376,237.82717639606676,1,0.01606047915556111,2.337282559494092,1.752366310901754,255.0223916449451,11.055812783082736,2740.6280327488603,841.7766924784743,0,0.8020833333333334,0.25,55.42177963256836,-0.1334094222001033,-0.2687158693734817,4.718803000287153,30.0
1026,34.20000000000062,track,1,319.248286564076,238.3248415879995,319.23504170419585,238.31415247046175,1,0.017020092449238796,1.851281471621701,1.8572282344377393,201.99576005879192,11.055812783082736,2737.1982584870425,841.7766924784743,0,0.8020833333333334,0.25,9.866649627685547,-0.13160194425798505,-0.24714077481088098,3.8486910002575314,30.0
1027,34.23333333333395,track,1,322.57292791430916,240.78231762622553,322.5961048662707,240.79882164214064,1,0.028452656177477862,2.716224676389402,3.1047785769446565,296.4099839480636,11.055812783082736,2730.1876446023407,841.7766924784743,0,0.8020833333333334,0.25,134.0590362548828,0.042722181052961286,-0.11970611551421714,3.7619419999828096,30.0
1028,34.266666666667284,track,1,320.5389203440377,235.19293771880538,320.5628598304031,235.1853581044238,1,0.025110745938995937,4.8474310486399785,2.7402257100950576,528.8947571378898,11.055812783082736,2723.5711401019626,841.7766924784743,0,0.8020833333333334,0.25,202.90769958496094,-0.051525006340518854,-0.4099862325734118,3.853679999792803,30.0
1029,34.300000000000615,track,1,320.1939393939394,238.8720825274017,320.1827924576859,238.88016210945898,1,0.013767128751498369,1.1346585317522655,1.5022790379905873,123.80090114821056,11.055812783082736,2741.8065440508376,841.7766924784743,0,0.8020833333333334,0.25,17.26203727722168,-0.07529102361384862,-0.23422732217567355,5.0732009999592265,30.0
1030,34.33333333333395,track,1,318.5854743296343,240.7119046590958,318.6061290702171,240.72699035394544,1,0.025577265249426124,1.5720658839958261,2.7910079370817735,171.54894716893915,11.055812783082736,2730.8951609443966,841.7766924784743,0,0.8020833333333334,0.25,121.20689392089844,-0.14948838603499565,-0.13860383718291064,3.9185440000437666,30.0
1031,34.36666666666728,track,1,320.52163950019457,235.69285312810757,320.5492404703267,235.7062727651496,1,0.030690392805816164,4.328713280126175,3.3490486844570033,472.29859371273363,11.055812783082736,2727.3575792341185,841.7766924784743,0,0.8020833333333334,0.25,117.36577606201172,-0.05290183934336415,-0.3992132196663841,3.8936939999985043,30.0
1032,34.40000000000061,track,1,320.1649555393273,239.9752566691009,320.1579583229957,239.96819535703207,1,0.009940984082320787,0.16112841809539888,1.0847364993605908,17.583404314647396,11.055812783082736,2738.7058823529405,841.7766924784743,0,0.8020833333333334,0.25,59.23192596435547,-0.0781017951001437,-0.18692160921049683,3.9013450000311423,30.0
1033,34.43333333333394,track,1,318.07872588372396,237.36669687945098,318.07640622970325,237.34305370468746,1,0.023756693955055763,3.280179356269939,2.5920496256513488,357.9156987359381,11.055812783082736,2733.658625409987,841.7766924784743,0,0.8020833333333334,0.25,51.66088104248047,-0.1809701503034883,-0.32382267673449455,5.246610000085639,30.0
1034,34.46666666666727,track,1,318.47396822655844,237.34424106371955,318.4454944341393,237.30549556215146,1,0.048082956923344806,3.11076224097526,5.246562089623364,339.4241236556036,11.055812783082736,2729.9035799008643,841.7766924784743,0,0.8020833333333334,0.25,7.132702350616455,-0.17071418453791182,-0.33414102390269895,4.0034270000433025,30.0
1035,34.500000000000604,track,1,320.49667817083696,242.03313201035377,320.49455468262863,242.03098987979456,1,0.003016276761769342,2.0903359122250738,0.32912893043052266,228.0746503339963,11.055812783082736,2741.3242678053866,841.7766924784743,0,0.8020833333333334,0.25,246.09181213378906,-0.09799928660909141,-0.09251325023798454,3.925759999674483,30.0
1036,34.533333333333935,track,1,322.3651610114545,237.68463367192567,322.3448828887981,237.7029756102313,1,0.02734280452470362,3.2824985619753764,2.983610244852586,358.1793542334893,11.055812783082736,2726.485897125129,841.7766924784743,0,0.8020833333333334,0.25,131.63766479492188,0.027985704766678277,-0.3085982312840929,4.138254999816127,30.0
1037,34.56666666666727,track,1,322.86722565587587,239.3609802480875,322.8735048017452,239.3408892705811,1,0.021049347971141243,2.9481276768972786,2.2966885855418355,321.71865268559077,11.055812783082736,2729.883016794461,841.7766924784743,0,0.8020833333333334,0.25,60.34893798828125,0.06839754758552921,-0.22383858945775342,4.313637999985076,30.0
1038,34.6000000000006,track,1,319.12845858332975,241.29835541934648,319.12208812693586,241.28061801422587,1,0.01884670409061197,1.552646693625687,2.05636804648895,169.41581373266428,11.055812783082736,2728.678493591226,841.7766924784743,0,0.8020833333333334,0.25,114.95486450195312,-0.1137581624766126,-0.11657864597712067,3.7385730001915363,30.0
1039,34.63333333333393,track,1,319.72248349656985,236.9544375889891,319.7390004483933,236.95707888656943,1,0.016726809332519854,3.0540939193974386,1.825345093286063,333.2265197005679,11.055812783082736,2729.8563234757994,841.7766924784743,0,0.8020833333333334,0.25,126.72869873046875,-0.0693305282147854,-0.33465814048045345,3.7310800003069744,30.0
1040,34.66666666666726,track,1,321.0949718267452,240.12800550561315,321.0886637883208,240.1220444934604,1,0.008678998481924901,1.0954833190811142,0.9470371519092309,119.54698716646904,11.055812783082736,2739.9209259676736,841.7766924784743,0,0.8020833333333334,0.25,12.81494426727295,-0.00960377802948243,-0.18023245934026005,4.109868000341521,30.0
1041,34.70000000000059,track,1,320.03313915857603,239.71831715210357,320.032418975169,239.7327205870672,1,0.014421428600925837,0.26923832291987326,1.5734940223647855,29.376132417563316,11.055812783082736,2729.6207574988844,841.7766924784743,0,0.8020833333333334,0.25,7.471333980560303,-0.06157394369374487,-0.17424124405636926,4.277132999959576,30.0
1042,34.733333333333924,track,1,318.1662553578387,235.44473308221848,318.15750030051845,235.42081906462636,1,0.025466277036046953,4.935960208660421,2.778632311004161,538.5660691154509,11.055812783082736,2722.0075541776146,841.7766924784743,0,0.8020833333333334,0.25,260.0185546875,-0.1592287464610434,-0.4119156600466419,3.9839639998717757,30.0
1043,34.766666666667255,track,1,317.66408916151886,241.1409996112143,317.68112127386894,241.1335763123525,1,0.018579510679716294,2.581122585703724,2.0274760894997788,281.6615449051715,11.055812783082736,2731.2988700252836,841.7766924784743,0,0.8020833333333334,0.25,132.3303680419922,-0.19659536412833734,-0.1260161270298871,3.8852330003464886,30.0
1044,34.80000000000059,track,1,321.39026077931067,237.2449509146737,321.37006467381104,237.23103512815192,1,0.02452614506748992,3.089375935679185,2.676321251765563,337.08742398984924,11.055812783082736,2729.8150669324773,841.7766924784743,0,0.8020833333333334,0.25,124.77896881103516,-0.011610782313723936,-0.32436320111780126,4.408795000017562,30.0
1045,34.83333333333392,track,1,321.5888028382296,237.28243845454938,321.6109430260067,237.26650380671754,1,0.02727821321732652,3.172875489477845,2.9766197347546957,346.20197285184224,11.055812783082736,2725.4708689886365,841.7766924784743,0,0.8020833333333334,0.25,58.54845428466797,0.004635182287507145,-0.33225390436786606,3.9563400000588445,30.0
1046,34.86666666666725,track,1,320.638488507986,241.56784833138553,320.6573227652274,241.59373157140953,1,0.03201048828079737,1.7239644832170038,3.4928154225362946,188.10318796405937,11.055812783082736,2721.140382329956,841.7766924784743,0,0.8020833333333334,0.25,148.1119384765625,-0.03771281949870453,-0.11342527546973667,3.7567399999716145,30.0
1047,34.90000000000058,track,1,319.56784833138556,236.73821581612776,319.5907718627741,236.75282400086917,1,0.027182482461318134,3.2728610782660335,2.9662012175345667,357.0963254089875,11.055812783082736,2725.871432640465,841.7766924784743,0,0.8020833333333334,0.25,72.47039031982422,-0.06806879682534077,-0.3591915636044918,3.9206629999171128,30.0
1048,34.93333333333391,track,1,321.0,237.9340177842691,320.9982616791418,237.9390661009063,1,0.00533921906982315,2.2899726890241716,0.5825624923268569,249.86279200715012,10.464157913908982,2896.7038201955484,841.7766924784743,0,0.8953488372093024,0.25,7.373630523681641,-0.01392785542978129,-0.3072430987818921,4.344512999978178,30.0
1049,34.966666666667244,track,1,320.925642239339,242.14871552132192,320.93043392840195,242.14130080594464,1,0.008828266432422748,2.3347112105484586,0.9632849638615777,254.74287384700222,11.055812783082736,2735.5780665094658,841.7766924784743,0,0.8020833333333334,0.25,180.98951721191406,-0.0118998348352201,-0.08811243415008058,3.954734000217286,30.0
1050,35.000000000000576,track,1,319.18223391863324,236.27335087794987,319.1744069169446,236.2590948713896,1,0.016263323106935075,3.8309235335689618,1.7745315427164765,417.9878572427066,11.055812783082736,2733.2535487512487,841.7766924784743,0,0.8020833333333334,0.25,145.02940368652344,-0.09936802746289439,-0.38573602975984866,12.182451000171568,30.0
1051,35.03333333333391,track,1,317.99586509885,241.8056596459491,317.99430800146547,241.81667709801764,1,0.011126940385715193,2.70612565699511,1.2140424277144348,295.28880479637536,10.464157913908982,2898.3535559115167,841.7766924784743,0,0.8953488372093024,0.25,171.4654083251953,-0.16683021967396683,-0.10300657958868827,4.268381000201771,30.0
1052,35.06666666666724,track,1,319.3442644199611,239.91289695398575,319.3257126704167,239.91775752163335,1,0.019177917744533177,0.6792843499481477,2.092812485456863,74.12834486572739,11.055812783082736,2729.2442894796,841.7766924784743,0,0.8020833333333334,0.25,0.29357999563217163,-0.1062179044463887,-0.18418640867730418,3.78256500016505,30.0
1053,35.10000000000057,track,1,319.82567339703405,235.62229236024038,319.8371879635995,235.64369202349644,1,0.0243008401225712,4.359349371792241,2.6515215216982044,475.64000185562554,11.055812783082736,2727.3575792341185,841.7766924784743,0,0.8020833333333334,0.25,209.1763916015625,-0.07646201620548679,-0.411503336435201,3.78396399992198,30.0
1054,35.1333333333339,track,1,321.5426789658309,242.1164089905158,321.56682136392715,242.11061559665632,1,0.02482778278964885,2.628617009628338,2.709365150427555,286.82127142410894,11.055812783082736,2721.300447396428,841.7766924784743,0,0.8020833333333334,0.25,202.63975524902344,0.00492100685207339,-0.08118791693027215,4.560034999940399,30.0
1055,35.16666666666723,track,1,318.00415278799153,236.59717956482243,318.00519401631914,236.62069331092152,1,0.023536788481929284,3.924151451126664,2.5680525438236477,428.17598781161126,10.464157913908982,2874.691437498074,841.7766924784743,0,0.8953488372093024,0.25,154.30804443359375,-0.17641892967901202,-0.36039130579904943,3.9941119998729846,30.0
1056,35.200000000000564,track,1,321.7680659217395,238.27335087794987,321.7806863120485,238.25756892926506,1,0.020207527207483512,2.491367050070974,2.2049557531108586,271.85277538638167,11.055812783082736,2734.838503102339,841.7766924784743,0,0.8020833333333334,0.25,69.10096740722656,0.014907836431784907,-0.2832391213300418,3.9472919997933786,30.0
1057,35.233333333333896,track,1,322.3484422935661,241.85066758847168,322.3301009480589,241.85687998059097,1,0.019364884994733315,2.979492186676188,2.1132008389192483,325.12179091983444,11.055812783082736,2730.5909434098726,841.7766924784743,0,0.8020833333333334,0.25,169.44491577148438,0.05590033402047439,-0.09664380669586776,3.9109670001380437,30.0
1058,35.26666666666723,track,1,321.70581380292634,234.15745176744787,321.72027128165075,234.14718202762538,1,0.017733760094475255,6.100394372515905,1.9351231636471236,665.6111816867766,11.055812783082736,2730.4928355518527,841.7766924784743,0,0.8020833333333334,0.25,323.3136901855469,0.0361510439126629,-0.4937930787362078,4.6631629998046265,30.0
1059,35.30000000000056,track,1,318.252969890708,240.66408916151886,318.2399518362249,240.68117763420196,1,0.021482216858739845,1.8872658816777816,2.3440348098950334,205.94765581068148,11.055812783082736,2731.2988700252836,841.7766924784743,0,0.8020833333333334,0.25,235.5392303466797,-0.13682219418791594,-0.17171276242550707,3.8872530003573047,30.0
1060,35.33333333333389,track,1,318.74321584192586,239.72664912205013,318.75785855035883,239.74172623715253,1,0.021017333562183507,1.2687082869958914,2.2933572296026905,138.44982193275675,11.055812783082736,2733.2535487512487,841.7766924784743,0,0.8020833333333334,0.25,47.47683334350586,-0.11819472590603375,-0.2004312399083756,3.7606399996548134,30.0
1061,35.36666666666722,track,1,319.9585581696525,235.6974746384632,319.95985585435255,235.715506680516,1,0.01807867600723199,4.284681383385792,1.9725296749759251,467.49301763273485,11.055812783082736,2730.021431031062,841.7766924784743,0,0.8020833333333334,0.25,110.72623443603516,-0.058007742497629834,-0.4257063486071359,3.7735630003226106,30.0
1062,35.40000000000055,track,1,321.72624756966945,240.65573558003888,321.7407795363814,240.67348843836135,1,0.022942145390852237,1.8665208466263328,2.503350224698526,203.6838593132062,11.055812783082736,2729.2442894796,841.7766924784743,0,0.8020833333333334,0.25,137.24452209472656,0.03342718426010286,-0.17817320248136626,4.661069000121643,30.0
1063,35.433333333333884,track,1,318.7765806145757,238.1572210490023,318.7874251777048,238.14800450244843,1,0.014231980882498715,2.213645188962212,1.5529833176772954,241.53929439160888,11.055812783082736,2734.4997739785767,841.7766924784743,0,0.8020833333333334,0.25,35.4327278137207,-0.11574220329892096,-0.30382028603543526,4.040721999899688,30.0
1064,35.466666666667216,track,1,318.79289813176854,237.27751650343012,318.8050844982373,237.26409231307503,1,0.018130538171851396,2.9854671205236802,1.9783456534456085,325.7476325812329,11.055812783082736,2734.6025275638685,841.7766924784743,0,0.8020833333333334,0.25,24.406177520751953,-0.12164064919654921,-0.3549586745130552,3.76426699995136,30.0
1065,35.50000000000055,track,1,321.42376768944473,241.8462803479465,321.3992252541369,241.85475762257715,1,0.025965271344651753,2.323350414879897,2.833468888811956,253.51247408283538,11.055812783082736,2723.186065479592,841.7766924784743,0,0.8020833333333334,0.25,206.97311401367188,0.011618930592674222,-0.11934321584956213,3.9165140001387044,30.0
1066,35.53333333333388,track,1,323.2483722133586,236.00827907377862,323.2337267293233,236.00909002652043,1,0.014667918972317045,5.1365699621789025,1.6006706938064752,560.4803429937906,10.464157913908982,2893.229668449583,841.7766924784743,0,0.8953488372093024,0.25,227.47625732421875,0.11611377403068801,-0.4159753486602883,4.756790000101319,30.0
1067,35.56666666666721,track,1,320.7807369101487,239.02068519715579,320.7928786042743,239.01936818997842,1,0.012212913008161762,1.261069081352058,1.332760726425683,137.60240339754733,10.464157913908982,2896.855505230079,841.7766924784743,0,0.8953488372093024,0.25,13.640814781188965,0.002224188922441188,-0.2691819656677684,3.978110999923956,30.0
1068,35.60000000000054,track,1,318.2608583135648,242.1821867586802,318.2466060717742,242.172300076782,1,0.01734568750482531,2.79164429881857,1.8927804654597487,304.6120989589281,11.055812783082736,2733.961065093304,841.7766924784743,0,0.8020833333333334,0.25,245.99066162109375,-0.12684816723675119,-0.09929234307152135,3.883335999944393,30.0
1069,35.63333333333387,track,1,320.31503950947797,235.88807806900127,320.29955636036254,235.89424952580043,1,0.016667776862991354,4.116663815448575,1.8188666889154237,449.1613751592162,11.055812783082736,2729.3143242498754,841.7766924784743,0,0.8020833333333334,0.25,182.5707244873047,-0.04230796061082509,-0.41756132769324417,3.8855809998494806,30.0
1070,35.666666666667204,track,1,321.16124725440375,240.1901890692967,321.15453227961746,240.18104080030866,1,0.01134820302330301,1.1686404733942264,1.2382568752339538,127.53015715884959,11.055812783082736,2736.3853920617407,841.7766924784743,0,0.8020833333333334,0.25,35.81367492675781,0.018996225553993898,-0.21167181261799228,5.085853999844403,30.0
1071,35.700000000000536,track,1,320.18243856087764,239.49168574266832,320.173108741138,239.48151545729593,1,0.013801457927717928,0.546619481249459,1.5059719080777574,59.64162538751313,11.055812783082736,2725.454579538434,841.7766924784743,0,0.8020833333333334,0.25,2.6262476444244385,-0.03762496220961576,-0.2326457325693394,3.8763260004088806,30.0
1072,35.73333333333387,track,1,317.5846133875644,235.03323092899484,317.60887022637803,235.03174141363502,1,0.024302528371306364,5.513718797262952,2.6520695271068915,601.6109105153988,11.055812783082736,2729.9842090010975,841.7766924784743,0,0.8020833333333334,0.25,284.10235595703125,-0.16767014666359792,-0.46744653553619286,3.785880000123143,30.0
1073,35.7666666666672,track,1,317.8512844786781,241.86780842549163,317.8575626209032,241.87483925088486,1,0.009425899188325667,2.8469387313410333,1.0285221392788066,310.65507596522934,11.055812783082736,2741.91776925645,841.7766924784743,0,0.8020833333333334,0.25,200.4043731689453,-0.16817003158475582,-0.12236982237358855,3.8822980000077223,30.0
1074,35.80000000000053,track,1,322.35271234060946,238.36516101145452,322.3332857990605,238.34592020800324,1,0.027342257295340632,2.86010534393218,2.983526791299006,312.0973079403743,11.055812783082736,2726.485897125129,841.7766924784743,0,0.8020833333333334,0.25,177.81307983398438,0.05826413443801242,-0.2949146951982504,4.838516999825515,30.0
1075,35.83333333333386,track,1,322.98338741077225,237.40700843608047,322.98250494909223,237.38444917687366,1,0.022576512453808904,3.9669184362318988,2.463278617045334,432.86603527258353,10.464157913908982,2878.154083823963,841.7766924784743,0,0.8953488372093024,0.25,133.62548828125,0.10241836163484863,-0.34850925439682834,4.009350000160339,30.0
1076,35.86666666666719,track,1,320.46571663706845,241.23701650279378,320.4387044317881,241.22522833767357,1,0.029472361137334292,1.3014015744223062,3.2161507770540876,141.99619951089772,11.055812783082736,2717.6853918629904,841.7766924784743,0,0.8020833333333334,0.25,90.9017562866211,-0.04036186576210166,-0.1515588726265355,3.8986989998193167,30.0
1077,35.900000000000524,track,1,319.08682544467894,235.8098109307033,319.0815135414135,235.82089579427065,1,0.01229188824420728,4.278846729780283,1.341187717409512,466.86022790855833,11.055812783082736,2734.8032089910075,841.7766924784743,0,0.8020833333333334,0.25,180.30377197265625,-0.08756466340291844,-0.42980956572722784,3.98176999988209,30.0
1078,35.933333333333856,track,1,322.1247131165288,239.45312432338804,322.1158664877727,239.42609345405322,1,0.028441707707965176,2.192318343115355,3.1032713233489946,239.2390923252131,11.055812783082736,2723.1124811817845,841.7766924784743,0,0.8020833333333334,0.25,52.82330322265625,0.07078174387625931,-0.25116681833389753,4.893154000001232,30.0
1079,35.96666666666719,track,1,322.2442537409979,239.74746647117166,322.23002615474354,239.75941944083343,1,0.018582187555850626,2.242965817013083,2.0276766582308174,244.76853294910583,11.055812783082736,2734.4327426546747,841.7766924784743,0,0.8020833333333334,0.25,26.972562789916992,0.0887524998349194,-0.22020445179890585,4.040148000058252,30.0
1080,36.00000000000052,track,1,318.8139615003661,236.0,318.82239228304854,236.00092672738674,1,0.008481563552100573,4.168854395964597,0.9255689437381022,454.8618145913252,10.464157913908982,2896.972365618894,841.7766924784743,0,0.8953488372093024,0.25,186.12158203125,-0.08196643613214699,-0.4287308934028211,12.545701999897574,30.0
1081,36.03333333333385,track,1,317.84299548095544,242.06610716591348,317.85017547326265,242.06233744604492,1,0.008109443718225333,2.9790906728598494,0.8849284656407612,325.072728590045,11.055812783082736,2735.107206650348,841.7766924784743,0,0.8020833333333334,0.25,281.6197509765625,-0.14005712249484614,-0.11958529797915486,4.17550600013783,30.0
1082,36.06666666666718,track,1,317.57623231055527,238.9750724888562,317.6013588479998,238.97776508423658,1,0.025270396788205963,2.6073825187483974,2.757687035613126,284.529105925712,10.464157913908982,2879.0183994501617,841.7766924784743,0,0.8953488372093024,0.25,38.919246673583984,-0.16786471422929747,-0.268338501071989,4.017667999960395,30.0
1083,36.10000000000051,track,1,321.4933511786547,237.0290130385977,321.4859109930536,237.02870149332716,1,0.007446705461743101,3.322129782990694,0.8126393250665096,362.48383537406784,11.055812783082736,2739.1955431798256,841.7766924784743,0,0.8020833333333334,0.25,156.95144653320312,0.025404072413219514,-0.37077628769398685,4.743056000279466,30.0
1084,36.133333333333844,track,1,320.8921534739025,242.50998098859316,320.8984508971764,242.52223754270267,1,0.01377971910200475,2.6774794558419877,1.5035333863622182,292.14028632509206,11.055812783082736,2730.7089311791074,841.7766924784743,0,0.8020833333333334,0.25,188.16311645507812,-0.002000200033955603,-0.08669518895889183,3.5082770000371966,30.0
1085,36.166666666667176,track,1,319.2905443382766,236.62229236024038,319.2748173270322,236.6431284674419,1,0.026105214919522134,3.4343087216020156,2.8484714745787585,374.7135315673883,11.055812783082736,2727.3575792341185,841.7766924784743,0,0.8020833333333334,0.25,136.89564514160156,-0.08435627938317436,-0.38212737242386796,3.807429000062257,30.0
1086,36.20000000000051,track,1,320.3035080121265,237.52000866175834,320.2852802668433,237.54562065577716,1,0.03143604516679158,2.470903234851163,3.4301290312476342,269.5959587494593,11.055812783082736,2722.7587230107565,841.7766924784743,0,0.8020833333333334,0.25,25.227985382080078,-0.050543444277084945,-0.34521201886148445,3.770628999973269,30.0
1087,36.23333333333384,track,1,323.37839476761815,240.53428336293152,323.35580160529355,240.5598665580061,1,0.03413137638668144,3.4021838540655556,3.724296229178814,371.26969008084274,11.055812783082736,2719.2558545146385,841.7766924784743,0,0.8020833333333334,0.25,182.81773376464844,0.12996489552774995,-0.19199507059892262,4.204166999898007,30.0
1088,36.26666666666717,track,1,322.8554279075771,236.9091261133342,322.8639252680682,236.91540194576703,1,0.010563673984027376,4.209134483151782,1.1527138818610057,459.2880420853634,11.055812783082736,2735.8134964390247,841.7766924784743,0,0.8020833333333334,0.25,72.10836791992188,0.12083148015391176,-0.3781930350224029,4.10777999968559,30.0
1089,36.3000000000005,track,1,318.68496049052203,241.21555334859016,318.7031108722912,241.2040798268,1,0.02147272829974886,1.7696693586306167,2.3431441079280697,193.10353059008906,11.055812783082736,2732.4787477176355,841.7766924784743,0,0.8020833333333334,0.25,230.7457733154297,-0.08480210353626284,-0.1586249695587289,3.9114989999688987,30.0
1090,36.33333333333383,track,1,318.98340320698446,238.3609802480875,318.98457074266196,238.34263763176114,1,0.018379736484888047,1.9436940593396954,2.00537777279818,212.08287199406718,10.464157913908982,2879.0341633173416,841.7766924784743,0,0.8953488372093024,0.25,59.26463317871094,-0.07416555423270484,-0.2995947086498948,3.760474000046088,30.0
1091,36.366666666667165,track,1,320.39444660698064,236.80070066173607,320.37278204339907,236.81338485986282,1,0.02510462501807914,3.2083457580554304,2.739478033753902,350.05703593330543,11.055812783082736,2727.995212486698,841.7766924784743,0,0.8020833333333334,0.25,50.96713638305664,-0.02524892647498001,-0.3856855616145473,4.577281999900151,30.0
1092,36.400000000000496,track,1,320.80037256855695,241.47411514967726,320.81363600055704,241.4486227761912,1,0.028736383460235652,1.6614787055819753,3.135488206419919,181.2883570426879,11.055812783082736,2714.082295190977,841.7766924784743,0,0.8020833333333334,0.25,120.75723266601562,0.01631956378385644,-0.14725585999844992,3.9427550000254996,30.0
1093,36.43333333333383,track,1,319.20790921297703,237.46571663706848,319.19581943996377,237.43771016019582,1,0.03050451373700371,2.6855233375087084,3.3283793564537234,293.016761161404,11.055812783082736,2716.117647058823,841.7766924784743,0,0.8020833333333334,0.25,56.05966567993164,-0.0661394305082024,-0.34874582007068494,3.823383999588259,30.0
1094,36.46666666666716,track,1,318.3442644199611,237.2944912508101,318.3239778679664,237.27668205543046,1,0.026994659321893533,3.1977352633201157,2.9456288690499615,348.91554723676086,11.055812783082736,2726.087267845164,841.7766924784743,0,0.8020833333333334,0.25,43.24105453491211,-0.11832767087813231,-0.365395408363673,3.8844280002194864,30.0
1095,36.50000000000049,track,1,320.70998230546803,241.49501532087524,320.7244187798789,241.48857366029097,1,0.015808440293017232,1.6554860648018894,1.725083119124646,180.63293198859478,11.055812783082736,2732.310193628508,841.7766924784743,0,0.8020833333333334,0.25,152.3482208251953,-0.0030623627482866365,-0.1498850895828872,4.756244000418519,30.0
1096,36.53333333333382,track,1,322.9425420033346,236.88850412551835,322.9454017703704,236.91985462221385,1,0.031480659309378274,4.261770422863997,3.434796486309824,465.0327308935198,11.055812783082736,2751.882352941176,841.7766924784743,0,0.8020833333333334,0.25,181.23779296875,0.11778213012581122,-0.38313140467871154,4.444991000127629,30.0
1097,36.56666666666715,track,1,320.8757496009319,238.65416972259374,320.8837837604866,238.6764802373052,1,0.02371300880195571,1.5914704827748187,2.587331872517457,173.65169103534953,11.055812783082736,2734.838503102339,841.7766924784743,0,0.8020833333333334,0.25,0.8120056390762329,0.022028291632946236,-0.2990240359815967,3.9139760001489776,30.0
1098,36.600000000000485,track,1,319.73855531059525,242.4647905589418,319.7544104663534,242.4437218000794,1,0.02636813539325951,2.456031444265333,2.87715945458135,267.9731648779012,11.055812783082736,2726.2501948647337,841.7766924784743,0,0.8020833333333334,0.25,183.3506317138672,-0.020049982994090373,-0.09673721419906944,4.060062000007747,30.0
1099,36.633333333333816,track,1,321.0826695371367,234.7189235737352,321.0776430036726,234.73573676608873,1,0.01754848927351979,5.373432965923595,1.914707956065704,586.2886847125183,11.055812783082736,2733.9300570025534,841.7766924784743,0,0.8020833333333334,0.25,304.4110107421875,0.03777178867358192,-0.4918609325600315,4.896590000043943,30.0
1100,36.66666666666715,track,1,321.51996715360013,240.21574898435475,321.5441576873619,240.2023664145181,1,0.027645525842573185,1.5573615922976332,3.016758758839469,169.95031700523126,11.055812783082736,2723.6888550667422,841.7766924784743,0,0.8020833333333334,0.25,53.862892150878906,0.06650136331499146,-0.23038664527324282,3.966839999975491,30.0
1101,36.70000000000048,track,1,319.48170389251305,239.72005011448567,319.4572530708135,239.73427169958018,1,0.028285971158552796,0.6043060141893012,3.0866359190285286,65.94408039839867,11.055812783082736,2729.4801282602853,841.7766924784743,0,0.8020833333333334,0.25,41.29825973510742,-0.034821444571222104,-0.22554193853151697,3.8948139999774867,30.0
1102,36.73333333333381,track,1,317.4438107582631,236.699287103046,317.41885823916175,236.71170082413198,1,0.02786985254184631,4.180335424288041,3.041257097478858,456.1389500878482,11.055812783082736,2729.2442894796,841.7766924784743,0,0.8020833333333334,0.25,167.46148681640625,-0.14751933913850812,-0.39628672343841315,4.003958999874158,30.0
1103,36.76666666666714,track,1,319.0041292098585,241.2002666781367,319.0057579096076,241.1844130919344,1,0.015937027901916073,1.5463995947533875,1.738860531424844,168.73697615729643,10.464157913908982,2900.4655496435844,841.7766924784743,0,0.8953488372093024,0.25,93.02399444580078,-0.08010815794228232,-0.16696017197356197,5.022750000080123,30.0
1104,36.80000000000047,track,1,322.251968503937,237.63719289187213,322.2388848180407,237.62593746122275,1,0.01725883993022204,3.2632465684466005,1.8832699089701754,356.0761113331504,11.055812783082736,2743.7457064644595,841.7766924784743,0,0.8020833333333334,0.25,152.77716064453125,0.08489162578224255,-0.3456316629176141,3.801936000400019,30.0
1105,36.833333333333805,track,1,322.5653111389021,237.70399758506187,322.5892231568672,237.6995948695651,1,0.024313957039328968,3.4635156012624857,2.6533032393410902,377.9348138902002,11.055812783082736,2734.4327426546747,841.7766924784743,0,0.8020833333333334,0.25,75.22682189941406,0.11125055728358625,-0.34828822036071205,3.957573999741726,30.0
1106,36.866666666667136,track,1,320.88027351309506,241.92568700812797,320.88811132477133,241.9297437779918,1,0.008825455999594375,2.1243005375617554,0.9630628960300754,231.78539574123403,11.055812783082736,2737.226076016378,841.7766924784743,0,0.8020833333333334,0.25,137.50062561035156,0.03441966720420397,-0.12897193371544363,4.422951999913494,30.0
1107,36.90000000000047,track,1,320.4490061062752,236.54267896583085,320.4245833575286,236.5671560209637,1,0.034577404244903416,3.459001129212895,3.773005846497248,377.4057109542575,11.055812783082736,2715.0229293529806,841.7766924784743,0,0.8020833333333334,0.25,113.96614837646484,-0.006918347725757718,-0.4009046258017862,4.638758000055532,30.0
1108,36.9333333333338,track,1,322.12828139143926,238.76826587352903,322.122114308395,238.78051468646822,1,0.013713727855477703,2.4475525669154643,1.496331218970503,267.08326744660604,11.055812783082736,2729.294117647058,841.7766924784743,0,0.8020833333333334,0.25,11.642702102661133,0.10739390202863479,-0.29362436933683633,4.089686000043002,30.0
1109,36.96666666666713,track,1,322.0331506021496,241.70164458065352,322.0305021546329,241.71831182979895,1,0.01687635826605613,2.6599876962865774,1.841353773245071,290.25601470772756,11.055812783082736,2728.678493591226,841.7766924784743,0,0.8020833333333334,0.25,99.88740539550781,0.11358310063690948,-0.13770176619948063,3.867439999794442,30.0
1110,37.00000000000046,track,1,320.15356015736455,235.62647529289697,320.1464610905308,235.64617689406043,1,0.02094158156190939,4.35628585940509,2.284940409799688,475.30572576466244,11.055812783082736,2727.593418014804,841.7766924784743,0,0.8020833333333334,0.25,227.4727783203125,0.015932092505898873,-0.44768985524288335,12.120682999920973,30.0
1111,37.03333333333379,track,1,317.33591083848114,239.84241219923106,317.31718771536384,239.85111890344479,1,0.02064853596579473,2.6869401436403746,2.2532497582271374,293.21863594522625,11.055812783082736,2728.1358129478976,841.7766924784743,0,0.8020833333333334,0.25,204.04281616210938,-0.12728784612402463,-0.23076067092277458,4.354786000021704,30.0
1112,37.066666666667125,track,1,318.2075855209099,239.60973922068936,318.19537593049745,239.6317848385048,1,0.025200860360408184,1.8418062974653107,2.749730333065858,200.99011057731227,11.055812783082736,2728.2311880251686,841.7766924784743,0,0.8020833333333334,0.25,30.06883430480957,-0.09768167872260444,-0.2262953693507323,4.6918759999243775,30.0
1113,37.100000000000456,track,1,321.5888028382296,236.0166140267382,321.6127178963494,236.01387629774308,1,0.024071251835445198,4.3000047887066435,2.626826846562706,469.17665003098,10.464157913908982,2879.765969900532,841.7766924784743,0,0.8953488372093024,0.25,179.54605102539062,0.06897753627778953,-0.43396376623916966,4.0233449999504955,30.0
1114,37.13333333333379,track,1,319.58461338756433,242.75492189866299,319.60895068962645,242.7691171819431,1,0.028174639998866515,2.7965924855931608,3.0744864509634833,305.1316825281208,11.055812783082736,2728.3983917258347,841.7766924784743,0,0.8020833333333334,0.25,249.90188598632812,-0.012633491754402619,-0.08891352804464067,3.8424499998654937,30.0
1115,37.16666666666712,track,1,319.40700843608045,237.68851395197925,319.3862307389353,237.70520241214263,1,0.02664990433904521,2.3754596765813423,2.908032071494208,259.18474063026946,11.055812783082736,2728.8706167947157,841.7766924784743,0,0.8020833333333334,0.25,46.175418853759766,-0.047824053845299204,-0.339923870755388,3.971220000039466,30.0
1116,37.20000000000045,track,1,320.8015076459186,238.06202886065046,320.81247479137915,238.0603440938595,1,0.011095797343704979,2.1029456295521087,1.2108505645431134,229.4542910093983,11.055812783082736,2732.7529073547594,841.7766924784743,0,0.8020833333333334,0.25,37.68588638305664,0.020704727836240146,-0.32537705245678317,4.772021999997378,30.0
1117,37.23333333333378,track,1,322.88363132603143,241.55946144854755,322.89059408884134,241.58357857133683,1,0.02510210504280681,3.2959452783748837,2.73887784482838,359.66318056782995,11.055812783082736,2720.6692503761265,841.7766924784743,0,0.8020833333333334,0.25,190.2808837890625,0.13424947502244708,-0.14265365586465215,3.8742700003240316,30.0
1118,37.26666666666711,track,1,323.2370781161995,236.47831549759542,323.2253321476695,236.45191125743213,1,0.02889899090465805,4.79496623428438,3.15320340532223,523.2112461319982,11.055812783082736,2716.9791020743137,841.7766924784743,0,0.8020833333333334,0.25,168.87364196777344,0.16809240876266046,-0.400368673076123,3.9168439998320537,30.0
1119,37.300000000000445,track,1,319.53428336293155,239.13722008056482,319.5620971299719,239.12945065709255,1,0.028878531438884955,0.9744819557156721,3.151398623697244,106.32760063573774,11.055812783082736,2720.829042875637,841.7766924784743,0,0.8020833333333334,0.25,77.9468002319336,0.012727031757941926,-0.2706022532215585,3.8474070001939253,30.0
1120,37.333333333333776,track,1,319.3364340414485,240.58880283822958,319.31901996377724,240.6130935573375,1,0.029887942985769564,0.9163064551680827,3.2612106773586853,99.98618796113078,11.055812783082736,2727.0513103328167,841.7766924784743,0,0.8020833333333334,0.25,79.57188415527344,-0.021922361725542412,-0.19247289598223147,4.980918999990536,30.0
1121,37.36666666666711,track,1,319.89268670192183,237.00412743454146,319.89867690613085,237.00476253324143,1,0.0060237776207613045,2.996950758959095,0.6573578833925664,326.9913778052771,10.464157913908982,2901.713115366688,841.7766924784743,0,0.8953488372093024,0.25,71.0862808227539,0.00921512723852607,-0.37562085897261543,3.994880999925954,30.0
1122,37.40000000000044,track,1,320.70998230546803,241.2237279357818,320.7244153800202,241.21279901168373,1,0.01810400571614754,1.4126779836717445,1.975515161858334,154.14168389057312,11.055812783082736,2733.8946009484575,841.7766924784743,0,0.8020833333333334,0.25,76.09305572509766,0.04530298953750893,-0.15991298439455567,3.9443860000574205,30.0
1123,37.43333333333377,track,1,319.4153866124356,238.34061702219722,319.39100634306624,238.3234218486092,1,0.02983406658914289,1.7837565898705317,3.255521919917133,194.6261567287294,11.055812783082736,2725.2350302079512,841.7766924784743,0,0.8020833333333334,0.25,28.39401626586914,-0.022398881453720015,-0.30233611851920833,3.94984900003692,30.0
1124,37.4666666666671,track,1,319.0414096536255,236.73497821679678,319.0380031208256,236.74988553245566,1,0.015291583497820777,3.3894958397499657,1.6684487126796794,369.8264141094315,11.055812783082736,2730.563021406543,841.7766924784743,0,0.8020833333333334,0.25,68.99134063720703,-0.0479271033362932,-0.3911629148076464,5.046340999797394,30.0
1125,37.50000000000043,track,1,320.3528038393359,241.3777076397596,320.3319276063884,241.35585665889528,1,0.0302205636415168,1.3958951304999172,3.297585144391717,152.30486504124354,11.055812783082736,2727.3575792341185,841.7766924784743,0,0.8020833333333334,0.25,118.15558624267578,-0.004265046107607813,-0.15510021020521292,3.9000680003482557,30.0
1126,37.533333333333765,track,1,323.5425997314506,237.53428336293152,323.5672452625513,237.561441240902,1,0.03667359457560726,4.321088703644971,4.001703639394332,471.52246702566765,11.055812783082736,2714.552612271979,841.7766924784743,0,0.8020833333333334,0.25,189.718994140625,0.18276378684865893,-0.3487598570923755,3.8752450000174576,30.0
1127,37.566666666667096,track,1,320.3651610114545,239.311216771126,320.3431520765495,239.29505363896396,1,0.027306410546645083,0.7840297950831745,2.9796921267709076,85.54684141082038,11.055812783082736,2726.485897125129,841.7766924784743,0,0.8020833333333334,0.25,13.015389442443848,0.011072418553318995,-0.26115279621990084,4.236366999975871,30.0
1128,37.60000000000043,track,1,319.79665413046297,241.3693424977305,319.8069198363129,241.34872973045185,1,0.023027611501876953,1.362480031198316,2.5125855134996637,148.65800987161316,11.055812783082736,2727.8292567954886,841.7766924784743,0,0.8020833333333334,0.25,79.73867797851562,0.01087842042738362,-0.1494577298157941,4.315381999731471,30.0
1129,37.63333333333376,track,1,320.00413989391524,237.50166026995558,320.00462403460995,237.50230674953218,1,0.0008076682829214859,2.4976975307527876,0.08812870075015806,272.51879193575337,10.464157913908982,2876.2414603891543,841.7766924784743,0,0.8953488372093024,0.25,66.4765625,0.009789675739536362,-0.3432139054449502,3.9406910000252537,30.0
1130,37.66666666666709,track,1,322.5066488213453,239.7927640100164,322.51477481164716,239.80355025015228,1,0.013504617530837457,2.5224362940439597,1.4735566799826503,275.2666224819078,11.055812783082736,2724.941176470588,841.7766924784743,0,0.8020833333333334,0.25,50.6036376953125,0.14240660778342523,-0.2167431869741208,3.879267000229447,30.0
1131,37.70000000000042,track,1,320.28589926194485,239.29418619707369,320.27228320175266,239.2767428315443,1,0.022128445407410234,0.7728124440504428,2.4145530863525884,84.32188606166946,11.055812783082736,2730.4928355518527,841.7766924784743,0,0.8020833333333334,0.25,11.4393892288208,0.020578845654515274,-0.24922922968024652,4.388962000120955,30.0
1132,37.73333333333375,track,1,318.56361747261786,235.48166587298152,318.5895263004593,235.45853838309574,1,0.034729643656870465,4.755450522811767,3.789656541315908,518.8657960077427,11.055812783082736,2714.4004188885133,841.7766924784743,0,0.8020833333333334,0.25,217.62429809570312,-0.05716242275659655,-0.45165804220665184,4.144990999975562,30.0
1133,37.766666666667085,track,1,318.78442803471955,241.68078766679622,318.79415322931845,241.69874003295968,1,0.020417317670381734,2.083214855444094,2.2277826259722264,227.308956680625,11.055812783082736,2732.242772179165,841.7766924784743,0,0.8020833333333334,0.25,177.46437072753906,-0.05525613689881485,-0.1393716390558173,3.791830999944068,30.0
1134,37.800000000000416,track,1,322.0661413254102,238.81811135512208,322.0618257295055,238.82646589184947,1,0.009403331959567687,2.3724054547744235,1.0260171690352262,258.88318443898413,11.055812783082736,2733.6946270729945,841.7766924784743,0,0.8020833333333334,0.25,78.5291976928711,0.11053635607050971,-0.2796297283479184,3.8483439998344693,30.0
1135,37.83333333333375,track,1,321.73453162806777,238.50998098859316,321.74784590036415,238.52057146163327,1,0.017012582578655396,2.2899070050012313,1.8564110451929632,249.87306327293558,11.055812783082736,2729.1263700892573,841.7766924784743,0,0.8020833333333334,0.25,23.702634811401367,0.10081019654226794,-0.29686563056348314,4.431533000115451,30.0
1136,37.86666666666708,track,1,319.52588485032277,242.05406576268248,319.55452172636524,242.05074760591606,1,0.02882847262340361,2.098574905847073,3.1459688980399068,228.9731550781015,11.055812783082736,2725.0928162436694,841.7766924784743,0,0.8020833333333334,0.25,125.478515625,0.01509494187777322,-0.10966703454402943,3.920293000192032,30.0
1137,37.90000000000041,track,1,319.1735910793473,236.16532483747363,319.1640016269264,236.1559360402954,1,0.013420399032347975,3.9339192932852125,1.4644056802914716,429.2255121429177,11.055812783082736,2738.9136794876936,841.7766924784743,0,0.8020833333333334,0.25,184.13327026367188,-0.030802928052337898,-0.4081439371335035,3.8598830001319584,30.0
1138,37.93333333333374,track,1,322.07011212785153,239.04124242814794,322.0671974839139,239.03758497112733,1,0.004676766098572418,2.2802517679633416,0.5103078471670558,248.83007329781316,11.055812783082736,2736.892673619563,841.7766924784743,0,0.8020833333333334,0.25,52.70381164550781,0.11770164409572446,-0.2686513231955887,3.8881780001247535,30.0
1139,37.966666666667074,track,1,322.83862764536013,240.22757639756907,322.84867458062433,240.21445221684633,1,0.016528309890795966,2.856735307935533,1.8034893042971025,311.7477876040705,11.055812783082736,2734.264071718181,841.7766924784743,0,0.8020833333333334,0.25,67.94273376464844,0.16795869447918002,-0.21767679282020316,4.453240000202641,30.0
1140,38.000000000000405,track,1,320.57204068383464,237.04985933780566,320.59679554745514,237.0482038311311,1,0.02481015871007468,3.0115221314164993,2.7074659309609297,328.5834589411255,11.055812783082736,2727.6900541225136,841.7766924784743,0,0.8020833333333334,0.25,67.05020141601562,0.06119814225744814,-0.37054152763540216,11.75166100028946,30.0
1141,38.03333333333374,track,1,316.17773950484394,241.08680301399355,316.1698051957803,241.08386689220072,1,0.008460146068436078,3.9805979046218947,0.9232138748789045,434.38656664319626,11.055812783082736,2733.9300570025534,841.7766924784743,0,0.8020833333333334,0.25,362.04730224609375,-0.17143939205955658,-0.16508356340848873,5.0513539999883506,30.0
1142,38.06666666666707,track,1,320.5717441205769,239.53848152800035,320.5970303772699,239.56309792583443,1,0.035289684326580056,0.7398166622841245,3.8507385748710883,80.72926739787627,11.055812783082736,2716.35294117647,841.7766924784743,0,0.8020833333333334,0.25,17.732994079589844,0.041008494872430454,-0.21312942009819377,4.007819999969797,30.0
1143,38.1000000000004,track,1,321.6515577064339,236.03318498033963,321.6701487078807,236.03288383513598,1,0.018593440327931872,4.304347496655092,2.0290535327808783,469.6513120196243,11.055812783082736,2730.5909434098726,841.7766924784743,0,0.8020833333333334,0.25,171.5029296875,0.09781312255008352,-0.41987953142512785,3.868068999963725,30.0
1144,38.13333333333373,track,1,320.91698733192095,241.6222923602404,320.9210092219805,241.64197379176812,1,0.020088164342003566,1.8826406773005133,2.1917951004025853,205.4199092069281,11.055812783082736,2728.9391146405796,841.7766924784743,0,0.8020833333333334,0.25,131.35198974609375,0.06447895178016813,-0.1366926237601074,3.9249820001714397,30.0
1145,38.16666666666706,track,1,320.69330397616886,237.06631265380133,320.7089117898008,237.06417711525535,1,0.015753233676022344,3.0202006450414878,1.7191037854946383,329.53128788185325,11.055812783082736,2729.7857287706665,841.7766924784743,0,0.8020833333333334,0.25,58.6989860534668,0.055639479211506776,-0.3674079516257296,4.645021999749588,30.0
1146,38.200000000000394,track,1,319.55107166053256,237.80878978133796,319.57533764333925,237.82078169555302,1,0.027067396035012643,2.2202095701985916,2.9536915077700936,242.24421132454688,11.055812783082736,2720.1981184222973,841.7766924784743,0,0.8020833333333334,0.25,16.6796932220459,0.020124318211788502,-0.3379900140682512,3.984227999808354,30.0
1147,38.233333333333725,track,1,324.35347628330084,241.46991552956464,324.3352555291568,241.44354884413633,1,0.03204992951711707,4.56927497186284,3.497104153522152,498.6242316696071,11.055812783082736,2720.5933406152412,841.7766924784743,0,0.8020833333333334,0.25,291.6456604003906,0.2513558404512034,-0.1493017864019059,3.930927000055817,30.0
1148,38.26666666666706,track,1,321.4153866124356,237.60538271818615,321.3922601374775,237.62858605158817,1,0.03276016674186165,2.7499077084751375,3.5747128743474463,300.05061371976285,11.055812783082736,2725.2350302079512,841.7766924784743,0,0.8020833333333334,0.25,37.58441162109375,0.11630811904205876,-0.3433336597556167,3.9009860001897323,30.0
1149,38.30000000000039,track,1,320.08250612350133,240.94224571354906,320.0793660908032,240.94446392776888,1,0.0038445129301815295,0.9477927448688355,0.419516889857884,103.41190556565101,11.055812783082736,2737.7647058823522,841.7766924784743,0,0.8020833333333334,0.25,92.48196411132812,0.04843170063272552,-0.17141104385621803,4.840943999624869,30.0
1150,38.33333333333372,track,1,318.83055663179647,241.85535322226528,318.83815273679704,241.86170863756809,1,0.009904146346398452,2.1945040702190144,1.0807346489264673,239.44989285294056,11.055812783082736,2737.5639033637185,841.7766924784743,0,0.8020833333333334,0.25,119.14302062988281,-0.015080585842059221,-0.1114936041117624,3.9078659997358045,30.0
1151,38.36666666666705,track,1,319.28614626981727,235.33591083848114,319.27011822323175,235.318195870841,1,0.023889712343149672,4.738355971417572,2.606766909742651,516.9947093446385,11.055812783082736,2729.7159670409706,841.7766924784743,0,0.8020833333333334,0.25,321.4872131347656,0.0003349323672134502,-0.44349239665920115,3.862078999645746,30.0
1152,38.40000000000038,track,1,319.96275380437123,241.76410742768462,319.9660876103559,241.7771780755793,1,0.013489110375766673,1.7775016068884633,1.471785874362187,193.93966706643644,11.055812783082736,2729.0588235294113,841.7766924784743,0,0.8020833333333334,0.25,93.03848266601562,0.030525847009446407,-0.1177258714229526,3.869351000048482,30.0
1153,38.433333333333714,track,1,319.33591083848114,239.08708799516177,319.31661941749235,239.0836984070894,1,0.019586940319181415,1.1430737639010882,2.137460559710097,124.7264247204771,11.055812783082736,2729.7159670409706,841.7766924784743,0,0.8020833333333334,0.25,9.848587989807129,-0.009597511662441383,-0.2467045818603547,4.887217000032251,30.0
1154,38.466666666667045,track,1,318.5016602699556,236.88408297037387,318.50181237557626,236.88979223382285,1,0.005711289280860172,3.452239636346979,0.6231473856627534,376.67958011887976,11.055812783082736,2732.8498581558083,841.7766924784743,0,0.8020833333333334,0.25,90.00796508789062,-0.06228324761249607,-0.36385199702990334,3.914951000297151,30.0
1155,38.50000000000038,track,1,321.1159270280761,240.25669556216846,321.1106188270413,240.24164874373014,1,0.015955680597876203,1.136603842297304,1.7409267446076495,124.03363028970398,11.055812783082736,2727.882352941176,841.7766924784743,0,0.8020833333333334,0.25,93.02025604248047,0.0651831561253971,-0.20885552045995667,3.914475999863498,30.0
1156,38.53333333333371,track,1,324.96566505022514,237.5438604087288,324.97035335503256,237.56699620346205,1,0.0236060415975862,5.533888320869103,2.575625704050854,603.8780483797134,11.055812783082736,2725.0455182558185,841.7766924784743,0,0.8020833333333334,0.25,342.4945983886719,0.27361362788810895,-0.3365431667287843,4.006791999927373,30.0
1157,38.56666666666704,track,1,321.5804232117357,239.62196546799947,321.6049666490916,239.64248099358588,1,0.03198854650227335,1.64430465080033,3.4905717670066645,179.43718930590902,11.055812783082736,2724.9991914272664,841.7766924784743,0,0.8020833333333334,0.25,15.63504409790039,0.11790282370709543,-0.2146471034247389,4.722110999864526,30.0
1158,38.60000000000037,track,1,319.12000517263675,240.76826587352903,319.11540680633016,240.78090600635687,1,0.01345057361583819,1.1799658084246563,1.4675957499272188,128.75658097280208,11.055812783082736,2729.294117647058,841.7766924784743,0,0.8020833333333334,0.25,126.13334655761719,-0.004340999003529501,-0.1699239228487477,3.950866000195674,30.0
1159,38.6333333333337,track,1,320.2739418046608,238.37770763975962,320.2572085462649,238.3565211266406,1,0.026997597572506714,1.6634840075727906,2.9458551786320455,181.50019350577364,11.055812783082736,2727.3575792341185,841.7766924784743,0,0.8020833333333334,0.25,21.574878692626953,0.03840326456793663,-0.2889750084026215,3.830336000191892,30.0
1160,38.666666666667034,track,1,321.28584991153497,240.75972036421697,321.26919257228496,240.77310057221132,1,0.02136578846805365,1.486113818082853,2.3314304759967617,162.16794155610998,11.055812783082736,2734.130576486928,841.7766924784743,0,0.8020833333333334,0.25,28.401992797851562,0.10588419176836472,-0.1647552219614825,4.104987000118854,30.0
1161,38.700000000000365,track,1,321.07897129497337,238.55526691778152,321.07260920227395,238.58180631971288,1,0.027291318736737877,1.7781349261541104,2.977730050594901,194.0213064155758,11.055812783082736,2723.584158743155,841.7766924784743,0,0.8020833333333334,0.25,17.622732162475586,0.09985933217445787,-0.27355782974200304,4.439072999957716,30.0
1162,38.7333333333337,track,1,319.0124121880791,236.2234193854243,319.01083152435683,236.21245329433327,1,0.011079424697149532,3.914583543726345,1.2088580985819262,427.1172298954922,10.464157913908982,2894.726747317308,841.7766924784743,0,0.8953488372093024,0.25,151.1732635498047,-0.006847177260372622,-0.4008699439781474,3.8548150000679016,30.0
1163,38.76666666666703,track,1,317.639829229376,242.50166026995558,317.6602262884146,242.50150221315505,1,0.020397671420442947,3.4252086569792652,2.225944688988672,373.74867679853344,11.055812783082736,2729.6923182704936,841.7766924784743,0,0.8020833333333334,0.25,278.2142639160156,-0.08823771972839191,-0.08087396354682513,3.930694999780826,30.0
1164,38.80000000000036,track,1,322.4111971617704,238.0996841604292,322.3867510379389,238.09313649674584,1,0.025307802553691618,3.0549482707805553,2.7617417433308065,333.35547660501874,11.055812783082736,2727.0513103328167,841.7766924784743,0,0.8020833333333334,0.25,146.34527587890625,0.1505471196562408,-0.2992865098850962,4.710335999789095,30.0
1165,38.83333333333369,track,1,322.74842118829747,238.10104394896248,322.7596357737433,238.11760125721958,1,0.01999778446333798,3.3405111331269493,2.1820402560634644,364.52071887381396,11.055812783082736,2740.0512351710845,841.7766924784743,0,0.8020833333333334,0.25,76.11332702636719,0.1774682140385328,-0.30411565547756936,4.2251229997418704,30.0
1166,38.86666666666702,track,1,320.7733613770013,243.2465553504743,320.7841530950668,243.26251383214924,1,0.019264846642901977,3.355427332169179,2.102066024627533,366.1075260258904,11.055812783082736,2748.7610598720908,841.7766924784743,0,0.8020833333333334,0.25,215.61880493164062,0.08449531492760816,-0.03429659015528244,3.926980999949592,30.0
1167,38.900000000000354,track,1,319.4850317508316,237.0518380923582,319.4647059448271,237.05301661965143,1,0.020359943917254847,2.995204628995181,2.2218263953479207,326.8026505133939,11.055812783082736,2734.472954617559,841.7766924784743,0,0.8020833333333334,0.25,161.72708129882812,0.018483594892628817,-0.343521558911686,4.069588999755069,30.0
1168,38.933333333333685,track,1,321.42707208569084,238.76780546797391,321.4034828367779,238.78877662805007,1,0.03156330494760014,1.8538678836119808,3.4441511364236863,202.29243800310326,11.055812783082736,2731.770821102224,841.7766924784743,0,0.8020833333333334,0.25,10.179895401000977,0.11779666914859543,-0.26151177178345664,4.964573000052042,30.0
1169,38.96666666666702,track,1,323.56874433069845,242.0622003369185,323.5931388349595,242.06421582651546,1,0.02447762317829784,4.143866994213396,2.6711757768429556,452.1894744729039,11.055812783082736,2731.534845563754,841.7766924784743,0,0.8020833333333334,0.25,158.63967895507812,0.23773513308580246,-0.08738894145260948,3.9678050002294185,30.0
1170,39.00000000000035,track,1,320.0329119348618,236.04731090636383,320.0312521002128,236.04515055467243,1,0.002724366071681282,3.954972923924446,0.2972697240292184,431.5191896488944,11.055812783082736,2745.294117647058,841.7766924784743,0,0.8020833333333334,0.25,238.78933715820312,0.06425894663604295,-0.39375445834529965,12.131983000017499,30.0
1171,39.03333333333368,track,1,318.4893123873294,240.5043351360632,318.4791739222252,240.50707833434308,1,0.010503028680907545,1.6031345533048913,1.1461543291626195,174.9428003044123,11.055812783082736,2733.0716765190814,841.7766924784743,0,0.8020833333333334,0.25,130.15887451171875,-0.017969170722934052,-0.17151986655749288,4.371998999886273,30.0
1172,39.06666666666701,track,1,318.90528889460813,240.04735555269593,318.90862843413595,240.0438578041941,1,0.004835986852751258,1.0922524441562391,0.527689616553511,119.19463974374126,11.055812783082736,2742.7058823529405,841.7766924784743,0,0.8020833333333334,0.25,24.394912719726562,-0.007067434632811093,-0.1923124979352678,3.944409999803611,30.0
1173,39.10000000000034,track,1,321.84282636794484,236.51180525635502,321.8492821540144,236.51230797903793,1,0.0064753304064036,3.947637283013563,0.7066351686643028,430.73561363850354,11.055812783082736,2733.7431620948914,841.7766924784743,0,0.8020833333333334,0.25,154.1470184326172,0.1395392701439119,-0.3747771426553253,3.8597780003328808,30.0
1174,39.133333333333674,track,1,320.3060617810521,241.03722373012795,320.288673558461,241.02822121041845,1,0.01958049146464002,1.067975318492397,2.1366879090074904,116.52617123495801,11.055812783082736,2735.442583020159,841.7766924784743,0,0.8020833333333334,0.25,77.8243179321289,0.04643092224413287,-0.1472868389144375,4.751815999952669,30.0
1175,39.166666666667005,track,1,319.69372709635695,237.79512826040096,319.70989145670467,237.80178351893994,1,0.017480818392499115,2.217277308885157,1.9075871256550105,241.92343876974599,11.055812783082736,2736.726307410102,841.7766924784743,0,0.8020833333333334,0.25,24.89558219909668,0.04256162676428261,-0.3120531548191788,3.894498000136082,30.0
1176,39.20000000000034,track,1,322.22640538570386,238.99656961536812,322.21527168344744,238.9698164711932,1,0.028977405839338534,2.4430936810750548,3.1617498607626193,266.6000405300959,11.055812783082736,2740.487993804884,841.7766924784743,0,0.8020833333333334,0.25,59.03668975830078,0.1579833810682013,-0.25543075904254414,3.973702000166668,30.0
1177,39.23333333333367,track,1,324.49667817083696,242.24849007765314,324.49408741446473,242.23564324508766,1,0.013105461668552013,5.019454393473095,1.4299204371564709,547.7406617757971,11.055812783082736,2731.7891979840283,841.7766924784743,0,0.8020833333333334,0.25,270.27294921875,0.288524098894563,-0.08289494664071331,3.832255999896006,30.0
1178,39.266666666667,track,1,322.04546433030526,237.17359107934732,322.0442739841384,237.16579809535529,1,0.007883370059631026,3.494532380522,0.860142184704369,381.30464260855535,11.055812783082736,2734.1654869321123,841.7766924784743,0,0.8020833333333334,0.25,94.29966735839844,0.18030898031358739,-0.3377794572750169,4.97223499996835,30.0
1179,39.30000000000033,track,1,320.5804232117357,240.67181617551603,320.6023301111743,240.69097666791436,1,0.029103895133794383,0.9166516887178393,3.1757878301080815,100.02171608325908,11.055812783082736,2724.9991914272664,841.7766924784743,0,0.8020833333333334,0.25,74.2229232788086,0.11287190705984529,-0.16007050229232805,3.886447999775555,30.0
1180,39.33333333333366,track,1,318.643199792558,240.1161675093997,318.66392740072547,240.110751437678,1,0.02142352849646856,1.3406550158336574,2.3378674550548793,146.302023919736,11.055812783082736,2730.1189923329316,841.7766924784743,0,0.8020833333333334,0.25,126.44337463378906,0.011094741096624464,-0.18761293542995228,3.9262609998331754,30.0
1181,39.366666666666994,track,1,320.7053814566674,238.51164901664146,320.7206819140591,238.52402895338605,1,0.019681636877971805,1.6425203048043593,2.147654868605513,179.21824857066272,11.055812783082736,2728.065095576174,841.7766924784743,0,0.8020833333333334,0.25,23.532594680786133,0.11104129464020045,-0.26190576488792616,3.975136000008206,30.0
1182,39.400000000000325,track,1,321.1869725167713,241.42795931616533,321.17578125893885,241.40277517475386,1,0.02755875959662881,1.8303660179804337,3.0069693688864865,199.72223682208306,11.055812783082736,2721.3759483068707,841.7766924784743,0,0.8020833333333334,0.25,40.057212829589844,0.13583826817474032,-0.1086652684358533,4.756514999826322,30.0
1183,39.43333333333366,track,1,318.3484422935661,238.95437065203302,318.3302661163573,238.95795062776472,1,0.01852537838119114,1.968216994226132,2.0216129734102113,214.7757078128718,11.055812783082736,2729.0084506989147,841.7766924784743,0,0.8020833333333334,0.25,81.66624450683594,-0.014591325676198613,-0.2286947014988288,3.798023000399553,30.0
1184,39.46666666666699,track,1,318.0331305810793,238.73081402873044,318.02989724289023,238.74625743132015,1,0.015778249566821553,2.3352034819457343,1.7215461478474872,254.82163340183232,11.055812783082736,2730.3274554296286,841.7766924784743,0,0.8020833333333334,0.25,39.49214553833008,-0.045591524096954134,-0.24126888406592356,3.9162769999165903,30.0
1185,39.50000000000032,track,1,321.2739891891892,241.61392432432433,321.26045028515944,241.63503280258954,1,0.025077276108055283,2.064477460981905,2.7362733279999705,225.26594531184764,11.055812783082736,2726.885901672748,841.7766924784743,0,0.8020833333333334,0.25,120.90177917480469,0.11096765894757235,-0.08967249608252863,4.336168000008911,30.0
1186,39.53333333333365,track,1,323.356800207442,237.18669778296382,323.33831952270475,237.17669832420313,1,0.021012493518489075,4.372117288937831,2.292946285875115,477.08241253663994,11.055812783082736,2730.1189923329316,841.7766924784743,0,0.8020833333333334,0.25,274.8836975097656,0.22336935901978322,-0.31426433386045055,4.3366169998080295,30.0
1187,39.56666666666698,track,1,321.6222923602404,238.95019239915257,321.6422062475266,238.95147031281408,1,0.01995484828739465,1.9483982817497958,2.1776191362205037,212.6126995246319,11.055812783082736,2730.5234045357984,841.7766924784743,0,0.8020833333333334,0.25,6.0856122970581055,0.1449633319965544,-0.2311874084316002,4.304149000290636,30.0
1188,39.600000000000314,track,1,318.1903038138332,240.78073691014868,318.17897222752686,240.79278666713583,1,0.016540903592855368,1.9861150137156802,1.8048955319903133,216.73343529043265,11.055812783082736,2734.7354762389723,841.7766924784743,0,0.8020833333333334,0.25,132.2135009765625,-0.031807817432703916,-0.13644641585164188,4.060528000081831,30.0
1189,39.633333333333645,track,1,321.091396918816,236.48333910334082,321.084946581788,236.46233074071745,1,0.021976308786725872,3.700299024863567,2.397827644009973,403.7383995362395,11.055812783082736,2726.461371486641,841.7766924784743,0,0.8020833333333334,0.25,109.49577331542969,0.11168636303220114,-0.3597258450170011,5.064865999884205,30.0
1190,39.66666666666698,track,1,323.0455388330674,240.50166026995558,323.0429028441614,240.5038704733696,1,0.0034399762562849967,3.084338368749328,0.375368105428161,336.5842319630166,11.055812783082736,2740.79189715595,841.7766924784743,0,0.8020833333333334,0.25,124.31797790527344,0.2191638569996156,-0.16069259020455814,3.9652189998378162,30.0
1191,39.70000000000031,track,1,320.6557355800389,241.04147764095916,320.6730220909143,241.0386709236734,1,0.017512884404567206,1.2376574738364443,1.9111268782326791,135.04543870957002,11.055812783082736,2729.2442894796,841.7766924784743,0,0.8020833333333334,0.25,54.045753479003906,0.1056297766976463,-0.12691487660810757,3.98093500007235,30.0
1192,39.73333333333364,track,1,319.453124323388,236.43233880396656,319.42784823625504,236.40839524763123,1,0.034816296051363216,3.6368918512920305,3.7990921457735447,396.81574524370666,11.055812783082736,2718.391681651667,841.7766924784743,0,0.8020833333333334,0.25,153.1485595703125,0.043552723475004475,-0.36450152295280097,3.887130000293837,30.0
1193,39.76666666666697,track,1,317.6013668411263,243.08304857476534,317.6229573358156,243.07917459146995,1,0.021935295929194184,3.889941900865223,2.39372830859712,424.45195916061925,11.055812783082736,2727.759236948228,841.7766924784743,0,0.8020833333333334,0.25,323.365966796875,-0.06084766051099523,-0.023665373634046694,5.011246999856667,30.0
1194,39.8000000000003,track,1,322.4816658729815,239.2784536127105,322.45760586325616,239.26079694798784,1,0.029843623726234135,2.5663685883393987,3.2565543987505405,280.05700629315396,11.055812783082736,2723.8199975238404,841.7766924784743,0,0.8020833333333334,0.25,113.82804107666016,0.183816010404892,-0.20719647144635328,3.9886519998617587,30.0
1195,39.833333333333634,track,1,322.2030474381664,236.70164458065352,322.1940351142508,236.7176281446208,1,0.01834928607479444,3.9481331132006154,2.002139523181709,430.79655963571815,11.055812783082736,2733.4226498715166,841.7766924784743,0,0.8020833333333334,0.25,143.10806274414062,0.17811560459221248,-0.3438415243337948,3.909917000328278,30.0
1196,39.866666666666966,track,1,321.4850110308431,243.04983345589827,321.4671487767864,243.0465238141203,1,0.018166283293079673,3.3813951090086953,1.9824274697536204,368.94961225270595,11.055812783082736,2730.69295830896,841.7766924784743,0,0.8020833333333334,0.25,195.64633178710938,0.14923578772413285,-0.017581548548836007,3.8914179999665066,30.0
1197,39.9000000000003,track,1,319.4573210341691,237.004157463947,319.4328730838728,237.00333193353754,1,0.024461884108745,3.0498610524992515,2.6694612311683974,332.76629324141226,10.464157913908982,2871.458233476144,841.7766924784743,0,0.8953488372093024,0.25,166.3575439453125,0.047019748947988674,-0.32133277685616557,5.295352000302955,30.0
1198,39.93333333333363,track,1,322.4573210341691,239.19955826945562,322.43095095236436,239.18698090955468,1,0.02921594079382365,2.5633030593805537,3.188154578508322,279.721601133691,11.055812783082736,2718.156251722108,841.7766924784743,0,0.8020833333333334,0.25,28.384531021118164,0.2026726500533152,-0.21533576043110292,3.7907789997007058,30.0
1199,39.96666666666696,track,1,322.66826486976805,241.9087728391862,322.6856899617899,241.91208839610715,1,0.0177377210955924,3.2968185581536824,1.9356592193914388,359.75172665009285,11.055812783082736,2729.951805821656,841.7766924784743,0,0.8020833333333334,0.25,92.00714111328125,0.22459061157131083,-0.07141105925436203,3.99991999984195,30.0
1200,40.00000000000029,track,1,320.51164901664146,236.76347525394425,320.5240855199811,236.77648000312138,1,0.017994168957664026,3.265845495814248,1.9634744754434699,356.3315082000592,11.055812783082736,2723.3357101724037,841.7766924784743,0,0.8020833333333334,0.25,157.73965454101562,0.12163124653508121,-0.332927303126905,12.418561999766098,30.0
1201,40.03333333333362,track,1,318.4447330822185,241.67580205221458,318.41893129984055,241.69307101998731,1,0.031047531654120757,2.316520604990332,3.3879500314210964,252.77187361532228,11.055812783082736,2723.584158743155,841.7766924784743,0,0.8020833333333334,0.25,190.71356201171875,0.011566846213900764,-0.08316284104011182,4.341693999776908,30.0
1202,40.066666666666954,track,1,319.9709027928123,240.55107166053259,319.9712103972323,240.5776454693862,1,0.0265755891273843,0.5783624551524088,2.8996096103376106,63.10400225608171,11.055812783082736,2724.9275304865837,841.7766924784743,0,0.8020833333333334,0.25,4.602159023284912,0.08256386140327023,-0.1310844552780172,4.787317000136682,30.0
1203,40.100000000000286,track,1,320.2566955621685,237.8054082028723,320.24277383595097,237.81591018121253,1,0.01743863555254487,2.1975412332771898,1.9029102801196107,239.76985896667236,11.055812783082736,2734.1969038739894,841.7766924784743,0,0.8020833333333334,0.25,67.82012176513672,0.07744434224646131,-0.2706957532167884,4.2735199999697215,30.0
1204,40.13333333333362,track,1,322.0,241.67243985660605,321.9999586270741,241.68835554230486,1,0.01591573947331557,2.6173228588081336,1.736534509049283,285.6005174442257,10.464157913908982,2886.6175295071616,841.7766924784743,0,0.8953488372093024,0.25,96.1231689453125,0.17927183767055085,-0.07141707491081546,3.951633000269794,30.0
1205,40.16666666666695,track,1,319.4916857426683,237.89219539584502,319.48047037497054,237.8980142044204,1,0.012634991327006294,2.165237935216736,1.378771792399633,236.2472087025423,11.055812783082736,2731.770821102224,841.7766924784743,0,0.8020833333333334,0.25,76.35041809082031,0.05090898461571379,-0.26156014845149217,3.906721000021207,30.0
1206,40.20000000000028,track,1,321.4111971617704,237.97923246657726,321.38902172331916,237.98226165510698,1,0.022381377385095626,2.4496222925798476,2.4424135467013386,267.28867809909605,10.464157913908982,2879.765969900532,841.7766924784743,0,0.8953488372093024,0.25,38.45726776123047,0.146869366122458,-0.26473005504478586,4.657531000248127,30.0
1207,40.23333333333361,track,1,322.3192123332038,243.24044565358207,322.3036882430845,243.22697409837758,1,0.020554322505491295,3.964888567529416,2.242868193633303,432.62702655895094,11.055812783082736,2730.6593221637113,841.7766924784743,0,0.8020833333333334,0.25,241.50933837890625,0.19895252366090974,0.00835883456031905,3.920123000170861,30.0
1208,40.26666666666694,track,1,323.5183341270185,238.04156024070306,323.54175982422214,238.0389198731773,1,0.023574028721219123,4.048443888248053,2.5725663731687543,441.7777196324094,11.055812783082736,2730.1544711891543,841.7766924784743,0,0.8020833333333334,0.25,113.05743408203125,0.2726220488754543,-0.2499549541238752,3.911914000127581,30.0
1209,40.300000000000274,track,1,319.01653390742734,241.1777395048439,319.0158775861256,241.16852990279745,1,0.009232958762250415,1.5277300347973,1.007390608769857,166.69987506549205,10.464157913908982,2895.594183164334,841.7766924784743,0,0.8953488372093024,0.25,144.30258178710938,0.04855168071466963,-0.0885987628752922,3.61082700010229,30.0
1210,40.333333333333606,track,1,318.6557355800389,240.8797148412184,318.67398519405435,240.88808666061686,1,0.02007824125152037,1.5959364593719527,2.1910186068930466,174.15081626002925,11.055812783082736,2730.8269189483426,841.7766924784743,0,0.8020833333333334,0.25,70.231201171875,0.0218416688479445,-0.09504543284475431,4.616359999999986,30.0
1211,40.36666666666694,track,1,320.5033089815213,237.49299527288355,320.5068964372475,237.487557315426,1,0.006514692617300265,2.563066959984404,0.7108433966805477,279.6530641396143,11.055812783082736,2729.7870165936574,841.7766924784743,0,0.8020833333333334,0.25,105.7838134765625,0.1092706288111942,-0.2679340153020435,3.8784560001658974,30.0
1212,40.40000000000027,track,1,321.4799913382417,242.08315288003465,321.4544319062235,242.07965299685043,1,0.025797940758843743,2.5377802814959805,2.8152529517643425,276.9083107809469,11.055812783082736,2722.7587230107565,841.7766924784743,0,0.8020833333333334,0.25,90.45809936523438,0.15909570254420777,-0.03248742457674325,3.804611000305158,30.0
1213,40.4333333333336,track,1,319.4447330822185,238.5718924535654,319.41765268043434,238.59494272364782,1,0.0355621021828386,1.5209583657797852,3.880510053888952,165.95305932617407,11.055812783082736,2718.862541510785,841.7766924784743,0,0.8020833333333334,0.25,51.67107391357422,0.053439237102609824,-0.2070618782006257,3.8541059998351557,30.0
1214,40.46666666666693,track,1,319.00830557598306,238.59717956482243,319.0071814272327,238.6199532456452,1,0.022801408917670334,1.7000640466279233,2.4878172785807866,185.5018445819248,10.464157913908982,2876.5454792499886,841.7766924784743,0,0.8953488372093024,0.25,23.5733642578125,0.02280684454095471,-0.21064612837167618,4.530500999862852,30.0
1215,40.50000000000026,track,1,321.66312163616794,241.27280947255113,321.6591885232017,241.2579593310769,1,0.015362163890866835,2.0821547094698953,1.6761545427403517,227.205393672749,11.055812783082736,2738.6778407070083,841.7766924784743,0,0.8020833333333334,0.25,97.01505279541016,0.15485464467834625,-0.07329660567592314,3.8579689999096445,30.0
1216,40.533333333333594,track,1,324.249860184986,237.68199612819961,324.21701276849296,237.69930535752542,1,0.0371289939282036,4.803789392505039,4.051633102526513,524.2036480047058,11.055812783082736,2742.6256958718614,841.7766924784743,0,0.8020833333333334,0.25,223.2638702392578,0.2980044127230274,-0.2572055445033941,3.912796999884449,30.0
1217,40.566666666666926,track,1,321.628867754013,240.0537074493265,321.61837711947794,240.0503608227699,1,0.011011508627698226,1.6191604964671598,1.201637593175013,176.6947504893283,11.055812783082736,2743.273481395579,841.7766924784743,0,0.8020833333333334,0.25,13.582698822021484,0.1782513423454357,-0.14359808736246726,3.8947540001572634,30.0
1218,40.60000000000026,track,1,319.6039569743833,241.01244114216598,319.6185358973097,241.01255653246346,1,0.014579379568896291,1.0820284622299685,1.591009823703835,118.06057691164924,10.464157913908982,2880.5273737577536,841.7766924784743,0,0.8953488372093024,0.25,95.98059844970703,0.09850146445279448,-0.08807858654251505,5.04709400001957,30.0
1219,40.63333333333359,track,1,320.6438769788207,237.90475779666136,320.6553621752505,237.91027661186513,1,0.012742333313991465,2.1900784049131565,1.3904913603529268,238.9588888774579,11.055812783082736,2735.3104541792795,841.7766924784743,0,0.8020833333333334,0.25,46.116973876953125,0.13101029905142497,-0.24690312991655,4.339103999882354,30.0
1220,40.66666666666692,track,1,322.5749643643903,240.82169236750033,322.59387648865084,240.83267104870754,1,0.02186778189699211,2.7242496790366517,2.3862671676932563,297.285351802195,11.055812783082736,2726.7939657759084,841.7766924784743,0,0.8020833333333334,0.25,53.154273986816406,0.23485964832529257,-0.09950457986263933,3.8977090002845216,30.0
1221,40.70000000000025,track,1,320.5330941161212,240.61402446932686,320.55353480213626,240.63414290093385,1,0.028680532336244166,0.8417469904792206,3.129558290915621,91.84839726794215,11.055812783082736,2722.864850313286,841.7766924784743,0,0.8020833333333334,0.25,25.482458114624023,0.13626121294653704,-0.10410322350317036,3.899813999851176,30.0
1222,40.73333333333358,track,1,317.47097471363736,237.14523449319213,317.4395202729172,237.13735443828057,1,0.032426487728814846,3.840676508746075,3.53858078534488,419.0816474344143,11.055812783082736,2724.909437960591,841.7766924784743,0,0.8020833333333334,0.25,249.26962280273438,-0.027946939379931673,-0.28357521891016657,4.933629999868572,30.0
1223,40.766666666666914,track,1,320.0576749774707,242.88465004505858,320.0518178397788,242.88851856691144,1,0.00701936772567134,2.8889833159628107,0.7659639786755595,315.21121811812225,11.055812783082736,2741.5294117647054,841.7766924784743,0,0.8020833333333334,0.25,163.7725067138672,0.08923751466577602,0.011162561714735425,4.08178699990458,30.0
1224,40.800000000000246,track,1,321.79919782636824,238.64393841376634,321.8059372187631,238.6632908437565,1,0.02049233896792468,2.246820109955197,2.2359211781742343,245.17421689055865,11.055812783082736,2735.7824052562205,841.7766924784743,0,0.8020833333333334,0.25,86.55111694335938,0.1794506172840939,-0.1980001775722432,3.8706039999851782,30.0
1225,40.83333333333358,track,1,321.5126601388949,239.07039641116336,321.5248115897101,239.06806355547462,1,0.012373357368931179,1.7870522993882632,1.3502637975641247,195.0069500975802,11.055812783082736,2735.3104541792795,841.7766924784743,0,0.8020833333333334,0.25,21.24302101135254,0.1684934867269362,-0.17887912155204616,4.439400000137539,30.0
1226,40.86666666666691,track,1,321.6042988475981,242.38119901592646,321.6290522289844,242.36108194196106,1,0.03189712455667899,2.868539541546121,3.4806041455231536,312.99856796463615,11.055812783082736,2733.658625409987,841.7766924784743,0,0.8020833333333334,0.25,88.50724792480469,0.17760515965229462,-0.003965154162299742,4.20226599999296,30.0
1227,40.90000000000024,track,1,322.1504831436547,237.14017607902082,322.14663369122695,237.13250965825227,1,0.008578594954526396,3.581973906148276,0.9360268186377699,390.8469686390945,11.055812783082736,2747.3452066412688,841.7766924784743,0,0.8020833333333334,0.25,145.59083557128906,0.21231708550375566,-0.26900358738318497,3.96037200016508,30.0
1228,40.93333333333357,track,1,321.3686095172354,238.7017990422365,321.3511514985107,238.71918084909987,1,0.02463553587052258,1.8617486589871048,2.6881740940156176,203.1507044506015,11.055812783082736,2733.2535487512487,841.7766924784743,0,0.8020833333333334,0.25,5.487473487854004,0.1793824766895175,-0.19775410041527652,3.845536999961041,30.0
1229,40.9666666666669,track,1,322.3165107960177,241.9172520794725,322.3055217144839,241.92050124653963,1,0.011459362966013981,3.0006258370408543,1.2505125822465197,327.4266556200607,11.055812783082736,2734.4997739785767,841.7766924784743,0,0.8020833333333334,0.25,91.55957794189453,0.23510272775936275,-0.031171074884204023,4.762027999731799,30.0
1230,41.000000000000234,track,1,320.27787618265864,237.51829610748692,320.2693708913662,237.54136867754335,1,0.024590312502659556,2.473343618844815,2.683056855759923,269.86215431964155,11.055812783082736,2729.4801282602853,841.7766924784743,0,0.8020833333333334,0.25,106.877197265625,0.12121466644626108,-0.254640425932308,11.533730000337528,30.0
1231,41.033333333333566,track,1,318.57029797171646,241.54305237209704,318.6014816365523,241.56740025663328,1,0.03956311961896798,2.100618284552069,4.317129801909684,229.21233170158177,11.055812783082736,2720.35294117647,841.7766924784743,0,0.8020833333333334,0.25,154.92697143554688,0.041625329330806815,-0.049976773233265354,4.959504999987985,30.0
1232,41.0666666666669,track,1,319.7367786391042,240.4834194659776,319.7769678629804,240.46368520793158,1,0.04477292325054221,0.514536010594075,4.885784184479542,56.14187381936842,11.055812783082736,2736.5032431919385,841.7766924784743,0,0.8020833333333334,0.25,4.991302490234375,0.10525369312672234,-0.12167936002229193,3.9227809998010343,30.0
1233,41.10000000000023,track,1,321.75236870310823,239.14816720257235,321.7929654855013,239.13941871172096,1,0.04152872298601467,1.9887999864076362,4.531885807950204,217.02535444375076,11.055812783082736,2745.7015534804978,841.7766924784743,0,0.8020833333333334,0.25,51.288082122802734,0.19271869781406778,-0.16389690578580496,3.8365069999599655,30.0
1234,41.13333333333356,track,1,321.2292894952016,242.33463872272668,321.23960214799376,242.3186221073653,1,0.019049482282894933,2.6291865590090397,2.078559235157769,286.8766343101779,11.055812783082736,2740.0928733911196,841.7766924784743,0,0.8020833333333334,0.25,64.86392211914062,0.16830088925762454,0.005143334382538181,3.808977000062441,30.0
1235,41.16666666666689,track,1,319.8512844786781,238.10327466758466,319.85701481429953,238.09970836851846,1,0.006749461857338645,1.9056634141444173,0.7365146851556235,207.9233413835765,11.055812783082736,2737.1588687601543,841.7766924784743,0,0.8020833333333334,0.25,95.52440643310547,0.10411292875141659,-0.20599645944244896,4.7399309996762895,30.0
1236,41.20000000000022,track,1,320.3242962321351,239.52000866175834,320.3072035561198,239.54703680770717,1,0.031979372207647676,0.5473113176837933,3.489382768842477,59.71939181960142,11.055812783082736,2722.7587230107565,841.7766924784743,0,0.8020833333333334,0.25,2.160163164138794,0.09983500199828396,-0.1121961306595592,3.964131999964593,30.0
1237,41.233333333333555,track,1,324.4783154975954,243.19964472943113,324.45189257853633,243.18714268277733,1,0.029231349988269022,5.475146209116974,3.1898365175042462,597.452438201917,11.055812783082736,2713.8471366504764,841.7766924784743,0,0.8020833333333334,0.25,307.0358581542969,0.33513652760206364,0.060560852360198605,3.888993999680679,30.0
1238,41.266666666666886,track,1,322.94181566301575,237.55946144854755,322.9444544660096,237.58279920876316,1,0.023486471278623345,3.8095500741635777,2.562567525181672,415.69653847793813,11.055812783082736,2726.9817165191926,841.7766924784743,0,0.8020833333333334,0.25,150.61721801757812,0.2733976882955246,-0.22210675960090182,3.8887740001882776,30.0
1239,41.30000000000022,track,1,319.5183341270185,241.70907831507856,319.5397079297603,241.7266191165388,1,0.027649939593333527,1.786919797730948,3.0171502357659556,194.96955466183425,11.055812783082736,2723.8199975238404,841.7766924784743,0,0.8020833333333334,0.25,137.0454559326172,0.1293817646771196,-0.010449890838610962,4.543467000075907,30.0
1240,41.33333333333355,track,1,318.6848516262796,241.33173513023195,318.70256834466807,241.31557766969286,1,0.023978024137273037,1.8477211654499848,2.6164482463420202,201.6188433322111,11.055812783082736,2722.0776855680074,841.7766924784743,0,0.8020833333333334,0.25,92.44567108154297,0.05627785172053201,-0.020158433244687912,3.49764700013111,30.0
1241,41.36666666666688,track,1,320.41538661243567,236.97507680325387,320.39081456212455,236.9756251624192,1,0.024578168244734595,3.0495211394841224,2.6821513223980573,332.7281317916628,10.464157913908982,2879.5167797504087,841.7766924784743,0,0.8953488372093024,0.25,170.14691162109375,0.11557220074151137,-0.24434625603171095,3.916857000149321,30.0
1242,41.40000000000021,track,1,321.5653111389021,241.49833973004442,321.5897973963265,241.49743286151966,1,0.024503044977646472,2.183978236184022,2.673952941533637,238.31195699495368,11.055812783082736,2723.4099340652915,841.7766924784743,0,0.8020833333333334,0.25,62.950042724609375,0.1938392137247914,-0.017267413816016042,3.862993999973696,30.0
1243,41.43333333333354,track,1,317.82175396174273,239.68496049052203,317.83249058997865,239.70227126711507,1,0.020370031225560102,2.1878618422826386,2.2226431924129915,238.75489421320424,11.055812783082736,2732.4787477176355,841.7766924784743,0,0.8020833333333334,0.25,83.61128997802734,-0.0037397322542217087,-0.09001957088957278,4.533547999926668,30.0
1244,41.466666666666875,track,1,320.3152573132265,238.34844229356608,320.29833427348365,238.33113864029622,1,0.024203423117840593,1.6953175444875732,2.6410167286621933,184.9737340984476,11.055812783082736,2724.2774298906393,841.7766924784743,0,0.8020833333333334,0.25,35.28467559814453,0.09605473447231479,-0.1781247905724639,3.823811000074784,30.0
1245,41.500000000000206,track,1,321.0496444731739,242.78073691014868,321.04527372919665,242.79307842646904,1,0.013092609671118922,2.98226160243454,1.428536728133842,325.39571428618564,11.055812783082736,2729.9999999999995,841.7766924784743,0,0.8020833333333334,0.25,162.82435607910156,0.1462077602084844,0.05040596460236649,3.828395999789791,30.0
1246,41.53333333333354,track,1,324.06605031176093,238.1155880455816,324.06293851971213,238.110863468381,1,0.005657285522166004,4.480659131205814,0.6172882750451698,488.9472137573577,11.055812783082736,2737.461505945937,841.7766924784743,0,0.8020833333333334,0.25,237.54696655273438,0.3083464705091813,-0.18423267219239076,4.0233710001302825,30.0
1247,41.56666666666687,track,1,322.64737911066936,239.78427898535068,322.6684924268004,239.7941743263425,1,0.023317158733302163,2.6764185098425317,2.544459373288138,292.0702904428375,11.055812783082736,2730.354967871402,841.7766924784743,0,0.8020833333333334,0.25,10.415909767150879,0.251126686018603,-0.09257620961846355,5.154593000042951,30.0
1248,41.6000000000002,track,1,320.1943403540509,242.1902054529009,320.1861590419262,242.17961078512258,1,0.013385845263359565,2.187546196886717,1.4605998238310605,238.67910755328708,11.055812783082736,2737.7344855842675,841.7766924784743,0,0.8020833333333334,0.25,120.04135131835938,0.12263098554934038,0.024854261522000445,3.9805390001674823,30.0
1249,41.63333333333353,track,1,320.7349782167968,237.7929517318725,320.7498233925206,237.8035942060236,1,0.01826585607982118,2.320869132843173,1.9931851222726211,253.23009871565216,11.055812783082736,2733.725226312619,841.7766924784743,0,0.8020833333333334,0.25,91.40005493164062,0.16056912708668197,-0.19787310989394574,3.866779999952996,30.0
1250,41.66666666666686,track,1,322.0746597537265,241.65573558003888,322.06871235889537,241.67332405995944,1,0.018566801856902307,2.660748810670708,2.025823601365356,290.3401916751894,11.055812783082736,2745.2214267950353,841.7766924784743,0,0.7938144329896907,0.25,52.17660903930664,0.2334063589505404,-0.001449952362194612,3.9441160001842945,30.0
1251,41.700000000000195,track,1,321.4799913382417,240.86279774794284,321.4543230370126,240.86894477402768,1,0.026394083004990344,1.6941430034963436,2.8802899331042306,184.8687819801797,11.055812783082736,2737.1448886325547,841.7766924784743,0,0.7938144329896907,0.25,4.599026203155518,0.20943039850558864,-0.03422014941269904,5.374544999995123,30.0
1252,41.733333333333526,track,1,318.8098109307033,237.04547999483182,318.81955308793636,237.04348842996467,1,0.009943639081031038,3.183459686560107,1.0851157213260767,347.3494178684882,11.055812783082736,2787.4517598272537,841.7766924784743,0,0.77,0.25,227.23269653320312,0.07098776239756353,-0.2323107059683091,4.084452999904897,30.0
1253,41.76666666666686,track,1,318.5846133875644,242.60122885206178,318.60676908348546,242.62161369104672,1,0.030106752102956092,2.9688298590211506,3.2852038119756566,323.9357801773451,11.055812783082736,2782.779692695143,841.7766924784743,0,0.77,0.25,164.8018035888672,0.04796159703494042,0.05040002046077734,3.852322000057029,30.0
1254,41.80000000000019,track,1,322.2483722133586,239.24009313958,322.23409948356493,239.22795680589115,1,0.018735031656513072,2.36373670192661,2.044352798971195,257.9435547326956,11.055812783082736,2806.5994095443493,841.7766924784743,0,0.7623762376237624,0.25,88.53472900390625,0.23024095453505433,-0.11521154511577772,4.16985800029579,30.0
1255,41.83333333333352,track,1,322.43634474698064,238.97091035020128,322.41198130073735,238.97215263586065,1,0.024395097591707396,2.6218550682817794,2.662172252714687,286.10841535468984,11.055812783082736,2800.859139787332,841.7766924784743,0,0.7623762376237624,0.25,50.73255157470703,0.24605300319824241,-0.13221878432046755,4.184046999853308,30.0
1256,41.86666666666685,track,1,319.6755773146744,242.47831549759542,319.6934345643733,242.45042365903828,1,0.03311851483546756,2.4695259616160192,3.6136816784307255,269.4457865417555,11.055812783082736,2793.6282766066624,841.7766924784743,0,0.7623762376237624,0.25,111.55211639404297,0.1235631182417217,0.050836849630380335,3.873868000027869,30.0
1257,41.90000000000018,track,1,319.47411514967723,239.09149590607808,319.4478724010546,239.08510854872668,1,0.027008890928814366,1.0685837604653192,2.947380841163511,116.59657763989681,11.055812783082736,2793.8641153873477,841.7766924784743,0,0.7623762376237624,0.25,41.7501220703125,0.09090102578883222,-0.11622398854377852,3.897876000337419,30.0
1258,41.933333333333515,track,1,321.9750573766942,240.54687567661196,321.97818272859945,240.5721463774936,1,0.025463231287103684,2.059261611599703,2.7782497672870043,224.71878803193817,10.464157913908982,2949.463922423432,841.7766924784743,0,0.8461538461538461,0.25,40.90053939819336,0.21686133332873636,-0.04142733680570895,4.665061000196147,30.0
1259,41.966666666666846,track,1,323.11997414350355,240.78073691014868,323.11423589976084,240.79096454982437,1,0.011727406132071039,3.2131122231316613,1.2796082892807685,350.6348067353271,11.055812783082736,2805.001870111583,841.7766924784743,0,0.7623762376237624,0.25,60.183685302734375,0.2838293998442597,-0.02490937509544168,4.04984200031322,30.0
1260,42.00000000000018,track,1,319.38195735847427,237.39026077931064,319.3601924669158,237.36936870609395,1,0.030169342515921196,2.707318725948073,3.292021174238109,295.3930739534515,11.055812783082736,2800.2037272586313,841.7766924784743,0,0.7623762376237624,0.25,163.9865264892578,0.09684202018592909,-0.20114895934764146,12.217202999636356,30.0
1261,42.03333333333351,track,1,319.03298260682845,242.9464032639038,319.02978440542495,242.94969181388956,1,0.004587270781879899,3.105157016462081,0.5005511736490248,338.8033600410753,11.055812783082736,2811.1764705882347,841.7766924784743,0,0.7623762376237624,0.25,173.2567901611328,0.07153182336348357,0.0829118044082391,4.154571000071883,30.0
1262,42.06666666666684,track,1,320.6766141222198,239.25705031310733,320.69446269680975,239.2416345792302,1,0.023584241897146443,1.028297889076709,2.5734916239123073,112.20463062043545,11.055812783082736,2789.5848280274645,841.7766924784743,0,0.77,0.25,26.46526336669922,0.14957496222741462,-0.09875897895660712,3.9345539998976164,30.0
1263,42.10000000000017,track,1,323.50166026995555,237.70192763810428,323.50222732884026,237.71813161777322,1,0.016213898756631203,4.180014303406371,1.7690663224844214,456.12991857083404,11.055812783082736,2793.596412181461,841.7766924784743,0,0.77,0.25,175.90414428710938,0.29929421796862554,-0.18491381217111383,3.950513999825489,30.0
1264,42.1333333333335,track,1,320.69330397616886,242.900531019298,320.7098691298197,242.9046869033681,1,0.01707851538864267,2.990170595144879,1.863714324042035,326.2548105848329,11.055812783082736,2771.3159354127833,841.7766924784743,0,0.7777777777777778,0.25,156.45370483398438,0.1636796669166494,0.0810853867666524,4.748666000068624,30.0
1265,42.166666666666835,track,1,320.6848243984621,239.33591083848114,320.70244936578035,239.31645685515525,1,0.026250655995851257,0.9801358795337862,2.8643862748234787,106.95043766925747,11.055812783082736,2752.117647058823,841.7766924784743,0,0.7857142857142857,0.25,20.144689559936523,0.16404620958445437,-0.0943460591433884,4.238495000208786,30.0
1266,42.200000000000166,track,1,321.7016445806535,239.74308283334054,321.71740041827184,239.75560330952737,1,0.020124829017902943,1.7347028388154127,2.1960192092415385,189.30294853488832,11.055812783082736,2747.8171577182093,841.7766924784743,0,0.7938144329896907,0.25,4.438621520996094,0.2186879612621453,-0.06153654533168937,3.8805450003565056,30.0
1267,42.2333333333335,track,1,323.3986331588736,242.1162680046715,323.37617039826614,242.1111608582903,1,0.02303602739770823,3.9818998892118826,2.5138394700890236,434.5126619643043,11.055812783082736,2727.759236948228,841.7766924784743,0,0.8020833333333334,0.25,84.06117248535156,0.3150751560690511,0.05219484943515171,3.843062999749236,30.0
1268,42.26666666666683,track,1,322.8055591467356,238.21926308985132,322.81599111852563,238.20794696196492,1,0.015390931933090922,3.3378526136943174,1.6794108541327102,364.232514398354,11.055812783082736,2734.7354762389723,841.7766924784743,0,0.8020833333333334,0.25,74.32543182373047,0.2985470026176794,-0.14430080810811757,4.649297000014485,30.0
1269,42.30000000000016,track,1,318.6348389885455,240.6970823427707,318.6540629349438,240.71278013800963,1,0.02481896231692108,1.5230240012006195,2.708236312050641,166.19718451551088,11.055812783082736,2728.065095576174,841.7766924784743,0,0.8020833333333334,0.25,196.19900512695312,0.08775091725755602,-0.020187358558444342,3.915546999905928,30.0
1270,42.33333333333349,track,1,318.96284030794374,241.87613435981248,318.96525014073575,241.88219472710819,1,0.0065219127443012625,2.1478743589887297,0.7116101449300729,234.35995586471023,11.055812783082736,2735.411764705882,841.7766924784743,0,0.8020833333333334,0.25,86.8054428100586,0.09414213757408822,0.04677731589066089,4.003776999979891,30.0
1271,42.36666666666682,track,1,322.31503950947797,237.290167969256,322.296701514555,237.27331065344902,1,0.024908856939058047,3.5650627819933236,2.718017414903405,389.0055765027391,11.055812783082736,2730.8951609443966,841.7766924784743,0,0.8020833333333334,0.25,178.8455810546875,0.26175662751968154,-0.18803242655274688,3.8352789997588843,30.0
1272,42.400000000000155,track,1,321.2983554193465,243.0497259032244,321.2818578768997,243.04746735010463,1,0.016651425433801548,3.306087849184224,1.8171207500396036,360.7302808128312,11.055812783082736,2728.678493591226,841.7766924784743,0,0.8020833333333334,0.25,132.47665405273438,0.212958423866208,0.10636360165514858,4.828645000088727,30.0
1273,42.433333333333486,track,1,319.4322265033118,240.48166587298152,319.4061673338839,240.4572513292169,1,0.035709246120697494,0.7494771600370262,3.896533554149705,81.78308602736017,11.055812783082736,2714.4004188885133,841.7766924784743,0,0.8020833333333334,0.25,27.411357879638672,0.11411866662336341,-0.04011183568887773,3.9480700002059166,30.0
1274,42.46666666666682,track,1,318.73081402873044,238.0786851300634,318.74584734834025,238.07313490927208,1,0.016025156764387705,2.2990667566495504,1.7487464232516323,250.85985744444332,11.055812783082736,2728.750598552258,841.7766924784743,0,0.8020833333333334,0.25,101.69387817382812,0.06732454352206182,-0.1416601088040666,3.9146019998952397,30.0
1275,42.50000000000015,track,1,321.4111971617704,243.92939038636266,321.38916236805403,243.93165443841053,1,0.022150802825161978,4.1698535595258885,2.4172548703009684,454.9733560359722,11.055812783082736,2728.634504260275,841.7766924784743,0,0.8020833333333334,0.25,222.40640258789062,0.1969858992024452,0.1614968295965813,3.8895399998182256,30.0
1276,42.53333333333348,track,1,322.37404216632757,239.55946144854755,322.3522950935777,239.5838885018951,1,0.03270498598733627,2.3888158125156624,3.5686561496327798,260.6838580147014,11.055812783082736,2720.6692503761265,841.7766924784743,0,0.8020833333333334,0.25,101.99364471435547,0.24925987573229647,-0.028437141216323816,4.925150999952166,30.0
1277,42.56666666666681,track,1,321.6222923602404,240.21168230360155,321.643831966962,240.20095257324408,1,0.024064117919951222,1.6560692836652737,2.6259618648320955,180.72206793244075,11.055812783082736,2728.9391146405796,841.7766924784743,0,0.8020833333333334,0.25,11.406511306762695,0.216605770641907,-0.027374018889981852,3.9137320000008913,30.0
1278,42.60000000000014,track,1,321.28565268015006,242.49833973004442,321.27157868445204,242.4971151335027,1,0.014127172101949581,2.8022306009179414,1.5416594750723738,305.75697888097676,11.055812783082736,2736.018380794691,841.7766924784743,0,0.8020833333333334,0.25,33.46852493286133,0.20347385062267023,0.10651174879265818,3.8408919999710633,30.0
1279,42.633333333333475,track,1,321.0249361444218,237.44053855145245,321.0249116868614,237.41614051934982,1,0.02439804436123816,2.7797074992903266,2.662021758013271,303.2956657687464,10.464157913908982,2874.305663589371,841.7766924784743,0,0.8953488372093024,0.25,170.9390106201172,0.19295904930521213,-0.15107498671676992,3.9721739999549754,30.0
1280,42.666666666666806,track,1,322.63420653821174,241.44892833946741,322.6560977073699,241.4219808616624,1,0.0347187247341018,3.0127868497505377,3.78835840110705,328.7645797310408,11.055812783082736,2721.771851917219,841.7766924784743,0,0.8020833333333334,0.25,42.96745300292969,0.2811638018978332,0.04929189334524875,4.527792000317277,30.0
1281,42.70000000000014,track,1,320.6306575022695,240.74270522630007,320.6512746359514,240.75879268562142,1,0.026150956936061964,0.9999624948897654,2.85359406195954,109.11214260906802,11.055812783082736,2729.4110657175206,841.7766924784743,0,0.8020833333333334,0.25,20.511472702026367,0.1846457324688834,0.017335221334326557,3.8202320001801127,30.0
1282,42.73333333333347,track,1,319.5083142573317,237.66000086381894,319.518770708488,237.6777075135892,1,0.02056362849477946,2.371628980985256,2.243759515776275,258.7655989113585,11.055812783082736,2730.1876446023407,841.7766924784743,0,0.8020833333333334,0.25,127.42899322509766,0.15028456938375434,-0.14507018714350184,3.861658999994688,30.0
1283,42.7666666666668,track,1,319.2697678440189,243.62647529289697,319.25625316383685,243.6470261502526,1,0.02459642897808396,3.7220906889715897,2.683810978648875,406.11275600455235,11.055812783082736,2727.593418014804,841.7766924784743,0,0.8020833333333334,0.25,221.71029663085938,0.10628576788461591,0.16009162503980906,4.067692000262468,30.0
1284,42.80000000000013,track,1,321.57204068383464,239.9584505518286,321.59435770924085,239.96133419449563,1,0.022502555810674566,1.5948264951182127,2.455638273802837,174.0392563579433,11.055812783082736,2727.6900541225136,841.7766924784743,0,0.8020833333333334,0.25,33.886085510253906,0.21986081696814652,-0.016533131920212076,4.306609000195749,30.0
1285,42.833333333333464,track,1,323.1984923540814,239.83872496230885,323.1897260254825,239.84646494782066,1,0.011694267519888708,3.1934190344970683,1.2760655710036124,348.4893739452134,11.055812783082736,2735.9139875409496,841.7766924784743,0,0.8020833333333334,0.25,78.38018798828125,0.3095350695721998,-0.017048802666338833,3.9356160000352247,30.0
1286,42.866666666666795,track,1,321.3563074532821,243.50498467912476,321.3358876898417,243.5095348515448,1,0.02092058335743023,3.755187184958711,2.2829895741441635,409.7301843811571,11.055812783082736,2730.7285378122483,841.7766924784743,0,0.8020833333333334,0.25,107.17527770996094,0.22355928853140852,0.16972401111017382,3.8503229998241295,30.0
1287,42.90000000000013,track,1,320.8627442485161,237.47831549759542,320.87236165099443,237.45028194348617,1,0.029637384945811845,2.69482411630859,3.2337362577753526,294.03235726911294,11.055812783082736,2720.12193609445,841.7766924784743,0,0.8020833333333334,0.25,185.97195434570312,0.20086134093871374,-0.1346951360457838,4.492014999868843,30.0
1288,42.93333333333346,track,1,321.070160354241,240.8968230084691,321.0650822577396,240.9032077147108,1,0.008157912592688658,1.3964900256231005,0.8901548907346528,152.38399978410408,11.055812783082736,2738.1677957346137,841.7766924784743,0,0.8020833333333334,0.25,9.448189735412598,0.2125892124857137,0.03451429418463969,4.131489999963378,30.0
1289,42.96666666666679,track,1,323.1701906862109,241.38189129588793,323.1606028447816,241.36055849382763,1,0.023388354944667986,3.4410070847889727,2.5519327536813567,375.4977203322042,11.055812783082736,2725.543088083547,841.7766924784743,0,0.8020833333333334,0.25,44.75518798828125,0.3263028572064061,0.06344071892846129,3.9046340002641955,30.0
1290,43.00000000000012,track,1,319.85087378640776,236.71831715210357,319.8590137287199,236.73377829311198,1,0.017472994652523107,3.26926312297373,1.9065169571713736,356.70288501928354,11.055812783082736,2728.0443087635813,841.7766924784743,0,0.8020833333333334,0.25,219.8680877685547,0.16898832030140326,-0.18023645772027036,12.259282999821153,30.0
1291,43.03333333333345,track,1,318.5888028382296,242.04153506684548,318.6103447860635,242.0408543662926,1,0.02155269982440707,2.469054101885274,2.351989662475111,269.4087375092796,11.055812783082736,2730.220458770385,841.7766924784743,0,0.8020833333333334,0.25,176.66065979003906,0.08884918982514584,0.0853889487680461,3.8804099999651953,30.0
1292,43.066666666666784,track,1,319.88027351309506,240.97935750225776,319.8849645012252,240.9787009632107,1,0.004736709106292629,0.9854383498565185,0.5169030031328253,107.51947401950947,10.464157913908982,2899.085104031012,841.7766924784743,0,0.8953488372093024,0.25,10.060946464538574,0.15041540582981452,0.03691033242836189,3.9101239999581594,30.0
1293,43.100000000000115,track,1,321.8759422786991,239.19849235408142,321.88365895230584,239.18711200648352,1,0.013749885926883657,2.0515745023286813,1.5003065928642398,223.87674974036858,11.055812783082736,2734.3320770371784,841.7766924784743,0,0.8020833333333334,0.25,60.09046173095703,0.24344867919258567,-0.05415690488066487,4.537182000149187,30.0
1294,43.13333333333345,track,1,320.9381469868133,243.0,320.94285884675674,242.99968828311796,1,0.004722159626804231,3.1443779354242114,0.51531659335391,343.0822795837067,10.464157913908982,2896.9526886022836,841.7766924784743,0,0.8953488372093024,0.25,102.7532730102539,0.19656566561484276,0.1443972886866922,4.2817439998543705,30.0
1295,43.16666666666678,track,1,320.18206111805523,239.77242360243093,320.1717072944132,239.78589179663402,1,0.016988052245701154,0.2744553109402392,1.853654930782504,29.94735581006294,11.055812783082736,2734.264071718181,841.7766924784743,0,0.8020833333333334,0.25,21.849136352539062,0.14598672790651926,-0.000869109818038484,3.5728969996853266,30.0
1296,43.20000000000011,track,1,320.9958739846134,240.0907723385052,320.9959467707139,240.08808378158017,1,0.002689541997349944,0.9998343476160836,0.29345060229150044,109.10917649710326,10.464157913908982,2897.0802971374496,841.7766924784743,0,0.8953488372093024,0.25,9.796636581420898,0.19406311061005072,-0.00044585510804915924,3.952676999688265,30.0
1297,43.23333333333344,track,1,324.3233858777802,243.07877348304902,324.3043805715298,243.07372010284678,1,0.01966566340451292,5.2891821083422395,2.146036948175167,577.1600044913253,11.055812783082736,2728.8429197290843,841.7766924784743,0,0.8020833333333334,0.25,213.792236328125,0.3725139000866969,0.16416647491285258,4.682109999976092,30.0
1298,43.26666666666677,track,1,322.48835098335854,237.08299113896692,322.475342323134,237.07937973781486,1,0.013500646618552988,3.8284908688130304,1.4732716373338524,417.7500298353755,11.055812783082736,2731.2317421391194,841.7766924784743,0,0.8020833333333334,0.25,219.87440490722656,0.29372666479952536,-0.14057490964977493,3.955242999836628,30.0
1299,43.300000000000104,track,1,320.7920727745289,241.53008447043536,320.8024150791181,241.55824775479857,1,0.03000223075604429,1.7527139026466527,3.2735526358612526,191.24224413583437,11.055812783082736,2715.882352941176,841.7766924784743,0,0.8020833333333334,0.25,61.69738006591797,0.2140334404208809,0.08151812378756954,3.8738980001653545,30.0
1300,43.333333333333435,track,1,318.5384815280004,240.92931699077482,318.5648660928239,240.93339411619934,1,0.026697719240654404,1.711967846567846,2.913440653939886,186.81273465174658,11.055812783082736,2722.6408036204143,841.7766924784743,0,0.8020833333333334,0.25,134.21237182617188,0.09471045373475478,0.05561373608708169,3.874299000017345,30.0
1301,43.36666666666677,track,1,321.1694871463635,238.81811135512208,321.1609877546962,238.82772090324784,1,0.012828993487245864,1.6498881317339502,1.3998550953038265,180.0318513211846,11.055812783082736,2736.856796582532,841.7766924784743,0,0.8020833333333334,0.25,37.58060836791992,0.22301881494682613,-0.05368836965300672,4.817124000055628,30.0
1302,43.4000000000001,track,1,321.15370634817606,243.41957678826432,321.14558262413107,243.3978409595867,1,0.02320433452315897,3.585761109632933,2.531833467054118,391.242326754856,11.055812783082736,2723.4217677399874,841.7766924784743,0,0.8020833333333334,0.25,127.56817626953125,0.22229290138418034,0.18492472403839688,4.318294999848149,30.0
1303,43.43333333333343,track,1,319.4560964021941,239.50831425733168,319.43231239115596,239.51843413453832,1,0.025847458206541597,0.7444292471504029,2.8205891674890022,81.23158889782847,11.055812783082736,2719.1819484847856,841.7766924784743,0,0.8020833333333334,0.25,55.60322570800781,0.1316603638411841,0.018124800629388583,3.9324139997916063,30.0
1304,43.46666666666676,track,1,320.4783154975954,238.99584073480352,320.45201559593977,238.9966523083434,1,0.02631242061664789,1.1004656693079458,2.8714056616061607,120.07321668614505,10.464157913908982,2870.2146934677094,841.7766924784743,0,0.8953488372093024,0.25,30.425504684448242,0.15236892381338318,-0.03648026037874291,3.8811759995951434,30.0
1305,43.50000000000009,track,1,321.2443380354601,243.26918597126956,321.2302543680554,243.25647406519533,1,0.018972143885338966,3.4811132051987643,2.070215341554749,379.82573870127703,11.055812783082736,2735.0744786408095,841.7766924784743,0,0.8020833333333334,0.25,124.10041046142578,0.21278297529537615,0.18527039916122262,4.860727000050247,30.0
1306,43.533333333333424,track,1,324.5166608966592,239.10386013501818,324.53570745217894,239.09708203559444,1,0.02021667403322314,4.624705714118234,2.2061485355644863,504.6786697753818,11.055812783082736,2726.461371486641,841.7766924784743,0,0.8020833333333334,0.25,218.30477905273438,0.3888610151111006,-0.021919882981215617,3.9788789999875007,30.0
1307,43.566666666666755,track,1,321.4269061393662,240.49335117865468,321.40512564530377,240.48779780970062,1,0.022477318086116752,1.4873885780921743,2.452864708234786,162.31175083428215,11.055812783082736,2720.238944879912,841.7766924784743,0,0.8020833333333334,0.25,6.306791305541992,0.243380644433895,0.020918017696437023,3.9094060002753395,30.0
1308,43.60000000000009,track,1,320.15345401131896,242.65991273167148,320.14338791957107,242.67952991968423,1,0.022049042351183497,2.6833636887238903,2.4058160285904595,292.77660317121814,11.055812783082736,2729.4801282602853,841.7766924784743,0,0.8020833333333334,0.25,88.78466796875,0.17190070738677532,0.16173699229670294,4.010784000001877,30.0
1309,43.63333333333342,track,1,320.3025253615368,237.83423267860996,320.2853858308937,237.84491944386832,1,0.020198278697804137,2.1738944951150936,2.204075969500204,237.19001715372633,11.055812783082736,2730.021431031062,841.7766924784743,0,0.8020833333333334,0.25,144.83236694335938,0.16841985613705748,-0.08395029804144864,4.925491999983933,30.0
1310,43.66666666666675,track,1,322.85452656189113,241.55526691778152,322.8611863801592,241.57928932496975,1,0.024928482233797723,3.2681098931908603,2.719931263107938,356.6255324310709,11.055812783082736,2722.0075541776146,841.7766924784743,0,0.8020833333333334,0.25,59.89448165893555,0.31633347761746444,0.10211637440864396,4.015996999896743,30.0
1311,43.70000000000008,track,1,321.96276985392336,241.7848924893351,321.9650957829698,241.79697810650396,1,0.012307399736786673,2.662842795115819,1.342844285747931,290.5655928324354,11.055812783082736,2728.662124702032,841.7766924784743,0,0.8020833333333334,0.25,15.96357250213623,0.2787059037795502,0.12012458763244618,4.012975000023289,30.0
1312,43.73333333333341,track,1,317.23263663507726,237.41957678826432,317.21864452174907,237.39639317109334,1,0.027078761798125624,3.8098171630572866,2.9546494884651446,415.72092204470266,11.055812783082736,2726.579359255876,841.7766924784743,0,0.8020833333333334,0.25,366.7685546875,0.031297578465920045,-0.1058455630978929,4.525306999767054,30.0
1313,43.766666666666744,track,1,319.2983554193465,243.80524021237105,319.28185427849337,243.8156213670967,1,0.0194950255935203,3.882615058741098,2.1273340431551886,423.62694077493256,11.055812783082736,2733.4226498715166,841.7766924784743,0,0.8020833333333334,0.25,191.64227294921875,0.12114210775751452,0.22016732727267876,4.087491000063892,30.0
1314,43.800000000000075,track,1,322.6342382127549,239.44473308221848,322.6566566752492,239.41800271375985,1,0.034886961153756814,2.719659083660517,3.8067259835407183,296.7869129097995,11.055812783082736,2722.0075541776146,841.7766924784743,0,0.8020833333333334,0.25,139.8182373046875,0.2881188852077867,0.004529458754995178,3.889861000061501,30.0
1315,43.83333333333341,track,1,322.88027351309506,239.00412849954844,322.8866402056851,239.0043519313482,1,0.006370611925514625,3.0535236618844026,0.6952081214752512,333.2168029335725,10.464157913908982,2902.8477079558297,841.7766924784743,0,0.8953488372093024,0.25,82.33596801757812,0.30837148869834496,-0.02334232095914153,3.9415910000570875,30.0
1316,43.86666666666674,track,1,320.94197642792386,244.3066960238311,320.94430332456216,244.29004848076033,1,0.01680937649821105,4.392746832683758,1.8340434124312706,479.28775151104963,11.055812783082736,2729.7857287706665,841.7766924784743,0,0.8020833333333334,0.25,205.1374969482422,0.21504666840611109,0.25295750455924637,4.757389999667794,30.0
1317,43.90000000000007,track,1,320.87107395052635,238.52588485032274,320.8765686105072,238.55474322271027,1,0.029376809649154755,1.690307570008614,3.2052649909062363,184.43490579500812,11.055812783082736,2721.9332872783584,841.7766924784743,0,0.8020833333333334,0.25,105.0378189086914,0.2121618818413965,-0.03539797349232447,4.059133999817277,30.0
1318,43.9333333333334,track,1,322.5125424895659,241.19413966696786,322.48140161850745,241.18344500108844,1,0.032926125319414565,2.749162793094037,3.593074898397316,299.99911007803223,11.055812783082736,2735.8134964390247,841.7766924784743,0,0.8020833333333334,0.25,21.91412353515625,0.30025973044044435,0.09866424201000046,3.9652619998378213,30.0
1319,43.96666666666673,track,1,323.2974028761537,242.28023180940116,323.2563284920865,242.2681648126943,1,0.04281024919366167,3.9684060863171204,4.671704572113539,433.03668389585243,11.055812783082736,2746.932198030991,841.7766924784743,0,0.8020833333333334,0.25,43.1690673828125,0.35143724849089764,0.16114719101310931,3.8922659996387665,30.0
1320,44.000000000000064,track,1,320.0638708846633,238.9052238485642,320.05500724846706,238.91126966492175,1,0.010729209758799228,1.0901190485004482,1.1707847228054,118.94076955773366,11.055812783082736,2740.823529411764,841.7766924784743,0,0.8020833333333334,0.25,138.2970733642578,0.1890042023146074,-0.008918659227378126,12.211733000185632,30.0
1321,44.033333333333395,track,1,319.43954904755736,242.68899831540756,319.4071750714422,242.70677100066825,1,0.03693159448059755,2.7709295635180182,4.030082898224746,302.3330522253086,11.055812783082736,2729.951805821656,841.7766924784743,0,0.8020833333333334,0.25,105.7818603515625,0.1550405848110494,0.18617782550264975,4.040139000153431,30.0
1322,44.06666666666673,track,1,320.18624703599914,240.66061651217936,320.1710387525227,240.67846721090518,1,0.02345078530242203,0.6996942268862705,2.558859757318314,76.34305323800355,11.055812783082736,2735.14025899673,841.7766924784743,0,0.8020833333333334,0.25,10.345741271972656,0.17641925187799004,0.08970769568696943,4.649388999951043,30.0
1323,44.10000000000006,track,1,321.49439896596294,238.69806118052563,321.4856594251605,238.71214003805767,1,0.01657087212082531,1.9661554387032552,1.8081041603315842,214.5450741146019,11.055812783082736,2736.9090498518694,841.7766924784743,0,0.8020833333333334,0.25,76.44438171386719,0.2495589914293815,-0.01360620166494278,4.601151999850117,30.0
1324,44.13333333333339,track,1,321.35606158623364,244.91305472894294,321.335987982205,244.9176525583714,1,0.02059343619099016,5.0958974257193335,2.2472879852261025,556.00994720095,11.055812783082736,2735.7824052562205,841.7766924784743,0,0.8020833333333334,0.25,232.72792053222656,0.24326371641362604,0.30953953133338125,3.8954279998506536,30.0
1325,44.16666666666672,track,1,320.81436122212193,239.92574448884878,320.82611752223306,239.93119626960515,1,0.012958877486825117,0.8289777523291809,1.4141241700333858,90.46407962222287,11.055812783082736,2739.344945382408,841.7766924784743,0,0.8020833333333334,0.25,51.50049591064453,0.21530763083810645,0.07006082156022074,3.843987999971432,30.0
1326,44.20000000000005,track,1,320.8906511927789,240.8060606060606,320.9017578470158,240.81478035326734,1,0.01412061470644346,1.215332974425125,1.540841562851819,132.6155369524526,11.055812783082736,2740.2212264600453,841.7766924784743,0,0.8020833333333334,0.25,4.100500106811523,0.21783887929544693,0.11174990455400893,4.682838000007905,30.0
1327,44.233333333333384,track,1,323.50112097956367,242.30628610847634,323.51239653250843,242.29138704012996,1,0.018684762021507376,4.19373150896106,2.038788921943267,457.62671898885776,11.055812783082736,2736.6083196408667,841.7766924784743,0,0.8020833333333334,0.25,87.22682189941406,0.3566241090559298,0.19373763480659545,4.000698999789165,30.0
1328,44.266666666666715,track,1,321.66948679407346,238.30096628730942,321.7131298985165,238.28471570888837,1,0.04657039686802794,2.4242554008448707,5.081996235582174,264.52915245256037,11.055812783082736,2739.411764705882,841.7766924784743,0,0.8020833333333334,0.25,121.65650939941406,0.2723028493557923,-0.011303732345808601,3.901823999967746,30.0
1329,44.30000000000005,track,1,320.3836253282252,240.71486375963153,320.39362983098374,240.72760527822334,1,0.016199888007975262,0.8272568432710288,1.767657329552198,90.26397831977664,11.055812783082736,2739.385357049064,841.7766924784743,0,0.8020833333333334,0.25,28.43208122253418,0.18825913138160427,0.10534089290343876,3.9294440002777264,30.0
1330,44.33333333333338,track,1,319.2234193854243,241.90483989139335,319.2121022255468,241.90904417153308,1,0.012072865409079463,2.0652439448773934,1.3174520215757914,225.3404772690664,11.055812783082736,2731.340327777406,841.7766924784743,0,0.8020833333333334,0.25,75.61302947998047,0.1420732487545435,0.16807873015714134,4.7831739998400735,30.0
1331,44.36666666666671,track,1,320.5183341270185,237.7880427724144,320.54209743227625,237.79965622167413,1,0.026449326654612113,2.2661382060452278,2.8862473711265126,247.25633289536987,11.055812783082736,2717.5294117647054,841.7766924784743,0,0.8020833333333334,0.25,94.75296783447266,0.20111319975875566,-0.0464790671456104,3.914757000075042,30.0
1332,44.40000000000004,track,1,321.688783228874,243.36516101145452,321.7050191326216,243.3465955245107,1,0.02466337113946032,3.7559009368300296,2.6911783407342216,409.81385635588003,11.055812783082736,2726.485897125129,841.7766924784743,0,0.8020833333333334,0.25,177.59507751464844,0.2596497078456754,0.23602496176016846,3.9375780002046668,30.0
1333,44.43333333333337,track,1,320.60973922068933,239.60973922068936,320.62964498826545,239.6311227855898,1,0.02921466122764571,0.7297418794058798,3.1878165478464187,79.63122039692605,11.055812783082736,2728.2311880251686,841.7766924784743,0,0.8020833333333334,0.25,16.382320404052734,0.20449616863839054,0.06889026255756567,3.9698909999970056,30.0
1334,44.466666666666704,track,1,318.66826486976805,238.9460930413373,318.6864600953703,238.95093806979742,1,0.018829246811712632,1.6810467020445778,2.0547625905215514,183.43556297049363,11.055812783082736,2729.951805821656,841.7766924784743,0,0.8020833333333334,0.25,56.303565979003906,0.09793303005540573,0.00907600435347479,4.60530899999867,30.0
1335,44.500000000000036,track,1,321.5083142573317,244.14097525158726,321.51705617222274,244.13445045050833,1,0.010908441918178828,4.40399136663409,1.1903341047302138,480.52081980187137,11.055812783082736,2728.6072174686888,841.7766924784743,0,0.8020833333333334,0.25,246.90585327148438,0.23662398969859327,0.27782422782769167,4.037956000047416,30.0
1336,44.53333333333337,track,1,323.84208475823556,239.56365525301936,323.8505294165807,239.5893693402976,1,0.027065227490609207,3.8723628867450968,2.9530838583615857,422.5800419904055,11.055812783082736,2722.478958698405,841.7766924784743,0,0.8020833333333334,0.25,168.12765502929688,0.363429494447442,0.07459822914189851,3.870811000069807,30.0
1337,44.5666666666667,track,1,322.5066488213453,240.57723858043346,322.514948276454,240.6012806726311,1,0.025434290875527926,2.5858273879976257,2.775137171958543,282.1819123375801,11.055812783082736,2723.371057540762,841.7766924784743,0,0.8020833333333334,0.25,5.929060935974121,0.3081539379398456,0.10353819530770204,4.543654999906721,30.0
1338,44.60000000000003,track,1,319.95029984037274,243.27335087794987,319.95321832782986,243.259837260484,1,0.013825173635474268,3.260172923280435,1.5084488994896843,355.710966649407,11.055812783082736,2730.091889452714,841.7766924784743,0,0.8020833333333334,0.25,124.49565124511719,0.184524378628196,0.2485637007921387,4.120511999644805,30.0
1339,44.63333333333336,track,1,320.6715603481876,238.45732103416915,320.6921274403145,238.43186341901674,1,0.03272759459240641,1.7140865585652827,3.5710932212882045,187.02598690767985,11.055812783082736,2722.876642401099,841.7766924784743,0,0.8020833333333334,0.25,126.19157409667969,0.21721154895235328,0.006214183465152845,4.000667000127578,30.0
1340,44.66666666666669,track,1,322.231734126471,242.1779387042545,322.21915600717944,242.16869245648093,1,0.015610963544992423,3.1028825880135793,1.7034775143138492,338.58010928891844,11.055812783082736,2734.0283694577856,841.7766924784743,0,0.8020833333333334,0.25,35.14198303222656,0.29983463103995023,0.1953116098581919,3.8975890001893276,30.0
1341,44.700000000000024,track,1,321.28676566085113,241.55946144854755,321.2722121648495,241.5851346166902,1,0.02951128272965215,2.0325293467550924,3.2200563707081655,221.78066937688536,11.055812783082736,2723.8199975238404,841.7766924784743,0,0.8020833333333334,0.25,3.245410919189453,0.2564681602972745,0.17094649457848035,4.5238990001053025,30.0
1342,44.733333333333356,track,1,320.28190180075137,239.31921233320378,320.2684660576921,239.30285284253353,1,0.02116960383534357,0.7470529989875639,2.3099386864097107,81.51133495045393,11.055812783082736,2732.242772179165,841.7766924784743,0,0.8020833333333334,0.25,68.4874267578125,0.19020707125864875,0.05701144311002013,4.041859000153636,30.0
1343,44.76666666666669,track,1,319.25669556216843,243.0786647690516,319.2430368093778,243.0744629439357,1,0.014290446532542198,3.1662778882452436,1.559455284402764,345.46976551217847,11.055812783082736,2729.4568883409347,841.7766924784743,0,0.8020833333333334,0.25,95.77449035644531,0.1452122596877427,0.2518814391902913,3.889872999934596,30.0
1344,44.80000000000002,track,1,321.7681659407478,240.25253352882834,321.7794919719778,240.2375244020775,1,0.01880300160202317,1.7952742185849155,2.05169031980331,195.91300407637365,11.055812783082736,2736.018380794691,841.7766924784743,0,0.8020833333333334,0.25,44.41603088378906,0.2692892180005121,0.10065083054286965,3.8796379999439523,30.0
1345,44.83333333333335,track,1,323.1620147994288,239.41957678826432,323.1525782292583,239.39603713232077,1,0.025360683321292425,3.2099097552935767,2.767121542927589,350.2869022710203,11.055812783082736,2723.4217677399874,841.7766924784743,0,0.8020833333333334,0.25,91.29489135742188,0.3467373083015959,0.06696797509695136,4.717120999885083,30.0
1346,44.86666666666668,track,1,320.5682781285134,243.48668165700943,320.5911583634838,243.4701461442188,1,0.028229919155953142,3.520139553050915,3.080469667107037,384.07731643425575,11.055812783082736,2717.573232054018,841.7766924784743,0,0.8020833333333334,0.25,108.29668426513672,0.2193708299366904,0.2778302440224012,4.341893999935564,30.0
1347,44.90000000000001,track,1,321.4799913382417,239.32013858813337,321.45464880444536,239.30011745969512,1,0.03229689773274782,1.6142610428607633,3.5242358198234838,176.15423043965595,11.055812783082736,2722.7587230107565,841.7766924784743,0,0.8020833333333334,0.25,57.8315315246582,0.26644775302489865,0.0695246558740924,3.8587330000154907,30.0
1348,44.933333333333344,track,1,321.91316707584957,239.80565964594908,321.9180440819945,239.8162139868739,1,0.01162666337754123,1.9268291047975272,1.268601719330121,210.2695163153036,11.055812783082736,2734.567643014093,841.7766924784743,0,0.8020833333333334,0.25,11.364011764526367,0.29226512486539247,0.09868627903385384,3.99145099981979,30.0
1349,44.966666666666676,track,1,323.0950617815473,242.82640892065268,323.09124918547207,242.83370530818058,1,0.008232445553438232,4.1935316023958285,0.8982598764206747,457.59204594953667,11.055812783082736,2734.1654869321123,841.7766924784743,0,0.8020833333333334,0.25,85.39822387695312,0.36064335258944913,0.24538708464230047,4.668836999826453,30.0
1350,45.00000000000001,track,1,320.39026077931067,237.0539722354366,320.36698887404987,237.0522593348419,1,0.023334858107880555,2.9704975783028593,2.5464699304404355,324.10593742481376,11.055812783082736,2731.4017076168225,841.7766924784743,0,0.8020833333333334,0.25,221.77394104003906,0.2071780924725935,-0.052959824095092894,11.664513000141596,30.0
1351,45.03333333333334,track,1,318.5049846791248,243.17401061671916,318.50820728533824,243.16473312599044,1,0.009821253740154636,3.4987113716708755,1.071597775160796,381.74974424487317,11.055812783082736,2727.5734489044635,841.7766924784743,0,0.8020833333333334,0.25,250.18557739257812,0.12227091294023343,0.2546847925869567,4.839019999963057,30.0
1352,45.06666666666667,track,1,320.1576286566132,241.34844229356608,320.14925711490935,241.33042441495297,1,0.019867729115736,1.3387706339227867,2.167796704882122,146.0709168613915,11.055812783082736,2730.5909434098726,841.7766924784743,0,0.8020833333333334,0.25,3.389756679534912,0.18761058614834128,0.16900368869563212,3.9731219999339373,30.0
1353,45.1,track,1,321.91336112424256,237.97524603549786,321.91785151110855,237.97488947441184,1,0.004504521063817189,2.7891265764588944,0.49156611021548324,304.341613774441,10.464157913908982,2899.2028016101535,841.7766924784743,0,0.8953488372093024,0.25,132.19796752929688,0.2820136152822889,-0.007683744313388696,3.875067999615567,30.0
1354,45.13333333333333,track,1,322.73081402873044,243.97929338682542,322.7433428916805,243.9806995141363,1,0.012607521597703331,4.834449176812077,1.375822796208225,527.5072629170178,10.464157913908982,2891.9821027264798,841.7766924784743,0,0.8953488372093024,0.25,233.41232299804688,0.32855320708083857,0.2992891995964264,3.9569689997733803,30.0
1355,45.166666666666664,track,1,319.56784833138556,239.39475392806128,319.59151405156024,239.37372845049003,1,0.0316565477979664,0.7477143998869785,3.454326016742443,81.58595662718153,11.055812783082736,2721.140382329956,841.7766924784743,0,0.8020833333333334,0.25,75.69424438476562,0.19032405321298224,0.07128789166182425,4.851839999901131,30.0
1356,45.199999999999996,track,1,321.1652963712281,240.9834703628772,321.15543258733123,240.9830618191727,1,0.009872240916987216,1.5170481219071685,1.0773316774597093,165.53916616039822,10.464157913908982,2894.46818875781,841.7766924784743,0,0.8953488372093024,0.25,4.130957126617432,0.24686101036815694,0.1505529112234384,3.989141000147356,30.0
1357,45.23333333333333,track,1,322.46571663706845,244.86277991943518,322.43827552327286,244.86889790439352,1,0.02811484423383713,5.445305715090676,3.0680735860979573,594.1475620375187,11.055812783082736,2720.829042875637,841.7766924784743,0,0.8020833333333334,0.25,196.74522399902344,0.3166437138842987,0.3603789671155706,3.8493930001095578,30.0
1358,45.26666666666666,track,1,322.43215166861444,238.60524607193872,322.40930493963504,238.62866730439873,1,0.03271891127473634,2.7722380226407,3.570204344588974,302.5139734136145,11.055812783082736,2721.140382329956,841.7766924784743,0,0.8020833333333334,0.25,176.5302734375,0.32270950730772846,0.04919478456011188,3.876314000081038,30.0
1359,45.29999999999999,track,1,320.6599127316715,241.97511556573207,320.6801100184515,241.974734186491,1,0.020200887193355273,2.08857002384271,2.2044701892918375,227.88400426070436,10.464157913908982,2880.2785053510183,841.7766924784743,0,0.8953488372093024,0.25,24.01637077331543,0.23636789819278742,0.22048740875234557,4.824075000215089,30.0
1360,45.33333333333332,track,1,318.1155880455816,241.8844119544184,318.1099141383329,241.88941263639674,1,0.007563071050536497,2.672509059862952,0.8252741097009115,291.618058927266,11.055812783082736,2739.043396575472,841.7766924784743,0,0.8020833333333334,0.25,121.6731948852539,0.09901128517683881,0.22290353312353428,3.914673000053881,30.0
1361,45.36666666666665,track,1,321.7848924893351,237.85107941569353,321.7971832862121,237.8581482372042,1,0.01417857275683868,2.795960789787929,1.5472024142146992,305.0841083672997,11.055812783082736,2734.971178499368,841.7766924784743,0,0.8020833333333334,0.25,193.32789611816406,0.2793076978532527,0.013809157262931901,3.9993199998207274,30.0
1362,45.399999999999984,track,1,320.81778180406366,243.26918597126956,320.82621594708155,243.2543387036436,1,0.017075600264791838,3.3575814493835656,1.8631653299071875,366.3429465221514,11.055812783082736,2733.489387531934,841.7766924784743,0,0.8020833333333334,0.25,95.57034301757812,0.23010160743058544,0.2882443634939541,4.479388999698131,30.0
1363,45.433333333333316,track,1,319.71793985482196,241.50998098859316,319.7317200782154,241.52291070833564,1,0.01889635439423087,1.546360611887189,2.061938466128683,168.7212250993028,11.055812783082736,2729.1263700892573,841.7766924784743,0,0.8020833333333334,0.25,7.904833793640137,0.18419184084951826,0.20648625278045324,4.076068999893323,30.0
1364,45.46666666666665,track,1,320.4364959078509,239.54687567661196,320.41299800696015,239.5715861448091,1,0.03409924610298475,0.5950678827433019,3.72081486853065,64.93223078941546,11.055812783082736,2716.823529411764,841.7766924784743,0,0.8020833333333334,0.25,40.059879302978516,0.1784131642348012,0.12923997266523235,3.9427930000783817,30.0
1365,45.49999999999998,track,1,321.50998098859316,243.3110957483581,321.52137473208506,243.29258801530432,1,0.021733696729949285,3.6270810459586547,2.3714359554335633,395.75594141745586,11.055812783082736,2729.1263700892573,841.7766924784743,0,0.8020833333333334,0.25,90.43942260742188,0.25328300573029083,0.3019156423434789,3.881805000219174,30.0
1366,45.53333333333331,track,1,323.96674892843225,238.55526691778152,323.9691940257927,238.58035293880755,1,0.025204899365409553,4.215435801046074,2.7500606172048894,460.0102625362699,11.055812783082736,2726.745603984752,841.7766924784743,0,0.8020833333333334,0.25,221.170166015625,0.38746010834723477,0.060343120619984175,4.708398999810015,30.0
1367,45.56666666666664,track,1,323.5166608966592,241.79227972996364,323.5369143545314,241.8044408040405,1,0.023624019101012025,3.9706132733592443,2.577905983496205,433.2867884761786,11.055812783082736,2718.588235294117,841.7766924784743,0,0.8020833333333334,0.25,38.81538009643555,0.3807669377796504,0.22148834338732631,3.9641660000597767,30.0
1368,45.59999999999997,track,1,319.6143912235995,243.49168574266832,319.63544758633236,243.48085311881243,1,0.02367944575239346,3.499890983596081,2.58398009001249,381.8668464135445,11.055812783082736,2723.882352941176,841.7766924784743,0,0.8020833333333334,0.25,188.343994140625,0.2085210056431385,0.3167314974324704,3.937339999993128,30.0
1369,45.633333333333304,track,1,321.47411514967723,238.65065199497465,321.44524321449205,238.67042523619796,1,0.03499385245742781,1.9637965784608593,3.8185714019130574,214.28655966229633,11.055812783082736,2718.7847225608093,841.7766924784743,0,0.8020833333333334,0.25,116.96029663085938,0.2843985011083205,0.07194269054800528,3.8800770003035723,30.0
1370,45.666666666666636,track,1,321.3986331588736,241.96678057009387,321.3772593794811,241.9687193198538,1,0.021461528280923042,2.402644201444351,2.342037383224257,262.16302860982904,11.055812783082736,2729.3428418635963,841.7766924784743,0,0.8020833333333334,0.25,19.933162689208984,0.28368473638237957,0.2381594415838062,4.8848420001377235,30.0
1371,45.69999999999997,track,1,319.7848924893351,241.94622312233378,319.79654038967215,241.94963842000334,1,0.012138279961893404,1.9602259517177805,1.324600319020184,213.87675237861936,11.055812783082736,2730.2352941176464,841.7766924784743,0,0.8020833333333334,0.25,48.732025146484375,0.2108750872421885,0.24240474623861474,4.113415000119858,30.0
1372,45.7333333333333,track,1,319.43634474698064,238.1496039132505,319.4118105063046,238.13945056441878,1,0.026552202508406602,1.9513100939459174,2.8974975474600155,212.9069908327443,11.055812783082736,2722.478958698405,841.7766924784743,0,0.8020833333333334,0.25,137.3478546142578,0.1745006467115949,0.04493659506928552,3.876355000102194,30.0
1373,45.76666666666663,track,1,319.6222596964587,244.38189129588793,319.64191671959327,244.35902770218752,1,0.030151989576326258,4.373710797954643,3.2900714519853222,477.20739885848315,11.055812783082736,2728.7031391021096,841.7766924784743,0,0.8020833333333334,0.25,194.398681640625,0.19382467028210923,0.36373532578722867,3.856942999846069,30.0
1374,45.79999999999996,track,1,323.1531232486959,239.23589257231538,323.1434347964438,239.2225102957367,1,0.016521241886439213,3.2381588224991398,1.8027098566169402,353.36823259051204,11.055812783082736,2733.79266719739,841.7766924784743,0,0.8020833333333334,0.25,187.251220703125,0.35451429616274654,0.10633123354829718,5.019979000280728,30.0
1375,45.83333333333329,track,1,322.77226655164975,240.2608583135648,322.78494227585395,240.2451538500245,1,0.020181777899610242,2.795711696513147,2.202147864861934,305.0883351855177,11.055812783082736,2735.54642971775,841.7766924784743,0,0.8020833333333334,0.25,36.35042190551758,0.3439747380448405,0.13925285874889234,4.230913999890618,30.0
1376,45.866666666666625,track,1,320.04555454898406,244.73081402873044,320.0450272520799,244.74338296161386,1,0.012579988706402511,4.743596670666526,1.3725775525859987,517.5643386358851,11.055812783082736,2730.3274554296286,841.7766924784743,0,0.8020833333333334,0.25,214.70175170898438,0.2052812106030581,0.3874712116216211,3.9490350000050967,30.0
1377,45.899999999999956,track,1,321.14132929205454,237.44892833946741,321.134640742496,237.42272425743909,1,0.02704423432349926,2.8159829310073587,2.950774363058638,307.2551434634935,11.055812783082736,2723.3483199624698,841.7766924784743,0,0.8020833333333334,0.25,234.26866149902344,0.26151895961001215,0.018381197099877344,3.8764559999435733,30.0
1378,45.93333333333329,track,1,320.52588485032277,241.20378633626478,320.5528868488126,241.19270061103407,1,0.029189060045422453,1.3146172884725655,3.185244669712892,143.43978163755864,11.055812783082736,2714.082295190977,841.7766924784743,0,0.8020833333333334,0.25,11.615592956542969,0.22901390553171017,0.20176346045360466,4.978939000011451,30.0
1379,45.96666666666662,track,1,323.2983554193465,244.0787326801053,323.28315414051076,244.07545573907055,1,0.015550473329983303,5.233396659099712,1.6969689563947739,571.0453708287372,11.055812783082736,2730.257133291457,841.7766924784743,0,0.8020833333333334,0.25,186.0325469970703,0.37456912965705935,0.35653891846792163,3.9819369999349874,30.0
1380,45.99999999999995,track,1,319.99173731548825,238.84714033653225,319.9924943607706,238.85295637144281,1,0.005865098433994188,1.1470681847361452,0.6399310839692862,125.15432329934914,10.464157913908982,2895.21575920818,841.7766924784743,0,0.8953488372093024,0.25,141.52774047851562,0.21020350267189666,0.09384492825923957,12.706182999863813,30.0
1381,46.03333333333328,track,1,319.3484422935661,243.20325800458022,319.3285029787688,243.19297614836944,1,0.022434189125626513,3.2628216214771046,2.4480932650262592,356.00262873711387,11.055812783082736,2730.5909434098726,841.7766924784743,0,0.8020833333333334,0.25,92.62945556640625,0.17027927808382085,0.3171721741298838,4.027072000098997,30.0
1382,46.06666666666661,track,1,320.1860384996339,241.09922053313812,320.17658907020177,241.09386566532157,1,0.010861230405711101,1.1080278847953844,1.1852066641361827,120.89525908679177,11.055812783082736,2735.038774967922,841.7766924784743,0,0.8020833333333334,0.25,5.922730445861816,0.19557075118059936,0.2171328085738956,3.9181849997476093,30.0
1383,46.099999999999945,track,1,322.38189129588795,238.85471526786873,322.3612235634881,238.86446288319587,1,0.022851064901157295,2.620080391974909,2.4935965481838123,285.91301950063394,11.055812783082736,2728.7031391021096,841.7766924784743,0,0.8020833333333334,0.25,132.08656311035156,0.316231928314874,0.09890844002165708,4.493267999805539,30.0
1384,46.133333333333276,track,1,321.25253352882834,243.2235542714218,321.24020801677,243.21369639021577,1,0.01578277761904445,3.444700337234933,1.7222139147526656,375.85303147358616,11.055812783082736,2736.018380794691,841.7766924784743,0,0.8020833333333334,0.25,77.0627212524414,0.2621798567109027,0.32176690389011664,4.082170999936352,30.0
1385,46.16666666666661,track,1,320.25305734410784,239.35262088933064,320.23979103869476,239.33215567968966,1,0.024388925047288033,0.7095884570714835,2.6611669720441085,77.4233538615759,11.055812783082736,2728.77261191823,841.7766924784743,0,0.8020833333333334,0.25,56.60636520385742,0.196868596974706,0.12628024223788353,3.998451000370551,30.0
1386,46.19999999999994,track,1,321.0661755202275,240.79320149928913,321.0623012002495,240.80402488665743,1,0.011495915336155576,1.3322686885219766,1.2543217216455433,145.3776112572245,11.055812783082736,2732.2820474956416,841.7766924784743,0,0.8020833333333334,0.25,1.4402912855148315,0.2487937205713513,0.19501254800848683,3.9967600000636594,30.0
1387,46.23333333333327,track,1,324.81711910637745,242.55526691778152,324.8275615267421,242.5799372474038,1,0.026789350621907362,5.473703179294798,2.9230107744996845,597.3073641344082,11.055812783082736,2720.433684399212,841.7766924784743,0,0.8020833333333334,0.25,198.58665466308594,0.4499863386219505,0.2878849185072147,4.574897999646055,30.0
1388,46.2666666666666,track,1,323.2112621359223,238.71831715210357,323.19989463925845,238.73281420106832,1,0.018422388799760277,3.4416690066549185,2.010165940389896,375.57133896602653,11.055812783082736,2737.1982584870425,841.7766924784743,0,0.8020833333333334,0.25,74.03614807128906,0.3856464232160386,0.09090067403283533,4.007977000128449,30.0
1389,46.29999999999993,track,1,320.97521834530824,242.7005550058082,320.9770520948174,242.69258011723855,1,0.008182999753201022,2.8643705213773267,0.8928386879579868,312.5322128684412,10.464157913908982,2904.8201883119837,841.7766924784743,0,0.8953488372093024,0.25,116.63505554199219,0.2804935604263338,0.2922797502179384,3.874455999721249,30.0
1390,46.333333333333265,track,1,320.429918615166,243.19911294837016,320.40829007866773,243.15920159892073,1,0.04539503723901067,3.1854757150168025,4.953161362719695,347.56190636856,11.055812783082736,2746.932198030991,841.7766924784743,0,0.8020833333333334,0.25,93.29491424560547,0.23066408493078888,0.32812731054444866,3.8752659997953742,30.0
1391,46.366666666666596,track,1,319.86722134065275,238.14410087060944,319.85447460876196,238.12148917612194,1,0.02595703953634497,1.8841392079466979,2.8322421634713226,205.57488817703654,11.055812783082736,2755.551333186479,841.7766924784743,0,0.8020833333333334,0.25,204.05679321289062,0.22546952894897887,0.07066896388500413,4.613166000126512,30.0
1392,46.39999999999993,track,1,320.9246743196182,243.37559654327356,320.90210391535425,243.33823512543097,1,0.04364972728261288,3.4579770425436,4.7627604738402995,377.29752934681596,11.055812783082736,2744.277524641154,841.7766924784743,0,0.8020833333333334,0.25,80.95690155029297,0.2679735942252035,0.3367621711467341,4.280350000044564,30.0
1393,46.43333333333326,track,1,320.38804558159535,241.26626531928616,320.3444620425254,241.24168022456547,1,0.050039501998811506,1.2885743590564396,5.460446605760358,140.59556502593347,11.055812783082736,2743.805573564213,841.7766924784743,0,0.8020833333333334,0.25,4.458678722381592,0.21603110414495041,0.2368443296448941,3.8615309999840974,30.0
1394,46.46666666666659,track,1,318.68461241473983,238.664364463129,318.67235612687216,238.6764914190452,1,0.01724179956061403,1.8746501587536015,1.881387350501804,204.55757880262686,11.055812783082736,2742.4705882352937,841.7766924784743,0,0.8020833333333334,0.25,122.38542175292969,0.13771198875287444,0.10013250341053614,3.9322590000665514,30.0
1395,46.49999999999992,track,1,321.11723871962977,244.01234091785577,321.1049036243139,244.01258161514772,1,0.01233744348061654,4.161925424277032,1.3463529486502896,454.1050456857277,10.464157913908982,2911.444128006896,841.7766924784743,0,0.8953488372093024,0.25,161.5124053955078,0.2522960866647293,0.37427514149994123,5.002251999940199,30.0
1396,46.53333333333325,track,1,324.29113433991483,238.66550522648083,324.2693577391718,238.68474489213895,1,0.029058304743337805,4.467360686555421,3.1708095920980788,487.50392786624127,11.055812783082736,2741.2720672945456,841.7766924784743,0,0.8020833333333334,0.25,309.6041259765625,0.419693261187084,0.10398077555915347,4.012849999980972,30.0
1397,46.566666666666585,track,1,322.75056903586,241.06802662658365,322.7600964117577,241.07238140379354,1,0.010475446341013791,2.961103523587074,1.1431230385813345,323.1299981624046,11.055812783082736,2740.99295488932,841.7766924784743,0,0.8020833333333334,0.25,17.077774047851562,0.3537658044061912,0.22064210353588545,4.021194999950239,30.0
1398,46.599999999999916,track,1,319.707027724049,243.0990328820116,319.72231895818334,243.10073559948637,1,0.015385743015856867,3.1131443941626746,1.679002452221127,339.6694463473356,11.055812783082736,2738.638655593731,841.7766924784743,0,0.8020833333333334,0.25,123.74475860595703,0.2165330475621182,0.3291862138470458,4.044565000185685,30.0
1399,46.63333333333325,track,1,320.4902762240771,237.9524997848722,320.48711047205893,237.96194921738913,1,0.009965628968235182,2.095454033017723,1.0873493631197597,228.63300506291537,11.055812783082736,2745.4585688894254,841.7766924784743,0,0.8020833333333334,0.25,146.2756805419922,0.21240435965099347,0.0650127676598739,5.065976000423689,30.0
1400,46.66666666666658,track,1,322.29841787077135,241.7417141877117,322.29086167899936,241.7824665971101,1,0.041447013232203164,2.902625432624927,4.522227443393251,316.7347377433612,11.055812783082736,2751.8287418722057,841.7766924784743,0,0.8020833333333334,0.25,45.652122497558594,0.3299516269754454,0.25184196353213534,4.07378099998823,30.0
1401,46.69999999999991,track,1,320.1199638040247,241.5708191493946,320.1303098765537,241.6073766225104,1,0.0379932896363184,1.6126500768983925,4.145426627280756,175.95323759214133,11.055812783082736,2737.799605624114,841.7766924784743,0,0.8020833333333334,0.25,29.091949462890625,0.2134712099187341,0.24591219052951618,3.880228000070929,30.0
1402,46.73333333333324,track,1,319.53266115132715,239.45592037228542,319.58318696399,239.43056977548747,1,0.056528846647111504,0.7056797344236789,6.168625790288055,77.00008487550629,11.055812783082736,2737.2454114303146,841.7766924784743,0,0.8020833333333334,0.25,43.48876953125,0.2072178797467942,0.13592599155436602,4.1804490001595696,30.0
1403,46.76666666666657,track,1,318.3827091324398,244.59867258544153,318.3843617058336,244.62028735661625,1,0.02167785348592115,4.894623821631731,2.3652292063064198,534.0529429361943,11.055812783082736,2744.573810224139,841.7766924784743,0,0.8020833333333334,0.25,222.865478515625,0.11364432854331506,0.4034447595053601,4.2780039998433494,30.0
1404,46.799999999999905,track,1,322.39026077931067,241.0456688146002,322.37014990151897,241.0424782554677,1,0.020362393600222625,2.5892801062830895,2.2220852965027325,282.5532693354079,11.055812783082736,2738.315118172331,841.7766924784743,0,0.8020833333333334,0.25,115.28520202636719,0.3120972966032405,0.23338375965858132,4.018227999949886,30.0
1405,46.833333333333236,track,1,323.7516277866414,240.21111638135483,323.7651647004569,240.1989275602117,1,0.018215800737496554,3.770416077275642,1.9876846045680674,411.45549421488766,11.055812783082736,2740.9738671025684,841.7766924784743,0,0.8020833333333334,0.25,151.1490478515625,0.39074737228685036,0.1801790357548928,3.837371999907191,30.0
1406,46.86666666666657,track,1,321.6557355800389,244.1659105638367,321.67414615824384,244.1566617309934,1,0.020603162349609485,4.48113848313881,2.248288832190989,488.9401816005305,11.055812783082736,2729.2442894796,841.7766924784743,0,0.8020833333333334,0.25,81.62106323242188,0.2939421222817159,0.3993829315812687,4.718422000223654,30.0
1407,46.8999999999999,track,1,319.56784833138556,239.11219322165954,319.59092656706787,239.10752449822974,1,0.023545741455134203,0.9817604569297765,2.5694676842826816,107.12123259707515,11.055812783082736,2724.2916750852105,841.7766924784743,0,0.8020833333333334,0.25,184.52816772460938,0.2102403874883832,0.1468880515799598,4.482255000311852,30.0
1408,46.93333333333323,track,1,324.33173513023195,241.0331735130232,324.3128944734872,241.0306257035411,1,0.01901214558463691,4.434326113428713,2.0747389966912655,483.90181621597714,11.055812783082736,2729.951805821656,841.7766924784743,0,0.8020833333333334,0.25,106.99626159667969,0.43797050054445386,0.24086776064203383,4.014400000414753,30.0
1409,46.96666666666656,track,1,323.231734126471,243.76826587352903,323.21924802215244,243.77916821332576,1,0.016576001149166658,4.964440573996654,1.8087566291767445,541.7006584154377,11.055812783082736,2735.6119365581008,841.7766924784743,0,0.8020833333333334,0.25,68.94072723388672,0.39814270641098104,0.3871538823898907,3.9762160004102043,30.0
1410,46.99999999999989,track,1,320.35262088933064,238.1203059504775,320.33478015033427,238.11318881149919,1,0.019207957600256325,1.9162813494134132,2.096063363022828,209.08276959211696,11.055812783082736,2730.354967871402,841.7766924784743,0,0.8020833333333334,0.25,267.09979248046875,0.23990243361416244,0.09949012971735308,12.825873000110732,30.0
1411,47.033333333333225,track,1,318.3986331588737,242.24914572429603,318.3773256971119,242.2367433233726,1,0.024654157365322515,2.763348075777853,2.6903230654452504,301.52187547027455,11.055812783082736,2727.759236948228,841.7766924784743,0,0.8020833333333334,0.25,186.10719299316406,0.15044320785180904,0.30497233129706025,3.9414809998561395,30.0
1412,47.066666666666556,track,1,319.9459529686891,241.45732103416915,319.95051592815446,241.42967307160268,1,0.028021963406583878,1.430529190555807,3.0574349055035257,156.08222021609947,11.055812783082736,2722.876642401099,841.7766924784743,0,0.8020833333333334,0.25,7.203220367431641,0.22112771854002003,0.2677263292457609,4.926154999793653,30.0
1413,47.09999999999989,track,1,322.1116519491708,239.80150764591858,322.10776534781235,239.81184317633677,1,0.011042140152373849,2.116146911660327,1.2048124003625456,230.92929174672577,11.055812783082736,2734.3320770371784,841.7766924784743,0,0.8020833333333334,0.25,58.092674255371094,0.32595284918365536,0.19102939790768556,3.931341999759752,30.0
1414,47.13333333333322,track,1,321.46571663706845,244.59665612682463,321.44049929167534,244.62083036532522,1,0.03493291164159146,4.840156141533942,3.811812854179478,528.1080557435216,11.055812783082736,2720.829042875637,841.7766924784743,0,0.8020833333333334,0.25,168.71896362304688,0.29473239429177306,0.4307063520145006,3.8460330001726106,30.0
1415,47.16666666666655,track,1,319.75578838442635,240.11589703789937,319.7692202838508,240.10892237644737,1,0.015134788552170991,0.25519279276037743,1.651557848790774,27.847625388900177,11.055812783082736,2728.588235294117,841.7766924784743,0,0.8020833333333334,0.25,60.60590362548828,0.21681579966599107,0.20337240842200593,3.7997460003680317,30.0
1416,47.19999999999988,track,1,319.86767176394574,239.80150764591858,319.87432437839254,239.81071794648108,1,0.01136164228575541,0.2272048803409843,1.2397217063912014,24.79122012675841,11.055812783082736,2734.3320770371784,841.7766924784743,0,0.8020833333333334,0.25,29.927669525146484,0.20951532057927763,0.19818015505207706,5.019841999910568,30.0
1417,47.23333333333321,track,1,323.41123274631127,243.58461338756436,323.38936204257516,243.60651070761583,1,0.03094867214193729,4.949211506876307,3.3770472509920633,540.0435766883664,11.055812783082736,2726.8153347943467,841.7766924784743,0,0.8020833333333334,0.25,205.98834228515625,0.384725277782178,0.3837284129620581,3.8946740000938007,30.0
1418,47.266666666666545,track,1,323.0869152834663,238.75994826471222,323.08082762544905,238.77349705134372,1,0.014853592135265431,3.3159928137425974,1.6206940680190023,361.85687450851543,11.055812783082736,2730.3986080591703,841.7766924784743,0,0.8020833333333334,0.25,131.02947998046875,0.37916992155022483,0.13825921558056467,3.8736400001653237,30.0
1419,47.299999999999876,track,1,319.99172164015005,242.75578838442635,319.9920244990178,242.7671042592143,1,0.011319926930437112,2.7671157529055184,1.2350947066600435,301.9144749327356,10.464157913908982,2893.479181594204,841.7766924784743,0,0.8953488372093024,0.25,96.39598846435547,0.22578397548877596,0.33968102406860917,4.058125000028667,30.0
1420,47.33333333333321,track,1,319.6222923602404,242.34035193912405,319.64256091930645,242.32290818428146,1,0.026741336346971508,2.3502478867151098,2.917991763426761,256.43191076967753,11.055812783082736,2727.3575792341185,841.7766924784743,0,0.8020833333333334,0.25,41.182701110839844,0.2207159960241783,0.3256301608761222,4.681619000166393,30.0
1421,47.36666666666654,track,1,321.30244702429763,238.49501532087524,321.2868946731651,238.4905725800411,1,0.016174472846733783,1.9835496051131343,1.7650545249249803,216.43733654712182,11.055812783082736,2732.310193628508,841.7766924784743,0,0.8020833333333334,0.25,116.9273910522461,0.2842815915428853,0.12671562841931083,3.8839069998175546,30.0
1422,47.39999999999987,track,1,321.2566955621685,242.91305472894294,321.2446882245479,242.91596335857582,1,0.012354605743477336,3.170503285739494,1.3482126951915943,345.93675892814855,11.055812783082736,2729.4568883409347,841.7766924784743,0,0.8020833333333334,0.25,65.07193756103516,0.2823615709216998,0.349257722741354,3.866527999889513,30.0
1423,47.4333333333332,track,1,319.5426789658309,240.58841106924777,319.5697744260643,240.60985738733416,1,0.034555875400940426,0.7463377769846073,3.7707348076210967,81.43623795026646,11.055812783082736,2721.300447396428,841.7766924784743,0,0.8020833333333334,0.25,26.211944580078125,0.21515141069512783,0.2336951216567503,4.460831999949733,30.0
1424,47.466666666666534,track,1,318.5883932438285,239.47999133824166,318.61002988861355,239.4537068182699,1,0.03404438849064255,1.493470170760854,3.714782065000387,162.9746462540336,11.055812783082736,2718.038536757329,841.7766924784743,0,0.8020833333333334,0.25,52.569034576416016,0.13302939506670775,0.17161096645314086,4.201789000035205,30.0
1425,47.499999999999865,track,1,322.5300844704353,242.89187784275504,322.55881877026377,242.8996504670297,1,0.029766989682293195,3.8672375579992075,3.248354475437564,421.97939998732767,11.055812783082736,2722.1691260590437,841.7766924784743,0,0.8020833333333334,0.25,172.9769287109375,0.3295037223707816,0.3450608871239351,4.0614439999444585,30.0
1426,47.533333333333196,track,1,324.08663887575744,239.0247539645021,324.0828490906889,239.0243485124496,1,0.0038114121047946163,4.197803297261388,0.4159285920257057,458.09094870981426,10.464157913908982,2899.2028016101535,841.7766924784743,0,0.8953488372093024,0.25,182.30441284179688,0.41983647750270026,0.14708089349091033,3.9302369996221387,30.0
1427,47.56666666666653,track,1,322.63901975191254,241.0,322.6601553684236,240.9988470657886,1,0.021167039060728914,2.8414999639252856,2.309902616362024,310.07869601504024,10.464157913908982,2880.8934041719676,841.7766924784743,0,0.8953488372093024,0.25,8.675155639648438,0.3600309331675067,0.2418333432160359,4.79877799989481,30.0
1428,47.59999999999986,track,1,320.50332182916304,243.79706643658326,320.5057329074655,243.8063338833582,1,0.009575952605711239,3.8397842915057407,1.0448246949969229,418.9524772819717,11.055812783082736,2728.632883587479,841.7766924784743,0,0.8020833333333334,0.25,160.86900329589844,0.25710030295946495,0.3906796997852586,4.466773999865836,30.0
1429,47.63333333333319,track,1,320.2151075106649,239.02895678028182,320.2054266274731,239.02905083178757,1,0.009681340044568438,0.9924426363913355,1.0564994884781465,108.28426214352783,11.055812783082736,2728.662124702032,841.7766924784743,0,0.8020833333333334,0.25,114.15440368652344,0.2298243993619338,0.15059718241554515,3.977471999860427,30.0
1430,47.66666666666652,track,1,323.0455624110109,244.27751650343012,323.044341628515,244.26190850558407,1,0.01565566691854896,5.237545232365936,1.7081599702151866,571.4923849054953,11.055812783082736,2729.8563234757994,841.7766924784743,0,0.8020833333333334,0.25,151.1134796142578,0.3882738604997594,0.42212782421988243,3.94738100021641,30.0
1431,47.699999999999854,track,1,320.4615184719996,241.20373337953137,320.4338194224472,241.1926149730541,1,0.029847216096349133,1.2690664936264195,3.2570688473074725,138.46819131669184,11.055812783082736,2717.9208217925493,841.7766924784743,0,0.8020833333333334,0.25,44.379661560058594,0.23681057587374363,0.2758326912198309,4.908287000034761,30.0
1432,47.733333333333185,track,1,318.22761563995346,238.23589257231538,318.2145910353581,238.22488539031292,1,0.017052811513059644,2.5176808869569003,1.8607911095178433,274.7236971938953,11.055812783082736,2735.3760977774155,841.7766924784743,0,0.8020833333333334,0.25,267.4606018066406,0.1368290523126926,0.11966026281046128,4.054015999827243,30.0
1433,47.76666666666652,track,1,319.14879235372626,244.17359107934732,319.1409379782259,244.16664189522066,1,0.010487248186572267,4.254279285644355,1.1443567034646656,464.179264045069,11.055812783082736,2737.328201103323,841.7766924784743,0,0.8020833333333334,0.25,142.46444702148438,0.16956563935354368,0.4230042991118441,3.8429219998761255,30.0
1434,47.79999999999985,track,1,323.60973922068933,239.92526921247241,323.62953066861337,239.92873488304122,1,0.02009259275009707,3.63023023943388,2.1926405690850426,396.15755649375683,11.055812783082736,2729.8150669324773,841.7766924784743,0,0.8020833333333334,0.25,225.20326232910156,0.3953876394770948,0.21587966366235717,3.8627889998679166,30.0
1435,47.83333333333318,track,1,322.26106099192816,239.29835541934648,322.2463411463275,239.28404621981394,1,0.020528688359690992,2.357676475058999,2.240048922466901,257.282892011857,11.055812783082736,2733.4226498715166,841.7766924784743,0,0.8020833333333334,0.25,56.90229797363281,0.3349540758840327,0.1731676603302775,4.961577000358375,30.0
1436,47.86666666666651,track,1,321.34897005366105,244.48333910334082,321.32960053111856,244.461732959222,1,0.029017302893409754,4.655630845734933,3.166270146556854,507.97392352689354,11.055812783082736,2723.3039166097897,841.7766924784743,0,0.8020833333333334,0.25,171.08677673339844,0.29283419819434275,0.4406702222298619,3.921059999811405,30.0
1437,47.89999999999984,track,1,320.47411514967723,239.62153966122256,320.4489472211968,239.64212258859538,1,0.032512790148345704,0.5741339991796451,3.5477836392922755,62.64942613144284,11.055812783082736,2717.2145320038726,841.7766924784743,0,0.8020833333333334,0.25,71.78746032714844,0.22346610665812688,0.21794635242346755,3.8285900000119,30.0
1438,47.933333333333174,track,1,322.5300844704353,242.4449642625081,322.5581251634587,242.42153027478844,1,0.03654356640611557,3.522472600835626,3.987612774603021,384.3659837328549,11.055812783082736,2714.317453731478,841.7766924784743,0,0.8020833333333334,0.25,36.501197814941406,0.3539024789824864,0.3435188986480012,3.9347090000774188,30.0
1439,47.966666666666505,track,1,322.57623231055527,242.63855108841477,322.60056740836353,242.65747810041944,1,0.030829024777999047,3.7182174088737097,3.3640655253024003,405.7225513458416,11.055812783082736,2723.186065479592,841.7766924784743,0,0.8020833333333334,0.25,14.91385269165039,0.36449995234987376,0.3611719248067897,4.783662000136246,30.0
1440,47.99999999999984,track,1,320.5384815280004,237.37004634241413,320.5640486438979,237.35010383268116,1,0.03242500747518701,2.709261997344319,3.538218758100011,295.6044452413497,11.055812783082736,2719.491420491553,841.7766924784743,0,0.8020833333333334,0.25,268.3069152832031,0.26439491826773714,0.08788565973335347,11.791722999987542,30.0
1441,48.03333333333317,track,1,318.4783154975954,242.59655127594124,318.4504043419531,242.61856530375212,1,0.03554785548731518,3.0427176920398296,3.8789803788793464,332.0001592245313,11.055812783082736,2716.9791020743137,841.7766924784743,0,0.8020833333333334,0.25,164.43743896484375,0.15178676309364905,0.34745625339009195,4.521628000020428,30.0
1442,48.0666666666665,track,1,319.66826486976805,239.9087728391862,319.68729251399316,239.91357414201616,1,0.019624060579350375,0.3244308874521091,2.141500011904574,35.4038541554493,11.055812783082736,2729.951805821656,841.7766924784743,0,0.8020833333333334,0.25,16.230871200561523,0.21785727992043988,0.214615589298791,3.9880509998511116,30.0
1443,48.09999999999983,track,1,322.2326769097598,239.57204068383467,322.22074197891686,239.59780629497766,1,0.02839558578013555,2.2568683420357467,3.098282947677111,246.2847896199735,11.055812783082736,2726.107408178935,841.7766924784743,0,0.8020833333333334,0.25,68.98400115966797,0.3290581751379666,0.20716834262164702,3.874820999953954,30.0
1444,48.13333333333316,track,1,322.60555339301936,243.622161671208,322.6276891344004,243.64357972197308,1,0.03080136271438179,4.492262612250011,3.3609830953377053,490.17159648623493,11.055812783082736,2727.995212486698,841.7766924784743,0,0.8020833333333334,0.25,184.50460815429688,0.3534625020162826,0.3935931759863889,4.699791999883018,30.0
1445,48.166666666666494,track,1,319.29001769453197,240.14915195718785,319.2749908564051,240.13986504990123,1,0.017665008096264576,0.7383769298129975,1.9276417752253043,80.57664395691691,11.055812783082736,2730.7285378122483,841.7766924784743,0,0.8020833333333334,0.25,57.88936996459961,0.1839228595562332,0.21267867586987566,3.9678859998275584,30.0
1446,48.199999999999825,track,1,321.29446580550393,240.65991273167148,321.2790495166797,240.67719684951066,1,0.023160368964899387,1.4472605982012345,2.5271807201192282,157.92964535293976,11.055812783082736,2726.322833822079,841.7766924784743,0,0.8020833333333334,0.25,6.7589569091796875,0.2818377341460713,0.242836545543332,3.906394999830809,30.0
1447,48.23333333333316,track,1,322.9336529739536,243.33173513023195,322.93690593089457,243.3127465652234,1,0.019265184399427503,4.4271555486929834,2.101996178542871,483.0758741734651,11.055812783082736,2729.951805821656,841.7766924784743,0,0.8020833333333334,0.25,117.36624908447266,0.3704155864564632,0.38377621339097423,3.852379999898403,30.0
1448,48.26666666666649,track,1,322.626475292897,237.65137694003718,322.64779732017814,237.67100555999582,1,0.028981227870097246,3.526336023454506,3.1623880746082897,384.79004248773697,11.055812783082736,2727.593418014804,841.7766924784743,0,0.8020833333333334,0.25,186.89659118652344,0.3645410488960893,0.0922894677884149,4.667614000027243,30.0
1449,48.29999999999982,track,1,320.3402930877967,241.6306575022695,320.3198052728238,241.6525672774642,1,0.02999647998422755,1.6832272630489669,3.2731275183151762,183.65474791738202,11.055812783082736,2727.8292567954886,841.7766924784743,0,0.8020833333333334,0.25,61.45773696899414,0.23427952201483546,0.28765949429148563,4.395880000174657,30.0
1450,48.33333333333315,track,1,319.62624908076305,243.4850110308431,319.6477359183824,243.46636221309484,1,0.028451056119046685,3.484215403153146,3.1045524624560996,380.1564695977464,11.055812783082736,2721.216840806374,841.7766924784743,0,0.8020833333333334,0.25,124.41400146484375,0.22954747854168295,0.3894071166564075,4.004715999599284,30.0
1451,48.36666666666648,track,1,320.8967697535378,238.12800550561315,320.90227576562586,238.12112636801066,1,0.008811282725447636,2.084290690431766,0.9614481899127877,227.4203756045293,11.055812783082736,2739.9209259676736,841.7766924784743,0,0.8020833333333334,0.25,141.3548583984375,0.27147181094442785,0.11624980730309079,4.161421999924642,30.0
1452,48.399999999999814,track,1,321.5200086617583,244.5260285838025,321.5447181191265,244.55284774830704,1,0.036466763883735764,4.807762128768673,3.9791397101706654,524.5749219680345,11.055812783082736,2714.9053500827304,841.7766924784743,0,0.8020833333333334,0.25,179.8932647705078,0.3030128256567629,0.4441948521230087,4.788716000348359,30.0
1453,48.433333333333145,track,1,318.81798595251433,240.7848924893351,318.8269113695675,240.7956295183725,1,0.013962337272903962,1.4174495636020648,1.5235134511644186,154.6739282977031,11.055812783082736,2734.971178499368,841.7766924784743,0,0.8020833333333334,0.25,67.77918243408203,0.16001177336718664,0.26298669496638827,3.9224189999913506,30.0
1454,48.46666666666648,track,1,319.70998230546803,239.9709982305468,319.7261816913515,239.97342137586088,1,0.01637961343299022,0.2751052333421923,1.7874577485176748,30.021470307786025,11.055812783082736,2729.149625545055,841.7766924784743,0,0.8020833333333334,0.25,34.17654800415039,0.20992596096206423,0.2212197404428702,3.8766889997532417,30.0
1455,48.49999999999981,track,1,322.2529261866713,243.67243985660605,322.2388931605159,243.69054726439094,1,0.022908601872806085,4.31657059422272,2.4996783296696385,470.99490543625785,11.055812783082736,2731.770821102224,841.7766924784743,0,0.8020833333333334,0.25,136.50042724609375,0.3229841408120723,0.4128954950862138,3.852456999993592,30.0
1456,48.53333333333314,track,1,324.47411514967723,239.44500281592514,324.4467613115096,239.41884331974597,1,0.03784906475527633,4.484576819337848,4.130018805305092,489.3887294440926,11.055812783082736,2714.082295190977,841.7766924784743,0,0.8020833333333334,0.25,238.5614776611328,0.4475168502483483,0.2009808810955636,5.505704999904992,30.0
1457,48.56666666666647,track,1,322.0990413962086,240.92571895284357,322.09567272514573,240.93133759101283,1,0.0065511097996284766,2.29330195991573,0.7148121120791551,250.25474940911982,11.055812783082736,2738.403225664172,841.7766924784743,0,0.8020833333333334,0.25,1.286921739578247,0.34002844172027474,0.2722575672204268,4.208755000036035,30.0
1458,48.5999999999998,track,1,318.51164901664146,243.54769829263023,318.52694257799,243.57184143342,1,0.028579437816643797,3.8636704561898862,3.1184038847779574,421.56825154127,11.055812783082736,2724.271393181194,841.7766924784743,0,0.8020833333333334,0.25,224.04771423339844,0.15622548062238892,0.41133689075405777,3.9129470001171285,30.0
1459,48.633333333333134,track,1,320.6078668683812,238.8115409552626,320.62493669439834,238.81516220800904,1,0.017449711507886982,1.3395471120253803,1.9042271307739431,146.16096994577757,11.055812783082736,2736.254356333161,841.7766924784743,0,0.8020833333333334,0.25,115.14790344238281,0.2562427032166119,0.1707977600895393,4.616704999989452,30.0
1460,48.666666666666465,track,1,322.1891880249839,242.6774499246177,322.15370983941693,242.6696191129546,1,0.03633212438635332,3.430063014093732,3.9647972509587377,374.2735537409922,11.055812783082736,2739.0860627948055,841.7766924784743,0,0.8020833333333334,0.25,54.184730529785156,0.33815153947496057,0.3656209118902721,4.183727000054205,30.0
1461,48.6999999999998,track,1,320.4468604203227,241.9332277532851,320.3856979698771,241.89449020313157,1,0.0723978116824401,1.9333535770077928,7.900182981029795,210.94584431844484,11.055812783082736,2754.950716574288,841.7766924784743,0,0.8020833333333334,0.25,10.408693313598633,0.22735598265392215,0.33336222119734044,3.9408060001733247,30.0
1462,48.73333333333313,track,1,319.31697789225154,239.61639836874866,319.26578923244995,239.62285814228164,1,0.05159464668336204,0.8254098569981406,5.6303741634676845,90.07149275144377,11.055812783082736,2748.5250843336203,841.7766924784743,0,0.8020833333333334,0.25,75.39983367919922,0.18540880469808238,0.2337039095427831,4.034729000068182,30.0
1463,48.76666666666646,track,1,319.9254786958772,244.48926168707953,319.92315486811367,244.46423997512727,1,0.025129390054207973,4.464901312438939,2.7418211728302104,487.1564687105837,11.055812783082736,2739.0798251186643,841.7766924784743,0,0.8020833333333334,0.25,133.79942321777344,0.21174991044427313,0.4675284441456359,4.799538000042958,30.0
1464,48.79999999999979,track,1,322.4365705418337,237.78895642053536,322.40647197286205,237.79706194199105,1,0.031170873138396015,3.262521025770536,3.4015552150723147,356.0015842240136,11.055812783082736,2735.6119365581008,841.7766924784743,0,0.8020833333333334,0.25,279.77667236328125,0.3351420261177932,0.12631287281988138,4.40790399989055,30.0
1465,48.83333333333312,track,1,322.5180286908198,238.91108430620773,322.53287491474816,238.91489776185654,1,0.01532817043605795,2.755522128560115,1.6727049332269317,300.69468103303143,11.055812783082736,2738.8500872563354,841.7766924784743,0,0.8020833333333334,0.25,53.888511657714844,0.34629054435905626,0.1682161742634126,3.929703000267182,30.0
1466,48.866666666666454,track,1,321.8967697535378,243.5072476235537,321.90190884562423,243.5193577052721,1,0.013155392305045971,4.000391970135165,1.435397304126675,436.4923070008213,11.055812783082736,2743.097646948802,841.7766924784743,0,0.8020833333333334,0.25,159.78707885742188,0.3218220422797162,0.40002119677046033,3.8259930001913744,30.0
1467,48.899999999999785,track,1,320.5357343109769,239.76812594349795,320.56659690625804,239.7853801139462,1,0.035358254840181236,0.6058826203737278,3.8583912571710473,66.11692318396496,11.055812783082736,2729.221458411376,841.7766924784743,0,0.8020833333333334,0.25,32.99455261230469,0.2550967431291326,0.22274380592841,5.35449700009849,30.0
1468,48.93333333333312,track,1,322.4116354234001,241.71454427925016,322.3976620674688,241.73677620874855,1,0.026258586504328288,2.9606038216981494,2.8651661285590255,323.0632375566388,11.055812783082736,2736.319452900156,841.7766924784743,0,0.8020833333333334,0.25,27.186885833740234,0.3541172102942186,0.3079462673760188,4.297033000057127,30.0
1469,48.96666666666645,track,1,324.16326530612247,242.43491392328602,324.16165463416587,242.4185606627757,1,0.016432388550373347,4.813398484813017,1.7929078872683966,525.2500641324104,11.055812783082736,2731.435644593435,841.7766924784743,0,0.8020833333333334,0.25,72.95978546142578,0.4561959934062324,0.3492631777690759,3.855057999771816,30.0
1470,48.99999999999978,track,1,320.019130583312,237.4696814416261,320.0593552978919,237.5138712104066,1,0.05975586438088269,2.486837230265186,6.520368141994023,271.3338736040543,11.055812783082736,2771.0860606735537,841.7766924784743,0,0.8020833333333334,0.25,266.492431640625,0.25162020179273825,0.09088743968251436,12.565345999973943,30.0
1471,49.03333333333311,track,1,318.41073351423523,242.91109962527457,318.4184417921489,242.924559408758,1,0.015510748525290323,3.3248118894421954,1.692421023805066,362.778176079554,11.055812783082736,2745.6346067399827,841.7766924784743,0,0.8020833333333334,0.25,241.63333129882812,0.1622167481469701,0.3629336438059677,3.950551999878371,30.0
1472,49.06666666666644,track,1,319.42795931616536,241.9792252759143,319.40298507896046,241.97864292610745,1,0.02498102590495862,2.066749778028033,2.7261141856813422,225.50229009911112,10.464157913908982,2887.7400547044795,841.7766924784743,0,0.8953488372093024,0.25,24.10397720336914,0.2013363473677249,0.32217681150828575,4.056794999996782,30.0
1473,49.099999999999774,track,1,322.9628786251343,239.07424274973147,322.9637262599118,239.0707087206531,1,0.003634260068131629,3.106003159296706,0.396530677805854,338.9446577153029,11.055812783082736,2744.1825883750907,841.7766924784743,0,0.8020833333333334,0.25,155.04031372070312,0.37899563105328005,0.1723485097573823,4.484948000026634,30.0
1474,49.133333333333105,track,1,320.5888028382296,244.8172457058798,320.6099570085902,244.82631719166068,1,0.023017184404659705,4.8647081296669485,2.511735806262635,530.7800402504615,11.055812783082736,2724.835981302361,841.7766924784743,0,0.8020833333333334,0.25,190.96591186523438,0.25962350329362444,0.4700338855146251,3.8638830001218594,30.0
1475,49.16666666666644,track,1,319.4611389994807,239.51666089665918,319.4335831080209,239.53845501251192,1,0.03513275736325513,0.730651675557255,3.8336843751437772,79.72846561505841,11.055812783082736,2715.458023277015,841.7766924784743,0,0.8020833333333334,0.25,97.66972351074219,0.1955116760173176,0.23248245216555968,3.8440349999291357,30.0
1476,49.19999999999977,track,1,321.18297595841454,239.46991552956464,321.17309212364864,239.44296333130978,1,0.028707336700728125,1.2986281149089522,3.1322662652353714,141.7112802656737,11.055812783082736,2719.020288537724,841.7766924784743,0,0.8020833333333334,0.25,51.89787673950195,0.2776139623958527,0.19993544001146363,4.545093000160705,30.0
1477,49.2333333333331,track,1,322.3741717552293,243.45732103416915,322.3535666418601,243.43048498507142,1,0.033834069044907676,4.160228740162852,3.691810493909805,453.9400632449625,11.055812783082736,2719.726986468468,841.7766924784743,0,0.8020833333333334,0.25,127.14419555664062,0.340561785507968,0.4051125982494693,4.1081340000346245,30.0
1478,49.26666666666643,track,1,322.56365525301936,238.16622657027835,322.58834486978276,238.15793713985818,1,0.026044036411707397,3.176904900314865,2.842066600064347,346.6666551732643,11.055812783082736,2724.055836304525,841.7766924784743,0,0.8020833333333334,0.25,156.21847534179688,0.3574862687560907,0.13462169178989608,3.8637860002381785,30.0
1479,49.29999999999976,track,1,319.2400517352878,242.07449881439965,319.2288511910531,242.06986313517268,1,0.012121951701329015,2.2088467316423595,1.322802704173424,241.00808178409673,11.055812783082736,2730.3986080591703,841.7766924784743,0,0.8020833333333334,0.25,96.93195343017578,0.18851396019470087,0.328652663107093,3.895127000305365,30.0
1480,49.333333333333094,track,1,320.30669602383114,242.11190260328974,320.2884635909661,242.1077642824879,1,0.018696184296185497,2.127411928575366,2.0402482400493276,232.1184292450905,11.055812783082736,2726.6317291862283,841.7766924784743,0,0.8020833333333334,0.25,15.924154281616211,0.22069592124803727,0.33537169794676164,4.6653190001961775,30.0
1481,49.366666666666426,track,1,322.5049846791248,239.03314487937507,322.5080885959777,239.03038530190315,1,0.00415325988271649,2.688988856064466,0.4531988693785485,293.43558495233077,11.055812783082736,2740.259905492606,841.7766924784743,0,0.8020833333333334,0.25,99.54158782958984,0.34910108115665617,0.1763956523933255,4.006827000011981,30.0
1482,49.39999999999976,track,1,321.60973922068933,243.0124551312546,321.63161785435295,243.0122779634588,1,0.02187935098248311,3.425783903252351,2.3876365580432406,373.7955104240834,10.464157913908982,2877.292084470195,841.7766924784743,0,0.8953488372093024,0.25,66.79905700683594,0.30905898215110295,0.3787887525266662,3.879782000240084,30.0
1483,49.43333333333309,track,1,319.40700843608045,240.35717066839715,319.38321225311165,240.336999598165,1,0.031195038038040045,0.7028483861224788,3.4039805347661125,76.69688589495438,11.055812783082736,2724.128874521174,841.7766924784743,0,0.8020833333333334,0.25,59.58249282836914,0.19503880134159077,0.2281970477185978,3.937655999834533,30.0
1484,49.46666666666642,track,1,319.0,239.23589257231538,319.00063254752354,239.2233646304826,1,0.012543900626807117,1.2656610139586095,1.3686405932173107,138.10905691333272,10.464157913908982,2893.9782078834455,841.7766924784743,0,0.8953488372093024,0.25,63.01995849609375,0.16484998304029427,0.18228554865840968,5.057138999745803,30.0
1485,49.49999999999975,track,1,321.85128447867805,242.91324927922886,321.86025897773084,242.91820622509658,1,0.010252460464878625,3.4607067249942784,1.1187777741810832,377.6101925764292,11.055812783082736,2735.5780665094658,841.7766924784743,0,0.8020833333333334,0.25,112.80145263671875,0.30576598178648684,0.36903420892277433,3.9356029997179576,30.0
1486,49.53333333333308,track,1,324.356800207442,239.24063269804228,324.3370827437968,239.2290020994642,1,0.022892120825371166,4.405079396466179,2.4980426585749944,480.7122274075464,11.055812783082736,2730.1189923329316,841.7766924784743,0,0.8020833333333334,0.25,190.36668395996094,0.4435580798159864,0.18184550275648806,3.896938000252703,30.0
1487,49.566666666666414,track,1,321.667719465236,240.58880283822958,321.68627996633245,240.61101711473748,1,0.028947647257071826,1.7935668483098923,3.158650842115917,195.72325522325647,11.055812783082736,2727.0513103328167,841.7766924784743,0,0.8020833333333334,0.25,3.4728047847747803,0.3185032578052714,0.2444497913488893,3.8815739999336074,30.0
1488,49.599999999999746,track,1,320.0454213084434,242.87199449438685,320.0421550250892,242.8776109285825,1,0.006497148607195322,2.877919683110997,0.7089227269314793,314.0040812603376,11.055812783082736,2735.1764705882347,841.7766924784743,0,0.8020833333333334,0.25,113.08197021484375,0.23504874481666224,0.3637039208895688,4.89680300006512,30.0
1489,49.63333333333308,track,1,322.11149825783974,238.8678539166344,322.1059094058105,238.87539643390096,1,0.009387482821342134,2.3873809093573324,1.0243140213475603,260.5184010906867,11.055812783082736,2739.685223707278,841.7766924784743,0,0.8020833333333334,0.25,68.29837799072266,0.34404278286485673,0.15922915821106853,3.959096999551548,30.0
1490,49.66666666666641,track,1,321.3986331588736,243.062286431074,321.3751153292294,243.06067321961586,1,0.023573094035005505,3.355393080691952,2.572468218687017,366.11116651021854,11.055812783082736,2730.9292080782475,841.7766924784743,0,0.8020833333333334,0.25,76.08866119384766,0.3121703121171635,0.3728104164805509,3.973394999775337,30.0
1491,49.69999999999974,track,1,321.09088952962946,242.15285966346775,321.0853439145958,242.14468719596834,1,0.009876389579724936,2.4036752237980674,1.0776535120261186,262.2697131502437,11.055812783082736,2735.342636579907,841.7766924784743,0,0.8020833333333334,0.25,9.857765197753906,0.2981273740944066,0.33528216072416644,3.9051150001796486,30.0
1492,49.73333333333307,track,1,318.80097611540623,238.32756014339395,318.811268457873,238.30793388743768,1,0.022161277858325976,2.0678903279742427,2.4180655063462964,225.636643996957,11.055812783082736,2731.770821102224,841.7766924784743,0,0.8020833333333334,0.25,210.31838989257812,0.17566402902284903,0.13787288329676017,5.086483000013686,30.0
1493,49.7666666666664,track,1,318.43634474698064,243.80468377992295,318.4125487114127,243.81392408435818,1,0.02552713330570011,4.131103788926744,2.7856445119803444,450.7483025703761,11.055812783082736,2719.3334013699027,841.7766924784743,0,0.8020833333333334,0.25,147.32513427734375,0.14284566558402748,0.41746912079509213,3.8967079999565613,30.0
1494,49.799999999999734,track,1,321.40320415674387,239.55107166053259,321.3805729296198,239.57618859907666,1,0.03380877168676506,1.444159865649094,3.689101479376514,157.59500432175903,11.055812783082736,2721.771851917219,841.7766924784743,0,0.8020833333333334,0.25,103.0421371459961,0.2849572540765821,0.22809146284501863,3.8650279998364567,30.0
1495,49.833333333333066,track,1,323.28584991153497,240.1574245889613,323.2716428891522,240.14740699806794,1,0.017383659346974376,3.274961987141147,1.8969214453119012,357.3879581146676,11.055812783082736,2730.964240072644,841.7766924784743,0,0.8020833333333334,0.25,130.17630004882812,0.3850109538320726,0.22324142246526407,3.948926999782998,30.0
1496,49.8666666666664,track,1,319.50332182916304,243.81777394305436,319.50521954195415,243.82746543577355,1,0.009875542768047535,3.8593133280034744,1.0775076783989668,421.08318952564184,11.055812783082736,2728.632883587479,841.7766924784743,0,0.8020833333333334,0.25,130.02935791015625,0.2196910095137601,0.4218768041168597,4.573123000227497,30.0
1497,49.89999999999973,track,1,320.60555339301936,238.7508758271701,320.62576406348717,238.76295999419358,1,0.023547787441917784,1.3863075557456654,2.5695886135740977,151.26273234367648,11.055812783082736,2729.578954398037,841.7766924784743,0,0.8020833333333334,0.25,105.8535385131836,0.24659849354753768,0.1654561029740746,3.88506299987057,30.0
1498,49.93333333333306,track,1,322.74717209222,241.50664882134532,322.76026328029,241.51529545412063,1,0.01568895992203934,3.148836878880211,1.7120028434690973,343.6102386977261,11.055812783082736,2729.6678776404688,841.7766924784743,0,0.8020833333333334,0.25,61.772891998291016,0.35886026124981163,0.3012156969174335,3.87179399967863,30.0
1499,49.96666666666639,track,1,323.05396523393586,242.48668165700943,323.0500076821636,242.47009185425895,1,0.017055315046335107,3.924780328850697,1.8608889617350108,428.27091080926476,11.055812783082736,2731.7560822707533,841.7766924784743,0,0.8020833333333334,0.25,50.65034484863281,0.3851621702997472,0.35555880016587604,4.5329839999794785,30.0
1500,49.99999999999972,track,1,320.4816658729815,238.45300662366336,320.457822499224,238.42826868763245,1,0.034357996903344935,1.6370524606964538,3.74905346431874,178.61801254478604,11.055812783082736,2714.4004188885133,841.7766924784743,0,0.8020833333333334,0.25,135.48936462402344,0.23505746142332412,0.14728297476439864,11.44621699995696,30.0
1501,50.033333333333054,track,1,318.5552669177815,242.97090531237822,318.5796846530193,242.97368919021778,1,0.024575918496915716,3.2954700855700456,2.68189989345515,359.57403141196596,11.055812783082736,2726.745603984752,841.7766924784743,0,0.8020833333333334,0.25,177.079345703125,0.1543820186151641,0.3751699930202306,4.157840000061697,30.0
1502,50.066666666666386,track,1,319.7641074276846,240.09104625598138,319.7776899611913,240.08641898339556,1,0.014349106872678073,0.23851623434527072,1.5658518476452172,26.0280502853725,11.055812783082736,2730.6340379887292,841.7766924784743,0,0.8020833333333334,0.25,20.362356185913086,0.21838425573976672,0.22573175666945702,4.323225999996794,30.0
1503,50.09999999999972,track,1,323.0290582028885,238.48668165700943,323.0279692170509,238.47171767633336,1,0.015003553173444198,3.391790742401384,1.6370091827936193,370.123947029253,11.055812783082736,2736.5332752214795,841.7766924784743,0,0.8020833333333334,0.25,146.47634887695312,0.37379318092276237,0.1390736835361307,4.2769880001287675,30.0
1504,50.13333333333305,track,1,320.29001769453197,243.16158128695352,320.2755664348897,243.15435959613114,1,0.016155238270676834,3.166373528461614,1.7629164724679411,345.4771551535656,11.055812783082736,2730.7285378122483,841.7766924784743,0,0.8020833333333334,0.25,130.38160705566406,0.22213042186692225,0.37467061951999625,3.8415260000874696,30.0
1505,50.16666666666638,track,1,319.5804232117357,240.20771128131895,319.6047772923198,240.19598258767587,1,0.027031157867718408,0.4411464193872632,2.949741385417824,48.139474975731254,11.055812783082736,2724.9991914272664,841.7766924784743,0,0.8020833333333334,0.25,21.758989334106445,0.2167115787232665,0.21600434983600267,4.626147999715613,30.0
1506,50.19999999999971,track,1,321.16126114485076,239.80565964594908,321.15120265516066,239.81715491500154,1,0.015274633397702535,1.1656328231295854,1.6667132709799062,127.20192776775221,11.055812783082736,2736.149689801345,841.7766924784743,0,0.8020833333333334,0.25,15.685937881469727,0.2729684387804487,0.21059547700284992,4.211445999771968,30.0
1507,50.23333333333304,track,1,323.5213055303717,243.4916893321245,323.5441665683768,243.4823055444292,1,0.024711991627155257,4.968658628761102,2.696685938534656,542.1694269845922,11.055812783082736,2720.3563889238153,841.7766924784743,0,0.8020833333333334,0.25,199.74114990234375,0.3998382949437703,0.3918246557392757,3.8406140001825406,30.0
1508,50.266666666666374,track,1,323.0124389927871,240.49168574266832,323.0101031063534,240.48324375705056,1,0.008759194403688919,3.0486464602519736,0.9557102627657071,332.6893779080255,10.464157913908982,2875.465069794667,841.7766924784743,0,0.8953488372093024,0.25,25.65732192993164,0.386985033788834,0.21912670912959692,3.8884189998498186,30.0
1509,50.299999999999706,track,1,320.1032568945489,241.8595706234135,320.09705414857217,241.86573079781738,1,0.00874195666530461,1.8682534404302156,0.9539028129664662,203.8415035819863,11.055812783082736,2737.630000713984,841.7766924784743,0,0.8020833333333334,0.25,67.19710540771484,0.23883432595329784,0.31501444561286884,4.957024999839632,30.0
1510,50.33333333333304,track,1,319.2448450265854,242.3693424977305,319.23120075747624,242.34729680458395,1,0.025926408656716853,2.4699908024353276,2.8289179167729244,269.5004083107733,11.055812783082736,2730.995629604679,841.7766924784743,0,0.8020833333333334,0.25,72.61579895019531,0.1948826107648698,0.34796983706128787,4.398302000026888,30.0
1511,50.36666666666637,track,1,321.50998098859316,238.03318354649153,321.5213472566579,238.032603079939,1,0.011381080402959418,2.4869958014452,1.2419871275238263,271.3692011749037,11.055812783082736,2738.6632414479773,841.7766924784743,0,0.8020833333333334,0.25,173.84335327148438,0.30672672011371793,0.1243981094316621,3.928967999854649,30.0
1512,50.3999999999997,track,1,320.2983554193465,243.0124314758061,320.28046673754284,243.01339481123978,1,0.017914601637482173,3.0264186556513852,1.9549728706752263,330.2069987003419,10.464157913908982,2890.2355107141348,841.7766924784743,0,0.8953488372093024,0.25,69.61559295654297,0.22799944293191865,0.37565625628912913,4.032072999962111,30.0
1513,50.43333333333303,track,1,320.6431381024422,239.36516101145452,320.66108396466643,239.34319479253122,1,0.028364921025044284,0.9318932819251318,3.09506021490163,101.68611552837574,11.055812783082736,2726.485897125129,841.7766924784743,0,0.8020833333333334,0.25,46.60377502441406,0.25637297716719765,0.19053855674605819,5.078541999864683,30.0
1514,50.46666666666636,track,1,319.4833391033408,239.89613986498182,319.46192668669823,239.90332913075667,1,0.022587100939637717,0.546688345813042,2.4648273121959643,59.65834869772948,11.055812783082736,2726.461371486641,841.7766924784743,0,0.8020833333333334,0.25,16.5543270111084,0.19114784167658236,0.21549067435018804,3.9140170001701335,30.0
1515,50.499999999999694,track,1,321.801199361491,243.72664912205013,321.8114699908342,243.74229394579015,1,0.01871486940809001,4.157666112663513,2.042051022661803,453.6499412884104,11.055812783082736,2734.838503102339,841.7766924784743,0,0.8020833333333334,0.25,161.81076049804688,0.30580442828106996,0.40856035166216853,3.871114000048692,30.0
1516,50.533333333333026,track,1,324.1652963712281,238.00413240928071,324.15667736790306,238.00505332144166,1,0.008668061924425981,4.610615901496071,0.945920977038698,503.1277618186246,10.464157913908982,2894.46818875781,841.7766924784743,0,0.8953488372093024,0.25,263.38568115234375,0.43566978498493625,0.1162382106632606,4.154315000050701,30.0
1517,50.56666666666636,track,1,323.21186550694534,239.58042321173568,323.1990333782269,239.6050359774265,1,0.02775701285077705,3.223322995626899,3.0286271740051816,351.7519196785799,11.055812783082736,2724.9991914272664,841.7766924784743,0,0.8020833333333334,0.25,14.086282730102539,0.4023736163342234,0.20653660110804872,4.483651000100508,30.0
1518,50.59999999999969,track,1,319.37400978312627,242.56365525301936,319.3519498566052,242.58858017355874,1,0.03328501197250386,2.6684670324542945,3.631944654720443,291.1541633701783,11.055812783082736,2720.9048163530415,841.7766924784743,0,0.8020833333333334,0.25,211.4561309814453,0.21104154168265918,0.3367956755230007,3.9312779999818304,30.0
1519,50.63333333333302,track,1,319.9049300322928,238.1777395048439,319.91036530281735,238.16707996401396,1,0.01196528212707985,1.8351104155494495,1.3055559321387529,200.22532147786615,11.055812783082736,2735.5099069217517,841.7766924784743,0,0.8020833333333334,0.25,96.97242736816406,0.23729305184379618,0.1095350930664139,3.876545999901282,30.0
1520,50.66666666666635,track,1,322.5066488213453,242.10776271479148,322.5123008271182,242.1010421438816,1,0.008781300735734483,3.275062371361126,0.9581807282920952,357.3728965796685,11.055812783082736,2732.832711025341,841.7766924784743,0,0.8020833333333334,0.25,90.63720703125,0.3656640552480238,0.30482435064080293,4.41721500010317,30.0
1521,50.69999999999968,track,1,320.36098024808746,242.2199075074556,320.342221344614,242.2079781761986,1,0.022230731066812226,2.2343417543604867,2.4258577123796474,243.7855867759694,11.055812783082736,2728.300934356859,841.7766924784743,0,0.8020833333333334,0.25,46.53778839111328,0.23909945069953634,0.31656969124199386,4.074710999702802,30.0
1522,50.733333333333015,track,1,318.1619307123394,239.39444660698067,318.1538036829345,239.37345555948218,1,0.022509390974262924,1.9496150330488382,2.456011623657554,212.75251990589555,11.055812783082736,2723.2604761221883,841.7766924784743,0,0.8020833333333334,0.25,120.95393371582031,0.13479656170141796,0.1731751733893081,3.899443000136671,30.0
1523,50.766666666666346,track,1,318.52588485032277,243.5591560888966,318.55463756017184,243.58275061115023,1,0.037194351776070514,3.8633113418624916,4.058632363253156,421.5286644524592,11.055812783082736,2714.082295190977,841.7766924784743,0,0.8020833333333334,0.25,104.59835815429688,0.137017064767104,0.3893276302926526,3.9793279997866193,30.0
1524,50.79999999999968,track,1,321.95447294675574,239.24005173528778,321.95708487552497,239.22626581069585,1,0.014031175601134066,2.1044823129945134,1.530922980091999,229.65117115316036,11.055812783082736,2730.3986080591703,841.7766924784743,0,0.8020833333333334,0.25,173.61514282226562,0.3040805612506621,0.17343497838047944,4.659674000322411,30.0
1525,50.83333333333301,track,1,322.15700451904456,238.12808263395738,322.1484250473227,238.12168289734268,1,0.010703455692621338,2.853735327969027,1.167966059012343,311.3967391610681,11.055812783082736,2738.271010144905,841.7766924784743,0,0.8020833333333334,0.25,140.2445831298828,0.31749916283220747,0.10651899329317153,4.0934310000011465,30.0
1526,50.86666666666634,track,1,321.41538661243567,244.61784431655923,321.3924999723422,244.63818259925006,1,0.030617707908665363,4.842705235398809,3.3409683981749065,528.385633103449,11.055812783082736,2729.647041255991,841.7766924784743,0,0.8020833333333334,0.25,248.0746612548828,0.28365259658005504,0.43901978409877396,3.954587999942305,30.0
1527,50.89999999999967,track,1,321.5426789658309,239.3242821878654,321.5666690863404,239.30713293818576,1,0.029489364975151977,1.71304313764769,3.217904310945988,186.93451376399364,11.055812783082736,2729.4801282602853,841.7766924784743,0,0.8020833333333334,0.25,62.84619140625,0.2937132845572718,0.175407132471823,3.920558000118035,30.0
1528,50.933333333333,track,1,323.01661834076253,241.53572510494655,323.00885780706994,241.55137982439555,1,0.017472725151527414,3.385262864639514,1.9064809471931152,369.411143431289,10.464157913908982,2879.416889530125,841.7766924784743,0,0.8953488372093024,0.25,33.76716995239258,0.3771576813154963,0.28669997074447146,5.209852999996656,30.0
1529,50.966666666666335,track,1,322.3959953594294,241.92059468053108,322.3425588249538,241.9061632281589,1,0.055350971394626684,3.0201059750866617,6.040234258618618,329.55297850056047,11.055812783082736,2748.7610598720908,841.7766924784743,0,0.8020833333333334,0.25,5.338665008544922,0.3570034980891624,0.31117949029803177,4.098933000022953,30.0
1530,50.999999999999666,track,1,320.1204065005789,238.22125980875606,320.0926481184099,238.18346482557195,1,0.046893374100479626,1.8188962900009598,5.11676116908208,198.45623724756877,11.055812783082736,2745.23069362138,841.7766924784743,0,0.8020833333333334,0.25,180.94631958007812,0.23912646784915834,0.11930055580050962,12.796216999959142,30.0
1531,51.033333333333,track,1,317.9804132124909,241.42369314032902,317.9710156946139,241.37440247761515,1,0.05017850907530316,2.4506651101237136,5.47491100992201,267.4197655503377,11.055812783082736,2746.873255564328,841.7766924784743,0,0.8020833333333334,0.25,165.63009643554688,0.12754817721628225,0.2765577237031951,3.9800210001885716,30.0
1532,51.06666666666633,track,1,320.6374404531994,242.33131625252133,320.6527978167503,242.28528545634686,1,0.04852507405136557,2.3766940498399083,5.294568080713152,259.31982251657803,11.055812783082736,2746.049184737957,841.7766924784743,0,0.8020833333333334,0.25,30.872833251953125,0.2533393925687627,0.3270756977010946,3.911924000021827,30.0
1533,51.09999999999966,track,1,321.55680200198475,237.07662769124562,321.5795234719276,237.06585902441952,1,0.025144171920640085,3.33227814909718,2.743828470153853,363.59273453604345,11.055812783082736,2733.0177099705634,841.7766924784743,0,0.8020833333333334,0.25,202.8815155029297,0.2989176931815699,0.05328431958365529,4.053179000038654,30.0
1534,51.13333333333299,track,1,321.7630189327266,243.15867427982656,321.77748975815416,243.14413005568508,1,0.02051680395267546,3.6117895353142067,2.2387453885880393,394.0921057893355,11.055812783082736,2745.106375696375,841.7766924784743,0,0.8020833333333334,0.25,147.91311645507812,0.31189564163510175,0.35811703268857836,5.075331000170991,30.0
1535,51.16666666666632,track,1,319.26395154014693,237.97525454311122,319.2556744145693,237.97158524592396,1,0.009053979770056762,2.16066818176233,0.9880084297106658,235.75116803045904,11.055812783082736,2738.4705882352937,841.7766924784743,0,0.8020833333333334,0.25,117.83601379394531,0.1819588265410433,0.09146625112027953,3.9152290000856738,30.0
1536,51.199999999999655,track,1,320.5697108132569,241.73313795629875,320.6009959649914,241.74673334019235,1,0.03411151099357389,1.847234016489374,3.722395454024826,201.5518117042601,11.055812783082736,2737.6702095639835,841.7766924784743,0,0.8020833333333334,0.25,48.263301849365234,0.24240612015675478,0.2767578889322769,3.927233000013075,30.0
1537,51.233333333332986,track,1,322.7745119165625,244.38891522647933,322.7907388539247,244.36785356092287,1,0.02658772747282242,5.183277735224271,2.901125545530126,565.5661895476298,11.055812783082736,2737.6702095639835,841.7766924784743,0,0.8020833333333334,0.25,231.19569396972656,0.35749658866188005,0.42281055627099273,4.346645000168792,30.0
1538,51.26666666666632,track,1,322.5091401780722,237.06400275280657,322.56336033210846,237.06795663356115,1,0.05436412674492766,3.8945724405774302,5.932609759912301,424.9617393612864,11.055812783082736,2744.690156602221,841.7766924784743,0,0.8020833333333334,0.25,273.39654541015625,0.35304670185254494,0.05049485806532317,4.564676999962103,30.0
1539,51.29999999999965,track,1,320.2487207052247,241.6738765856805,320.25286868164176,241.701892790868,1,0.028321607677965467,1.720575962218369,3.0901258341939006,187.72933209423329,11.055812783082736,2746.6372800258573,841.7766924784743,0,0.8020833333333334,0.25,53.233924865722656,0.228627473750575,0.2783814199848656,4.125577000195335,30.0
1540,51.33333333333298,track,1,319.1689487916899,240.95467227540027,319.1695030185797,240.96810623774172,1,0.013445389977122775,1.2755214320828479,1.4670001191415494,139.18008972769766,11.055812783082736,2748.055852776087,841.7766924784743,0,0.8020833333333334,0.25,50.795433044433594,0.18033135257685465,0.2439445747324323,3.8658260000374867,30.0
1541,51.36666666666631,track,1,321.06598788503675,237.6528762297547,321.0620396844861,237.6963824628433,1,0.043685015796591876,2.5366477975704824,4.766391561062237,276.77720348299454,11.055812783082736,2753.2998451094913,841.7766924784743,0,0.8020833333333334,0.25,105.46517181396484,0.2721895392380849,0.06799261992232711,4.6192019999580225,30.0
1542,51.39999999999964,track,1,322.61955632134396,242.65470600904587,322.6402830935622,242.6954629345662,1,0.04572445805534592,3.7731439471308867,4.989085936327721,411.71603193555404,11.055812783082736,2745.98884290825,841.7766924784743,0,0.8020833333333334,0.25,146.61676025390625,0.3551710576679895,0.3184298215900898,3.959891999784304,30.0
1543,51.433333333332975,track,1,319.4867275704559,240.297854003275,319.47152630410915,240.30190392313375,1,0.01573150817332917,0.6086299582275642,1.716718428205116,66.41530285267861,11.055812783082736,2743.9842132724257,841.7766924784743,0,0.8020833333333334,0.25,40.61639404296875,0.1962710595783419,0.1857019375756319,3.9007760001368297,30.0
1544,51.466666666666306,track,1,318.8264089206527,239.14879235372626,318.8366962946161,239.14139354689405,1,0.012671716758344314,1.4458494224071472,1.382747747735969,157.77190360631545,11.055812783082736,2739.213819186487,841.7766924784743,0,0.8020833333333334,0.25,52.406288146972656,0.15321342747354483,0.1364111176012948,3.8394420002987317,30.0
1545,51.49999999999964,track,1,321.9340177842691,244.045362773315,321.9380704406974,244.04137747745744,1,0.0056838901465575105,4.482058561465403,0.6202138960442174,489.0446933018608,11.055812783082736,2737.127832160064,841.7766924784743,0,0.8020833333333334,0.25,223.24851989746094,0.3072075421081395,0.38988736656355005,4.7512920000372105,30.0
1546,51.53333333333297,track,1,325.0580536477906,240.66826486976805,325.05366069813795,240.68572015513564,1,0.017999583159467963,5.099970449234325,1.963919128042095,556.5446931832744,11.055812783082736,2729.951805821656,841.7766924784743,0,0.8020833333333334,0.25,219.0768280029297,0.4788388155619453,0.22714207032104256,4.368124000393436,30.0
1547,51.5666666666663,track,1,321.3192123332038,240.88806840264283,321.3020291965811,240.89525526321586,1,0.018625550974138285,1.5801145575765356,2.032504209399664,172.42396030557398,11.055812783082736,2729.07862198948,841.7766924784743,0,0.8020833333333334,0.25,18.528789520263672,0.3018161167555103,0.2403116537556069,3.987141000379779,30.0
1548,51.59999999999963,track,1,320.1573702601268,242.26918597126956,320.14925585544233,242.2535706391484,1,0.01759778851554828,2.2585079003659736,1.920132101123854,246.42148112679453,11.055812783082736,2730.3274554296286,841.7766924784743,0,0.8020833333333334,0.25,56.38706970214844,0.23586642924986834,0.31620684192023674,4.088810000212106,30.0
1549,51.63333333333296,track,1,320.0457241827235,236.44892833946741,320.04268525494354,236.42253583254592,1,0.026566887353492902,3.577718812372979,2.898666427830863,390.35775762484195,11.055812783082736,2724.9275304865837,841.7766924784743,0,0.8020833333333334,0.25,331.73822021484375,0.232099612688741,0.01354922648352272,4.948254999817436,30.0
1550,51.666666666666295,track,1,322.38607567567567,242.36116756756758,322.36559040175666,242.3392189322169,1,0.03002314176253648,3.326854845304385,3.2760358612906924,363.01911479091024,11.055812783082736,2726.885901672748,841.7766924784743,0,0.8020833333333334,0.25,91.36627960205078,0.3545700712529558,0.306868083951504,3.996912999809865,30.0
1551,51.699999999999626,track,1,320.1367226274222,241.50498467912476,320.1306472955873,241.5080278280377,1,0.006794881324236639,1.5136765328102366,0.7414813165860125,165.15444629605258,11.055812783082736,2730.7285378122483,841.7766924784743,0,0.8020833333333334,0.25,29.098709106445312,0.23401597551234649,0.26791290371126997,3.8570680003431335,30.0
1552,51.73333333333296,track,1,318.37816544738325,237.43634474698064,318.35748036566224,237.4135541603389,1,0.030777970129297887,3.0639146252278815,3.358392284030236,334.3146862313207,11.055812783082736,2719.3334013699027,841.7766924784743,0,0.8020833333333334,0.25,198.24404907226562,0.1415271614562395,0.05358555696306022,3.9656249996369297,30.0
1553,51.76666666666629,track,1,318.82973569234764,243.5149889691569,318.84047397773224,243.53341236060896,1,0.021324449010410373,3.7188040424873545,2.3267727488093333,405.7582872964792,11.055812783082736,2722.7893441683586,841.7766924784743,0,0.8020833333333334,0.25,177.7012176513672,0.14996318014027327,0.36040621550800767,4.838015999666823,30.0
1554,51.79999999999962,track,1,322.5083142573317,239.0663412948646,322.51853914039293,239.0632564512398,1,0.010680098024168333,2.687103994607397,1.1654739964421854,293.2303425147574,11.055812783082736,2734.945454156134,841.7766924784743,0,0.8020833333333334,0.25,162.73289489746094,0.33258368150888906,0.1356945032908878,3.941203999602294,30.0
1555,51.83333333333295,track,1,322.5049846791248,238.6644080963273,322.5109331363335,238.68087299824356,1,0.017506488462172384,2.8363499893173545,1.9101371748410212,309.5116032751933,11.055812783082736,2732.310193628508,841.7766924784743,0,0.8020833333333334,0.25,78.559326171875,0.3386363960808696,0.10502646463525836,3.9210119998642767,30.0
1556,51.86666666666628,track,1,321.689132593584,243.97927550623893,321.7039561011518,243.98216702534933,1,0.015102889106971076,4.331410926295485,1.6481281118481996,472.6045805639378,10.464157913908982,2885.7465335034926,841.7766924784743,0,0.8953488372093024,0.25,217.24362182617188,0.3034191546042959,0.37738073768331937,4.241110999828379,30.0
1557,51.899999999999615,track,1,319.26918597126956,237.92545619257152,319.2543053977138,237.93127835385758,1,0.015979018473926056,2.199015618202157,1.743707617242632,239.9351113927524,11.055812783082736,2728.750598552258,841.7766924784743,0,0.8020833333333334,0.25,157.35198974609375,0.1790183916292683,0.07003158740101267,4.2262919996574055,30.0
1558,51.933333333332946,track,1,321.9464032639038,241.0,321.9481640717022,241.00137170228822,1,0.0022320419508702945,2.190453956698221,0.243560580203696,239.02967133093037,10.464157913908982,2897.450425415754,841.7766924784743,0,0.8953488372093024,0.25,31.447216033935547,0.31431314439217084,0.22018813221468006,3.8969910001469543,30.0
1559,51.96666666666628,track,1,322.0871331633315,242.3609802480875,322.08316758744445,242.34244783896997,1,0.018951938682221506,3.1347486463310315,2.0678241332968263,342.0530175717245,11.055812783082736,2729.883016794461,841.7766924784743,0,0.8020833333333334,0.25,53.52915954589844,0.3276434385188237,0.29415032796096596,3.8852810002936167,30.0
1560,51.99999999999961,track,1,320.07460817753986,237.68913259358405,320.07031792232965,237.7061510373319,1,0.017550889361147643,2.2949265072621197,1.91496277822729,250.39489292475517,11.055812783082736,2729.550026510271,841.7766924784743,0,0.8020833333333334,0.25,148.177734375,0.22325990743059826,0.05333168430365923,12.817252999866469,30.0
1561,52.03333333333294,track,1,317.0870955199378,242.65991273167148,317.0817501875774,242.67916593472182,1,0.019981451542381096,3.961579492257885,2.18016373758762,432.2817159331963,11.055812783082736,2729.4801282602853,841.7766924784743,0,0.8020833333333334,0.25,250.08871459960938,0.06317665341940104,0.30391909911079706,3.9283070000237785,30.0
1562,52.06666666666627,track,1,320.4950367410081,240.4950367410081,320.49130032638664,240.4920014871127,1,0.004813892440958248,0.69529955704626,0.5252904634798076,75.86948290622105,11.055812783082736,2729.9043258767083,841.7766924784743,0,0.8020833333333334,0.25,16.178407669067383,0.19836289570498317,0.17253348923889752,4.648720000204776,30.0
1563,52.0999999999996,track,1,322.0949065119278,238.01650548033527,322.09131158400965,238.01569022345961,1,0.0036862108607415337,2.8828925458099692,0.40226310090741146,314.5760781422601,10.464157913908982,2898.7044213099066,841.7766924784743,0,0.8953488372093024,0.25,147.7894287109375,0.30392194072426987,0.06379097282363387,4.022784999961004,30.0
1564,52.133333333332935,track,1,321.24933985541753,243.56365525301936,321.2337585263963,243.58747446767893,1,0.028462831922822913,3.793696503109304,3.105687957239457,413.9304230305218,11.055812783082736,2724.055836304525,841.7766924784743,0,0.8020833333333334,0.25,163.15328979492188,0.2643552843167256,0.3466126922806784,3.872805999890261,30.0
1565,52.166666666666266,track,1,320.41538661243567,239.80476829215525,320.39119502978133,239.81476939279173,1,0.026177369716280745,0.43283244930614756,2.856594297918312,47.232344244647,11.055812783082736,2726.8153347943467,841.7766924784743,0,0.8020833333333334,0.25,22.5297794342041,0.2005765822230336,0.1709477036685104,3.8388459997804603,30.0
1566,52.1999999999996,track,1,321.1984923540814,239.13646349343097,321.18857257190416,239.13116765756558,1,0.011244908001262651,1.472268453082842,1.22707922947704,160.65488853090514,11.055812783082736,2734.3320770371784,841.7766924784743,0,0.8020833333333334,0.25,29.913814544677734,0.26122321852047226,0.12211319189201175,4.62962499977948,30.0
1567,52.23333333333293,track,1,322.38189129588795,243.85056427552212,322.36044457126104,243.85790336064383,1,0.0226676899494936,4.522733345451917,2.4736197682431222,493.4902780748869,11.055812783082736,2728.7031391021096,841.7766924784743,0,0.8020833333333334,0.25,163.55491638183594,0.32732104407025797,0.3665472242228097,3.9875489997029945,30.0
1568,52.26666666666626,track,1,322.6177119854564,237.43215166861447,322.6387725112404,237.40640501829967,1,0.03326312896782765,3.6999804452428053,3.629531787230601,403.7339762643037,11.055812783082736,2719.5688312994616,841.7766924784743,0,0.8020833333333334,0.25,194.6875,0.3496711043329028,0.040274704300901465,3.88159199974325,30.0
1569,52.29999999999959,track,1,320.20264506957307,240.81389738508594,320.1907867611385,240.82294923584982,1,0.014918293507668798,0.8447751375434289,1.6278881098203555,92.17256686438631,11.055812783082736,2735.678285280554,841.7766924784743,0,0.8020833333333334,0.25,53.336273193359375,0.22141105245399964,0.20479841567161733,3.8457020000350894,30.0
1570,52.333333333332924,track,1,320.5426789658309,242.39080161101728,320.5693811271749,242.36801829788396,1,0.03510106519427599,2.435509295218603,3.830201133374191,265.7361401865572,11.055812783082736,2719.726986468468,841.7766924784743,0,0.8020833333333334,0.25,59.70414733886719,0.2478171615044651,0.289314804806302,4.5833300000595045,30.0
1571,52.366666666666255,track,1,321.30669602383114,237.9088201010232,321.2900932163418,237.913724652675,1,0.01731207218772877,2.4529340251436,1.8891944502566076,267.6478979312822,11.055812783082736,2729.7857287706665,841.7766924784743,0,0.8020833333333334,0.25,107.74406433105469,0.28750267865132806,0.05863797918469306,3.81142300011561,30.0
1572,52.39999999999959,track,1,321.51164901664146,242.02489734169006,321.52368902324906,242.0233240894429,1,0.01214235898598028,2.532877535628124,1.3250601061325775,276.37499295365757,10.464157913908982,2873.2295767157443,841.7766924784743,0,0.8953488372093024,0.25,49.34857177734375,0.30074725038190514,0.2644484857700336,3.865851000227849,30.0
1573,52.43333333333292,track,1,319.84212576275587,239.57623231055524,319.8525063366196,239.59959545777974,1,0.025565464243283317,0.4267061965427469,2.789478600960594,46.558051483270695,11.055812783082736,2723.186065479592,841.7766924784743,0,0.8020833333333334,0.25,40.422603607177734,0.22281549106547704,0.1621679542721325,3.850659000363521,30.0
1574,52.46666666666625,track,1,317.8471403365323,239.1115462409089,317.8543569580179,239.10730400654666,1,0.00837115153672025,2.323938510445985,0.9134803011947014,253.59872145876568,11.055812783082736,2738.5067124053003,841.7766924784743,0,0.8020833333333334,0.25,100.99717712402344,0.10196174417493833,0.11082220720558486,4.744317999666237,30.0
1575,52.49999999999958,track,1,322.3400872683285,242.93778891433016,322.32047361300124,242.9392754557366,1,0.01966990799798463,3.7448548694616544,2.146523594491029,408.6215202600566,11.055812783082736,2729.4801282602853,841.7766924784743,0,0.8020833333333334,0.25,199.7451171875,0.3241755508772386,0.3068910257495502,3.9035859999785316,30.0
1576,52.53333333333291,track,1,323.6348389885455,238.29046898638427,323.6538108331263,238.2736373616051,1,0.025362067729278074,4.0411213250181826,2.767479441000768,440.98274845572143,11.055812783082736,2728.065095576174,841.7766924784743,0,0.8020833333333334,0.25,180.9035186767578,0.39899161024351504,0.07011486385459263,3.8680269999531447,30.0
1577,52.566666666666244,track,1,322.1818886448779,238.11161348662964,322.1726509681814,238.10441407112944,1,0.01171179978882526,2.8833415065287884,1.2779924058996106,314.62739208401536,11.055812783082736,2735.274340944837,841.7766924784743,0,0.8020833333333334,0.25,32.58046340942383,0.3357872925397924,0.04834995633145138,3.831599000022834,30.0
1578,52.599999999999575,track,1,319.50998098859316,243.19910127894917,319.5227544681836,243.18973405558995,1,0.015840033279937556,3.2252390055667224,1.7284741122876575,351.90075397716333,11.055812783082736,2724.395144855419,841.7766924784743,0,0.8020833333333334,0.25,252.06007385253906,0.22644795799897766,0.30631811808868425,4.784919000030641,30.0
1579,52.63333333333291,track,1,318.8139615003661,237.00413418888076,318.8223732019562,237.00551330446638,1,0.008524006302215385,3.217725197278151,0.9301982846568991,351.0879284633881,10.464157913908982,2896.972365618894,841.7766924784743,0,0.8953488372093024,0.25,183.5639190673828,0.15837494954950557,-0.01216667287051007,3.9668099998380058,30.0
1580,52.66666666666624,track,1,321.53428336293155,242.1871182916793,321.55967813731036,242.17830338958697,1,0.026881165611780375,2.679104617048389,2.93341563516301,292.32937005240825,11.055812783082736,2719.2558545146385,841.7766924784743,0,0.8020833333333334,0.25,122.77119445800781,0.2917511991539207,0.24649184157966994,3.925089999938791,30.0
1581,52.69999999999957,track,1,321.24865098208505,240.6974746384632,321.2346241723608,240.71192610241565,1,0.020139419093151242,1.425179154449811,2.1975613597346677,155.5192029233168,11.055812783082736,2731.602677286452,841.7766924784743,0,0.8020833333333334,0.25,7.755403995513916,0.2782363362185284,0.17513412988612007,3.8612499997725536,30.0
1582,52.7333333333329,track,1,317.2986519184238,237.49001901140684,317.2809220989534,237.47775757692716,1,0.02155665266111969,3.7087857140455482,2.352285898570328,404.6968651754218,11.055812783082736,2729.1263700892573,841.7766924784743,0,0.8020833333333334,0.25,208.4852294921875,0.06771004926849836,0.005243798251004461,4.954096999881585,30.0
1583,52.76666666666623,track,1,317.13680528565874,242.31921233320378,317.12909715876185,242.3026458157915,1,0.01827196539593099,3.680252827838238,1.9936806314045703,401.58847244992853,11.055812783082736,2729.07862198948,841.7766924784743,0,0.8020833333333334,0.25,136.49290466308594,0.03829242430190469,0.24811597003000269,3.9395219996549713,30.0
1584,52.799999999999564,track,1,322.55946144854755,239.81297891683622,322.58500683801617,239.82391515849008,1,0.0277879165216673,2.5909971485896954,3.032339511166679,282.74855466416756,11.055812783082736,2720.6692503761265,841.7766924784743,0,0.8020833333333334,0.25,233.57821655273438,0.30555120225479093,0.13353195611781626,3.900478999639745,30.0
1585,52.833333333332895,track,1,322.09952913732775,238.66408916151886,322.0931199772383,238.68343453549596,1,0.020379421664172327,2.4727506670586106,2.223597044536683,269.83125932481494,11.055812783082736,2729.7159670409706,841.7766924784743,0,0.8020833333333334,0.25,101.2401123046875,0.2878050335429488,0.06045447094271239,4.019089999928838,30.0
1586,52.86666666666623,track,1,321.31503950947797,242.01243577011098,321.2969393286746,242.01204346493887,1,0.018104431735401702,2.393819234417294,1.9756893941741316,261.19846996745537,10.464157913908982,2887.3655839785924,841.7766924784743,0,0.8953488372093024,0.25,67.49768829345703,0.25324308746046414,0.23063395037176956,4.609617999904003,30.0
1587,52.89999999999956,track,1,320.33999913618106,238.50831425733168,320.3201597790544,238.51611997848477,1,0.02131969450811572,1.5180257581398962,2.326507454256888,165.6300727686151,11.055812783082736,2730.1876446023407,841.7766924784743,0,0.8020833333333334,0.25,47.595909118652344,0.18799290859351922,0.051794093075990894,3.9151760001914226,30.0
1588,52.93333333333289,track,1,323.2983554193465,242.04143825268702,323.28289151331796,242.04045389601492,1,0.015495204023072123,3.86533682749351,1.690949918555041,421.7932582440548,11.055812783082736,2728.678493591226,841.7766924784743,0,0.8020833333333334,0.25,113.99383544921875,0.3628776227434797,0.2315846538974109,3.8878199998180207,30.0
1589,52.96666666666622,track,1,323.2983554193465,240.9212673198947,323.28384671814865,240.92684521155525,1,0.015543979085956144,3.412138818172344,1.6962350775574822,372.35295308335776,11.055812783082736,2730.257133291457,841.7766924784743,0,0.8020833333333334,0.25,14.843894958496094,0.3790780449704949,0.18088879788731746,4.239474999849335,30.0
1590,52.99999999999955,track,1,320.9381469868133,237.01237060263733,320.9394647930294,237.01350423652343,1,0.0017383149918483883,3.130774831029097,0.1896834505678448,341.5980563978506,10.464157913908982,2896.9526886022836,841.7766924784743,0,0.8953488372093024,0.25,206.6293182373047,0.2700362598021033,-0.024343747895236967,11.90546899988476,30.0
1591,53.033333333332884,track,1,317.9917166400621,242.27335087794987,317.9924673470141,242.2594955652828,1,0.013875635121672118,3.022500217094661,1.5139435421804424,329.8048281409235,10.464157913908982,2891.732589581859,841.7766924784743,0,0.8953488372093024,0.25,302.4615173339844,0.11646181681589726,0.23957834038037054,4.274729999906413,30.0
1592,53.066666666666215,track,1,320.20280232808796,239.75994826471222,320.19080752794866,239.77228329863578,1,0.01720547274203732,0.29708990020207604,1.8774170483257833,32.41726407072103,11.055812783082736,2736.726307410102,841.7766924784743,0,0.8020833333333334,0.25,11.117242813110352,0.21030185567287504,0.1270524046221502,4.49397099964699,30.0
1593,53.09999999999955,track,1,321.8678198012134,238.14457209242286,321.8735946699055,238.1369577575772,1,0.009556526751561276,2.6422118355934594,1.0427611945966586,288.31223110173113,11.055812783082736,2743.7457064644595,841.7766924784743,0,0.8020833333333334,0.25,62.68815612792969,0.30507502283580634,0.025828110724076134,3.8418009999077185,30.0
1594,53.13333333333288,track,1,321.05380469928866,243.24005173528778,321.0498633679665,243.225850195553,1,0.014738311417175824,3.3923918664486963,1.6080880045995185,370.1434001406184,11.055812783082736,2730.3986080591703,841.7766924784743,0,0.8020833333333334,0.25,154.6389617919922,0.2661458525773492,0.28629913587739697,3.843409999717551,30.0
1595,53.16666666666621,track,1,318.9127989964964,239.39863315887365,318.9167774491209,239.37809021882163,1,0.02092463790048513,1.2490567924071174,2.283060180289063,136.3003189382152,11.055812783082736,2727.759236948228,841.7766924784743,0,0.8020833333333334,0.25,71.31394958496094,0.1522087941707751,0.09565620873506717,4.41902599959576,30.0
1596,53.19999999999954,track,1,320.3944807301354,238.39863315887365,320.3730322637623,238.37667917454678,1,0.03069224881924652,1.6656300826287176,3.3490607802197454,181.7351966748612,11.055812783082736,2724.600279041965,841.7766924784743,0,0.8020833333333334,0.25,42.047760009765625,0.199564314422303,0.03769777406890146,4.0866670001378225,30.0
1597,53.23333333333287,track,1,323.58461338756433,243.01246159837308,323.6069349967879,243.01222443670736,1,0.02232286908051858,4.699305919830116,2.436036215163948,512.7855615470404,10.464157913908982,2879.5167797504087,841.7766924784743,0,0.8953488372093024,0.25,249.0028839111328,0.3855619768713624,0.2739246624382875,3.916589000255044,30.0
1598,53.266666666666204,track,1,322.0825913021035,237.1321460833656,322.0792150551342,237.1245162298885,1,0.00834348294653776,3.548456306293118,0.9103672105836998,387.1886089110016,11.055812783082736,2736.5197862277014,841.7766924784743,0,0.8020833333333334,0.25,154.1996612548828,0.31928318941876677,-0.027107263881096133,3.8160819999575324,30.0
1599,53.299999999999535,track,1,320.5149889691569,241.4111260111606,320.53299353184707,241.38912546922734,1,0.028428649686927526,1.4878681642695646,3.1020144475986444,162.34203198454153,11.055812783082736,2721.216840806374,841.7766924784743,0,0.8020833333333334,0.25,59.60822677612305,0.2429846400047171,0.18485230357098792,4.671933999816247,30.0
1600,53.33333333333287,track,1,319.24421161557365,241.01241753977493,319.229750373707,241.00995110878785,1,0.014670064694442745,1.2701518527114282,1.6008980246132722,138.5927970829626,10.464157913908982,2893.479181594204,841.7766924784743,0,0.8953488372093024,0.25,56.71125793457031,0.173871960690884,0.1682616794925526,4.145103000155359,30.0
1601,53.3666666666662,track,1,321.5361518550475,237.49667817083693,321.56174546196917,237.4927240727593,1,0.02589725095197194,2.953892595085676,2.826087866540609,322.30933960326394,11.055812783082736,2722.352937670165,841.7766924784743,0,0.8020833333333334,0.25,103.82732391357422,0.2875344865528566,-0.016391249810826583,4.017963000023883,30.0
1602,53.39999999999953,track,1,321.70886566008517,242.04542521615693,321.7029889083676,242.045083931725,1,0.0058866531928774704,2.661304099463817,0.642394761480418,290.3907172465943,11.055812783082736,2738.101132667813,841.7766924784743,0,0.8020833333333334,0.25,87.39813232421875,0.29937522251996435,0.21163344417312613,3.847427999971842,30.0
1603,53.43333333333286,track,1,319.3144540489399,241.36743645981164,319.271064287821,241.34868529354117,1,0.04726814579038341,1.5330685873450478,5.158105717890121,167.2767795626171,11.055812783082736,2741.9795836366015,841.7766924784743,0,0.8020833333333334,0.25,47.16007995605469,0.17524732190192338,0.18374165218728167,4.718586000308278,30.0
1604,53.46666666666619,track,1,317.9339269583172,238.2312556458898,317.92878639165247,238.21865448168842,1,0.013609363132233753,2.731870726629057,1.4849280323298715,298.0994227886146,11.055812783082736,2736.5197862277014,841.7766924784743,0,0.8020833333333334,0.25,128.56825256347656,0.09233337662870789,0.02195739320688278,3.9299149998441862,30.0
1605,53.499999999999524,track,1,320.3524381289682,242.42707208569084,320.3238457543075,242.4046506368079,1,0.03633517935480446,2.426359568918763,3.9648952364631906,264.7360880556606,11.055812783082736,2730.1876446023407,841.7766924784743,0,0.8020833333333334,0.25,85.31807708740234,0.18573437957643496,0.23579463917193366,4.036981999888667,30.0
1606,53.533333333332855,track,1,321.3643735173604,237.63976709079145,321.3416645974405,237.6579172663803,1,0.029071015080887316,2.6991508707637477,3.1722243622897257,294.51189981563874,11.055812783082736,2732.378453635017,841.7766924784743,0,0.8020833333333334,0.25,153.71231079101562,0.2520058085790825,-0.009433918111211581,4.062052000335825,30.0
1607,53.56666666666619,track,1,322.5728172117337,239.43962500540027,322.5974272240344,239.41419345405416,1,0.03538949716102196,2.6626673643975884,3.861609207149832,290.56747092343704,11.055812783082736,2724.748289749757,841.7766924784743,0,0.8020833333333334,0.25,71.73368835449219,0.3184403751792735,0.07261979471165368,4.86878500032617,30.0
1608,53.59999999999952,track,1,320.3185520361991,241.9627666451196,320.3002436608599,241.964963050081,1,0.01843965298792543,1.987769112364454,2.012266351522259,216.88240169823735,11.055812783082736,2736.319452900156,841.7766924784743,0,0.8020833333333334,0.25,72.18597412109375,0.1909986506691468,0.20180128325338026,3.908999000032054,30.0
1609,53.63333333333285,track,1,320.82604944130463,237.37275119720437,320.83849666527294,237.35289028322677,1,0.02343905477067454,2.7767366656399184,2.5575165464870326,302.9691050499358,11.055812783082736,2734.838503102339,841.7766924784743,0,0.8020833333333334,0.25,91.81404876708984,0.232546052389636,-0.03578304673978769,3.8788759998169553,30.0
1610,53.66666666666618,track,1,321.11329985837517,241.98352002059997,321.1126548410757,241.98252648412267,1,0.0011845514122748207,2.2734141847927796,0.1292508488796591,248.05824872463828,10.464157913908982,2906.9528914037232,841.7766924784743,0,0.8953488372093024,0.25,86.10526275634766,0.24924015124085158,0.1951751833014927,3.9369010000882554,30.0
1611,53.69999999999951,track,1,321.4845098377632,241.34794615119088,321.47943633600926,241.33136962538788,1,0.017335559631718928,1.9902956945413808,1.8914770809174406,217.17852523943472,11.055812783082736,2731.317793463237,841.7766924784743,0,0.8020833333333334,0.25,15.142775535583496,0.2720890020872188,0.16956527521478276,5.216097999891645,30.0
1612,53.733333333332844,track,1,319.7854419262242,236.04935521185897,319.8240405272136,236.04736698866918,1,0.03864977399401211,3.956547669158733,4.217747149903392,431.6911539516878,11.055812783082736,2745.9999999999995,841.7766924784743,0,0.8020833333333334,0.25,249.76315307617188,0.197424104203549,-0.1077601005650879,3.8687140004185494,30.0
1613,53.766666666666175,track,1,319.18863879957127,242.9588424437299,319.20740697617657,242.95940098839833,1,0.018776485966084822,3.0637000361567015,2.049028739016103,334.2781689898767,11.055812783082736,2742.5364785915845,841.7766924784743,0,0.8020833333333334,0.25,204.22634887695312,0.15065980414462016,0.2396524940843975,4.090171999905579,30.0
1614,53.79999999999951,track,1,321.1739805825243,237.71831715210357,321.16281392255405,237.7347336631483,1,0.019854373064195907,2.5462850970303976,2.1663927350891634,277.830385442995,11.055812783082736,2734.366552025398,841.7766924784743,0,0.8020833333333334,0.25,84.71796417236328,0.24839923262146785,-0.027366901526689594,4.585111000324105,30.0
1615,53.83333333333284,track,1,322.8717849295593,237.79320149928913,322.8787096076139,237.8041064914978,1,0.012917817974868942,3.6206238834834545,1.4095092679166474,395.08343412770404,11.055812783082736,2732.2820474956416,841.7766924784743,0,0.8020833333333334,0.25,80.02291870117188,0.3411350024076295,-0.03677429848929152,4.083459999947081,30.0
1616,53.86666666666617,track,1,320.1621832358675,243.46991552956464,320.1522600420062,243.444836281765,1,0.026971066842163025,3.4481995488306927,2.9428297667833734,376.22629159804774,11.055812783082736,2719.020288537724,841.7766924784743,0,0.8020833333333334,0.25,273.6708068847656,0.19952920117340597,0.2530024913227584,3.911858000265056,30.0
1617,53.8999999999995,track,1,320.4573210341691,238.02494478368195,320.4330843153739,238.02522129790623,1,0.024238296105040382,2.0217104012360507,2.6450622182036923,220.58658789159776,10.464157913908982,2873.31018996243,841.7766924784743,0,0.8953488372093024,0.25,63.81993865966797,0.19731757205705144,-0.021543538984715144,3.98511600042184,30.0
1618,53.93333333333283,track,1,321.80913688032155,240.6390197519125,321.81786804179706,240.65686585205026,1,0.019867472683707577,1.9329037650583576,2.1677747046446787,210.92843840480094,11.055812783082736,2728.300934356859,841.7766924784743,0,0.8020833333333334,0.25,21.347402572631836,0.29077470069797745,0.10785261542430538,4.891377999683755,30.0
1619,53.966666666666164,track,1,322.43256358043413,241.47831549759542,322.40743767814047,241.45145358273453,1,0.03678142786875541,2.8111338774528813,4.013480866286386,306.7571982039749,11.055812783082736,2712.2852101115104,841.7766924784743,0,0.8020833333333334,0.25,34.463993072509766,0.33010755018150073,0.15563550149450206,4.497894999985874,30.0
1620,53.999999999999496,track,1,319.4866816570094,236.10377929603044,319.47124582023616,236.09615258172948,1,0.017217195704247512,3.9394930698955544,1.8788021256004352,429.83158593761794,11.055812783082736,2728.5851513328744,841.7766924784743,0,0.8020833333333334,0.25,277.131103515625,0.18214022569895735,-0.12408484991513684,12.468004999846016,30.0
1621,54.03333333333283,track,1,317.5888028382296,242.2159823475966,317.61248534783635,242.20482311640671,1,0.02617994847252395,3.249841717520641,2.8568572221133635,354.61776222222215,11.055812783082736,2727.0513103328167,841.7766924784743,0,0.8020833333333334,0.25,238.2735595703125,0.07404637313022529,0.18203684730871783,3.963326999837591,30.0
1622,54.06666666666616,track,1,320.0618530131867,239.04535887633693,320.0583896491853,239.04372937747144,1,0.003827552319536328,0.9580515928921309,0.4176773922779476,104.53116811741141,11.055812783082736,2737.3629907005648,841.7766924784743,0,0.8020833333333334,0.25,16.113361358642578,0.18464744189944554,0.022863390295361274,3.8890000000719738,30.0
1623,54.09999999999949,track,1,320.9255525397441,238.20679850071087,320.92972927255505,238.19681180220323,1,0.010824936214900382,2.0287642043666168,1.1811184176445597,221.36268000693755,11.055812783082736,2733.8609450833487,841.7766924784743,0,0.8020833333333334,0.25,47.161277770996094,0.22747219511647776,-0.02729485529455218,3.8411919999816746,30.0
1624,54.13333333333282,track,1,320.7599482647122,243.04966587626643,320.7712876828914,243.0452483436943,1,0.012169511028328759,3.1414044891661,1.3279959715216927,342.7560418312736,11.055812783082736,2730.3986080591703,841.7766924784743,0,0.8020833333333334,0.25,171.70706176757812,0.21765972291805633,0.22162768909549208,4.857675000039308,30.0
1625,54.16666666666615,track,1,318.7516277866414,239.21111638135483,318.76627576587794,239.200885739363,1,0.017866989989337206,1.4699180546593371,1.9496645890462099,160.39991430195346,11.055812783082736,2736.254356333161,841.7766924784743,0,0.8020833333333334,0.25,40.07475280761719,0.10929277458113713,0.032069378305029046,3.997903999788832,30.0
1626,54.199999999999484,track,1,321.2775165034301,238.97514777581222,321.2637742317138,238.97688245447398,1,0.013851322752145,1.6260057874149723,1.5115546479990611,177.42930247472935,10.464157913908982,2891.483076437238,841.7766924784743,0,0.8953488372093024,0.25,55.133323669433594,0.23325997839995904,0.01605193673209865,3.8810440000816016,30.0
1627,54.233333333332816,track,1,323.28584991153497,242.79700513528675,323.2691875406217,242.80924604340566,1,0.02067545491703722,4.310388672515118,2.2561178979058094,470.3459801452013,11.055812783082736,2734.130576486928,841.7766924784743,0,0.8020833333333334,0.25,201.64321899414062,0.3433388851882275,0.21516156469150055,3.87251699976332,30.0
1628,54.26666666666615,track,1,322.9501794749816,237.39026077931064,322.95329346322364,237.37013316991988,1,0.02036707103533416,3.954509049664087,2.2222194277411633,431.51135804381244,11.055812783082736,2729.8150669324773,841.7766924784743,0,0.8020833333333334,0.25,166.3063507080078,0.3405156486865255,-0.05933134310109897,5.118447999848286,30.0
1629,54.29999999999948,track,1,319.51164901664146,241.9294575318781,319.5248658715509,241.93174921290552,1,0.01341406186166803,1.9893233677756272,1.4638341282588485,217.05330513220815,11.055812783082736,2732.819206232547,841.7766924784743,0,0.8020833333333334,0.25,132.9433135986328,0.19688834215939852,0.17005016166479514,3.896821000125783,30.0
1630,54.33333333333281,track,1,319.0664216216216,241.61392432432433,319.0637841267512,241.63414505091282,1,0.020392012234152018,1.8833295539405337,2.224938335874363,205.4953588687747,11.055812783082736,2731.6379573861095,841.7766924784743,0,0.8020833333333334,0.25,68.23126983642578,0.14540301637015604,0.16279561624977615,3.850980999686726,30.0
1631,54.36666666666614,track,1,320.4850110308431,235.67608253666134,320.46529923947514,235.69526253483355,1,0.027503218881070886,4.329811546275872,3.00109490955319,472.4180414047829,11.055812783082736,2725.942546550007,841.7766924784743,0,0.8020833333333334,0.25,313.5318603515625,0.1878637821427026,-0.14634464413428877,4.003127000032691,30.0
1632,54.39999999999947,track,1,320.72644849322165,242.50664882134532,320.7423997648659,242.5130001862317,1,0.01716924293581647,2.620367788474263,1.873589243204409,285.90717846253443,11.055812783082736,2731.2489191154245,841.7766924784743,0,0.8020833333333334,0.25,128.80384826660156,0.22283527122139368,0.19536655277209616,4.598013999839168,30.0
1633,54.433333333332804,track,1,319.66353684392715,238.58461338756436,319.6809493426415,238.60812667831055,1,0.029258673127678235,1.4279722215756518,3.1925564521614884,155.80458414382494,11.055812783082736,2725.2350302079512,841.7766924784743,0,0.8020833333333334,0.25,37.82579803466797,0.18317153904331068,-0.0035270432481760705,3.8970739997239434,30.0
1634,54.466666666666136,track,1,318.6974746384632,238.17819987049427,318.71529373792873,238.16864807694674,1,0.02021774136094296,2.2370337605579422,2.206222044012067,244.09260199801187,11.055812783082736,2733.1866743330465,841.7766924784743,0,0.8020833333333334,0.25,39.13963317871094,0.10885441806606684,-0.03418500981613447,3.822914000011224,30.0
1635,54.49999999999947,track,1,322.02897675822516,241.75162778664136,322.0284137728379,241.76360106757988,1,0.011986509457677489,2.6878897223300227,1.3078245877006172,293.29997562279243,11.055812783082736,2726.780856378025,841.7766924784743,0,0.8020833333333334,0.25,161.17422485351562,0.2753611381322447,0.14518439101607775,4.471269999612559,30.0
1636,54.5333333333328,track,1,322.98352143500836,236.98764107625627,322.9862656798957,236.98730941774193,1,0.002764213698680958,4.2419438062460895,0.3016506428671574,462.8707817386327,9.901487006738307,3084.3039669565546,841.7766924784743,0,1.0,0.25,155.97698974609375,0.332786192644119,-0.10252597866511555,4.110176999802206,30.0
1637,54.56666666666613,track,1,321.55107166053256,240.23277765750163,321.575507126626,240.21943875533543,1,0.027839150745012708,1.5907155853239452,3.037890225453514,173.59007447836512,11.055812783082736,2723.3483199624698,841.7766924784743,0,0.8020833333333334,0.25,29.26665687561035,0.2693787369994877,0.04158181122438444,3.868993999731174,30.0
1638,54.59999999999946,track,1,319.04147405711325,241.34008726832852,319.0387139082852,241.3199711093216,1,0.02030463677941332,1.6329098810307976,2.2154056673459697,178.17451821224242,11.055812783082736,2729.4801282602853,841.7766924784743,0,0.8020833333333334,0.25,128.92135620117188,0.14155178179028394,0.11162604519755086,3.9452830001209804,30.0
1639,54.63333333333279,track,1,319.28676566085113,237.44053855145245,319.26948121361806,237.41621951325033,1,0.02983567889673305,2.6850659770227843,3.255505437116508,292.96604349544907,11.055812783082736,2723.8199975238404,841.7766924784743,0,0.8020833333333334,0.25,84.43769836425781,0.14692148897278637,-0.09047843592218507,4.569073000311619,30.0
1640,54.666666666666124,track,1,322.09537384994167,240.33173513023195,322.08928321090866,240.31488999462317,1,0.01791241127007766,2.112879562137555,1.9544275976987335,230.57214863389126,11.055812783082736,2729.951805821656,841.7766924784743,0,0.8020833333333334,0.25,62.339141845703125,0.28938432997867586,0.03328832854458429,4.226850000122795,30.0
1641,54.699999999999456,track,1,319.8669726757026,240.45312432338804,319.87453781350155,240.42899015936723,1,0.025292077473006186,0.44696008443136725,2.7596120452821684,48.76760698272715,11.055812783082736,2723.1124811817845,841.7766924784743,0,0.8020833333333334,0.25,22.586437225341797,0.18402994627586444,0.03360150307463099,3.9187380002658756,30.0
1642,54.73333333333279,track,1,318.0578587110939,238.83055663179647,318.0565618599319,238.83946060131166,1,0.00899791620675635,2.263582006506346,0.9817482919388069,247.00728328340796,11.055812783082736,2734.4009168616712,841.7766924784743,0,0.8020833333333334,0.25,68.33001708984375,0.0762220862051461,-0.02823296757854949,3.876331999890681,30.0
1643,54.76666666666612,track,1,319.66408916151886,241.94608838394748,319.6805086525851,241.9502593806469,1,0.016940982862311476,1.9762556446154085,1.8487055300840185,215.6263124629577,11.055812783082736,2729.7159670409706,841.7766924784743,0,0.8020833333333334,0.25,64.36174011230469,0.16466694729174933,0.13321688369028745,4.817045999971015,30.0
1644,54.79999999999945,track,1,320.7016445806535,237.75551430914663,320.71805342907123,237.76812173338726,1,0.020692932425796808,2.344542881667819,2.258016934656763,255.81266076889875,11.055812783082736,2733.4226498715166,841.7766924784743,0,0.8020833333333334,0.25,104.01104736328125,0.19664038126512975,-0.07964289267155787,4.018471999643225,30.0
1645,54.83333333333278,track,1,322.42376768944473,238.86705327389967,322.3981812330044,238.8760025036038,1,0.027106373152286273,2.6485172452221946,2.957990594254323,289.01655269258885,11.055812783082736,2723.186065479592,841.7766924784743,0,0.8020833333333334,0.25,84.65170288085938,0.2880853168435364,-0.030747578172271917,4.081500999745913,30.0
1646,54.86666666666611,track,1,319.2608583135648,241.9461720940263,319.24837314716865,241.94826073334434,1,0.012658664785079203,2.0882200101973427,1.3814005051723157,227.84676691929695,11.055812783082736,2729.221458411376,841.7766924784743,0,0.8020833333333334,0.25,97.86315155029297,0.12863144335562288,0.12827788232436843,4.016435999801615,30.0
1647,54.899999999999444,track,1,320.68403274002856,237.45732103416915,320.70039809165996,237.4304701004628,1,0.03144514867070495,2.663276439165972,3.431082439945598,290.588348257156,11.055812783082736,2722.876642401099,841.7766924784743,0,0.8020833333333334,0.25,89.0602798461914,0.19866147512964552,-0.10102831833082004,4.881912000200828,30.0
1648,54.933333333332776,track,1,321.9340177842691,240.06185832724773,321.9365302568606,240.05769508344588,1,0.004862624546135384,1.9373895215960897,0.530576439808191,211.42225383453456,11.055812783082736,2737.127832160064,841.7766924784743,0,0.8020833333333334,0.25,31.015029907226562,0.2666712530718204,0.022633484334333726,4.002423000201816,30.0
1649,54.96666666666611,track,1,322.2152744835914,241.49833973004442,322.20220611340255,241.49792001897163,1,0.013075108289288997,2.663358058756565,1.4268522682198501,290.6290033643563,11.055812783082736,2729.6923182704936,841.7766924784743,0,0.8020833333333334,0.25,50.742164611816406,0.29018957294087877,0.10308421773324548,3.860713999984,30.0
1650,54.99999999999944,track,1,319.75994826471225,236.88411295537833,319.7709029918574,236.88882945399996,1,0.011926919387343395,3.1195941411404915,1.3015174891345724,340.37301119534226,11.055812783082736,2728.823529411764,841.7766924784743,0,0.8020833333333334,0.25,169.52249145507812,0.18200612848147435,-0.1350135564501972,12.123865999910777,30.0
1651,55.03333333333277,track,1,318.1860384996339,242.10335472201888,318.17725630245377,242.0964071270805,1,0.011198038343331242,2.778006016807462,1.221929194549694,303.12588998839493,11.055812783082736,2735.038774967922,841.7766924784743,0,0.8020833333333334,0.25,190.08108520507812,0.08326289033352242,0.1287277833765696,3.914013000212435,30.0
1652,55.0666666666661,track,1,319.5200086617583,239.062364660026,319.5432855049489,239.05851304842054,1,0.02359335374379331,1.0464156965490092,2.5746692469709016,114.17619718375158,11.055812783082736,2725.9192101142107,841.7766924784743,0,0.8020833333333334,0.25,16.664907455444336,0.16685897423770868,-0.02253782612304854,4.032996000205458,30.0
1653,55.09999999999943,track,1,321.6509846353603,237.42795931616533,321.67086307204386,237.4053581978069,1,0.030099215870744205,3.0860896758208023,3.2843197549152645,336.7346291153502,11.055812783082736,2724.527513865896,841.7766924784743,0,0.8020833333333334,0.25,100.97181701660156,0.2505295086111264,-0.11389264904141934,5.11417400002756,30.0
1654,55.133333333332764,track,1,320.3484422935661,242.06636996067925,320.32773262897194,242.06128409237272,1,0.02132501498321248,2.087175312608329,2.327119942708055,227.7285320563822,11.055812783082736,2729.0084506989147,841.7766924784743,0,0.8020833333333334,0.25,108.77642822265625,0.16740832058388422,0.12088233722492252,5.05236299977696,30.0
1655,55.166666666666096,track,1,319.02898175701904,238.25669556216846,319.02856682565334,238.24239950701622,1,0.014302075407234698,2.008193692141787,1.560471103993231,219.11912309534262,11.055812783082736,2729.4568883409347,841.7766924784743,0,0.8020833333333334,0.25,51.35772705078125,0.1124246801839721,-0.0720083809359636,3.9375090000248747,30.0
1656,55.19999999999943,track,1,319.5552669177815,237.89609040135082,319.5791297672663,237.90162431420913,1,0.024496117591492995,2.1401664121090276,2.673173402224917,233.51089227201234,11.055812783082736,2723.584158743155,841.7766924784743,0,0.8020833333333334,0.25,21.65751075744629,0.1551331516980449,-0.09976731192961943,4.829350999898452,30.0
1657,55.23333333333276,track,1,322.6013668411264,242.02076214369134,322.6218803761042,242.021176662249,1,0.020517722654326,3.31050023510347,2.239045421273035,361.24234713833863,10.464157913908982,2876.794347656724,841.7766924784743,0,0.8953488372093024,0.25,213.82725524902344,0.290303891387816,0.10975839108739929,4.517767999914213,30.0
1658,55.26666666666609,track,1,323.8794335455372,237.54267896583085,323.8861753204294,237.57027859242294,1,0.028411105517383715,4.583219909578071,3.099909694538056,500.12986732180065,11.055812783082736,2721.300447396428,841.7766924784743,0,0.8020833333333334,0.25,157.8484649658203,0.3698094676616339,-0.1189673631939071,3.8600030002271524,30.0
1659,55.29999999999942,track,1,319.33173513023195,240.67655824802384,319.3121608830568,240.6931237565991,1,0.025643073661946524,0.976495362384938,2.7981544696651897,106.55286100366605,11.055812783082736,2723.647058823529,841.7766924784743,0,0.8020833333333334,0.25,119.35987091064453,0.14616280336654042,0.03681154095479487,3.8628319998679217,30.0
1660,55.33333333333275,track,1,318.1080285652456,240.42795931616533,318.10165845218603,240.40325452336288,1,0.0255128424093414,1.9406995756091052,2.7836861693417863,211.7818794876033,11.055812783082736,2724.527513865896,841.7766924784743,0,0.8020833333333334,0.25,114.05399322509766,0.07635033367094399,0.00542534033425638,5.0760290000653185,30.0
1661,55.366666666666084,track,1,321.095110919664,236.19849235408142,321.09065179166396,236.18867280696668,1,0.01078458752385337,3.964307796200373,1.1767204400574962,432.5435150079366,11.055812783082736,2734.3320770371784,841.7766924784743,0,0.8020833333333334,0.25,158.33267211914062,0.2232709044842547,-0.19639613018816893,3.870043999995687,30.0
1662,55.399999999999416,track,1,320.97114269764245,242.04946966118436,320.9720486769729,242.04814295630717,1,0.0016065317856759102,2.267105687848604,0.17529538520651647,247.36746245507132,11.055812783082736,2741.228384818879,841.7766924784743,0,0.8020833333333334,0.25,138.6927032470703,0.21853657542640964,0.09751459574822126,3.8216959997043887,30.0
1663,55.43333333333275,track,1,319.1035241340638,237.73497821679678,319.0987470611569,237.75092255631193,1,0.016644590356388392,2.4229333889894122,1.8160845682415085,264.3679293550437,11.055812783082736,2728.986028481817,841.7766924784743,0,0.8020833333333334,0.25,67.57075500488281,0.1202969590713687,-0.12213990739831737,3.8117499998406856,30.0
1664,55.46666666666608,track,1,318.7640454271703,237.92510539447647,318.7661089253086,237.9173046390706,1,0.008069064968685568,2.420765819041565,0.8804097848766087,264.13712749273515,11.055812783082736,2736.4020712629217,841.7766924784743,0,0.8020833333333334,0.25,24.518808364868164,0.0936661873892376,-0.12267361767827888,4.8108070000125736,30.0
1665,55.49999999999941,track,1,321.32756014339395,243.28195050317453,321.3079847537447,243.2677328742841,1,0.02419373578402316,3.519787245517192,2.6400371950556414,384.04638027005666,11.055812783082736,2730.1876446023407,841.7766924784743,0,0.8020833333333334,0.25,285.3057556152344,0.21987096255562202,0.15364190239608838,3.948004999983823,30.0
1666,55.53333333333274,track,1,323.02696067875445,237.43214608725611,323.0048839847718,237.38974457779386,1,0.04780448119036498,3.9802966134566815,5.216048913596209,434.32620806147224,10.464157913908982,2891.1035981963482,841.7766924784743,0,0.8953488372093024,0.25,185.6999969482422,0.3138455655569343,-0.14054728290701385,3.8945910000620643,30.0
1667,55.56666666666607,track,1,320.69327531986386,239.3579028992375,320.69998275721855,239.32428710250224,1,0.034278440834051356,0.9729150940591382,3.7400777743308438,106.16259567418088,11.055812783082736,2734.0965110602633,841.7766924784743,0,0.8020833333333334,0.25,3.5188796520233154,0.20268046339528362,-0.04844627403835005,3.8713840003765654,30.0
1668,55.599999999999405,track,1,320.7925938728773,242.65155770643392,320.804592493927,242.66862816407706,1,0.02086546024509417,2.7872827914276916,2.2767224247586575,304.1193653942112,11.055812783082736,2730.5909434098726,841.7766924784743,0,0.8020833333333334,0.25,113.70104217529297,0.21034567999831483,0.12614355889715467,4.849672000091232,30.0
1669,55.633333333332736,track,1,319.4573210341691,237.60919838898272,319.43288527010463,237.63166066080498,1,0.03319126723752454,2.435292660532402,3.621781826842003,265.712483320623,11.055812783082736,2719.726986468468,841.7766924784743,0,0.8020833333333334,0.25,136.32958984375,0.1412025279196589,-0.12720119711869546,3.9092140000320796,30.0
1670,55.66666666666607,track,1,322.0083152880035,240.52000866175834,322.0063093486667,240.54357009736623,1,0.023646670812767907,2.0786403376481952,2.5800443465555194,226.83386426315604,10.464157913908982,2871.3338794753004,841.7766924784743,0,0.8953488372093024,0.25,28.552345275878906,0.2723408292046765,0.018792088414264985,4.036657000142441,30.0
1671,55.6999999999994,track,1,319.8347036287719,240.0,319.84187297955896,240.00120229926483,1,0.007269464507818199,0.1581315911419481,0.793293937817006,17.256489957327076,10.464157913908982,2894.46818875781,841.7766924784743,0,0.8953488372093024,0.25,19.217357635498047,0.1723544454688029,-0.0045240261119893765,4.65894000035405,30.0
1672,55.73333333333273,track,1,317.601056231332,237.43634474698064,317.62319862512777,237.41247079427012,1,0.03256149905995075,3.51347294939062,3.553012085666456,383.37920178871565,11.055812783082736,2720.9048163530415,841.7766924784743,0,0.8020833333333334,0.25,172.54864501953125,0.04086857499080672,-0.13990444580505657,4.238288000124157,30.0
1673,55.76666666666606,track,1,319.25762887936634,240.56784833138553,319.2415091171017,240.59020533690614,1,0.02756233718892994,0.9610675101949442,3.0074545238269246,104.87177217817539,11.055812783082736,2725.871432640465,841.7766924784743,0,0.8020833333333334,0.25,23.76239585876465,0.11240134311229404,0.015180568637001391,4.0320080001947645,30.0
1674,55.79999999999939,track,1,321.07837408155376,237.07424912989302,321.0739695492571,237.06894660795206,1,0.006893231730252742,3.121615700205134,0.7521613139593658,340.6004210613291,11.055812783082736,2739.5803753119667,841.7766924784743,0,0.8020833333333334,0.25,109.14871215820312,0.2005197697657366,-0.16852329857690157,3.949813999952312,30.0
1675,55.833333333332725,track,1,322.5133183429906,238.47323358989883,322.52774884397513,238.44751110097968,1,0.029493826385533804,2.966434897279719,3.218149276347037,323.703570216616,11.055812783082736,2717.573232054018,841.7766924784743,0,0.8020833333333334,0.25,85.65966033935547,0.2785920059817042,-0.10892754192236384,4.858352000155719,30.0
1676,55.866666666666056,track,1,319.9834017722066,241.63483898854548,319.9836693498148,241.65402689940834,1,0.019189776472310748,1.6541075158833616,2.0937582618004402,180.47637482636108,10.464157913908982,2878.7852949106064,841.7766924784743,0,0.8953488372093024,0.25,126.62300872802734,0.15466172983389828,0.05178522568739334,4.014181999991706,30.0
1677,55.89999999999939,track,1,319.56365525301936,238.23271719838968,319.58644550749773,238.21785394794006,1,0.0272086734905778,1.8295004425092802,2.969054366855545,199.61495714088827,11.055812783082736,2725.6354571019947,841.7766924784743,0,0.8020833333333334,0.25,25.21318244934082,0.15230448577430064,-0.12098130865958256,3.984510999998747,30.0
1678,55.93333333333272,track,1,321.8636774387883,239.14871552132192,321.870573112431,239.1397955360835,1,0.01127459319177689,2.0588820968407973,1.2302301482015887,224.67348487722953,11.055812783082736,2741.91776925645,841.7766924784743,0,0.8020833333333334,0.25,30.446184158325195,0.24956015906410164,-0.07954216773419515,3.903774000264093,30.0
1679,55.96666666666605,track,1,322.69330397616886,240.8300738246341,322.70932081922365,240.8404542786543,1,0.019086463452071968,2.8366851598277583,2.082746523256874,309.5552495087657,11.055812783082736,2731.3668385057667,841.7766924784743,0,0.8020833333333334,0.25,67.82891845703125,0.3018502790636728,0.007488092963410506,4.958532999808085,30.0
1680,55.99999999999938,track,1,319.6675468594433,235.43634474698064,319.68765901421466,235.41092780584154,1,0.03241172112702278,4.599689173694209,3.536619697997574,501.86328576323984,11.055812783082736,2724.055836304525,841.7766924784743,0,0.8020833333333334,0.25,235.3562469482422,0.1705581607946638,-0.2748125628108996,11.840196999855834,30.0
1681,56.03333333333271,track,1,318.5216845024046,241.66309951908497,318.54933208746274,241.68224323202776,1,0.03362842108669893,2.2213463674466434,3.6695708191012146,242.38504737766613,11.055812783082736,2721.697448497673,841.7766924784743,0,0.8020833333333334,0.25,216.2391815185547,0.09004510325399445,0.03611175721403224,5.613002999780292,30.0
1682,56.066666666666045,track,1,318.1573159687783,239.25253352882834,318.15064909428065,239.2401873685917,1,0.01403121121484815,1.9993533973093824,1.5309788795236428,218.17864298700587,11.055812783082736,2731.2697193372874,841.7766924784743,0,0.8020833333333334,0.25,37.7529182434082,0.05968292271840922,-0.08274104372001372,4.2864450001616206,30.0
1683,56.099999999999376,track,1,321.1528596634677,236.08262684511772,321.14605104974476,236.07909735589078,1,0.007669062200270923,4.084961511838725,0.8368732606895737,445.7082153953982,11.055812783082736,2735.342636579907,841.7766924784743,0,0.8020833333333334,0.25,149.2723388671875,0.2057739741030112,-0.25362054093828534,4.18229800015979,30.0
1684,56.13333333333271,track,1,320.941971417469,243.68913259358405,320.9448689872229,243.70609051251677,1,0.01720368928478017,3.8246417204729646,1.8770693862841763,417.3035380582501,11.055812783082736,2729.550026510271,841.7766924784743,0,0.8020833333333334,0.25,353.6800537109375,0.1961358807606322,0.1349999290846163,5.139437000252656,30.0
1685,56.16666666666604,track,1,318.1860384996339,237.07854958873435,318.1752092760321,237.0761950893177,1,0.011082226821420953,3.4465194533049153,1.2093648214324948,376.0615920496558,11.055812783082736,2733.4591971434356,841.7766924784743,0,0.8020833333333334,0.25,143.0855712890625,0.050309496376081744,-0.19672412625530739,4.135237999889796,30.0
1686,56.19999999999937,track,1,320.55107166053256,239.18289673089413,320.5754758734081,239.17115413191914,1,0.027082360250946173,1.0090381330304257,2.955328898100986,110.10050573565789,11.055812783082736,2721.771851917219,841.7766924784743,0,0.8020833333333334,0.25,18.435306549072266,0.16407542640763778,-0.09561337272682034,3.9427599999726226,30.0
1687,56.2333333333327,track,1,322.93362430318484,242.35262088933064,322.9367214173003,242.33294434438312,1,0.01991879858113384,3.7505948857240643,2.1733095208790907,409.26451515372315,11.055812783082736,2730.354967871402,841.7766924784743,0,0.8020833333333334,0.25,215.27476501464844,0.29127160397617047,0.07264681062178896,3.834297000139486,30.0
1688,56.26666666666603,track,1,321.6306575022695,235.91285177019842,321.6514338295274,235.91694078428463,1,0.021174886316651716,4.404384889215024,2.310744796105381,480.565630700607,11.055812783082736,2729.4110657175206,841.7766924784743,0,0.8020833333333334,0.25,229.09056091308594,0.23545576526709916,-0.2559663158045638,4.914291000204685,30.0
1689,56.299999999999365,track,1,319.84299548095544,240.12808263395738,319.85108155766443,240.11990435042412,1,0.011500824235419024,0.1911903651293217,1.2549422927198877,20.862649726534492,11.055812783082736,2738.271010144905,841.7766924784743,0,0.8020833333333334,0.25,45.950111389160156,0.15636676415002787,-0.05515543885881567,3.9767779999237973,30.0
1690,56.333333333332696,track,1,318.4933511786547,240.58138330023314,318.4847914937807,240.60391912275736,1,0.024106669242873344,1.6311269491218072,2.6302895274325153,177.9963116838695,11.055812783082736,2723.371057540762,841.7766924784743,0,0.8020833333333334,0.25,81.32141876220703,0.07489969049566869,-0.0218189941775703,3.8815440002508694,30.0
1691,56.36666666666603,track,1,319.626475292897,237.0747049414206,319.6483304874232,237.06902138407622,1,0.02258212460919926,2.9520005238953564,2.464300774542046,322.08769406274024,11.055812783082736,2729.17509017905,841.7766924784743,0,0.8020833333333334,0.25,83.07325744628906,0.1448963091391216,-0.20356168889868353,3.8198239999474026,30.0
1692,56.39999999999936,track,1,320.84653272845105,242.65573558003888,320.85413475508517,242.67513095072195,1,0.020831975731542322,2.808179442869513,2.272988950200169,306.39989133376326,11.055812783082736,2730.8269189483426,841.7766924784743,0,0.8020833333333334,0.25,164.6919708251953,0.18678684340302226,0.08243661549145874,5.059992000042257,30.0
1693,56.43333333333269,track,1,319.49667817083696,238.64383088869715,319.4945938334788,238.66255783584393,1,0.018842585057806786,1.4297506550514787,2.0558813211820386,156.00070843992444,11.055812783082736,2730.2096724411713,841.7766924784743,0,0.8020833333333334,0.25,36.52522277832031,0.1160017739978137,-0.11556788666544346,3.9197569999487314,30.0
1694,56.46666666666602,track,1,318.9379337097539,236.22757639756907,318.94189899803905,236.21741543050302,1,0.010907280270603581,3.9277886597610348,1.1900993942196956,428.5586942346016,11.055812783082736,2731.104897847847,841.7766924784743,0,0.8020833333333334,0.25,140.43380737304688,0.08064643368111143,-0.248693110852096,3.8581389999308158,30.0
1695,56.49999999999935,track,1,320.7931301986812,241.7765806145757,320.8039786466459,241.7887878842514,1,0.016331143749847305,1.9611587796777574,1.7819982594061097,213.98451562298237,11.055812783082736,2734.4997739785767,841.7766924784743,0,0.8020833333333334,0.25,145.162353515625,0.17120628350746409,0.030137420913370655,4.101289000118413,30.0
1696,56.533333333332685,track,1,322.94618137910214,237.50166026995558,322.94892934515565,237.50203797709173,1,0.0027738024644730153,3.86471196217934,0.30269682749028565,421.7146433599532,11.055812783082736,2739.197950003308,841.7766924784743,0,0.8020833333333334,0.25,145.47381591796875,0.28792935399721864,-0.18796186204335008,5.0958230003743665,30.0
1697,56.566666666666016,track,1,320.30746743476203,239.0371437169511,320.2697906508474,239.03335326874821,1,0.03786697167356644,1.0035900050939321,4.132316955897499,109.50111139631758,11.055812783082736,2741.3351395300465,841.7766924784743,0,0.8020833333333334,0.25,8.948715209960938,0.14500112581706062,-0.1168954065803424,3.874950999943394,30.0
1698,56.59999999999935,track,1,318.08291575656347,241.8314274701272,318.04960993685586,241.8396176282015,1,0.03429805119357955,2.681084559725989,3.742819098917435,292.55530724864144,11.055812783082736,2748.5267126352046,841.7766924784743,0,0.8020833333333334,0.25,185.00213623046875,0.04208338791741663,0.029183031507383675,3.900340999734908,30.0
1699,56.63333333333268,track,1,320.23935873805135,237.13991169788676,320.20146181033283,237.13165974410504,1,0.03878494387927452,2.8754065251039145,4.232465999278227,313.7301374802088,11.055812783082736,2744.588235294117,841.7766924784743,0,0.8020833333333334,0.25,85.27422332763672,0.13312765680986724,-0.20970612446192222,4.194955000002665,30.0
1700,56.66666666666601,track,1,321.6355321627335,239.2319340782605,321.64760479328515,239.21961729598888,1,0.017246783293214003,1.82307397534382,1.8819260112461236,198.94084934574843,11.055812783082736,2733.2535487512487,841.7766924784743,0,0.8020833333333334,0.25,30.110910415649414,0.21818068207052121,-0.10994587162141077,4.575637000016286,30.0
1701,56.69999999999934,track,1,321.0704511115908,240.51495791064104,321.0603194991079,240.5320756820313,1,0.0198913968557334,1.1863313076866309,2.17041075049378,129.456627139794,11.055812783082736,2733.1866743330465,841.7766924784743,0,0.8020833333333334,0.25,26.848285675048828,0.19467713266582734,-0.043297612787081996,3.9574419997734367,30.0
1702,56.73333333333267,track,1,317.8818448782173,236.51662636033856,317.8817420532753,236.5360353096744,1,0.019409221707460914,4.060303942401979,2.117701139739594,443.03307824196423,11.055812783082736,2732.12478440993,841.7766924784743,0,0.8020833333333334,0.25,189.90438842773438,0.028341830940573715,-0.2520645209694432,3.874782999901072,30.0
1703,56.766666666666005,track,1,318.69807418896215,240.9710482099005,318.7112125453132,240.97421430466534,1,0.013514457579438144,1.6155700587633817,1.4747832615987637,176.29157062993002,11.055812783082736,2733.8609450833487,841.7766924784743,0,0.8020833333333334,0.25,84.63313293457031,0.05866516208378124,-0.02963201202030019,4.731591000108892,30.0
1704,56.799999999999336,track,1,321.52307891779753,237.54321894718646,321.54477023017034,237.56712898404885,1,0.03228316736653334,2.8818703031669757,3.5226345816172855,314.4511770310637,11.055812783082736,2720.5491550547517,841.7766924784743,0,0.8020833333333334,0.25,89.91493225097656,0.19955607912225176,-0.20593123135912322,4.112028000236023,30.0
1705,56.83333333333267,track,1,320.9460837257528,237.48170389251305,320.9486142078863,237.45806177976442,1,0.023777149430636857,2.7131750461218247,2.594282381597998,296.0355462310162,11.055812783082736,2734.2367048482715,841.7766924784743,0,0.8020833333333334,0.25,20.27978515625,0.17381852851834606,-0.2196104854722305,3.919411999959266,30.0
1706,56.866666666666,track,1,320.80078682287837,241.52596083178418,320.8104209850346,241.55114699286423,1,0.0269659005116409,1.7500969020189265,2.94226231824296,190.95686220752916,11.055812783082736,2719.7261001629986,841.7766924784743,0,0.8020833333333334,0.25,134.4595947265625,0.16946952957582204,-0.014484922029779385,3.861849000259099,30.0
1707,56.89999999999933,track,1,319.3456513302574,236.86339528265276,319.33030273582244,236.86965550983132,1,0.01657618157042984,3.2011796345685335,1.8088697012846022,349.27703225902997,11.055812783082736,2734.66858143536,841.7766924784743,0,0.8020833333333334,0.25,77.4093017578125,0.09468282577182187,-0.2533109181268826,5.273570000099426,30.0
1708,56.93333333333266,track,1,321.5085191735323,240.0082819307251,321.52523529263544,240.00776681877164,1,0.016724053880409984,1.5252550676442802,1.8250522376746987,166.44712467490123,10.464157913908982,2881.043057041164,841.7766924784743,0,0.8953488372093024,0.25,48.78104019165039,0.20570460994617853,-0.09844238233642148,4.084462000264466,30.0
1709,56.96666666666599,track,1,321.36864132545196,240.62307459981878,321.3517605764107,240.64226375226895,1,0.025557450184825994,1.4965825681922018,2.788738696970027,163.31282376402388,11.055812783082736,2733.0177099705634,841.7766924784743,0,0.8020833333333334,0.25,32.23320770263672,0.2048406849222218,-0.06174511944286814,3.8864970001668553,30.0
1710,56.999999999999325,track,1,320.27905774945094,234.80155893372378,320.2688875205645,234.81334761008566,1,0.01556940737369649,5.193617574727607,1.698875433026091,566.6654697125272,11.055812783082736,2739.793989410217,841.7766924784743,0,0.8020833333333334,0.25,252.78805541992188,0.13840698579553692,-0.3657444543301025,12.494700999923225,30.0
1711,57.033333333332656,track,1,317.42296229104574,240.87145263703513,317.4077264414627,240.87707947201488,1,0.016241686624404634,2.7366312507390176,1.7723751401598877,298.63600464424337,11.055812783082736,2728.371515208293,841.7766924784743,0,0.8020833333333334,0.25,230.5806427001953,-0.0004961445521668717,-0.06460007683721294,3.91163799986316,30.0
1712,57.06666666666599,track,1,319.6499978426889,239.34378910126418,319.67453755261386,239.3246098312418,1,0.031145493442764165,0.7497184036115333,3.3985977653832924,81.80302120983728,11.055812783082736,2731.435644593435,841.7766924784743,0,0.8020833333333334,0.25,2.673337936401367,0.12080576189974535,-0.13879963957735125,3.862251000100514,30.0
1713,57.09999999999932,track,1,321.2963858543115,237.38136361673648,321.28676480330864,237.35911360393015,1,0.02424103323460243,2.9376937580320903,2.644964698086886,320.5368328735407,11.055812783082736,2730.8951609443966,841.7766924784743,0,0.8020833333333334,0.25,68.92659759521484,0.1863189671188039,-0.24295320980209895,5.210628999975597,30.0
1714,57.13333333333265,track,1,320.18863879957127,242.9053376205788,320.2082087657909,242.90987383696324,1,0.02008882368195724,2.9173132566105,2.1922212027756314,318.3025114057503,11.055812783082736,2747.2882057674856,841.7766924784743,0,0.8020833333333334,0.25,205.09938049316406,0.12111949535769799,0.04323558805806586,3.9340829998764093,30.0
1715,57.16666666666598,track,1,319.94630410463816,238.50662593580586,319.96868900677555,238.51410985311168,1,0.02360281470377728,1.4862200062293955,2.5756678455696487,162.15851353267885,11.055812783082736,2745.4585688894254,841.7766924784743,0,0.8020833333333334,0.25,36.09404754638672,0.11910572818541099,-0.17187015020911062,3.885117000208993,30.0
1716,57.199999999999314,track,1,319.6222923602404,238.92528859872886,319.64159696429783,238.93038018195784,1,0.01996476790728235,1.1280688326290484,2.1786780982536675,123.08354997746704,11.055812783082736,2728.9391146405796,841.7766924784743,0,0.8020833333333334,0.25,10.53868293762207,0.11660829723677915,-0.1513252759398646,3.9008250000733824,30.0
1717,57.233333333332645,track,1,322.5216845024046,240.83362939214072,322.54746323376594,240.84272657560564,1,0.027336820180762157,2.68323629384764,2.9831372641998892,292.8094706682765,11.055812783082736,2716.9791020743137,841.7766924784743,0,0.8020833333333334,0.25,90.31947326660156,0.24947264258174995,-0.049877922332695106,4.8653930002728885,30.0
1718,57.26666666666598,track,1,322.8595706234135,236.87609172654132,322.8673673683006,236.88210552151008,1,0.009846571015390443,4.235925117821741,1.0744593802303968,462.21096548793815,11.055812783082736,2742.389720333391,841.7766924784743,0,0.8020833333333334,0.25,156.79672241210938,0.2798366107456463,-0.25263862026111605,3.8664050002807926,30.0
1719,57.29999999999931,track,1,319.67243985660605,239.04146330929038,319.6901309912996,239.0382051083593,1,0.017988666433425757,1.0104792012402304,1.963045022347569,110.25321426602214,11.055812783082736,2730.1876446023407,841.7766924784743,0,0.8020833333333334,0.25,55.791114807128906,0.14183996287677222,-0.14927889072289785,3.837691000171617,30.0
1720,57.33333333333264,track,1,317.5216845024046,239.67141804947792,317.5505214733166,239.69138724803565,1,0.03507619965760101,2.46884322778057,3.8275538651907004,269.4176991798152,11.055812783082736,2721.697448497673,841.7766924784743,0,0.8020833333333334,0.25,151.33677673339844,0.008994690839935815,-0.10079760960992108,4.6600499999840395,30.0
1721,57.36666666666597,track,1,321.0907723385052,235.91335367688143,321.0877257521188,235.91787823896584,1,0.005454663203675026,4.224555051568272,0.5951803185934242,460.9381807175331,11.055812783082736,2740.45679243696,841.7766924784743,0,0.8020833333333334,0.25,127.31864929199219,0.1848255724959651,-0.31702353424317287,4.233073000250442,30.0
1722,57.3999999999993,track,1,320.9545160873498,242.1943403540509,320.9549545580387,242.18457737283325,1,0.009772822458285094,2.3841804683819365,1.0662934929222874,260.14059251238336,11.055812783082736,2731.411764705882,841.7766924784743,0,0.8020833333333334,0.25,210.19960021972656,0.1801344337740347,-0.0001534445735780765,3.888641999765241,30.0
1723,57.433333333332634,track,1,318.90899297625714,237.2151075106649,318.91294310671856,237.20404384941617,1,0.011747686192983416,2.999843910142371,1.2817922815085827,327.3146191338718,11.055812783082736,2733.3898131295196,841.7766924784743,0,0.8020833333333334,0.25,74.6052017211914,0.0731535267325028,-0.2527711259110397,3.8818240000182413,30.0
1724,57.466666666665965,track,1,317.1984923540814,238.02067628688349,317.18890516329793,238.01884130524445,1,0.00976121840418114,3.439076032125277,1.0652096030355727,375.2752865959965,10.464157913908982,2896.223826185032,841.7766924784743,0,0.8953488372093024,0.25,68.71031951904297,-0.027065106058230065,-0.22098717590302067,4.676890000155254,30.0
1725,57.4999999999993,track,1,320.59286827072873,241.51666089665918,320.61626344378715,241.5381715022097,1,0.03178113077887403,1.65703114103461,3.467909811734347,180.79980886287663,11.055812783082736,2720.1574061233587,841.7766924784743,0,0.8020833333333334,0.25,162.91848754882812,0.13573630919993643,-0.041655301213428864,4.061517000081949,30.0
1726,57.53333333333263,track,1,322.7516277866414,237.81372083998102,322.76502516651567,237.82511217249726,1,0.0175855691972491,3.51788306139994,1.9189242495590522,383.8713483009118,11.055812783082736,2734.66858143536,841.7766924784743,0,0.8020833333333334,0.25,169.3247833251953,0.25041032373897176,-0.22833298926441367,3.928395000002638,30.0
1727,57.56666666666596,track,1,320.9419914540982,238.70581380292631,320.9435761423226,238.72299243424072,1,0.017251568352039524,1.5877922595122085,1.882287012060387,173.25172439505272,11.055812783082736,2728.9140595681406,841.7766924784743,0,0.8020833333333334,0.25,2.2229297161102295,0.16622853284090833,-0.18780238102996596,3.959131000101479,30.0
1728,57.59999999999929,track,1,318.6719297486698,240.5149889691569,318.68865138820706,240.5350711134156,1,0.026132465380085512,1.4163107985407262,2.8514687337305906,154.5543994605948,11.055812783082736,2725.942546550007,841.7766924784743,0,0.8020833333333334,0.25,77.29102325439453,0.049328354706324615,-0.09400831825878506,4.974438999852282,30.0
1729,57.63333333333262,track,1,319.4833391033408,237.0,319.4644305954412,237.0008636086436,1,0.0189282194323859,3.0465806539557936,2.065586581369476,332.40815615243935,10.464157913908982,2873.572251490483,841.7766924784743,0,0.8953488372093024,0.25,66.01354217529297,0.08486693824429495,-0.27525083834804465,3.9705779995529156,30.0
1730,57.666666666665954,track,1,322.4950153208752,240.28587458461007,322.4893576483571,240.26930805492975,1,0.01750597509340925,2.5038826509810788,1.9100774322864322,273.24164664713516,11.055812783082736,2733.8946009484575,841.7766924784743,0,0.8020833333333334,0.25,109.9753189086914,0.24170233251293055,-0.12594222953181058,3.8292939998427755,30.0
1731,57.699999999999285,track,1,319.0907723385052,241.06189023079898,319.0860456008495,241.0593275476167,1,0.005376745666145561,1.399102389700685,0.5867266010161439,152.6648534396649,11.055812783082736,2737.294117647058,841.7766924784743,0,0.8020833333333334,0.25,68.66493225097656,0.07162105602959565,-0.0649935094650945,3.946809999888501,30.0
1732,57.73333333333262,track,1,318.7848924893351,236.83453268410392,318.79749194791907,236.8441323463892,1,0.015839819209833492,3.3772068729093996,1.7284453088941616,368.4885992713819,11.055812783082736,2734.971178499368,841.7766924784743,0,0.8020833333333334,0.25,131.02268981933594,0.04980438809108456,-0.28064523559009297,4.997290000119392,30.0
1733,57.76666666666595,track,1,318.7599482647122,240.0,318.7711264532186,239.99814550317956,1,0.011330977748696897,1.2288749460940245,1.2365142846828237,134.10393266285612,10.464157913908982,2893.7286947388247,841.7766924784743,0,0.8953488372093024,0.25,20.491897583007812,0.040217501379029415,-0.12318346546328358,4.011643000012555,30.0
1734,57.79999999999928,track,1,321.50998098859316,238.19495333563776,321.5219295140214,238.1837423903719,1,0.016384521770977916,2.3696120252440935,1.7878514241065186,258.5626010219444,11.055812783082736,2724.395144855419,841.7766924784743,0,0.8020833333333334,0.25,71.2044677734375,0.17843522522814415,-0.21603503214147707,3.9837409999563533,30.0
1735,57.83333333333261,track,1,320.12800550561315,236.11561787603767,320.1224746162127,236.10830139535256,1,0.009171784296191272,3.893625310816555,1.0007796586758333,424.8257450502097,11.055812783082736,2739.9209259676736,841.7766924784743,0,0.8020833333333334,0.25,75.99639129638672,0.10384997865540427,-0.33316235247527093,3.930385000330716,30.0
1736,57.86666666666594,track,1,320.29001769453197,242.0248586595313,320.2729610731792,242.02526470971202,1,0.017061453886490933,2.043576495234776,1.8618719480177688,222.97126121580249,10.464157913908982,2890.7345370033763,841.7766924784743,0,0.8953488372093024,0.25,202.7267303466797,0.10342065127630556,-0.034621521351655304,4.8720159998083545,30.0
1737,57.899999999999274,track,1,319.8554279075771,235.8636891700013,319.8643518338697,235.86869777488778,1,0.010233405268266988,4.133528577401118,1.1166972642178397,451.00111882958333,11.055812783082736,2743.7457064644595,841.7766924784743,0,0.8020833333333334,0.25,118.4264144897461,0.1026543455085025,-0.3507098315432081,3.871670000080485,30.0
1738,57.933333333332605,track,1,322.49833973004445,238.78886541032387,322.4984509369849,238.79933566706632,1,0.010470847302699446,2.7719761768276183,1.1424532370693046,302.4884692694546,11.055812783082736,2729.6923182704936,841.7766924784743,0,0.8020833333333334,0.25,68.1357192993164,0.23570423695519502,-0.2121577297311616,3.877039999679255,30.0
1739,57.96666666666594,track,1,321.20771128131895,241.41957678826432,321.1966283801614,241.39655237806778,1,0.025552967791745606,1.8390970678282694,2.788126518479175,200.67531634462216,11.055812783082736,2724.9991914272664,841.7766924784743,0,0.8020833333333334,0.25,117.80066680908203,0.17982405489118813,-0.0745741374720083,4.314277000048605,30.0
1740,57.99999999999927,track,1,319.59299156391955,236.09967553536666,319.6143560604769,236.09572860558433,1,0.02172602052505734,3.923271131255576,2.3708901070901387,428.0610014933916,11.055812783082736,2727.287285871287,841.7766924784743,0,0.8020833333333334,0.25,146.50628662109375,0.12175937510590319,-0.3472896178694881,12.112290999994002,30.0
1741,58.0333333333326,track,1,316.55107166053256,240.20368045031393,316.5768580077738,240.19377163984518,1,0.027624630838291028,3.428621960401962,3.014534922313331,374.15638623157986,11.055812783082736,2721.771851917219,841.7766924784743,0,0.8020833333333334,0.25,238.53846740722656,-0.0633385608173227,-0.1538296278527213,4.46773600015149,30.0
1742,58.06666666666593,track,1,319.9793805575841,238.9340177842691,319.9796475667483,238.9381446089119,1,0.0041354534849637236,1.0620504192937967,0.45121141424712874,115.8782111399678,10.464157913908982,2898.5744718727246,841.7766924784743,0,0.8953488372093024,0.25,9.146011352539062,0.1006973994246736,-0.20625057040803307,4.178222000064125,30.0
1743,58.09999999999926,track,1,320.310867406416,238.03730408876993,320.2939063990832,238.03377345647846,1,0.017324581787744858,1.9880713749437486,1.890572646638915,216.91534408843603,11.055812783082736,2729.550026510271,841.7766924784743,0,0.8020833333333334,0.25,21.637170791625977,0.09749035072943528,-0.2544920770817427,3.958257000249432,30.0
1744,58.133333333332594,track,1,321.5804232117357,242.35310917824225,321.6040872548929,242.33209861285582,1,0.031645391392775106,2.830508763701992,3.4531086799045307,308.8487939549907,11.055812783082736,2724.9991914272664,841.7766924784743,0,0.8020833333333334,0.25,186.42041015625,0.1796026188222396,-0.028451408985910948,3.9072829999895475,30.0
1745,58.166666666665925,track,1,319.0082527401676,237.09490651192777,319.00849520366023,237.09025181303514,1,0.004661009582307425,3.0740390811943277,0.5085536554830532,335.4084676317795,10.464157913908982,2898.7044213099066,841.7766924784743,0,0.8953488372093024,0.25,121.47587585449219,0.048692021408455036,-0.29145312215548724,4.645223999887094,30.0
1746,58.19999999999926,track,1,319.85875021637526,237.51666089665918,319.8660668066127,237.53705704293975,1,0.021668762673521136,2.4665818676913207,2.3642832604535884,269.12396513436164,11.055812783082736,2724.8812720369237,841.7766924784743,0,0.8020833333333334,0.25,28.25113868713379,0.09524803532547656,-0.2779146585870124,4.342309000094247,30.0
1747,58.23333333333259,track,1,322.02076753342277,242.41119716177042,322.01934993425675,242.38763009475133,1,0.023609664022972383,3.1270675762357607,2.5760047798817514,341.2133932593434,10.464157913908982,2879.765969900532,841.7766924784743,0,0.8953488372093024,0.25,206.84341430664062,0.20195289701861402,-0.02428538695034424,3.9832669999668724,30.0
1748,58.26666666666592,track,1,321.867637554397,236.7890473523202,321.87362180908667,236.799434132457,1,0.01198734773839197,3.7086494247861217,1.3079734360059032,404.66168630041386,11.055812783082736,2733.625379106434,841.7766924784743,0,0.8020833333333334,0.25,131.17095947265625,0.20389469551788839,-0.3073744488197019,4.042989000026864,30.0
1749,58.29999999999925,track,1,318.50998098859316,239.6183892153474,318.52047367918794,239.6409273299014,1,0.024860876162483364,1.5224753910613484,2.7126064970938746,166.14214393697492,11.055812783082736,2724.395144855419,841.7766924784743,0,0.8020833333333334,0.25,89.95938873291016,0.03449639675397122,-0.14741057669332921,4.788506000295456,30.0
1750,58.33333333333258,track,1,317.48614403309915,238.4917036590096,317.46906696054634,238.48422987682534,1,0.01864091808660992,2.950115441217014,2.0341766814567728,321.9233241011828,11.055812783082736,2721.9272946292494,841.7766924784743,0,0.8020833333333334,0.25,88.80664825439453,-0.028443353343019034,-0.2240019911592705,3.9580570000907755,30.0
1751,58.366666666665914,track,1,319.68500129522494,236.50664882134532,319.70125571124254,236.51354556429555,1,0.017657041184606027,3.4992302985525834,1.9268146553548562,381.79451853675437,11.055812783082736,2731.2489191154245,841.7766924784743,0,0.8020833333333334,0.25,62.78007125854492,0.0902027049834532,-0.3339896973917964,3.9188860000649584,30.0
1752,58.399999999999245,track,1,321.54047177541077,241.49833973004442,321.5627980715044,241.49721485883583,1,0.022354615462957816,2.1642527915695715,2.439499970669798,236.15919486389086,11.055812783082736,2723.4099340652915,841.7766924784743,0,0.8020833333333334,0.25,199.44204711914062,0.16959017975768112,-0.08182127139988413,4.483555000206252,30.0
1753,58.43333333333258,track,1,318.1611500882366,238.86777428657513,318.15396082757434,238.87444119408292,1,0.009804750103248487,2.1621154575340116,1.0698789673335307,235.93467856801337,11.055812783082736,2738.0353078845096,841.7766924784743,0,0.8020833333333334,0.25,35.275882720947266,-0.005049594967239293,-0.21102895231219299,6.336142999771255,30.0
1754,58.46666666666591,track,1,317.6766141222198,236.83416108831784,317.6958936754063,236.84325500167256,1,0.021316670264699796,3.908189470777743,2.3261572748259915,426.44108852584657,11.055812783082736,2728.8429197290843,841.7766924784743,0,0.8020833333333334,0.25,74.28524780273438,-0.04222718536063988,-0.3209877773976686,4.8334309999518155,30.0
1755,58.49999999999924,track,1,321.3400872683285,241.1617488227416,321.32306802708604,241.15263545719517,1,0.01930564694724165,1.7547300366383622,2.1066916250189722,191.47444617357635,11.055812783082736,2729.4801282602853,841.7766924784743,0,0.8020833333333334,0.25,188.18524169921875,0.13923067004911016,-0.10184335829595688,3.9829540000937413,30.0
1756,58.53333333333257,track,1,322.2432885185344,235.8536145354581,322.2329210895148,235.88119272531094,1,0.029462520938255944,4.68513713332186,3.214666862386217,511.2065734013318,11.055812783082736,2740.5220950302023,841.7766924784743,0,0.8020833333333334,0.25,204.85208129882812,0.19303311983099591,-0.3756965377953543,4.911002999961056,30.0
1757,58.5666666666659,track,1,320.6575112830432,239.8012465076295,320.6733311662531,239.83961889341413,1,0.04150552608483924,0.6921683023639978,4.5287021734913635,75.5338094772654,11.055812783082736,2744.985451256565,841.7766924784743,0,0.8020833333333334,0.25,39.704917907714844,0.12055702998619885,-0.17149391218458093,3.9728930000819673,30.0
1758,58.599999999999234,track,1,319.9335668872454,239.53289217594394,319.9362781318539,239.56657861405574,1,0.033795368913319954,0.43808055683158326,3.687349542954629,47.798276035440196,11.055812783082736,2726.4142241113773,841.7766924784743,0,0.8020833333333334,0.25,19.56218147277832,0.09036661620917052,-0.1683252796566336,3.913955000371061,30.0
1759,58.633333333332565,track,1,319.465398746488,235.98755132915497,319.4404774819111,235.9953970378108,1,0.026127085034960536,4.043502236060114,2.8511349974990066,441.17994180351997,10.464157913908982,2876.929809513256,841.7766924784743,0,0.8953488372093024,0.25,100.77301788330078,0.06292705194304912,-0.37847335424755335,3.8681430000906403,30.0
1760,58.6666666666659,track,1,322.4740391682158,241.31957113829924,322.44776996633755,241.304429065048,1,0.030320840187364438,2.7736461551261553,3.308687614164896,302.6688978680502,11.055812783082736,2727.593418014804,841.7766924784743,0,0.8020833333333334,0.25,186.51573181152344,0.2216952266377963,-0.10957974428782342,5.063575999884051,30.0
1761,58.69999999999923,track,1,319.80138787121246,239.66897978535408,319.8104205951511,239.6912080871782,1,0.02399348877791261,0.36234347816265866,2.6179476946939957,39.536498761243,11.055812783082736,2737.434234025513,841.7766924784743,0,0.8020833333333334,0.25,29.32693862915039,0.10266462025037092,-0.1688208181141011,3.8920020001569355,30.0
1762,58.73333333333256,track,1,317.84663874616814,236.41034497646905,317.8548483932932,236.38669341858326,1,0.025035864202031795,4.202101839206933,2.731665055973467,458.5041668842271,11.055812783082736,2731.130999725082,841.7766924784743,0,0.8020833333333334,0.25,190.75714111328125,-0.012100863431242531,-0.354836488889843,3.8190979998944385,30.0
1763,58.76666666666589,track,1,319.5494254852175,241.50144166630804,319.57189990666825,241.49870685295764,1,0.022640203700650095,1.558650673182687,2.470660221706841,170.0635472639207,11.055812783082736,2729.047248172633,841.7766924784743,0,0.8020833333333334,0.25,108.54464721679688,0.0901535335954796,-0.09548849994624543,3.982813999755308,30.0
1764,58.79999999999922,track,1,320.1939393939394,238.07014829142489,320.1862031800317,238.06299194957433,1,0.010538606848497402,1.9459372578959993,1.1499565166058419,212.3176775226374,11.055812783082736,2738.638655593731,841.7766924784743,0,0.8020833333333334,0.25,29.18238067626953,0.08787771958933245,-0.2656621423427872,4.5094560000507045,30.0
1765,58.833333333332554,track,1,320.4917029438386,238.446877289772,320.4817134049756,238.41499760917122,1,0.03340815651758426,1.6565869682772867,3.6451552088540358,180.74961722711043,11.055812783082736,2724.819262592127,841.7766924784743,0,0.8020833333333334,0.25,11.342658996582031,0.08655773590288922,-0.24942445973282756,4.016941999907431,30.0
1766,58.866666666665886,track,1,319.59327309671005,241.48722493623276,319.615138389217,241.45830230364732,1,0.03625754669151975,1.5082321002675763,3.956244337248282,164.56210155526944,11.055812783082736,2722.864850313286,841.7766924784743,0,0.8020833333333334,0.25,69.16840362548828,0.0847663772825712,-0.08931141010012407,3.936548000183393,30.0
1767,58.89999999999922,track,1,318.80252839082925,236.00891364902506,318.8110875069942,235.98074766780383,1,0.029437747326867787,4.191408143558629,3.211941639588748,457.3226976190234,10.464157913908982,2911.1946148622756,841.7766924784743,0,0.8953488372093024,0.25,177.76910400390625,0.01907353037301593,-0.36885887132646855,4.143813000155205,30.0
1768,58.93333333333255,track,1,320.4447330822185,238.24522665281205,320.41905256850464,238.23016786746007,1,0.0297700487215533,1.8187662940964073,3.2485803334616667,198.44383518324238,11.055812783082736,2723.584158743155,841.7766924784743,0,0.8020833333333334,0.25,15.372038841247559,0.07574653501748531,-0.2647547822213193,4.345451000062894,30.0
1769,58.96666666666588,track,1,322.120618690698,240.52168450240458,322.11496398882014,240.54860378844546,1,0.02750679214808846,2.184957388761322,3.0012337236718714,238.43605284889878,11.055812783082736,2723.2757017172908,841.7766924784743,0,0.8020833333333334,0.25,114.00697326660156,0.18806466750984574,-0.14819876445186642,3.96171400007006,30.0
1770,58.99999999999921,track,1,319.5888028382296,236.2741314411803,319.61008546040466,236.25712448399872,1,0.02724310186492584,3.763130409176603,2.9727627435216895,410.5884179840625,11.055812783082736,2725.4708689886365,841.7766924784743,0,0.8020833333333334,0.25,96.51313018798828,0.08501382160021256,-0.3683572764111648,12.54219100019327,30.0
1771,59.03333333333254,track,1,318.1901890692967,240.91317455532106,318.17886981670836,240.91617334873604,1,0.011709749830998714,2.038599703087897,1.2778396507669751,222.45910465024411,11.055812783082736,2734.8032089910075,841.7766924784743,0,0.8020833333333334,0.25,139.03045654296875,-0.011813901467398913,-0.13510206680407916,3.912568000032479,30.0
1772,59.066666666665874,track,1,319.0165810268146,238.31503950947797,319.015491819152,238.29730461812824,1,0.017768307305963432,1.9668319505245269,1.9386658053590375,214.60667007045473,10.464157913908982,2887.3655839785924,841.7766924784743,0,0.8953488372093024,0.25,7.493773460388184,0.022028772752210067,-0.26489258727083653,3.9033079997352615,30.0
1773,59.099999999999206,track,1,320.91728059971564,237.20679850071087,320.9233123955555,237.1961005364251,1,0.012281245902342162,2.9520091432145183,1.3400395921959054,322.09342416132614,11.055812783082736,2733.8609450833487,841.7766924784743,0,0.8020833333333334,0.25,57.64356231689453,0.11695280291715368,-0.3277961439991483,4.693339999903401,30.0
1774,59.13333333333254,track,1,319.49004481985867,241.51180830891226,319.4795788825827,241.5264718500623,1,0.01801541790032831,1.6127474844148773,1.965744226150213,175.96691915790834,11.055812783082736,2722.0446039123003,841.7766924784743,0,0.8020833333333334,0.25,121.57705688476562,0.04426072328471986,-0.10733298157922137,4.113731999950687,30.0
1775,59.16666666666587,track,1,317.73081402873044,237.07454380742848,317.7461441813648,237.07123152595636,1,0.015683902203960584,3.695612374931609,1.7115298090001785,403.2475428146951,11.055812783082736,2728.750598552258,841.7766924784743,0,0.8020833333333334,0.25,93.99411010742188,-0.05316563342977035,-0.3317009375249065,3.932654999971419,30.0
1776,59.1999999999992,track,1,319.93377883164476,237.75994826471222,319.93690015618245,237.7736440452254,1,0.014046959483639342,2.227249969727259,1.5326491130809377,243.01083415631814,11.055812783082736,2730.3986080591703,841.7766924784743,0,0.8020833333333334,0.25,21.395919799804688,0.05515168485401527,-0.30475434050882716,3.824761000032595,30.0
1777,59.23333333333253,track,1,323.44053855145245,241.3366379496948,323.41757171956897,241.3167221958047,1,0.030399220709998256,3.66245188355046,3.317134470032497,399.66466536053025,11.055812783082736,2722.2432564380097,841.7766924784743,0,0.8020833333333334,0.25,299.3917236328125,0.23827415326998086,-0.12035548973708372,4.79977900022277,30.0
1778,59.26666666666586,track,1,320.66408916151886,235.8216769622878,320.68415473173013,235.83021455578,1,0.021806366284681328,4.2255388233665165,2.3796070542121104,461.0422338392467,11.055812783082736,2729.7159670409706,841.7766924784743,0,0.8020833333333334,0.25,134.21925354003906,0.10874529637790134,-0.40317253720486856,3.9698280002085085,30.0
1779,59.299999999999194,track,1,319.1205977907732,239.53008447043536,319.11428447216235,239.5587033204058,1,0.029306937156819785,0.9895629114278571,3.197647854957332,107.98461463816999,11.055812783082736,2722.1691260590437,841.7766924784743,0,0.8020833333333334,0.25,65.17622375488281,0.03198779957077785,-0.19661996766071171,3.8895990001037717,30.0
1780,59.333333333332526,track,1,317.7807369101487,240.8841628959276,317.79310802109717,240.88861535318802,1,0.013147956561980608,2.3790774372573744,1.4347730545015578,259.6161024647759,11.055812783082736,2733.154247152605,841.7766924784743,0,0.8020833333333334,0.25,131.34486389160156,-0.043000044351114236,-0.14467441120198585,3.8482780000776984,30.0
1781,59.36666666666586,track,1,321.5300844704353,236.10396361273553,321.55565233430684,236.09807974695855,1,0.02623614947803607,4.2005994627349805,2.8630569102176673,458.3301780778162,11.055812783082736,2722.1691260590437,841.7766924784743,0,0.8020833333333334,0.25,166.94024658203125,0.1458272968981381,-0.3898072235908965,4.776016000050731,30.0
1782,59.39999999999919,track,1,320.55946144854755,241.09558855361703,320.5831677606618,241.09003001112865,1,0.02434926341090772,1.236224114890349,2.657147283218714,134.887284775035,11.055812783082736,2725.399481563524,841.7766924784743,0,0.8020833333333334,0.25,87.17728424072266,0.10146462240560132,-0.13713777097167923,3.931021999960649,30.0
1783,59.43333333333252,track,1,317.42376768944473,237.37391266715713,317.39854409476106,237.3517505126474,1,0.03357664100648488,3.7122497456617554,3.6638473534807114,405.07151248459115,11.055812783082736,2723.186065479592,841.7766924784743,0,0.8020833333333334,0.25,134.86492919921875,-0.0631966549683933,-0.32503324363157526,3.872124999816151,30.0
1784,59.46666666666585,track,1,317.7807369101487,237.14065934065934,317.7909182121523,237.13322093833813,1,0.012609073700358353,3.6191800913719887,1.375910264829103,394.9076621100667,11.055812783082736,2733.154247152605,841.7766924784743,0,0.8020833333333334,0.25,41.58533477783203,-0.0583922008900961,-0.34545592857966884,4.013147000023309,30.0
1785,59.49999999999918,track,1,320.9793379535965,242.1652963712281,320.9821314314197,242.15619728072488,1,0.00951824386819698,2.36933933027498,1.038532464676553,258.52178313452805,10.464157913908982,2894.46818875781,841.7766924784743,0,0.8953488372093024,0.25,251.78912353515625,0.09904169291167153,-0.08662256209749274,4.93829300012294,30.0
1786,59.533333333332514,track,1,322.89185910489147,236.47831549759542,322.8991236304487,236.45285035358347,1,0.026481066653755235,4.581177625752888,2.8893343932224567,499.8787076263097,11.055812783082736,2723.2757017172908,841.7766924784743,0,0.8020833333333334,0.25,238.56924438476562,0.20516884479952535,-0.37400361680586447,3.9201960003083514,30.0
1787,59.566666666665846,track,1,321.51164901664146,237.75517614004755,321.52562782258315,237.76862087747395,1,0.019395050400042597,2.70307103892682,2.1163506373939076,294.94338823936323,11.055812783082736,2723.3357101724037,841.7766924784743,0,0.8020833333333334,0.25,9.430143356323242,0.1473937015269038,-0.3180787548392866,3.889242000241211,30.0
1788,59.59999999999918,track,1,319.5300844704353,241.1330734243015,319.55527774417874,241.12587720029842,1,0.02620089085914836,1.2105277175573295,2.8591968475087164,132.08143489295193,11.055812783082736,2722.1691260590437,841.7766924784743,0,0.8020833333333334,0.25,130.47824096679688,0.07614321675806227,-0.1441763638278266,3.880302999732521,30.0
1789,59.63333333333251,track,1,319.900608256762,235.73081402873044,319.904664423912,235.74440543653327,1,0.014183753311859308,4.256662302870128,1.5475832286287756,464.43594640250194,11.055812783082736,2728.750598552258,841.7766924784743,0,0.8020833333333334,0.25,139.78106689453125,0.07753498279794932,-0.42187131375811915,4.973515000074258,30.0
1790,59.66666666666584,track,1,320.47411514967723,240.2453753844821,320.4481130856923,240.2312152536956,1,0.02960771243050494,0.5042477874122857,3.2308814462101854,55.02519584098697,11.055812783082736,2717.2145320038726,841.7766924784743,0,0.8020833333333334,0.25,59.72761917114258,0.07869633834100609,-0.20987036769969541,3.94821600002615,30.0
1791,59.69999999999917,track,1,319.64261287390156,239.56365525301936,319.66361608082775,239.58832464407828,1,0.03239928326989022,0.5316302660223114,3.535285328326437,58.009247464041735,11.055812783082736,2722.478958698405,841.7766924784743,0,0.8020833333333334,0.25,17.398244857788086,0.07850540104267918,-0.2050760415278762,3.8462800002889708,30.0
1792,59.7333333333325,track,1,315.49667817083696,236.7639344262295,315.4959554966242,236.77578800577817,1,0.011875588664753517,5.539129884022716,1.295722354757452,604.4343914972723,11.055812783082736,2728.632883587479,841.7766924784743,0,0.8020833333333334,0.25,289.02264404296875,-0.16350402112804735,-0.3722333966600275,5.137844000273617,30.0
1793,59.766666666665834,track,1,317.39026077931067,241.9626346062362,317.36971263578926,241.96506455574809,1,0.020691323225128136,3.283274330083328,2.2579846154512246,358.272378156907,11.055812783082736,2729.8150669324773,841.7766924784743,0,0.8020833333333334,0.25,149.9212188720703,-0.08859394573277668,-0.104930627753538,4.048982999847794,30.0
1794,59.799999999999166,track,1,321.5083142573317,237.14097525158726,321.51735547753583,237.1339398363566,1,0.01145603466509263,3.242941335706152,1.2500833807650784,353.844622593479,11.055812783082736,2728.6072174686888,841.7766924784743,0,0.8020833333333334,0.25,251.27027893066406,0.11376435110119855,-0.3464289886285466,3.824621000148909,30.0
1795,59.8333333333325,track,1,321.09144836544704,238.44892833946741,321.08506172142233,238.4239132165951,1,0.02581754431030812,1.9134807258291293,2.8169313562515175,208.78800083760862,11.055812783082736,2723.3483199624698,841.7766924784743,0,0.8020833333333334,0.25,62.053932189941406,0.09658841036110165,-0.28473782671402165,3.9722360002087953,30.0
1796,59.86666666666583,track,1,319.9336070888265,241.48835098335854,319.93715480831156,241.47351860939102,1,0.015250758376463464,1.4748581661773468,1.6639958123536784,160.9188850001038,11.055812783082736,2731.2317421391194,841.7766924784743,0,0.8020833333333334,0.25,81.11814880371094,0.0436178633391994,-0.12446882591834608,4.976067000370676,30.0
1797,59.89999999999916,track,1,319.52588485032277,236.00831780964347,319.55221214512017,236.00802029948386,1,0.026328975742404778,4.017015794381547,2.87321244584992,438.28952585758856,10.464157913908982,2870.4634014693966,841.7766924784743,0,0.8953488372093024,0.25,157.01095581054688,0.043926478239464356,-0.40371355422862965,4.056805000345776,30.0
1798,59.93333333333249,track,1,320.0745502394409,239.27335087794987,320.0717012623377,239.25743798125586,1,0.016165919452004292,0.7460156986968753,1.7638409746001735,81.39641924275733,11.055812783082736,2728.515168622699,841.7766924784743,0,0.8020833333333334,0.25,9.528036117553711,0.044909709327596234,-0.24396307734928663,3.8609610001003603,30.0
1799,59.96666666666582,track,1,321.4699155295647,239.18297595841454,321.44243860971346,239.17257063879083,1,0.029381147033114598,1.6629096459468633,3.2062167691465984,181.46102595722317,11.055812783082736,2719.020288537724,841.7766924784743,0,0.8020833333333334,0.25,27.483083724975586,0.12498808614766979,-0.247793464333324,3.8517630000569625,30.0
1800,59.999999999999154,track,1,320.0,235.44053855145245,320.00174874578306,235.41390871557064,1,0.02668719301286122,4.586091617840919,2.911787929503541,500.3792724759083,10.464157913908982,2872.4530654828914,841.7766924784743,0,0.8953488372093024,0.25,123.44300079345703,0.05602150040150335,-0.4472806113101293,12.547835000077612,30.0
